image,incorrect,correct
images_group_62_9074_3718.png,его,Его
images_group_62_9074_3719.png,Императорскому,Императорскому
images_group_62_9074_3720.png,Воличеству.,Величеству.
images_group_62_9074_3721.png,Енисейскаго,Енисейского
images_group_62_9074_3722.png,Губернатора,Губернатора.
images_group_62_9074_3723.png,Рапортъ,Рапортъ
images_group_62_9074_3724.png,Всеподданнѣйше,Всеподданными
images_group_62_9074_3725.png,допосъ,донося
images_group_62_9074_3726.png,Вашему,Вашему
images_group_62_9074_3727.png,Импе,Импе
images_group_62_9074_3728.png,раторскому,раторскому
images_group_62_9074_3729.png,"Величеству,","Величеству,"
images_group_62_9074_3730.png,что,что
images_group_62_9074_3731.png,во,во
images_group_62_9074_3733.png,ренной,ренной
images_group_62_9074_3734.png,управленію,управленію
images_group_62_9074_3735.png,моему,моему
images_group_62_9074_3736.png,губерніи,губерніи
images_group_62_9074_3737.png,все,все
images_group_62_9074_3738.png,состоитъ,состоитъ
images_group_62_9074_3739.png,"благопосично,","благопослучно,"
images_group_62_9074_3741.png,на,на
images_group_62_9074_3742.png,Высочайшее,Высочайшее
images_group_62_9074_3743.png,усмотрѣніе,усмотреніе
images_group_62_9074_3744.png,Ваше,Ваше
images_group_62_9074_3745.png,годовой,годовой
images_group_62_9074_3746.png,отчетъ,отчетъ
images_group_62_9074_3747.png,о,о
images_group_62_9074_3748.png,состояніи,состояніи
images_group_62_9074_3749.png,губерніи,губерніи
images_group_62_9074_3750.png,за,за
images_group_62_9074_3751.png,1883,1883
images_group_62_9074_3752.png,года,года
images_group_62_9074_3753.png,Подписалъ:,Подписанъ:
images_group_62_9074_3754.png,"Губернаторъ,","Губернаторъ,"
images_group_62_9074_3755.png,Генералъ,Генералъ
images_group_62_9074_3756.png,Лейтенантъ,Лейтенантъ
images_group_62_9074_3759.png,30,30
images_group_62_9074_3760.png,день,для
images_group_62_9074_3761.png,1884 года,1884 года
images_group_62_9074_3762.png,No216,No216
images_group_62_9074_3763.png,Красноярскъ,Красноярскъ
images_group_62_909_5796.png,Капиталъ,Капиталъ
images_group_62_909_5797.png,сей,сей
images_group_62_909_5798.png,состоить,состоитъ
images_group_62_909_5799.png,въ,въ
images_group_62_909_5800.png,распо-,распо-
images_group_62_909_5801.png,ряженіи,ряженіи
images_group_62_909_5802.png,Енисейскаго,Енисейскаго
images_group_62_909_5803.png,Губернскаго 1,Губернскаго 1
images_group_62_909_5804.png,Прав-,Прав-
images_group_62_909_5805.png,ленія,ленія
images_group_62_909_5806.png,и числится,и числится
images_group_62_909_5807.png,по,по
images_group_62_909_5808.png,счетамъ,счетамъ
images_group_62_909_5809.png,Казна,Казна
images_group_62_909_5810.png,чействъ,чействъ
images_group_62_909_5811.png,въ,въ
images_group_62_909_5812.png,партикулярныхъ,партикулярныхъ
images_group_62_909_5813.png,суммахъ,суммахъ
images_group_62_909_5814.png,сего,сего
images_group_62_909_5815.png,учрежденія,учрежденія
images_group_62_909_5816.png,Военный,Военный
images_group_62_909_5817.png,Губернаторъ г.,Губернаторъ г.
images_group_62_909_5818.png,Красноярска,Красноярска
images_group_62_909_5819.png,и,и
images_group_62_909_5820.png,Енисейскій,Енисейскій
images_group_62_909_5821.png,Гражданскій,Гражданскій
images_group_62_909_5822.png,Губернаторъ,Губернаторъ
images_group_62_909_5823.png,Генералъ-,Генералъ-
images_group_62_909_5824.png,Маіоръ,Маіoръ
images_group_62_909_5825.png,Вѣдомость,Вѣдомость
images_group_62_909_5826.png,"О приходѣ,","О приходѣ,"
images_group_62_909_5827.png,расходѣ,расходѣ
images_group_62_909_5828.png,и,и
images_group_62_909_5829.png,остаткѣ,остаткѣ
images_group_62_909_5830.png,суммъ,суммъ
images_group_62_909_5831.png,по-,по
images_group_62_909_5832.png,Красноярскому,Красноярскому
images_group_62_909_5833.png,Губернскому,Губернскому
images_group_62_909_5834.png,Тюремному,Тюремному
images_group_62_909_5835.png,Комитету,Комитету
images_group_62_909_5836.png,и,и
images_group_62_909_5837.png,4-мъ Мужскимъ,4-мъ Мучинскимъ
images_group_62_909_5838.png,отдѣленіямъ,отдѣленіямъ
images_group_62_909_5839.png,За 1866 годъ,За 1866 годъ
images_group_62_909_5840.png,Изъяс-,Именъ
images_group_62_909_5842.png,Стати,Стати
images_group_62_909_5845.png,Чиновникъ,Чиновникъ
images_group_62_909_5846.png,Особыхъ,Особыхъ
images_group_62_909_5847.png,Порученій,Порученій
images_group_62_9096_6755.png,Iотя,Хотя
images_group_62_9096_6756.png,урожай,урожай
images_group_62_9096_6757.png,хлѣба,хлѣба
images_group_62_9096_6758.png,оказался,оказался
images_group_62_9096_6759.png,надо-,неудо-
images_group_62_9096_6760.png,влетворитель,влетворитель
images_group_62_9096_6761.png,"нымъ,","нымъ,"
images_group_62_9096_6762.png,на,на
images_group_62_9096_6763.png,затруденіе,затруденіи
images_group_62_9096_6765.png,для,для
images_group_62_9096_6766.png,обизначенія,обезпеченія
images_group_62_9096_6767.png,жителей,жителей
images_group_62_9096_6768.png,продовольствіемъ,"продовольствія,"
images_group_62_9096_6769.png,и,и
images_group_62_9096_6770.png,сѣменамъ,съменамъ
images_group_62_9096_6771.png,на носъ,на посъ
images_group_62_9096_6772.png,въ,въ
images_group_62_9096_6773.png,не,не
images_group_62_9096_6774.png,будетъ,будетъ
images_group_62_9096_6775.png,пото-,пото-
images_group_62_9096_6776.png,"му,","му,"
images_group_62_9096_6777.png,что,что
images_group_62_9096_6778.png,у,у
images_group_62_9096_6779.png,многихъ,многихъ
images_group_62_9096_6780.png,"обывателей,","обывателей,"
images_group_62_9096_6781.png,въ,въ
images_group_62_9096_6782.png,особен-,особен-
images_group_62_9096_6783.png,ности,ности
images_group_62_9096_6784.png,въ,въ
images_group_62_9096_6786.png,"округѣ,",округъ
images_group_62_9096_6788.png,достаточныя,достаточныя
images_group_62_9096_6789.png,запасы,запасы
images_group_62_9096_6790.png,"хлѣба,","хлѣба,"
images_group_62_9096_6791.png,отъ,отъ
images_group_62_9096_6793.png,нихъ,нихъ
images_group_62_9096_6795.png,Если,Если
images_group_62_9096_6796.png,въ,въ
images_group_62_9096_6797.png,какихъ,какихъ
images_group_62_9096_6798.png,либо,либо
images_group_62_9096_6800.png,настяхъ,настяхъ
images_group_62_9096_6803.png,незначительный,незначительный
images_group_62_9096_6804.png,недоститковъ,недостатокъ
images_group_62_9096_6805.png,въ,въ
images_group_62_9096_6807.png,то,то
images_group_62_9096_6808.png,нужды,нужды
images_group_62_9096_6809.png,свои,свои
images_group_62_9096_6810.png,дейтели,деятели
images_group_62_9096_6811.png,могутъ,могутъ
images_group_62_9096_6812.png,удовлестворить,удовлетворить
images_group_62_9096_6813.png,займомъ,займощь
images_group_62_9096_6814.png,изъ,изъ
images_group_62_9096_6815.png,запасныхъ,запасныхъ
images_group_62_9096_6816.png,сельскихъ,сельскихъ
images_group_62_9096_6817.png,экономическихъ,экономическихъ
images_group_62_9096_6818.png,"магариновъ,","магазиновъ,"
images_group_62_9096_6819.png,въ,и
images_group_62_9096_6820.png,коихъ,коихъ
images_group_62_9096_6821.png,находится,находится
images_group_62_9096_6822.png,на,на
images_group_62_9096_6823.png,лицо,лицо
images_group_62_9096_6824.png,озимаго,озимаго
images_group_62_9096_6825.png,и,и
images_group_62_9096_6826.png,яроваго,яроваго
images_group_62_9096_6827.png,хлѣба,хлѣба
images_group_62_9096_6828.png,до,до
images_group_62_9096_6829.png,264898 го.,264398 го
images_group_62_9096_6830.png,повертей;,твертей;
images_group_62_9096_6831.png,кромѣ,кромѣ
images_group_62_9096_6832.png,"того,","того,"
images_group_62_9096_6833.png,занимаясь,занимаясь
images_group_62_9096_6834.png,рабково,работа
images_group_62_9096_6835.png,"промышленностію,","промышленностію,"
images_group_62_9096_6836.png,какъ,какъ
images_group_62_9096_6837.png,то,то
images_group_62_9096_6838.png,извозомъ,изводомъ
images_group_62_9096_6839.png,купеческихъ,купеческихъ
images_group_62_9096_6840.png,"товаровъ,","товаровъ,"
images_group_62_9096_6841.png,рыболовствомъ,рыболовствомъ
images_group_62_9096_6842.png,и,и
images_group_62_9096_6843.png,добычей,добычей
images_group_62_9096_6844.png,"зверей,","звѣрей,"
images_group_62_9096_6845.png,они,они
images_group_62_9096_6846.png,могутъ,могутъ
images_group_62_9096_6848.png,сти,сти
images_group_62_9096_6849.png,себѣ,себѣ
images_group_62_9096_6850.png,средства,средства
images_group_62_9096_6851.png,къ,къ
images_group_62_9096_6853.png,хлѣба,хлѣба
images_group_62_9096_6854.png,по-,Не-
images_group_62_9096_6855.png,зависимо,зависимо
images_group_62_9096_6856.png,"сего,","сего,"
images_group_62_9096_6857.png,продовольствіе,продовольствіе
images_group_62_9096_6859.png,Енисейской,Енисейской
images_group_62_9096_6860.png,губерніи,губерніи
images_group_62_9096_6861.png,обезпечивается,обезпечивается
images_group_62_9096_6863.png,дующими,дующими
images_group_62_9096_6864.png,продовольственными,продовольственными
images_group_62_9096_6866.png,талами:,талами
images_group_62_9096_6867.png,"а.,","а,"
images_group_62_9096_6868.png,губернскимъ,губернаторъ
images_group_62_9096_6869.png,95053,95053
images_group_62_9096_6870.png,руб,руб
images_group_62_9096_6871.png,29,29
images_group_62_9096_6873.png,находящимся,находящимся
images_group_62_9096_6874.png,въ обращеніе,въ обращеніи
images_group_62_9096_6875.png,вы,въ
images_group_62_9096_6876.png,государствен-,Государствен-
images_group_62_9096_6877.png,намъ,номъ
images_group_62_9096_6878.png,банкѣ,банкѣ
images_group_62_9096_6879.png,процентныхъ,процентныхъ
images_group_62_9096_6880.png,бумагахъ;,бумагахъ;
images_group_62_9096_6882.png,мѣщанскимъ,мѣщанскимъ
images_group_62_9096_6883.png,794 руб,7174 руб
images_group_62_9096_6884.png,"12 коп.,","12 коп.,"
images_group_62_9096_6885.png,въ,въ
images_group_62_9096_6886.png,крестьян,крестьян-
images_group_62_9096_6887.png,"снимъ,","скимъ,"
images_group_62_9096_6888.png,Усть-,Усть-
images_group_62_9096_6889.png,Тунгуской,Тунгузской
images_group_62_910_7874.png,Израсходовано,Израсходовано
images_group_62_910_7875.png,изъ,изъ
images_group_62_910_7876.png,суммъ,суммъ
images_group_62_910_7877.png,Къ,Къ
images_group_62_910_7878.png,1-му,1-му
images_group_62_910_7879.png,поступило,поступило
images_group_62_910_7880.png,суммъ,суммъ
images_group_62_910_7881.png,варя,варя
images_group_62_910_7882.png,1866 к,1866 г.
images_group_62_910_7883.png,енныхъ,енныхъ
images_group_62_910_7884.png,Частныхъ,Частныхъ
images_group_62_910_7885.png,Итого,Итого
images_group_62_910_7886.png,съ,съ
images_group_62_910_7887.png,Казенныхъ,Казенныхъ
images_group_62_910_7888.png,Частныхъ,Частныхъ
images_group_62_910_7889.png,Итого,Итого
images_group_62_910_7890.png,Къ 1-му,Къ 1-му
images_group_62_910_7891.png,янва,янва
images_group_62_910_7892.png,ря 1867 г,ря 1867 г
images_group_62_910_7893.png,благотворитель,благотворитель-
images_group_62_910_7894.png,благотвори-,благотвори
images_group_62_910_7895.png,съостатой,съ остаточ
images_group_62_910_7896.png,ныхъ и,ныхъ и
images_group_62_910_7897.png,Эко-,Эко-
images_group_62_910_7898.png,осталось,осталось
images_group_62_910_7899.png,оставалось,оставалось
images_group_62_910_7900.png,тельныхъ,тельныхъ
images_group_62_910_7901.png,и,и
images_group_62_910_7902.png,ными,ными
images_group_62_910_7903.png,номическихъ,номическихъ
images_group_62_910_7904.png,Экономическихъ,Экономическихъ
images_group_62_910_7905.png,По,По
images_group_62_910_7906.png,Губернскому,Губернскому
images_group_62_910_7907.png,Комитету-,Комитету-
images_group_62_910_7908.png,4-мъ,4-мъ
images_group_62_910_7909.png,Мужскимъ,Мужскимъ
images_group_62_910_7910.png,отдѣленіямъ,отдѣленіямъ
images_group_62_910_7911.png,На,На
images_group_62_910_7912.png,капиталы,капиталы
images_group_62_910_7913.png,Комитета,Комитета
images_group_62_910_7914.png,обращающіеся,обращающіеся
images_group_62_910_7915.png,въ,въ
images_group_62_910_7916.png,кредитным,кредитныя
images_group_62_910_7917.png,становленіяхъ,становленіяхъ
images_group_62_910_7918.png,въ,въ
images_group_62_910_7919.png,количествѣ-,количествѣ-
images_group_62_910_7920.png,16173 р,16173 р
images_group_62_910_7921.png,процентовъ,процентовъ
images_group_62_910_7922.png,не,не
images_group_62_910_7923.png,истребовано.,истребовано.
images_group_62_910_7924.png,Расходъ,Расходъ
images_group_62_910_7925.png,изъ,изъ
images_group_62_910_7926.png,собственныхъ,собственныхъ
images_group_62_910_7927.png,суммъ,суммъ
images_group_62_910_7928.png,Комитета,Комитета
images_group_62_910_7929.png,ит дѣленіи,отдѣленіи
images_group_62_910_7930.png,"простирался,","простирался,"
images_group_62_910_7931.png,какъ,какъ
images_group_62_910_7932.png,значится,значится
images_group_62_910_7933.png,выше,выше
images_group_62_910_7934.png,въ,въ
images_group_62_910_7935.png,графѣ,графѣ
images_group_62_910_7936.png,"6,","6,"
images_group_62_910_7937.png,до-,до-
images_group_62_910_7938.png,21175 р.,21175 р.
images_group_62_910_7939.png,77 1/2 к.,77 1/2 к.
images_group_62_910_7940.png,На,На
images_group_62_910_7941.png,слѣдующіе,слѣдующіе
images_group_62_910_7942.png,предметы:,предметы:
images_group_62_910_7943.png,Жалованье и,Жалованье и
images_group_62_910_7944.png,пособіе,пособіе
images_group_62_910_7945.png,"Смотрителямъ,","Смотрителямъ,"
images_group_62_910_7946.png,Священно,Священно
images_group_62_910_7948.png,"врачу,","врачу,"
images_group_62_910_7949.png,"фельдшерамъ,","фельдшерамъ,"
images_group_62_910_7950.png,"надзирателямъ,","надзирателямъ,"
images_group_62_910_7951.png,содер-,содер-
images_group_62_910_7952.png,жаніе,маніе
images_group_62_910_7953.png,канцеляріи,канцеляріи
images_group_62_910_7954.png,и,и
images_group_62_910_7955.png,прислуги-,прислуги-
images_group_62_910_7956.png,"О дежду,","Одежду,"
images_group_62_910_7957.png,бѣлье,бѣлье
images_group_62_910_7958.png,и,и
images_group_62_910_7959.png,"обувъ,",обувь.
images_group_62_910_7960.png,Улучшеніе,Улучшеніе
images_group_62_910_7961.png,"тюремъ,","тюремъ,"
images_group_62_910_7962.png,постройки,построики
images_group_62_910_7963.png,"въ нихъ,","въ нихъ,"
images_group_62_910_7964.png,исправленіе,исправленіе
images_group_62_910_7965.png,"оврежденій,","оврежденій,"
images_group_62_910_7966.png,снабженіе,снабженіе
images_group_62_910_7967.png,необходимыми,необходимыми
images_group_62_910_7968.png,вещами-,вещами-
images_group_62_910_7969.png,Въ,Въ
images_group_62_910_7970.png,пособіе,пособіе
images_group_62_910_7971.png,на,на
images_group_62_910_7972.png,содержаніе,содержаніe
images_group_62_910_7973.png,"больницъ,","больницъ,"
images_group_62_910_7974.png,плату,плату
images_group_62_910_7975.png,"замедикагенты,","за медикаменты,"
images_group_62_910_7976.png,покупку,покупку
images_group_62_910_7977.png,коммисаріатскихъ,коммисаріатскихъ
images_group_62_910_7978.png,припасовъ-,припасовъ -
images_group_62_910_7979.png,Улучшеніе,Улучшеніе
images_group_62_910_7980.png,арестантской,арестантской
images_group_62_910_7981.png,пищи,пищи
images_group_62_910_7982.png,понедостатку,понедостатку
images_group_62_910_7983.png,кормбыхъ,кормвыхъ
images_group_62_910_7984.png,"денегъ,","денегъ,"
images_group_62_910_7985.png,покупку,покупку
images_group_62_910_7986.png,мяса,мяса
images_group_62_910_7987.png,рыбы,рыбы
images_group_62_910_7988.png,ипроч.,ипроч.
images_group_62_910_7989.png,Покупку,Покупку
images_group_62_910_7990.png,рогатаго,рогатаго
images_group_62_910_7991.png,скота,скота
images_group_62_910_7992.png,для,для
images_group_62_910_7993.png,"убоя,","убоя,"
images_group_62_910_7994.png,муки,муки
images_group_62_910_7995.png,речаной,ржаной
images_group_62_910_7996.png,но продовольствіе,напродовольствіе
images_group_62_910_7997.png,арестантовъ,арестантовъ
images_group_62_910_7998.png,Отсылку,Отсылку
images_group_62_910_7999.png,телеграмы,телеграмы
images_group_62_910_8000.png,Г.,Г.
images_group_62_910_8001.png,Министру,Министру
images_group_62_910_8002.png,Внутреннихъ,Внутреннихъ
images_group_62_910_8003.png,Дѣл,дѣлъ
images_group_62_910_8004.png,объ,объ
images_group_62_910_8005.png,увеличеніи,увеличеніи
images_group_62_910_8006.png,кормовыхъ,кормовыхъ
images_group_62_910_8007.png,арестантамъ.,арестантамъ.
images_group_62_910_8008.png,Военный,Военный
images_group_62_910_8009.png,Губернаторъ,Губернаторъ
images_group_62_910_8010.png,Красноярска,Красноярска
images_group_62_910_8011.png,и Енисейскій,и Енисейскій
images_group_62_910_8012.png,Гражданскій,Гражданскій
images_group_62_910_8013.png,"Губернаторъ,","Губернаторъ,"
images_group_62_910_8014.png,Генералъ-,Генералъ-е
images_group_62_910_8015.png,Маіоръ,Маіоръ
images_group_62_910_8016.png,Старифического,Статистического
images_group_62_910_8019.png,Порученій,Порученій
images_group_62_910_8020.png,Чиня Съ,Имя Сев
images_group_62_9122_8934.png,Въ,Въ
images_group_62_9122_8936.png,дѣвкѣ нумеров,дѣкѣ ну меров
images_group_62_9122_8938.png,потод,пятьд
images_group_62_9122_8939.png,мячь,сятъ
images_group_62_9122_8941.png,"Вѣрна М.,",Вѣрно Н.д.
images_group_62_9122_8942.png,Секретарь,Секретарь
images_group_62_908_15058.png,Обора,Сбора
images_group_62_908_15059.png,на,на
images_group_62_908_15060.png,народное продоволь-,народное продоволь-
images_group_62_908_15061.png,ствіе,ствіе
images_group_62_908_15062.png,Къ 1 числу Января,Къ 1 числу Января
images_group_62_908_15063.png,1866 года,1866 года
images_group_62_908_15064.png,состоя-,состоя-
images_group_62_908_15065.png,ло,ло
images_group_62_908_15066.png,этаго,этаго
images_group_62_908_15067.png,капитала,Капитала
images_group_62_908_15068.png,на лицо,на лицо
images_group_62_908_15069.png,Въ недоимкѣ,Въ недоимкѣ
images_group_62_908_15070.png,на жителяхъ,на жителяхъ-
images_group_62_908_15071.png,Въ долгу,Въ долгу
images_group_62_908_15072.png,на хлѣбномъ,ни хлѣбномъ
images_group_62_908_15073.png,капиталѣ,капиталѣ
images_group_62_908_15074.png,Въ 1866 году,Въ 1866 году
images_group_62_908_15075.png,слѣдовало,слѣдовало
images_group_62_908_15076.png,собрать-,собрать-
images_group_62_908_15077.png,Въ то число,Въ то число
images_group_62_908_15078.png,собрано,собрано
images_group_62_908_15079.png,съжите,съ жите
images_group_62_908_15080.png,лей,лей:
images_group_62_908_15081.png,"Съ Мѣщанъ,","Съ Мѣщанъ,"
images_group_62_908_15082.png,поселенцевъ,поселенцевъ
images_group_62_908_15083.png,и Инород-,и инород
images_group_62_908_15084.png,цевъ,цевъ
images_group_62_908_15085.png,"по 5 копѣекъ,","по 5 копѣекъ,"
images_group_62_908_15086.png,", а съ крестьянъ",а съ крестьянъ
images_group_62_908_15087.png,по 3 копѣки,по 3 копѣки.
images_group_62_908_15088.png,Исключено,Исключено
images_group_62_908_15089.png,за убылью-,за убылью
images_group_62_908_15090.png,душъ.,душъ
images_group_62_908_15091.png,Зачтено,Зачтено
images_group_62_908_15092.png,вступившихъ,вступившихъ
images_group_62_908_15093.png,въ 1865 году,въ 1865 году
images_group_62_908_15094.png,въ счетъ,въ счетъ
images_group_62_908_15095.png,оклада 1866 года,оклада 1866 года
images_group_62_908_15096.png,Поступило,Поступило
images_group_62_908_15097.png,въ счетъ,въ счетъ
images_group_62_908_15098.png,оклада 1867,оклада 1867
images_group_62_908_15099.png,года.,года
images_group_62_908_15100.png,За тѣмъ,за тѣмъ
images_group_62_908_15101.png,къ 1867 году,къ 1867 году
images_group_62_908_15102.png,осталось,осталось
images_group_62_908_15103.png,на лицо,на лицо
images_group_62_908_15104.png,Въ недоимкѣ,Въ недоимкѣ
images_group_62_908_15105.png,на жителяхъ,на жителяхъ
images_group_62_908_15106.png,Въ дому,Въ долгу
images_group_62_908_15107.png,на хлѣбномъ,на хлѣбномъ
images_group_62_908_15108.png,капита,Капита
images_group_62_908_15109.png,лѣ.,лѣ
images_group_62_908_15110.png,Для пострадавшихъ,Для пострадавшихъ
images_group_62_908_15111.png,отъ,отъ
images_group_62_908_15112.png,по-,по-
images_group_62_908_15113.png,жара:,жара:
images_group_62_908_15114.png,Къ 1 числу Января,Къ 1 числу Января
images_group_62_908_15115.png,оставалось,оставалось
images_group_62_908_15116.png,на лицо-,на лицо-
images_group_62_908_15117.png,Въ недоимкѣ,Въ недоимкѣ
images_group_62_908_15118.png,на жителяхъ,на жителяхъ.
images_group_62_908_15119.png,Въ 1866 году,Въ 1866 году
images_group_62_908_15120.png,слѣдовало,слѣдовало
images_group_62_908_15121.png,собрать,собрать
images_group_62_908_15122.png,со включеніемъ,со включеніемъ
images_group_62_908_15123.png,причисленія,причисленія-
images_group_62_908_15124.png,Въ то число,Въ то число
images_group_62_908_15125.png,собрано,собрано
images_group_62_908_15126.png,съ жите-,съ жите-
images_group_62_908_15127.png,лей,лей
images_group_62_908_15128.png,по 4 копѣйки.,по 4 копѣйки.
images_group_62_908_15129.png,Исключено,Исключено
images_group_62_908_15130.png,за убылью,за убылью
images_group_62_908_15131.png,душъ,душъ
images_group_62_908_15132.png,зачтено,зачтено
images_group_62_908_15133.png,вступившихъ,встрившихъ
images_group_62_908_15134.png,въ 1865 году,въ 1865 году
images_group_62_908_15135.png,въ,въ
images_group_62_908_15136.png,счетъ,счетъ
images_group_62_908_15137.png,окладнаго,окладнаго
images_group_62_908_15138.png,сбора 1866 года.,сбора 1866 года.
images_group_62_908_15139.png,Поступило,Поступило
images_group_62_908_15140.png,въ счетъ,въ счетъ
images_group_62_908_15141.png,оклада 1867 ро,оклада 1867-го
images_group_62_908_15142.png,да,да
images_group_62_908_15143.png,Употреблено,Употреблено
images_group_62_908_15144.png,въ расходъ.,въ расходъ.
images_group_62_908_15145.png,Выдано,Выдано
images_group_62_908_15146.png,разнымъ,разнымъ
images_group_62_908_15147.png,лицамъ,лицамъ
images_group_62_908_15148.png,по-,по-
images_group_62_908_15149.png,терпѣвшимъ,терпѣвшимъ
images_group_62_908_15150.png,разореніе,разореніе
images_group_62_908_15151.png,отъ,отъ
images_group_62_908_15152.png,по-,по-
images_group_62_908_15153.png,жара,жара
images_group_62_908_15154.png,За тѣмъ,за тѣмъ
images_group_62_908_15155.png,осталось,осталось
images_group_62_908_15156.png,къ 1867 году,къ 1867 году
images_group_62_908_15157.png,на лицо.,на лицо.
images_group_62_908_15158.png,Въ недоимкѣ,Въ недоимкѣ
images_group_62_908_15159.png,на жителяхъ,на жителяхъ
images_group_62_908_15160.png,Экономическаго,Экономическаго
images_group_62_908_15161.png,поселенческаго,поселенческаго
images_group_62_908_15162.png,капитала,капитала
images_group_62_908_15163.png,Къ 1 Января,Къ 1 Января
images_group_62_908_15164.png,1866 года,1866 года
images_group_62_908_15165.png,остава-,остава-
images_group_62_908_15166.png,лось,лось
images_group_62_908_15167.png,на лицо,на лицо
images_group_62_908_15168.png,сего капитала,сего капитала
images_group_62_908_15169.png,Въ недоимкѣ,Въ недоимкѣ
images_group_62_908_15170.png,на жителяхъ.,на жителяхъ.
images_group_62_908_15171.png,Въ 1865 году,Въ 1865 году 
images_group_62_908_15172.png,слѣдовало,слѣдовало
images_group_62_908_15173.png,собрать,собрать
images_group_62_908_15174.png,Въ то,Въ то
images_group_62_908_15175.png,число,число
images_group_62_908_15176.png,собрано,собрано
images_group_62_908_15177.png,Исключено,Исключено
images_group_62_908_15178.png,за убылью,за убылью
images_group_62_908_15179.png,душъ,душъ
images_group_62_908_15180.png,Поступило,Поступило
images_group_62_908_15181.png,въ счетъ,въ счетъ
images_group_62_908_15182.png,оклада,оклада
images_group_62_908_15183.png,1867 года,1867 года
images_group_62_908_15184.png,За тѣмъ,За тѣмъ
images_group_62_908_15185.png,къ 1 числу,къ 1 числу
images_group_62_908_15186.png,Января,Января
images_group_62_908_15187.png,1867 года,1867 года
images_group_62_908_15188.png,осталось,осталось
images_group_62_908_15189.png,въ недоимкѣ,въ недоимкѣ
images_group_62_908_15190.png,жителяхъ.,жителяхъ.-
images_group_62_908_17488.png,25322 р.,25322 р.
images_group_62_908_17489.png,2457 р.,2457р.
images_group_62_908_17490.png,34435 р.,34435 р.
images_group_62_908_17491.png,5187 р.,5187 р.
images_group_62_908_17492.png,2249 р.,2249р
images_group_62_908_17493.png,2755 р.,2755 р.
images_group_62_908_17494.png,42 р.,42 р.
images_group_62_908_17495.png,110р.,110 р.
images_group_62_908_17496.png,27682 р,27682р
images_group_62_908_17497.png,2598 р.,2598 р.
images_group_62_908_17498.png,34435 р.,34435р
images_group_62_908_17499.png,12840 р.,12840 р.
images_group_62_908_17500.png,783 р,783 р
images_group_62_908_17501.png,6583 р.,6583 р.
images_group_62_908_17502.png,103 р.,103 р.
images_group_62_908_17503.png,2275 р.,2275 р.
images_group_62_908_17504.png,1096 р.,1096 р.
images_group_62_908_17505.png,2439 р.,2439 р.
images_group_62_908_17506.png,7618 р.,7618 р.
images_group_62_908_17507.png,17685 р.,17685 р.
images_group_62_908_17508.png,892 р.,892 р.
images_group_62_908_17509.png,15362 р.,15362 р.
images_group_62_908_17510.png,449 р.,449р.
images_group_62_908_17511.png,58р,58 р.
images_group_62_908_17512.png,12р.,12 р.
images_group_62_908_17513.png,708 р.,708 р.
images_group_62_908_17514.png,2913 р.,2913 р.
images_group_62_908_17515.png,3744р,3744р
images_group_62_908_17516.png,26 1/4 к.,26 1/4к
images_group_62_908_17517.png,48 3/7 к.,48 3/4к
images_group_62_908_17518.png,43 к.,43 к.
images_group_62_908_17519.png,70к,70к
images_group_62_908_17520.png,60 1/2к,60 1/2 к.
images_group_62_908_17521.png,50к,50к
images_group_62_908_17522.png,69 1/4к,69 1/4к
images_group_62_908_17523.png,67 к.,67к.
images_group_62_908_17524.png,36 1/4к,36 3/4к
images_group_62_908_17525.png,46 3/4 к.,46 3/4 к.
images_group_62_908_17526.png,75 1/4к,75 1/4к
images_group_62_908_17527.png,79 к.,79к.
images_group_62_908_17528.png,2к,2к
images_group_62_908_17529.png,13 3/4 к.,13 3/4 к.
images_group_62_908_17530.png,27 1/4,27 1/4
images_group_62_908_17531.png,10 к.,10 к.
images_group_62_908_17532.png,2 1/2к,2 1/2 к.
images_group_62_908_17533.png,78 к.,78к
images_group_62_908_17534.png,47 1/2к,47 1/2к
images_group_62_908_17535.png,23 3/4к,23 3/4 к.
images_group_62_908_17536.png,52к,52к
images_group_62_908_17537.png,15 к.,15 к.
images_group_62_908_17538.png,43 1/4к,43 1/4к
images_group_62_908_17539.png,96 1/4к,96 1/4к
images_group_62_908_17540.png,81 1/2,81 1/2
images_group_62_908_17541.png,78 к,78 к
images_group_62_908_17542.png,70 1/2к,70 1/2к
images_group_62_908_17543.png,26 1/2 к.,26 1/2к
images_group_62_910_18073.png,7787.,7787.
images_group_62_910_18074.png,1394,1394
images_group_62_910_18075.png,4470,44 3/4 40
images_group_62_910_18076.png,32 1/7,92 3/4
images_group_62_910_18077.png,16.,16.
images_group_62_910_18078.png,307.,507
images_group_62_910_18079.png,"26,565",65.
images_group_62_910_18080.png,28 1/4,28 1/4
images_group_62_910_18081.png,92.,92.
images_group_62_910_18082.png,15.718.,15718
images_group_62_910_18083.png,978.,978
images_group_62_910_18084.png,45 3/4,45 3/4
images_group_62_910_18085.png,82 3/4,82 3/4
images_group_62_910_18086.png,63971.,63971
images_group_62_910_18087.png,18 3/4,18 3/4
images_group_62_910_18088.png,67 1/2,67 1/2
images_group_62_910_18089.png,18881.,18.881.
images_group_62_910_18090.png,40258,40.258.
images_group_62_910_18091.png,39 1/4,39 1/4
images_group_62_910_18092.png,20502,20.502.
images_group_62_910_18093.png,673.,673.
images_group_62_910_18094.png,97 1/4,97 1/4
images_group_62_910_18095.png,16605,16.605
images_group_62_910_18096.png,26 1/2,26 1/4
images_group_62_910_18097.png,51 3/4,51 1/4
images_group_62_910_18098.png,60760,60760
images_group_62_910_18099.png,17272,17279
images_group_62_910_18100.png,65 1/2,65 1/2
images_group_62_910_18101.png,48 1/4,48 1/2
images_group_62_910_18102.png,3210,3210
images_group_62_910_18103.png,1602,1602
images_group_62_910_18104.png,53 1/4,53 1/4
images_group_62_910_18105.png,13.,19
images_group_62_910_18106.png,2822,2822.
images_group_62_910_18107.png,66 1/2,66 1/2
images_group_62_910_18108.png,4196.,4196.
images_group_62_910_18109.png,43 1/4,43 1/2
images_group_62_910_18110.png,1587,_1587.
images_group_62_910_18111.png,53.,53.
images_group_62_910_18112.png,746.,746.
images_group_62_910_18113.png,86 1/2,86 1/2
images_group_62_910_18114.png,5250,5250.
images_group_62_910_18115.png,8,8
images_group_62_910_18116.png,6563,6563
images_group_62_910_18117.png,19 3/4,19 3/4 
images_group_62_910_18118.png,9.,9.
images_group_62_9121_18537.png,688,688
images_group_62_910_21424.png,Руб.,Руб.
images_group_62_910_21425.png,коп.,коп.
images_group_62_910_21426.png,Руб.,Руб.
images_group_62_910_21427.png,кой,коп
images_group_62_910_21428.png,Руб.,Руб.
images_group_62_910_21429.png,коп,коп
images_group_62_910_21430.png,Руб.,Руб.
images_group_62_910_21431.png,коп.,коп.
images_group_62_910_21432.png,Руб.,Руб.
images_group_62_910_21433.png,коп,коп
images_group_62_910_21434.png,Руб.,Руб.
images_group_62_910_21435.png,коп,коп
images_group_62_910_21436.png,Руб.,Руб.
images_group_62_910_21437.png,коп,коп
images_group_62_908_21528.png,на,на
images_group_62_9091_21693.png,97,27
images_group_62_9091_21694.png,а,б)
images_group_62_9091_21695.png,а),з)
images_group_62_9091_21696.png,г),г)
images_group_62_910_21757.png,1.),1.)
images_group_62_910_21758.png,2.),2.)
images_group_62_910_21759.png,3.),3.)
images_group_62_910_21760.png,4.),4.)
images_group_62_910_21761.png,5.),5.)
images_group_62_910_21762.png,6),6)
images_group_62_910_21763.png,7.),7.)
images_group_62_9104_21767.png,36,36
images_group_62_9119_21830.png,48,48
images_group_62_9121_21832.png,50,50
images_group_62_9136_21850.png,6,6
images_group_62_9130_21853.png,3,3
images_group_62_9140_21854.png,8,8
images_group_62_908_21937.png,188,188
images_group_62_908_21938.png,7.),7.)
images_group_62_9087_21946.png,95,25
images_group_62_910_21965.png,Яно-8866 г.,Ян - 1816 г.
images_group_26_36_187.png,48.,48.
images_group_26_36_188.png,49.,49.
images_group_26_36_189.png,"м.,","М.,"
images_group_26_36_190.png,Бѣлые и,Бѣглые и
images_group_26_36_191.png,мокъ,мокъ
images_group_26_36_192.png,въ,въ
images_group_26_36_193.png,губернскомъ,губернскомъ
images_group_26_36_194.png,городѣ,городѣ
images_group_26_36_195.png,вродячи,вродяги
images_group_26_36_196.png,Поймано,Поймано
images_group_26_36_197.png,бѣглыхъ,бѣглыхъ
images_group_26_36_198.png,въ,въ
images_group_26_36_199.png,городахъ,городахъ
images_group_26_36_200.png,Красноярскѣ-,Красноярснкѣ-
images_group_26_36_201.png,который,который
images_group_26_36_202.png,оказы-,оказы-
images_group_26_36_203.png,174 и,114 и
images_group_26_36_204.png,въ,въ
images_group_26_36_205.png,округахъ,округахъ
images_group_26_36_206.png,202,202
images_group_26_36_207.png,въ томъ,въ томъ
images_group_26_36_208.png,ки,чи-
images_group_26_36_209.png,вается,вается
images_group_26_36_210.png,несполне,невполне
images_group_26_36_211.png,удобнымъ,удобнымъ
images_group_26_36_212.png,по,по
images_group_26_36_213.png,сил,слѣ
images_group_26_36_214.png,бѣжавшихъ,бѣжавшихъ
images_group_26_36_215.png,изъ,изъ
images_group_26_36_216.png,ссылки,ссылки
images_group_26_36_217.png,въ,въ
images_group_26_36_218.png,теснотѣ,теснотѣ
images_group_26_36_219.png,своей,свой
images_group_26_36_220.png,съ,съ
images_group_26_36_221.png,числамъ,числамъ
images_group_26_36_222.png,со,со
images_group_26_36_223.png,сибиръ,Сибирь
images_group_26_36_224.png,"79,","79,"
images_group_26_36_225.png,въ,16
images_group_26_36_226.png,числѣ,числѣ
images_group_26_36_227.png,сихъ,сихъ
images_group_26_36_228.png,послѣд-,послѣд-
images_group_26_36_231.png,арестан,арестан
images_group_26_36_232.png,нихъ,нихъ
images_group_26_36_233.png,5,5
images_group_26_36_234.png,менщинъ.,женщинъ.
images_group_26_36_235.png,товъ.,товъ.
images_group_26_36_236.png,Военныхъ,Военныхъ
images_group_26_36_237.png,дезертировъ,дезертировъ
images_group_26_36_238.png,пойма,пойма
images_group_26_36_239.png,Работы,Работы
images_group_26_36_240.png,по,по
images_group_26_36_241.png,постройкѣ,постройкѣ
images_group_26_36_242.png,ка-,ка-
images_group_26_36_243.png,по,но
images_group_26_36_244.png,и,и
images_group_26_36_245.png,предано,предано
images_group_26_36_246.png,сущ,суду
images_group_26_36_247.png,10,10
images_group_26_36_249.png,меннаго,меннаго
images_group_26_36_250.png,тюремнаго,тюремнаго
images_group_26_36_251.png,замка,замка
images_group_26_36_252.png,Пристанодержателей,Пристанодержателей
images_group_26_36_253.png,открыти,открыто
images_group_26_36_254.png,въ,въ
images_group_26_36_255.png,г.,г.
images_group_26_36_256.png,Енисейскѣ,"Енисейскѣ,"
images_group_26_36_257.png,подъ,подъ
images_group_26_36_258.png,наблюде,наблюде-
images_group_26_36_259.png,и,и
images_group_26_36_260.png,предано,предано
images_group_26_36_261.png,суду,суду
images_group_26_36_262.png,11.,"11,"
images_group_26_36_263.png,человѣкъ.,человѣкъ.
images_group_26_36_264.png,ніемъ,ніемъ
images_group_26_36_265.png,учрежденнаго,учрежденнаго
images_group_26_36_266.png,особаго,особаго
images_group_26_36_267.png,Ко,Ко
images_group_26_36_268.png,литета,митета
images_group_26_36_269.png,продолжаются,продолжаются
images_group_26_36_270.png,ус-,ус-
images_group_26_36_271.png,пѣшно.,пѣшно.
images_group_26_36_272.png,Постройка,Постройка
images_group_26_36_273.png,должна,должна
images_group_26_36_274.png,"п.,","н.,"
images_group_26_36_275.png,Арестанты.,Арестанты
images_group_26_36_276.png,Число,Число
images_group_26_36_277.png,арестантовъ,арестантовъ
images_group_26_36_278.png,виедно,видно
images_group_26_36_279.png,быть,быть
images_group_26_36_280.png,окончена,окончена
images_group_26_36_281.png,къ,къ
images_group_26_36_282.png,1865 году.,1865 году.
images_group_26_36_283.png,изъ,изъ
images_group_26_36_284.png,вѣдомости,вѣдомости
images_group_26_36_285.png,подъ,подъ
images_group_26_36_286.png,No5.,"No5,"
images_group_26_36_287.png,въ кото-,въ кото-
images_group_26_36_288.png,Сверхъ,Сверхъ
images_group_26_36_289.png,обязательныхъ,обязательныхъ
images_group_26_36_290.png,посмѣ-,посмѣ-
images_group_26_36_291.png,рой,рой
images_group_26_36_292.png,показаны,показаны
images_group_26_36_293.png,и,и
images_group_26_36_294.png,разсмотрѣнные,разсмотрѣнные
images_group_26_36_295.png,тѣ,тѣ
images_group_26_36_296.png,работъ,работъ
images_group_26_36_297.png,будетъ,будетъ
images_group_26_36_298.png,устроена,устроена
images_group_26_36_299.png,приговоры.,приговоры.
images_group_26_36_300.png,внутри,внутри
images_group_26_36_301.png,острога,острога
images_group_26_36_302.png,Церковь.,Церковь.
images_group_26_36_303.png,По судебнымъ,По судебнымъ
images_group_26_36_304.png,приговорамъ,приговорамъ
images_group_26_36_305.png,Постройка,Постройка
images_group_26_36_306.png,деревяннаго,деревяннаго
images_group_26_36_307.png,содержалось,содержалось
images_group_26_36_308.png,въ тюрмахъ,въ тюрмахъ
images_group_26_36_309.png,и подъ,и подъ
images_group_26_36_310.png,острога,острога
images_group_26_36_311.png,въ,16
images_group_26_36_312.png,г.,г.
images_group_26_36_313.png,Канскѣ,Канскѣ
images_group_26_36_314.png,произ-,произ-
images_group_26_36_315.png,арестомъ,арестомъ
images_group_26_36_316.png,86,86
images_group_26_36_317.png,человѣкъ.,человѣкъ.
images_group_26_36_318.png,варится,водится
images_group_26_36_319.png,и,и
images_group_26_36_320.png,позаключенномус,по заключенному съ
images_group_26_36_321.png,подрадчикомъ,подрядчикамъ
images_group_26_36_322.png,контракту,контракту
images_group_26_36_323.png,сени,жна
images_group_26_36_324.png,быть,быть
images_group_26_36_325.png,окончина,окончена
images_group_26_36_326.png,къ,къ
images_group_26_36_327.png,24 мъ,24 Iю-
images_group_26_36_328.png,Тюремные,Тюремные
images_group_26_36_329.png,мо,лю
images_group_26_36_330.png,1864 года.,1864 года.
images_group_26_36_331.png,Въ,Въ
images_group_26_36_332.png,Енисейской,Енисейской
images_group_26_36_333.png,Работы,Работы
images_group_26_36_334.png,по постройкѣ,по пострыйкѣ
images_group_26_36_335.png,де,де-
images_group_26_36_336.png,замки.,замки.
images_group_26_36_337.png,только,только
images_group_26_36_338.png,каменный,каменный
images_group_26_36_339.png,ревяннаго,ревяннаго
images_group_26_36_340.png,остроги,остроги
images_group_26_36_341.png,въ,въ
images_group_26_36_342.png,городѣ,городѣ
images_group_26_360_343.png,"50,","50,"
images_group_26_360_360.png,Испров,Исправ
images_group_26_3609_912.png,заиключеніемъ,за исключеніемъ
images_group_26_3609_913.png,"двухъ,","двухъ,"
images_group_26_3609_914.png,пришли,пришли
images_group_26_3609_915.png,въ совершенную,въ совершенную
images_group_26_3609_916.png,ветхость,ветхость
images_group_26_3609_917.png,такъ,такъ
images_group_26_3609_918.png,что,что
images_group_26_3609_919.png,не представляется,не представляется
images_group_26_3609_920.png,уже,уже
images_group_26_3609_921.png,никакой,ни какой
images_group_26_3609_922.png,возможности,возможности
images_group_26_3609_923.png,поддер-,поддер-
images_group_26_3609_924.png,живать,живатъ
images_group_26_3609_925.png,ихъ,ихъ
images_group_26_3609_926.png,"исправленіями,","исправленіями,"
images_group_26_3609_927.png,почему,почему
images_group_26_3609_928.png,необходимо,необходимо
images_group_26_3609_929.png,возвести,возвести
images_group_26_3609_931.png,вновь.,вновь.
images_group_26_3609_932.png,На постройку,На постройку
images_group_26_3609_933.png,этихъ,этихъ
images_group_26_3609_934.png,зданій,зданій
images_group_26_3609_935.png,по утвержденнымъ,по утвержденнымъ
images_group_26_3609_936.png,уже,уже
images_group_26_3609_937.png,смѣтамъ,смѣтамъ
images_group_26_3609_938.png,исчислено,исчислено
images_group_26_3609_939.png,"193,688 р.","193,688р."
images_group_26_3609_940.png,16 1/2 к.,16 1/2 к.
images_group_26_3609_941.png,Но,Но
images_group_26_3609_942.png,такъ,такъ
images_group_26_3609_943.png,какъ,какъ
images_group_26_3609_944.png,сумма,сумма
images_group_26_3609_945.png,эта,эта
images_group_26_3609_946.png,не,не
images_group_26_3609_947.png,внесена,внесена
images_group_26_3609_948.png,въ,въ
images_group_26_3609_949.png,смѣту,смѣту
images_group_26_3609_950.png,земскихъ,земскихъ
images_group_26_3609_951.png,повинностей.,повинностей.
images_group_26_3609_952.png,текущаго,текущаго
images_group_26_3609_953.png,трех-,трех-
images_group_26_3609_954.png,"лѣтія,","лѣтія,"
images_group_26_3609_955.png,а между,а между
images_group_26_3609_956.png,тѣмъ,тѣмъ
images_group_26_3609_957.png,въ,въ
images_group_26_3609_958.png,постройкѣ,постройкѣ
images_group_26_3609_959.png,зданій,зданій
images_group_26_3609_960.png,предстоить,предстоитъ
images_group_26_3609_961.png,крайняя,крайняя
images_group_26_3609_962.png,"надобность,","надобность,"
images_group_26_3609_963.png,то,то
images_group_26_3609_964.png,"испра,",испра-
images_group_26_3609_965.png,шивается,шивается
images_group_26_3609_966.png,разрѣшеніе,разрѣшеніе
images_group_26_3609_967.png,объ,объ
images_group_26_3609_968.png,удовлетвореніи,удовлетвореніи
images_group_26_3609_969.png,предстоящей,предстоящей
images_group_26_3622_2048.png,Типогра-,Типогра-
images_group_26_3622_2049.png,Тапографія,Типографія
images_group_26_3622_2050.png,въ,въ
images_group_26_3622_2051.png,губерніи,губерніи
images_group_26_3622_2052.png,одна,одна
images_group_26_3622_2053.png,"фія,","фія,"
images_group_26_3622_2054.png,при,при
images_group_26_3622_2055.png,Губернскомъ,Губернскомъ
images_group_26_3622_2056.png,Правленіи.,Правленіи.
images_group_26_3622_2057.png,Губернская,Губернская
images_group_26_3622_2058.png,Типографія,Типографія
images_group_26_3622_2059.png,нахо,нахо
images_group_26_3622_2060.png,дится,дится
images_group_26_3622_2061.png,въ удовлетворительномъ,въ удовлетворительномъ
images_group_26_3622_2062.png,"состояніи,",состояніи
images_group_26_3622_2063.png,Въ теченіи,Въ теченіи
images_group_26_3622_2064.png,1857 года,1857 года
images_group_26_3622_2065.png,выручено,выручено
images_group_26_3622_2067.png,дохода,дохода
images_group_26_3622_2068.png,"2,666 р.","2,666 р."
images_group_26_3622_2069.png,46 3/4 к.,46 3/4 к.
images_group_26_3622_2070.png,болѣе,болѣе
images_group_26_3622_2071.png,противъ,противъ
images_group_26_3622_2072.png,1856 г.,1856 г.
images_group_26_3622_2073.png,на,на
images_group_26_3622_2074.png,660 р.,660 р.
images_group_26_3622_2075.png,74 3/4 к.,74 3/4 к.
images_group_26_3622_2076.png,Библиоте-,Библиоте-
images_group_26_3622_2077.png,Въ,Въ
images_group_26_3622_2078.png,Красноярской,Красноярской
images_group_26_3622_2079.png,Губернской,Губернской
images_group_26_3622_2080.png,"в,","в,"
images_group_26_3622_2081.png,ки.,ки.
images_group_26_3622_2082.png,Публичной,Публичной
images_group_26_3622_2083.png,Библіотекѣ,Библіотекѣ
images_group_26_3622_2084.png,состо-,состо-
images_group_26_3622_2085.png,итъ,итъ
images_group_26_3622_2086.png,книгъ,книгъ
images_group_26_3622_2087.png,544,544
images_group_26_3622_2088.png,назв.,назв.
images_group_26_3622_2089.png,въ,въ
images_group_26_3622_2090.png,"1,082го","1,082-х"
images_group_26_3622_2091.png,перепл.,перепл.
images_group_26_3622_2092.png,на,на
images_group_26_3622_2093.png,"1,577 р.","1,577 р."
images_group_26_3622_2094.png,38 1/2 к.,38 1/2 к.
images_group_26_3622_2095.png,Періоди-,Періоди-
images_group_26_3622_2096.png,чискихъ,ческіхъ
images_group_26_3622_2097.png,изданій,изданій
images_group_26_3622_2098.png,99 мѣзь.,99 назв.
images_group_26_3622_2099.png,въ,въ
images_group_26_3622_2100.png,"1,035","1,035"
images_group_26_3622_2101.png,перепл.,перепл.
images_group_26_3622_2102.png,на бумму,на сумму
images_group_26_3622_2103.png,"1,119 р.","1,119 р."
images_group_26_3622_2104.png,81 1/2 к.,81 1/2 к.
images_group_26_3622_2105.png,Библитска,Библіотека
images_group_26_3622_2106.png,помѣщается,помѣщается
images_group_26_3622_2107.png,въ,въ
images_group_26_3622_2108.png,собственномъ,собственномъ
images_group_26_3622_2109.png,каменномъ,каменномъ
images_group_26_3622_2110.png,одно-этажномъ,одно-этажномъ
images_group_26_3622_2111.png,домѣ,домѣ
images_group_26_3629_2509.png,"углѣчило,","успѣшно,"
images_group_26_3629_2510.png,ибо,ибо
images_group_26_3629_2511.png,къ 1,къ 1
images_group_26_3629_2512.png,Января,Января
images_group_26_3629_2513.png,1858 г.,1858 г.
images_group_26_3629_2514.png,число,число
images_group_26_3629_2515.png,нерѣшенныхъ,нерѣшенныхъ
images_group_26_3629_2516.png,"дѣлъ,","дѣль,"
images_group_26_3629_2517.png,про-,про-
images_group_26_3629_2518.png,тивъ,тивъ
images_group_26_3629_2519.png,остатка,остатка
images_group_26_3629_2520.png,къ,къ
images_group_26_3629_2521.png,1857,1857
images_group_26_3629_2522.png,году,году
images_group_26_3629_2523.png,уменьшилось,уменьшилось
images_group_26_3629_2524.png,на,на
images_group_26_3629_2525.png,"121,","121,"
images_group_26_3629_2526.png,а,а
images_group_26_3629_2527.png,число,число
images_group_26_3629_2528.png,не разрѣшенныхъ,не разрѣшенныхъ
images_group_26_3629_2529.png,бумагъ,бумагъ
images_group_26_3629_2530.png,на,на
images_group_26_3629_2531.png,67;,67;
images_group_26_3629_2532.png,"ж.,","ж.,"
images_group_26_3629_2533.png,Опеки.,Опеки.
images_group_26_3629_2534.png,Въ,Въ
images_group_26_3629_2535.png,1857 г,1857 г
images_group_26_3629_2536.png,находилось,находилось
images_group_26_3629_2537.png,въ,въ
images_group_26_3629_2538.png,опекѣ,опекѣ
images_group_26_3629_2539.png,имѣній:,имѣній:
images_group_26_3629_2540.png,По,По
images_group_26_3629_2541.png,масолѣпітву,малолѣтству
images_group_26_3629_2542.png,на слѣд-,наслѣд-
images_group_26_3629_2543.png,120.,120.
images_group_26_3629_2544.png,1,1
images_group_26_3629_2545.png,никовъ,никовъ
images_group_26_3629_2546.png,глухонемота-,глухонемотѣ
images_group_26_3629_2547.png,торамъ,спорамъ
images_group_26_3629_2548.png,и,и
images_group_26_3629_2549.png,неявкѣ,неявкѣ
images_group_26_3629_2550.png,наслѣдниковъ,наслѣдниковъ
images_group_26_3629_2551.png,7,7
images_group_26_3629_2552.png,Надъ,Надъ
images_group_26_3629_2553.png,имѣніемъ,имѣніемъ
images_group_26_3629_2554.png,не,не
images_group_26_3629_2555.png,состояв-,состоя-
images_group_26_3629_2556.png,тельныхъ,тельныхъ
images_group_26_3629_2557.png,должниковъ,должниковъ
images_group_26_3629_2558.png,2,2
images_group_26_3629_2559.png,За расточительность,За расточительность
images_group_26_3629_2560.png,зноупотребленіе,злоупотребленіе
images_group_26_3635_3065.png,Совѣтникъ,Совѣтникъ
images_group_26_3635_3066.png,"Павлиновъ,","Павлиновъ,"
images_group_26_3635_3067.png,по,по
images_group_26_3635_3068.png,способ-,способ-
images_group_26_3635_3069.png,ностямъ,ностямъ
images_group_26_3635_3070.png,и,и
images_group_26_3635_3071.png,отличнымъ,отличнымъ
images_group_26_3635_3072.png,нрав-,нрав-
images_group_26_3635_3073.png,ственнымъ,ственнымъ
images_group_26_3635_3074.png,"качествамъ,","качествамъ,"
images_group_26_3635_3075.png,Началь,Началь
images_group_26_3635_3076.png,ники,ники
images_group_26_3635_3077.png,Отдѣленій,Отдѣленій
images_group_26_3635_3078.png,Общаго,Общаго
images_group_26_3635_3079.png,Гу-,Гу-
images_group_26_3635_3080.png,бернскаго,бернскаго
images_group_26_3635_3081.png,Управленія,Управленія
images_group_26_3635_3082.png,Коллен-,Коллеж-
images_group_26_3635_3083.png,скіе,скіе
images_group_26_3635_3084.png,Ассесоры,Ассесоры
images_group_26_3635_3085.png,Вавиловъ,Вавиловъ
images_group_26_3635_3086.png,и,и
images_group_26_3635_3087.png,"Кандауровъ,","Кандауровъ,"
images_group_26_3635_3088.png,- познанію,- познанію
images_group_26_3635_3089.png,"дѣла,","дѣла,"
images_group_26_3635_3090.png,отличному,отличному
images_group_26_3635_3091.png,усердію,усердію
images_group_26_3635_3092.png,къ службѣ,къ службѣ
images_group_26_3635_3093.png,"и честности,","и честности,"
images_group_26_3635_3094.png,и Минусинскій,и Минусинскій
images_group_26_3635_3095.png,Окружный,Окружный
images_group_26_3635_3096.png,Начальникъ,Начальникъ
images_group_26_3635_3097.png,Коллеж-,Коллеж-
images_group_26_3635_3098.png,скій,скій
images_group_26_3635_3099.png,Ассесоръ,Ассесоръ
images_group_26_3635_3100.png,Княгъ,Князь
images_group_26_3635_3101.png,Костровы-,Костровъ-
images_group_26_3635_3102.png,отличнымъ,отличнымъ
images_group_26_3635_3103.png,правиламъ,правиламъ
images_group_26_3635_3104.png,"своимъ,","своимъ,"
images_group_26_3635_3105.png,усердію,усердію
images_group_26_3635_3106.png,и знанію,и знанію
images_group_26_3635_3107.png,В,В
images_group_26_3635_3108.png,дѣла.,дѣла.
images_group_26_3635_3109.png,Награды и,Награды и
images_group_26_3635_3110.png,Въ,Въ
images_group_26_3635_3111.png,теченіи,теченіи
images_group_26_3635_3112.png,1857 г.,1857 г.
images_group_26_3635_3113.png,изъ,изъ
images_group_26_3635_3114.png,числа,числа
images_group_26_3635_3115.png,взысканія.,взысканія.
images_group_26_3635_3116.png,служащихъ,служащихъ
images_group_26_3635_3117.png,по,по
images_group_26_3635_3118.png,всѣмѣ,всѣмъ
images_group_26_3635_3119.png,вѣдом-,вѣдом-
images_group_26_3635_3120.png,ствамъ,ствамъ
images_group_26_3635_3121.png,450,450
images_group_26_3635_3122.png,"Чиновниковъ,",Чиновниковъ
images_group_26_3636_3123.png,33.,33.
images_group_26_3636_3124.png,37,37
images_group_26_3636_3125.png,получили,получили
images_group_26_3636_3126.png,разныя,разныя
images_group_26_3636_3127.png,награды,награды
images_group_26_3636_3128.png,7 человѣкъ;,7 человѣкъ;
images_group_26_3636_3129.png,въ,въ
images_group_26_3636_3130.png,томъ,томъ
images_group_26_3636_3131.png,числа,числѣ
images_group_26_3636_3132.png,чинами,чинами
images_group_26_3636_3133.png,"1,","1,"
images_group_26_3636_3134.png,орденами,Орденами
images_group_26_3636_3135.png,Св.,Св.
images_group_26_3636_3136.png,Владиміра.,Владиміра.
images_group_26_3636_3137.png,2-й степ.,2-й степ.
images_group_26_3636_3138.png,1/2,"1,"
images_group_26_3636_3139.png,4-о теп.,4-й степ.
images_group_26_3636_3140.png,за,за
images_group_26_3636_3141.png,35,35
images_group_26_3636_3142.png,лѣтнюю,лѣтнюю
images_group_26_3636_3143.png,выслугу,- выслугу
images_group_26_3636_3144.png,въ Офицер-,въ Офицер-
images_group_26_3636_3145.png,скихъ,скихъ
images_group_26_3636_3146.png,чинахъ,чинахъ
images_group_26_3636_3147.png,"1,","1,"
images_group_26_3636_3148.png,Св.,Св.
images_group_26_3636_3149.png,Стани-,Стани-
images_group_26_3636_3150.png,слава,"слава,"
images_group_26_3636_3151.png,2-й степ.,2-й степ.
images_group_26_3636_3152.png,"1,","1,"
images_group_26_3636_3153.png,3 капеп.,3-й степ.
images_group_26_3636_3154.png,3;,3;
images_group_26_3636_3155.png,серебряною,серебряного
images_group_26_3636_3156.png,медило,медалью
images_group_26_3636_3157.png,съ,съ
images_group_26_3636_3158.png,надпишью,надписью
images_group_26_3636_3159.png,за,за
images_group_26_3636_3160.png,усердіе,усердіе
images_group_26_3636_3161.png,для,для
images_group_26_3636_3162.png,но-,но-
images_group_26_3636_3163.png,лебнія.,шенія.
images_group_26_3636_3164.png,на,на
images_group_26_3636_3165.png,груди,груди
images_group_26_3636_3166.png,на,на
images_group_26_3636_3167.png,Стани-,Стани-
images_group_26_3636_3168.png,славской,славской
images_group_26_3636_3169.png,лентѣ,лентѣ
images_group_26_3636_3170.png,1-ю,1-мъ
images_group_26_3636_3171.png,Предано,Предано
images_group_26_3636_3172.png,суду,суду
images_group_26_3636_3173.png,"2.,","2,"
images_group_26_3636_3174.png,и,и
images_group_26_3636_3175.png,удалено,удалено
images_group_26_3636_3176.png,отъ,отъ
images_group_26_3636_3177.png,долж-,долж-
images_group_26_3636_3178.png,ностей,ностей
images_group_26_3636_3179.png,безъ,безъ
images_group_26_3636_3180.png,суда,суда
images_group_26_3636_3181.png,3.,3.
images_group_26_3636_3182.png,Виды,Виды
images_group_26_3636_3183.png,пред.,пред.
images_group_26_3636_3184.png,Въ,Въ
images_group_26_3636_3185.png,1857,1857
images_group_26_3636_3186.png,году,году
images_group_26_3636_3187.png,представлены,представлены
images_group_26_3636_3188.png,положенія.,положенія.
images_group_26_3636_3189.png,предположенія:,предположения:
images_group_26_3636_3190.png,"1.,","1.,"
images_group_26_3636_3191.png,О разборкѣ,О разборкѣ
images_group_26_3636_3192.png,архивныхъ,архивныхъ
images_group_26_3636_3193.png,дѣлъ,дѣлъ
images_group_26_3636_3194.png,Волостныхъ,Волостныхъ
images_group_26_3636_3195.png,Правленій,Правленій
images_group_26_3641_3506.png,40.,40.
images_group_26_3641_3507.png,Копія,Копія.
images_group_26_3650_4704.png,Копія:,Копія:
images_group_26_3650_4706.png,46.,46.
images_group_26_3656_5075.png,16.,16.
images_group_26_3656_5076.png,О Чиновникахъ,О Чиновникахъ.
images_group_26_3656_5077.png,1852.,1852.
images_group_26_3656_5078.png,Фонъ,Фонъ
images_group_26_3656_5079.png,противузаконные,противузаконные
images_group_26_3656_5080.png,судимихъ,судимыхъ
images_group_26_3656_5081.png,за,за
images_group_26_3656_5082.png,1839 году,1839 году
images_group_26_3656_5083.png,хлѣба.,хлѣба.
images_group_26_3656_5084.png,"осложеніи,","осложеніи,"
images_group_26_3656_5085.png,Манифесту,Манифесту
images_group_26_3656_5086.png,Авгу-,Авгу-
images_group_26_3656_5087.png,26 го,26-го
images_group_26_3656_5088.png,взыкнанія,взысканія
images_group_26_3656_5089.png,по Всемило-,по Всемило-
images_group_26_3656_5090.png,года,года
images_group_26_3656_5091.png,Сентября,Сентября
images_group_26_3656_5092.png,1857,1857
images_group_26_3656_5093.png,"за No1275,",за No 1275.
images_group_26_3656_5094.png,Губернскаго,Губернскаго
images_group_26_3656_5095.png,"Правленія,","Правленія,"
images_group_26_3656_5096.png,"отдѣленію,","отдѣленію,"
images_group_26_3656_5097.png,по,по
images_group_26_3656_5098.png,1-му,1-му
images_group_26_3656_5099.png,Правительствующаго,Правительствующаго
images_group_26_3656_5100.png,За,За
images_group_26_3656_5101.png,"Сената,","Сената,"
images_group_26_3656_5102.png,Де,Де
images_group_26_3656_5103.png,неполученіемъ,неполученіемъ
images_group_26_3656_5104.png,разрѣшенія,разрѣшенія
images_group_26_3656_5105.png,ему,ему
images_group_26_3656_5106.png,доставшимся,доставшимся
images_group_26_3656_5107.png,въ нас-,въ нас-
images_group_26_3656_5109.png,слѣдующаго,слѣдующаго
images_group_26_3656_5110.png,по предмѣту,по предмѣту
images_group_26_3656_5111.png,469,469.
images_group_26_3656_5112.png,"470,",470.
images_group_26_3656_5113.png,за NoNo,за NoNo-ми
images_group_26_3656_5114.png,Января,Января
images_group_26_3656_5115.png,"Правленія,","Правленія,"
images_group_26_3656_5116.png,науказы Гу-,науказы Гу-
images_group_26_3656_5117.png,"Управы,","Управы,"
images_group_26_3656_5118.png,Городовой,Городовой
images_group_26_3656_5119.png,Суда,Суда
images_group_26_3656_5120.png,Иркутской,Иркутской
images_group_26_3656_5121.png,Окружнаго,Окружнаго
images_group_26_3656_5122.png,и,и
images_group_26_3656_5123.png,синскаго,синскаго
images_group_26_3656_5124.png,отъ Мину-,отъ Мину
images_group_26_3656_5125.png,и донесеній,и донесеній
images_group_26_3656_5126.png,1856 года,1856 года
images_group_26_3656_5127.png,ществомъ.,ществомъ.
images_group_26_3656_5128.png,по смерти,по смерти
images_group_26_3656_5129.png,иму-,иму-
images_group_26_3656_5130.png,жены,жены
images_group_26_3656_5131.png,его,его
images_group_26_367_6238.png,96.,96.
images_group_26_367_6257.png,объ исполненіи,объ исполненіи
images_group_26_367_6258.png,рѣшенія,рѣшенія
images_group_26_367_6259.png,Губернскаго,Губернскаго
images_group_26_367_6260.png,Суда,Суда
images_group_26_367_6261.png,11-го отдѣленія,11-го Отдѣленія
images_group_26_367_6262.png,по настоящему,по настоящему
images_group_26_367_6263.png,дѣлу.-,дѣлу.-
images_group_26_367_6264.png,1849,1849
images_group_26_367_6265.png,1-го,1-го
images_group_26_367_6266.png,Стола,Стола
images_group_26_367_6267.png,Августа,Августа
images_group_26_367_6268.png,22,22
images_group_26_367_6269.png,24.,24.
images_group_26_367_6270.png,26.,26.
images_group_26_367_6271.png,О,О
images_group_26_367_6272.png,долгахъ,долгахъ
images_group_26_367_6273.png,золотопроснышленника,золотопромышленника
images_group_26_367_6274.png,Дѣло,Дѣло
images_group_26_367_6275.png,это,это
images_group_26_367_6276.png,останавливается,останавливается
images_group_26_367_6277.png,въ,въ
images_group_26_367_6278.png,"производствѣ,","производствѣ,"
images_group_26_367_6279.png,Коллежскаго,Коллежскаго
images_group_26_367_6280.png,Регистратора,Регистратора
images_group_26_367_6281.png,Овцына.,Овцына.
images_group_26_367_6282.png,занеокончаніемъ,за неокончаніемъ
images_group_26_367_6283.png,срока,срока
images_group_26_367_6284.png,"публикацій,","публикаціи,"
images_group_26_367_6285.png,которою-,которою-
images_group_26_367_6286.png,кредитеры,кредиторы
images_group_26_367_6287.png,"Овцына,","Овцына,"
images_group_26_367_6288.png,вызываются,вызываются
images_group_26_367_6289.png,для,для
images_group_26_367_6290.png,учреж-,учреж-
images_group_26_367_6291.png,денія,денія
images_group_26_367_6292.png,опеки,опеки
images_group_26_367_6293.png,или,или
images_group_26_367_6294.png,Конкурснаго,Конкурснаго
images_group_26_367_6295.png,Управленія,Управленія
images_group_26_367_6296.png,по,по
images_group_26_367_6297.png,дѣламъ,дѣламъ
images_group_26_367_6298.png,должника.,должника.
images_group_26_367_6299.png,Октября,Октября
images_group_26_367_6300.png,23.,23.
images_group_26_367_6301.png,25.,25.
images_group_26_367_6302.png,11.,11.
images_group_26_367_6303.png,О взыскиваемыхъ,О взыскиваемыхъ
images_group_26_367_6304.png,съ,съ
images_group_26_367_6305.png,Почетна го,Почетнаго
images_group_26_367_6306.png,драж-,Граж-
images_group_26_367_6307.png,За неполученіемъ,За неполученіемъ
images_group_26_367_6308.png,удовлетворительнаго,удовлетворительнаго
images_group_26_367_6309.png,увѣ-,увѣ-
images_group_26_367_6310.png,данина,данина
images_group_26_367_6311.png,Николая,Николая
images_group_26_367_6312.png,Мясникова раз-,Мясникова раз-
images_group_26_367_6313.png,домленія,домленія
images_group_26_367_6314.png,отъ,отъ
images_group_26_367_6315.png,Тобольскаго,Тобольскаго
images_group_26_367_6316.png,Губернскаго,Губернскаго
images_group_26_367_6317.png,ными,ными
images_group_26_367_6318.png,лицами,лицами
images_group_26_367_6319.png,деньгахъ.,деньгахъ.
images_group_26_367_6320.png,Правленія,Правленія
images_group_26_367_6321.png,на,на
images_group_26_367_6322.png,"отношенія,","отношенія,"
images_group_26_367_6323.png,отъ,отъ
images_group_26_367_6324.png,21,21
images_group_26_367_6325.png,Декабря,Декабря
images_group_26_367_6326.png,"1856,","1856,"
images_group_26_367_6327.png,22,22
images_group_26_367_6328.png,Марта,Марта
images_group_26_367_6329.png,"1857,","1857,"
images_group_26_367_6330.png,25,25
images_group_26_367_6331.png,"февраля,","февраля,"
images_group_26_367_6332.png,12,12
images_group_26_367_6333.png,"Апрѣля,",Апрѣля
images_group_26_367_6334.png,20,20
images_group_26_367_6335.png,"мая,","Мая,"
images_group_26_367_6336.png,16,16
images_group_26_367_6337.png,"Iюля,","Iюля,"
images_group_26_367_6338.png,5,5
images_group_26_367_6339.png,Сентября и,Сентября и
images_group_26_367_6340.png,Ноября,7 Ноября
images_group_26_367_6341.png,1858,1858
images_group_26_367_6342.png,года,года
images_group_26_367_6343.png,за,за
images_group_26_367_6344.png,NoNo,NoNo
images_group_26_367_6345.png,"16259,","16,259,"
images_group_26_367_6346.png,"3504,","3504,"
images_group_26_367_6347.png,"1619,","1619,"
images_group_26_367_6348.png,"2915,","2915,"
images_group_26_367_6349.png,"3856,","3856,"
images_group_26_367_6350.png,"5841,","5841,"
images_group_26_367_6351.png,7011,7071
images_group_26_367_6352.png,и,И
images_group_26_367_6353.png,8286.,8286.
images_group_26_367_6354.png,О,О
images_group_26_367_6355.png,содѣйствіи,содѣйствіи
images_group_26_367_6356.png,же,же
images_group_26_367_6357.png,въ,въ
images_group_26_367_6358.png,этомъ,этомъ
images_group_26_367_6359.png,"дѣлѣ,",дѣлѣ
images_group_26_367_6360.png,представлено,представлено
images_group_26_367_6361.png,Г.,Г.
images_group_26_367_6362.png,Управлявшему,Управлявшему
images_group_26_367_6363.png,Губерніею,Губерніего
images_group_26_367_6364.png,и,и
images_group_26_367_6365.png,Г.,Г.
images_group_26_367_6366.png,Гражданскому,Гражданскому
images_group_26_367_6367.png,"Губернатору,","Губернатору,"
images_group_26_367_6368.png,25,25
images_group_26_367_6369.png,февра-,февра-
images_group_26_367_6370.png,1850,1850
images_group_26_367_6371.png,ля,ля
images_group_26_367_6372.png,и,и
images_group_26_367_6373.png,16,16
images_group_26_367_6374.png,Iюля 1858 г.,Iюля 1858 г.
images_group_26_367_6375.png,за No1617,"за No 1617,"
images_group_26_367_6376.png,и 5842.,и 5842.-
images_group_26_367_6377.png,Марта,Марта
images_group_26_367_6378.png,24.,24.
images_group_26_367_6379.png,26.,26.
images_group_26_367_6380.png,11.,11.
images_group_26_367_6381.png,О долгихъ,О долгахъ
images_group_26_367_6382.png,золотопромышленно,золотопромышленни
images_group_26_367_6383.png,По несостоятельности,По несостоятельности
images_group_26_367_6384.png,золотопромыш-,золотопромыш-
images_group_26_367_6385.png,ка,ка
images_group_26_367_6386.png,Канскаго,Канскаго
images_group_26_367_6387.png,2,2
images_group_26_367_6388.png,гильдіи,гильдіи
images_group_26_367_6389.png,купца,купца
images_group_26_367_6390.png,ленника,ленника
images_group_26_367_6391.png,"Машарова,","Машарова,"
images_group_26_367_6392.png,къ,къ
images_group_26_367_6393.png,платежу,платежу
images_group_26_367_6394.png,предъяв-,предъяв
images_group_26_367_6395.png,Гаврила,Гаврила
images_group_26_367_6396.png,Машарова.,Машарова.
images_group_26_367_6397.png,ленныхъ,ленныхъ
images_group_26_367_6398.png,на,на
images_group_26_367_6399.png,него,него
images_group_26_367_6400.png,"долговъ,","долговъ,"
images_group_26_367_6401.png,были,были
images_group_26_367_6402.png,учреждены,учреждены
images_group_26_367_6403.png,Конкурсное,Конкурсное
images_group_26_367_6404.png,Управленіе подѣламъ,Управленіе подѣламъ
images_group_26_367_6405.png,Машарова,Машарова
images_group_26_3686_8147.png,117,117
images_group_26_3686_8148.png,118,118
images_group_26_3686_8149.png,денегъ,денегъ
images_group_26_3686_8150.png,казенныхъ,казенныхъ
images_group_26_3686_8151.png,и хлѣба.,и хлѣба.
images_group_26_3686_8153.png,обвиняемомъ,обвиняемомъ
images_group_26_3686_8154.png,"ковѣ,","ковѣ,"
images_group_26_3686_8155.png,въ,въ
images_group_26_3686_8156.png,Губерніи,Губерніи
images_group_26_3686_8157.png,Сыдѣльни-,Сидѣльни-
images_group_26_3686_8158.png,ка,ка
images_group_26_3686_8159.png,о казакѣ,о казакѣ
images_group_26_3686_8160.png,предложенію,предложенію
images_group_26_3686_8161.png,По,По
images_group_26_3686_8162.png,Г. Начальни-,Г. Начальни-
images_group_26_3686_8163.png,опроч.,опроч.
images_group_26_3686_8164.png,копескъ,копѣекъ
images_group_26_3686_8165.png,55 1/2,55 1/2
images_group_26_3686_8166.png,и,и
images_group_26_3686_8167.png,денегъ,денегъ
images_group_26_3686_8168.png,3 рубла,3 рубли
images_group_26_3686_8169.png,зеннаго,зеннаго
images_group_26_3686_8170.png,хлѣба,хлѣба
images_group_26_3686_8171.png,за растрату,за растрату
images_group_26_3686_8172.png,Тарасова,Тарасова
images_group_26_3686_8173.png,ника,ника
images_group_26_3686_8174.png,Окружнаго,Окружнаго
images_group_26_3686_8175.png,Енисейскаго,Енисейскаго
images_group_26_3686_8176.png,Началь-,Началь-
images_group_26_3686_8177.png,"Уракова,","Уракова,"
images_group_26_3686_8178.png,бывшаго,бывшаго
images_group_26_3686_8179.png,овзысканіи,о взысканіи
images_group_26_3686_8180.png,съ,съ
images_group_26_3686_8181.png,Подонесенію,По донесенію
images_group_26_3686_8182.png,Г.,Г.
images_group_26_3686_8183.png,Совѣтника,Совѣтника
images_group_26_3686_8184.png,опроч.,опроч.
images_group_26_3686_8185.png,58 1/2 коп.,58 1/2 коп.
images_group_26_3686_8186.png,и,и
images_group_26_3686_8187.png,сумму,сумму
images_group_26_3686_8188.png,10 фун.,10 фун.
images_group_26_3686_8189.png,1224 пуд.,1224 году.
images_group_26_3686_8190.png,на,на
images_group_26_3686_8191.png,У рядника,Урядника
images_group_26_3686_8192.png,Кандына,Кандина
images_group_26_3686_8193.png,хлѣба,хлѣба
images_group_26_3686_8195.png,запаснаго,запаснаго
images_group_26_3686_8196.png,ма-,ма-
images_group_26_3686_8197.png,Тазовскаго,Тазовскаго
images_group_26_3686_8198.png,смерти,смерти
images_group_26_3686_8199.png,недостаткѣ,недостаткѣ
images_group_26_3686_8200.png,по,по
images_group_26_3686_8201.png,Г. Начальника,Г. Начальника
images_group_26_3686_8202.png,предложенію,предложенію
images_group_26_3686_8203.png,ДѢЛЪ.,дѣлъ
images_group_26_3686_8204.png,СОДЕРЖАНIЕ,СОДЕРЖАНIЕ
images_group_26_3686_8205.png,подтвержденіе,подтверждено
images_group_26_3686_8206.png,ему,ему
images_group_26_3686_8207.png,Апрѣля,Апрѣля
images_group_26_3686_8208.png,12,12
images_group_26_3686_8209.png,за,за
images_group_26_3686_8210.png,No1775-мъ.,No1775-мъ.
images_group_26_3686_8211.png,Февраля,Февраля
images_group_26_3686_8212.png,о скорѣйшемъ,о скорѣйшемъ
images_group_26_3686_8213.png,доставленіи,доставленій
images_group_26_3686_8214.png,"за No7784,","за No784,"
images_group_26_3686_8215.png,коихъ,коихъ
images_group_26_3686_8216.png,1858 г.,1858 г.
images_group_26_3686_8217.png,требуемыхъ,требуемыхъ
images_group_26_3686_8218.png,Правленія,Правленія
images_group_26_3686_8219.png,указомъ,указомъ
images_group_26_3686_8220.png,Губернскаго,Губернскаго
images_group_26_3686_8221.png,отъ,отъ
images_group_26_3686_8222.png,18,18
images_group_26_3686_8223.png,Туруханскаго,Туруханскаго
images_group_26_3686_8224.png,Засѣдателя,Засѣдателя
images_group_26_3686_8225.png,Отдѣльнаго,Отдѣльнаго
images_group_26_3686_8226.png,"свѣденій,","свѣденій,"
images_group_26_3686_8227.png,отъ,отъ
images_group_26_3686_8228.png,нерѣшеніи,нерѣшеніи
images_group_26_3686_8229.png,это,это
images_group_26_3686_8230.png,неполученіемъ,неполученіемъ
images_group_26_3686_8231.png,остается,остается
images_group_26_3686_8232.png,Дѣло,Дѣло
images_group_26_3686_8233.png,за,за
images_group_26_3686_8234.png,въ,въ
images_group_26_3686_8235.png,подтверждено,подтверждено
images_group_26_3686_8236.png,14 Апрѣля,14 Апрѣля
images_group_26_3686_8237.png,1786-мъ.,1786-мъ.
images_group_26_3686_8238.png,Полиціи,Полиціи
images_group_26_3686_8239.png,1858,1858
images_group_26_3686_8240.png,No,No
images_group_26_3686_8241.png,г. за,г. за
images_group_26_3686_8242.png,послѣдній,послѣдній
images_group_26_3686_8243.png,разъ,разъ
images_group_26_3686_8244.png,котораго,котораго
images_group_26_3686_8245.png,О скорѣйшемъ,скорѣйшемъ
images_group_26_3686_8246.png,въ,въ
images_group_26_3686_8247.png,исполненіи,исполненіи
images_group_26_3686_8248.png,1857,1857
images_group_26_3686_8249.png,Ноября,Ноября
images_group_26_3686_8250.png,за No4102.,за No 4102.
images_group_26_3686_8251.png,Полиціи,Полиціи
images_group_26_3686_8252.png,16,16
images_group_26_3686_8253.png,отъ,отъ
images_group_26_3686_8254.png,Правленія,Правленія
images_group_26_3686_8255.png,той,той
images_group_26_3686_8256.png,Губернская,Губернскаго
images_group_26_3686_8257.png,указамъ,указамъ
images_group_26_3686_8258.png,денегъ,денегъ
images_group_26_3686_8259.png,3 р. 55 к,3 р. 55 к
images_group_26_3686_8260.png,по,по
images_group_26_3686_8261.png,Васильевой,Васильевой
images_group_26_3686_8263.png,дѣвицы,дѣвицы
images_group_26_3686_8264.png,мѣщанской,мѣщанской
images_group_26_3686_8265.png,Градскою,Градскою.
images_group_26_3686_8266.png,Пе-,Пе-
images_group_26_3686_8267.png,тверскою,тверскою
images_group_26_3686_8268.png,Полиціею,Полиціею
images_group_26_3686_8269.png,съ,съ
images_group_26_3686_8270.png,нерѣшеніи,нерѣшеніи
images_group_26_3686_8271.png,Ала-,Ала-
images_group_26_3686_8272.png,взысканіемъ,взысканіемъ
images_group_26_3686_8273.png,за не,за не
images_group_26_3686_8274.png,остается,остается
images_group_26_3686_8275.png,въ,въ
images_group_26_3686_8276.png,это,это
images_group_26_3686_8277.png,Дѣло,Дѣло
images_group_26_3686_8278.png,No1780-го,No1780-мъ.
images_group_26_3686_8279.png,подтверждено,подтверждено
images_group_26_3686_8280.png,Апрѣля,Апрѣля
images_group_26_3686_8281.png,ему,ему
images_group_26_3686_8282.png,г. за,г. за
images_group_26_3686_8283.png,1858,1858
images_group_26_3686_8284.png,12,12
images_group_26_3686_8285.png,разъ,разъ
images_group_26_3686_8286.png,лѣдній,лѣдній
images_group_26_3686_8287.png,которыхъ,которыхъ
images_group_26_3686_8288.png,доставленіи,доставленіи
images_group_26_3686_8289.png,Оскорѣшеніемъ,О скорѣйшемъ
images_group_26_3686_8290.png,пос-,пос-
images_group_26_3686_8291.png,въ,въ
images_group_26_3686_8292.png,за NoNo2754.,за No 2754.
images_group_26_3686_8293.png,Правленія,Правленія
images_group_26_3686_8294.png,Губернскаго,Губернскаго
images_group_26_3686_8295.png,1857 г.,1857 г.
images_group_26_3686_8296.png,указомъ,указомъ
images_group_26_3686_8297.png,29,29
images_group_26_3686_8298.png,Iюля,Iюля
images_group_26_3686_8299.png,ванныхъ,ванныхъ
images_group_26_3686_8300.png,затребо-,затребо-
images_group_26_3686_8301.png,"свѣденій,","свѣденій,"
images_group_26_3686_8302.png,Засѣдателя,Засѣдателя
images_group_26_3686_8303.png,Отдѣльнаго,Отдѣльнаго
images_group_26_3686_8304.png,Туруханскаго,Туруханскаго
images_group_26_3686_8305.png,неполученіемъ,неполученіемъ
images_group_26_3686_8306.png,отъ,отъ
images_group_26_3686_8307.png,нерѣшеніи,нерѣшеніи
images_group_26_3686_8308.png,за,за
images_group_26_3686_8309.png,остается въ,остается въ
images_group_26_3686_8310.png,Дѣло это,Дѣло это
images_group_26_36_8339.png,губерніи,губерніи
images_group_26_36_8340.png,допипъ,одинъ
images_group_26_36_8341.png,тюремный за,тюремный за-
images_group_26_36_8342.png,С.,"о.,"
images_group_26_36_8343.png,-,-
images_group_26_3609_8362.png,и,и
images_group_26_3622_8383.png,"б.,","б.,"
images_group_26_3629_8387.png,2,2
images_group_26_3629_8388.png,-,-
images_group_26_3635_8402.png,по,по
images_group_26_3656_8571.png,9.,9.
images_group_26_3656_8572.png,Октября,Октября
images_group_26_3656_8573.png,9.,9.
images_group_26_3656_8575.png,Дзерожинскомъ и,Дзерожинскомъ и
images_group_26_3656_8576.png,"другихъ,","другихъ,"
images_group_26_3656_8577.png,поступ,поступ
images_group_26_3656_8578.png,ки.,ки.
images_group_26_3656_8579.png,Августа,Августа
images_group_26_3656_8580.png,Общей,Общей
images_group_26_3656_8581.png,бернскаго,бернскаго
images_group_26_3656_8582.png,отъ 24,отъ 24
images_group_26_3656_8583.png,1858 года,1858 года
images_group_26_3656_8585.png,пополненія,пополненія
images_group_26_3656_8586.png,взысканія,взысканія
images_group_26_3656_8587.png,лѣдство,лѣдство
images_group_26_3656_8588.png,стивѣсшему,стивѣйшему
images_group_26_3656_8589.png,отъ,отъ
images_group_26_3656_8590.png,партамента,партамента
images_group_26_3656_8592.png,"терѣ,","терѣ,"
images_group_26_3656_8593.png,отъ 12,отъ 12
images_group_26_3656_8594.png,рапортъ,рапортъ
images_group_26_3656_8595.png,на,на
images_group_26_3656_8596.png,52.,52.
images_group_26_3656_8962.png,No по,No по
images_group_26_3656_8963.png,поряд-,поряд-
images_group_26_3656_8964.png,ку.,ку.
images_group_26_3656_8965.png,No вѣдо-,No вѣдо-
images_group_26_3656_8966.png,мости про-,мости про-
images_group_26_3656_8967.png,шедшаго,шедшаго
images_group_26_3656_8968.png,года.,года.
images_group_26_3656_8969.png,Время вступ-,Время вступ-
images_group_26_3656_8970.png,ленія.,ленія.
images_group_26_3656_8971.png,СОДЕРЖАНIЕ,СОДЕРЖАНIЕ
images_group_26_3656_8972.png,ДѢЛЪ.,ДѢЛЪ.
images_group_26_3656_8973.png,ЗА ЧѢМЪ,ЗА ЧѢМЪ
images_group_26_3656_8974.png,ОСТАЮТСЯ,ОСТАЮТСЯ
images_group_26_3656_8975.png,НЕРѢШЕННЫМИ.,НЕРѢШЕННЫМИ.
images_group_26_3686_9677.png,No по,No по
images_group_26_3686_9678.png,поряд-,поряд-
images_group_26_3686_9679.png,ку.,ку.
images_group_26_3686_9680.png,No вѣдо-,No вѣдо-
images_group_26_3686_9681.png,мости про-,мости про-
images_group_26_3686_9682.png,шедшаго,шедшаго
images_group_26_3686_9683.png,года.,года.
images_group_26_3686_9684.png,Время вступ-,Время вступ-
images_group_26_3686_9685.png,ленія.,ленія.
images_group_26_3686_9686.png,ЗА ЧѢМЪ,ЗА ЧѢМЪ
images_group_26_3686_9687.png,ОСТАЮТСЯ,ОСТАЮТСЯ
images_group_26_3686_9688.png,НЕРѢШЕННЫМИ.,НЕРѢШЕННЫМИ
images_group_26_3686_9689.png,116.,116.
images_group_26_3686_9690.png,1854,1854
images_group_26_3686_9691.png,Iюня,Iюня
images_group_26_3686_9692.png,30.,30.
images_group_26_3686_9693.png,Iюля,Iюля
images_group_26_3686_9694.png,2,2
images_group_26_3686_9695.png,Декабря,Декабря
images_group_26_3686_9696.png,20,20
images_group_26_3686_9697.png,По,По
images_group_26_3686_9698.png,Губерніи,Губерніи
images_group_26_3686_9699.png,о,о
images_group_26_3686_9700.png,вахтера,вахтера
images_group_26_3686_9701.png,1291 руб.,1291 руб.
images_group_26_3686_9702.png,Ка,ка
images_group_33_5185_0.png,осмотръ,осмотръ
images_group_33_5185_1.png,"27 тѣламъ,","27 тѣламъ,"
images_group_33_5185_2.png,по,по
images_group_33_5185_3.png,невозможности,невозможности
images_group_33_5185_4.png,подвер-,подвер-
images_group_33_5185_5.png,"вскрытію,","вскрытію,"
images_group_33_5185_6.png,вслѣдствіе,вслѣдствіе
images_group_33_5185_7.png,расложенія,разложенія
images_group_33_5185_8.png,труповъ,труповъ.
images_group_33_5185_9.png,д.),д.)
images_group_33_5185_10.png,Задачи.,Падежи.
images_group_33_5185_11.png,эпизоотическія,эпизоотическія
images_group_33_5185_12.png,"болѣзни,","болѣзни,"
images_group_33_5185_13.png,наковидно,какъвидно
images_group_33_5185_14.png,изъ приложен,изъ приложен
images_group_33_5185_15.png,ной,ной
images_group_33_5185_16.png,вѣдомости,вѣдомости
images_group_33_5185_17.png,"подъ No10,","подъ No10,"
images_group_33_5185_18.png,въ 1859 г.,въ 1859 г.
images_group_33_5185_19.png,были,были
images_group_33_5185_20.png,незначитель-,незначитель-
images_group_33_5185_21.png,ны.,ны.
images_group_33_5185_22.png,ка.),No а.)
images_group_33_5185_23.png,обществен,Обществен-
images_group_33_5185_24.png,Общественное,Общественное
images_group_33_5185_25.png,призрѣніе,призрѣніе
images_group_33_5185_26.png,ное,ное
images_group_33_5185_27.png,призрѣніе.,призрѣніе.
images_group_33_5185_28.png,лежитъ,лежитъ
images_group_33_5185_29.png,на,на
images_group_33_5185_30.png,обязанности,обязанности
images_group_33_5185_31.png,Приказа.,Приказа.
images_group_33_5185_32.png,Вѣдомость,Вѣдомость
images_group_33_5185_33.png,No8,No8
images_group_33_5185_34.png,"показываетъ,","показываетъ,"
images_group_33_5185_35.png,что,что
images_group_33_5185_36.png,общій,общій
images_group_33_5185_37.png,оборотъ,оборотъ
images_group_33_5185_38.png,суммъ,суммъ
images_group_33_5185_39.png,приказы,приказа
images_group_33_5185_40.png,въ 1859 г.,въ 1859г.
images_group_33_5185_41.png,увеличился,увеличился
images_group_33_5185_42.png,"слинскомъ,","слийскомъ,"
images_group_33_5185_43.png,а,а
images_group_33_5185_44.png,въ,въ
images_group_33_5185_45.png,собствен,собствен
images_group_33_5185_46.png,номъ,номъ
images_group_33_5185_47.png,капиталѣ,капиталѣ
images_group_33_5185_48.png,прика-,прика-
images_group_33_5190_434.png,Владимірскій,Владимірскій
images_group_33_5190_435.png,1.,1.
images_group_33_5190_436.png,Пріютъ,пріютъ
images_group_33_5190_437.png,Государственныхъ,Государственныхъ
images_group_33_5190_438.png,3.,3.
images_group_33_5190_439.png,Духовное,Духовное
images_group_33_5190_440.png,Преобразованное,Преобразованное
images_group_33_5190_441.png,Уѣздное,Уѣздное
images_group_33_5190_442.png,146.,146.
images_group_33_5190_443.png,в.),в.)
images_group_33_5190_444.png,при,При
images_group_33_5190_445.png,Енисейскомъ,Енисейскомъ
images_group_33_5190_446.png,казачьемъ,казачьемъ
images_group_33_5190_447.png,конномъ,конномъ
images_group_33_5190_448.png,полкѣ.,полкѣ:
images_group_33_5190_449.png,Школы:,Школы:
images_group_33_5190_450.png,Красноярская,Красноярская
images_group_33_5190_451.png,18.,18.
images_group_33_5190_452.png,Саянская,Саянская
images_group_33_5190_453.png,28.,28.
images_group_33_5190_454.png,Итого,Итого
images_group_33_5190_455.png,976,976
images_group_33_5190_456.png,Число,Число
images_group_33_5190_457.png,учащихся,учащихся
images_group_33_5190_458.png,въ 1859г.,въ 1859 г.
images_group_33_5190_459.png,въ,въ
images_group_33_5190_460.png,сравненіи,сравненіи
images_group_33_5190_461.png,съ,съ
images_group_33_5190_462.png,предшество,предшество-
images_group_33_5190_463.png,вавшимъ,вавшимъ
images_group_33_5190_464.png,годомъ,годомъ
images_group_33_5190_465.png,увеличи-,увеличи-
images_group_33_5190_466.png,лось,лось
images_group_33_5190_467.png,чь учениками.,46 учениками.
images_group_33_5190_468.png,Кромѣ,Кромѣ
images_group_33_5190_469.png,вышеноказанныхъ,вышепоказанныхъ
images_group_33_5190_470.png,учеблыкъ,учебныхъ
images_group_33_5190_471.png,Заведеній,Заведеній
images_group_33_5190_472.png,въ 1859 г.,въ 1859г.
images_group_33_5190_473.png,открыто,открыто
images_group_33_5197_808.png,сформированія же,сформированія на
images_group_33_5197_809.png,по,по
images_group_33_5197_810.png,жарныхъ,жарныхъ
images_group_33_5197_811.png,командъ,командъ
images_group_33_5197_812.png,изъ,изъ
images_group_33_5197_813.png,нижнихъ,нижнихъ
images_group_33_5197_814.png,воинскихъ,воинскихъ
images_group_33_5197_815.png,чи-,чи-
images_group_33_5197_816.png,новъ,новъ
images_group_33_5197_817.png,въ г. г.,въ г. г.
images_group_33_5197_818.png,Канскѣ,Канскѣ
images_group_33_5197_819.png,и ми-,и Ми-
images_group_33_5197_820.png,"нусинскѣ,","нусинскѣ,"
images_group_33_5197_821.png,обязанности,обязанности
images_group_33_5197_822.png,сіи,сіи
images_group_33_5197_823.png,относятъ,относятъ
images_group_33_5197_824.png,избирае-,избирае-
images_group_33_5197_825.png,мые,мые
images_group_33_5197_826.png,по,по
images_group_33_5197_827.png,череди,очереди
images_group_33_5197_828.png,мѣстные,мѣстные
images_group_33_5197_829.png,мѣщане.,мѣшали.
images_group_33_5197_830.png,"2, Квартирная",д.) Квартирная
images_group_33_5197_831.png,Квартирная,Квартирная
images_group_33_5197_832.png,повинность,повинность
images_group_33_5197_833.png,повинность.,повинность.
images_group_33_5197_834.png,въ городахъ,въ городахъ
images_group_33_5197_835.png,Енисейской,Енисейской
images_group_33_5197_836.png,губер-,губер-
images_group_33_5197_837.png,ніи,ніи
images_group_33_5197_838.png,относится,относится
images_group_33_5197_839.png,натурою.,натурою.
images_group_33_5197_840.png,Назначеніе,Назначеніе
images_group_33_5197_841.png,турѣ,турѣ
images_group_33_5197_842.png,производится,производится
images_group_33_5197_843.png,урав-,урав-
images_group_33_5197_844.png,нительно,нительно
images_group_33_5197_845.png,по,по
images_group_33_5197_846.png,очереднымъ,очереднымъ
images_group_33_5197_847.png,книгамъ.,книгамъ.
images_group_33_5197_848.png,Жалобъ,Жалобъ
images_group_33_5197_849.png,нане-,нане-
images_group_33_5197_850.png,уравнительное,уравнительное
images_group_33_5197_851.png,раздѣленіе,раздѣленіе
images_group_33_5197_852.png,постоя,постоя
images_group_33_5197_853.png,въ 1859 г.,въ 1859г.
images_group_33_5197_854.png,не было.,небыло.
images_group_33_5197_855.png,"с,",4
images_group_33_5197_856.png,Земская Поли,Земская Поли-
images_group_33_5197_857.png,Дѣлопроизводство,"Дѣлопроизводство,"
images_group_33_5197_858.png,по,по
images_group_33_520_1094.png,3 об,3 об
images_group_33_520_1095.png,31 об,21 об
images_group_33_520_1096.png,32,32
images_group_33_520_1097.png,29.,29.
images_group_33_520_1098.png,22 11,22 21
images_group_33_520_1099.png,2322,23 22
images_group_33_520_1100.png,и,и
images_group_33_520_1101.png,бытъ,бытъ
images_group_33_520_1102.png,начавшихъ,начавшихъ
images_group_33_520_1103.png,заниматься,заниматься
images_group_33_520_1104.png,30.,30.
images_group_33_520_1105.png,земледѣліемъ-,земледѣліемъ-
images_group_33_520_1106.png,улучшается.,улучшается.
images_group_33_520_1107.png,л),л.)
images_group_33_520_1108.png,Сельское,Сельское
images_group_33_520_1109.png,хозяйство.,хозяйство.
images_group_33_520_1110.png,Важнѣйшую,Важнѣйшую
images_group_33_520_1111.png,Изъ,Изъ
images_group_33_520_1112.png,Инородцевъ,Инородцевъ
images_group_33_520_1113.png,Ачинскаго и,Ачинскаго и
images_group_33_520_1114.png,отрасль,отрасль
images_group_33_520_1115.png,сельскаго,сельскаго
images_group_33_520_1116.png,хозяйства,хозяйства
images_group_33_520_1117.png,Минусинскаго,Минусинскаго
images_group_33_520_1118.png,Округовъ,Округовъ
images_group_33_520_1119.png,до,до
images_group_33_520_1120.png,36/7.,36 / т.
images_group_33_520_1121.png,составляетъ,составляетъ
images_group_33_520_1122.png,хлѣбопашество-,хлѣбопашество.
images_group_33_520_1123.png,душъ,душъ
images_group_33_520_1124.png,вѣроисповѣданія,вѣроисповѣданія
images_group_33_520_1125.png,Право-,Право-
images_group_33_520_1126.png,Оно,Оно
images_group_33_520_1127.png,преимущественно,преимущественно
images_group_33_520_1128.png,раз-,раз-
images_group_33_520_1129.png,"славнаго,","славнаго,"
images_group_33_520_1130.png,остальные,остальные
images_group_33_520_1131.png,же,же
images_group_33_520_1132.png,идоло-,идоло-
images_group_33_520_1133.png,вито,вито
images_group_33_520_1134.png,въ,въ
images_group_33_520_1135.png,Южной,Южной
images_group_33_520_1136.png,части,части
images_group_33_520_1137.png,гу-,Гу-
images_group_33_520_1138.png,поклонники-,поклонники-
images_group_33_520_1139.png,послѣдователи,послѣдователи
images_group_33_520_1140.png,"берніи,","берніи,"
images_group_33_520_1141.png,именно,именно
images_group_33_520_1142.png,въ,въ
images_group_33_520_1143.png,Ачинскомъ,Ачинскомъ
images_group_33_520_1144.png,Шамановъ,Шамановъ
images_group_33_520_1145.png,замѣняющихъ,замѣняющихъ
images_group_33_520_1146.png,У,у
images_group_33_520_1147.png,и,и
images_group_33_520_1148.png,Минусинскомъ,Минусинскомъ
images_group_33_520_1149.png,Окру-,Окру-
images_group_33_520_1150.png,нихъ,нихъ
images_group_33_520_1151.png,духовныя,духовныя
images_group_33_520_1152.png,лица.,лица.
images_group_33_520_1153.png,"гахъ,","гахъ,"
images_group_33_520_1154.png,но,но
images_group_33_520_1155.png,далеко,далеко
images_group_33_520_1156.png,не,не
images_group_33_520_1157.png,въ,въ
images_group_33_520_1158.png,цвѣ-,цвѣ-
images_group_33_520_1159.png,Инородцы,Инородцы
images_group_33_520_1160.png,вообще,вообще
images_group_33_520_1161.png,довольно,довольно
images_group_33_520_1162.png,тущемъ,тущемъ
images_group_33_520_1163.png,"состояніи,","состояніи,"
images_group_33_520_1164.png,хотя,хотя
images_group_33_520_1165.png,миролюбивы,миролюбивы
images_group_33_520_1166.png,и,и
images_group_33_520_1167.png,"гостепріимны,","гостепріимны,"
images_group_33_520_1168.png,съ,съ
images_group_33_520_1169.png,каждымъ,каждымъ
images_group_33_520_1170.png,годомъ,годомъ
images_group_33_520_1171.png,запаги,запаги-
images_group_33_520_1172.png,но,но
images_group_33_520_1173.png,скрытны,скрытны
images_group_33_520_1174.png,и,и
images_group_33_520_1175.png,мстительны.,мстительны.
images_group_33_520_1176.png,ка,ка
images_group_33_520_1177.png,увелычивается;,увеличивается;
images_group_33_520_1178.png,способы,способы
images_group_33_520_1179.png,Разговорный,Разговорный
images_group_33_520_1180.png,языкъ,языкъ
images_group_33_520_1181.png,инород-,инород-
images_group_33_520_1182.png,воздѣлыванія,воздѣлыванія
images_group_33_520_1183.png,земли,земли
images_group_33_520_1184.png,самые,самые
images_group_33_520_1185.png,цевъ,цевъ
images_group_33_520_1186.png,Ачинскаго,Ачинскаго
images_group_33_520_1187.png,и,и
images_group_33_520_1188.png,Минусин-,Минусин-
images_group_33_520_1189.png,простые;,простые;
images_group_33_520_1190.png,кромѣ,кромѣ
images_group_33_520_1191.png,"простой,","простой,"
images_group_33_520_1192.png,скаго,скаго
images_group_33_520_1193.png,"округовъ,","округовъ,"
images_group_33_520_1194.png,представляетъ,представляетъ
images_group_33_520_1195.png,весьма,весьма
images_group_33_520_1196.png,неудобной,неудобной
images_group_33_520_1197.png,по,по
images_group_33_520_1198.png,тяже-,тяже-
images_group_33_520_1199.png,въ,въ
images_group_33_520_1200.png,настоящее,настоящее
images_group_33_520_1201.png,время,время
images_group_33_520_1202.png,смѣсь,смѣсь
images_group_33_520_1203.png,"сти,","сти,"
images_group_33_520_1204.png,русской,русской
images_group_33_520_1205.png,двухконной и,двухконной и
images_group_33_520_1206.png,Татарскаго,Татарскаго
images_group_33_520_1207.png,съ,съ
images_group_33_520_1208.png,финскимъ,Финскимъ
images_group_33_520_1209.png,одноконной,одноконной
images_group_33_520_1210.png,сохи,сохи
images_group_33_520_1211.png,и,и
images_group_33_520_1212.png,"простой,","простой,"
images_group_33_520_1213.png,съ,съ
images_group_33_520_1214.png,присоединеніемъ,присоединеніемъ
images_group_33_520_1215.png,многихъ,многихъ
images_group_33_520_1216.png,почти,почти
images_group_33_520_1217.png,четырехугольной,четырехугольной
images_group_33_520_1218.png,60-,60-
images_group_33_520_1219.png,Русскихъ,Русскихъ
images_group_33_520_1220.png,словъ;,словъ;
images_group_33_520_1221.png,4,у
images_group_33_520_1222.png,нихъ,нихъ
images_group_33_520_1223.png,не,не
images_group_33_520_1224.png,роны,роны
images_group_33_520_1225.png,съ,съ
images_group_33_520_1226.png,деревянными,деревянными
images_group_33_520_1227.png,или,или
images_group_33_520_1228.png,только,только
images_group_33_520_1229.png,нѣтъ,нѣтъ
images_group_33_520_1230.png,на,на
images_group_33_520_1231.png,природномъ,природномъ
images_group_33_520_1232.png,желѣзными,желѣзными
images_group_33_520_1233.png,"зубьями,","зубьями,"
images_group_33_520_1234.png,дру-,дру-
images_group_33_520_1235.png,языкѣ,языкѣ
images_group_33_520_1236.png,никакой,никакой
images_group_33_520_1237.png,"письменности,","письменности,"
images_group_33_520_1238.png,гихъ,гихъ
images_group_33_520_1239.png,орудій,орудій
images_group_33_520_1241.png,но,но
images_group_33_520_1242.png,даже,даже
images_group_33_520_1243.png,нѣтъ,нѣтъ
images_group_33_520_1244.png,никакихъ,никакихъ
images_group_33_520_1245.png,земель,земель
images_group_33_520_1246.png,никогда,никогда
images_group_33_520_1247.png,неудобри-,неудобри-
images_group_33_520_1248.png,преданій.,преданій.
images_group_33_520_1249.png,ваютъ,ваютъ
images_group_33_520_1250.png,и разпахиваютъ,и разпахиваютъ
images_group_33_520_1251.png,2,2
images_group_33_520_1252.png,чрезвычай но,чрезвычайно
images_group_33_520_1253.png,"ловко,","ловко,"
images_group_33_520_1254.png,отъ,отъ
images_group_33_520_1255.png,того,того
images_group_33_520_1256.png,что,что
images_group_33_520_1258.png,не,не
images_group_33_520_1260.png,Совѣтникъ,совѣтник
images_group_33_5232_3450.png,и опека,и опека
images_group_33_5232_3451.png,надѣ,надъ
images_group_33_5232_3452.png,золотыми,золотыми
images_group_33_5232_3453.png,его,его
images_group_33_5232_3454.png,про-,про-
images_group_33_5232_3455.png,мыслами.,мыслами.
images_group_33_5232_3456.png,Дѣйствіе,Дѣйствія
images_group_33_5232_3457.png,конкурса,конкурса
images_group_33_5232_3458.png,какъ,какъ
images_group_33_5232_3459.png,донесъ,донесъ
images_group_33_5232_3460.png,Канскій,Канскій
images_group_33_5232_3461.png,Окружный,Окружный
images_group_33_5232_3462.png,"Судъ,","Судъ,"
images_group_33_5232_3463.png,закрыто,закрыто
images_group_33_5232_3464.png,20 Августа,20 Августа
images_group_33_5232_3465.png,1856 г.,1856 г.
images_group_33_5232_3466.png,и затѣмъ,и Затѣмъ
images_group_33_5232_3467.png,продолжается,продолжается
images_group_33_5232_3468.png,Опекун,Опекун
images_group_33_5232_3469.png,ское,ское
images_group_33_5232_3470.png,Управленіе,Управленіе
images_group_33_5232_3471.png,Машарова.,Машарова.
images_group_33_5232_3472.png,1852 г.,1852 г.
images_group_33_5232_3473.png,16,16
images_group_33_5232_3474.png,25,25
images_group_33_5232_3475.png,взыскиваемых,взыскиваемых
images_group_33_5232_3476.png,Удовлетвореніе,Удовлетвореніе
images_group_33_5232_3477.png,"долговъ,","долговъ,"
images_group_33_5232_3478.png,предъяв,предъяв
images_group_33_5232_3479.png,разными,разными
images_group_33_5232_3480.png,лицами,лицами
images_group_33_5232_3482.png,ленныхъ,ленныхъ
images_group_33_5232_3483.png,на,на
images_group_33_5232_3484.png,ко,К
images_group_33_5232_3485.png,Купцовъ,Купцовъ
images_group_33_5232_3486.png,Красиль,Красиль
images_group_33_5232_3487.png,топромышленной,топромышленной
images_group_33_5232_3489.png,"никова,","никова,"
images_group_33_5232_3490.png,цовъ,цовъ
images_group_33_5232_3491.png,"Красильникова,","Красильникова,"
images_group_33_5232_3492.png,"Бобкова,","Бобкова,"
images_group_33_5232_3493.png,причнанныхъ,признанныхъ
images_group_33_5232_3494.png,щими,щими
images_group_33_5232_3495.png,лыкова,лыкова
images_group_33_5232_3496.png,и наслѣдницѣ,и наслѣдницы Бо
images_group_33_5232_3497.png,"ровъ,","ровъ,"
images_group_33_5232_3498.png,кова.,кова.
images_group_33_5232_3499.png,леніе,леніе
images_group_33_5238_3807.png,1850,1850
images_group_33_5238_3808.png,39.,39.
images_group_33_5238_3809.png,54.,54.
images_group_33_5238_3812.png,Занедостиженіемъ,Занедостиженіемъ
images_group_33_5238_3813.png,наслѣдниками,наслѣдниками
images_group_33_5238_3814.png,6.,6.
images_group_33_5238_3815.png,40.,40.
images_group_33_5238_3816.png,55.,55.
images_group_33_5238_3817.png,Мая,Мая
images_group_33_5238_3818.png,Мѣщанина,Мѣщанина
images_group_33_5238_3819.png,Гавриля Типо,Гаврила Тихо
images_group_33_5238_3820.png,нова.,нова.
images_group_33_5238_3821.png,91,41
images_group_33_5238_3822.png,56.,56.
images_group_33_5238_3823.png,Iюня,Iюня
images_group_33_5238_3824.png,Мѣщанина,Мѣщанина
images_group_33_5238_3825.png,Гаврила,Гаврила
images_group_33_5238_3826.png,совершеннолѣтняго,совершеннолѣтняго
images_group_33_5238_3827.png,довскаго.,довскаго.
images_group_33_5238_3828.png,42.,42.
images_group_33_5238_3829.png,58.,58.
images_group_33_5238_3830.png,Статскаго,Статскаго
images_group_33_5238_3831.png,Совѣтника Але,Совѣтника Алек-
images_group_33_5238_3832.png,25.,25.
images_group_33_5238_3833.png,сандра,сандра
images_group_33_5238_3834.png,Галкина.,Галкина.
images_group_33_5238_3835.png,43.,43.
images_group_33_5238_3836.png,59.,59.
images_group_33_5238_3837.png,Сентябр,Сентябр
images_group_33_5238_3838.png,Мѣщанина,Мѣщанина
images_group_33_5238_3839.png,Нестера,Нестера
images_group_33_5238_3840.png,ванова.,ванова.
images_group_33_5238_3841.png,44.,44.
images_group_33_5238_3842.png,60.,60.
images_group_33_5238_3843.png,Купца,Купца
images_group_33_5238_3844.png,Павла,Павла
images_group_33_5238_3845.png,Шадри,Шадри
images_group_33_5238_3846.png,совершеннолѣтняго,совершеннолѣтняго
images_group_33_5238_3847.png,45.,45.
images_group_33_5238_3848.png,61.,61.
images_group_33_5238_3849.png,Совѣтника,Совѣтника
images_group_33_5238_3850.png,наслѣдницъ,наслѣдницъ
images_group_33_5238_3851.png,Ивана,Ивана
images_group_33_5238_3852.png,"наслѣдницы,","наслѣдницы,"
images_group_33_5238_3853.png,надъ,надъ
images_group_33_5238_3854.png,которою,которою
images_group_33_5238_3855.png,опека,опека
images_group_33_5238_3856.png,"Сената,","Сената,"
images_group_33_5238_3857.png,30,30
images_group_33_5238_3858.png,Сентября,Сентября
images_group_33_5246_4466.png,3 отдѣленія,3 Отдѣленія
images_group_33_5246_4468.png,1 Стола,1 Стола
images_group_33_5246_4469.png,1846,1846
images_group_33_5246_4470.png,Попредложенію Г.,По предложенію Г.
images_group_33_5246_4471.png,Началь,Началь
images_group_33_5246_4472.png,Занеокончаніемъ,Занеокончаніемъ
images_group_33_5246_4473.png,ревизіи,ревизіи
images_group_33_5246_4474.png,производимой,производились
images_group_33_5246_4475.png,ника,ника
images_group_33_5246_4476.png,"Губерніи,","Губерніи,"
images_group_33_5246_4477.png,объ откры-,объ откры-
images_group_33_5246_4478.png,Совѣтникомъ,Совѣтникомъ
images_group_33_5246_4479.png,Ураковымъ,Ураковымъ
images_group_33_5246_4480.png,хлѣбна,хлѣбно
images_group_33_5246_4481.png,для при,для при
images_group_33_5246_4482.png,му,му
images_group_33_5246_4483.png,запасному,запасному
images_group_33_5246_4484.png,капиталу,капиталу
images_group_33_5246_4485.png,и несос-,и несос-
images_group_33_5246_4486.png,веденія,веденія
images_group_33_5246_4487.png,порядокъ съл,порядокъ дѣлъ
images_group_33_5246_4488.png,тавленіемъ,тавленіемъ
images_group_33_5246_4489.png,имъ,имъ
images_group_33_5246_4490.png,всѣхъ,всѣхъ
images_group_33_5246_4491.png,посему при,посему при
images_group_33_5246_4492.png,запаснаго,Запаснаго
images_group_33_5246_4493.png,капитала.,капитала.
images_group_33_5246_4494.png,мѣту,мѣту
images_group_33_5246_4495.png,отчетовъ.,отчетовъ.
images_group_33_5246_4496.png,90,90
images_group_33_5246_4497.png,Поотношенію,По отношенію
images_group_33_5246_4498.png,Енисейской,Енисейскай
images_group_33_5246_4499.png,отъ Су-,отъ Су-
images_group_33_5246_4500.png,3.,3.
images_group_33_5246_4501.png,Казенной,Казенной
images_group_33_5246_4503.png,ражской,ражской
images_group_33_5246_4504.png,Градской,Градской
images_group_33_5246_4505.png,Полиціи,Полиціи
images_group_33_5246_4506.png,визованіи,визованіи
images_group_33_5246_4507.png,отчетности,отчетности
images_group_33_5246_4508.png,требованнаго,требованнаго
images_group_33_5246_4509.png,Губернскаго,Губернскаго
images_group_33_5246_4510.png,Туруханскаго,Туруханскаго
images_group_33_5246_4512.png,"Правленія,","Правленія,"
images_group_33_5246_4513.png,Апрѣля за А,Апрѣля за No
images_group_33_5246_4514.png,Управленія,Управленія
images_group_33_5246_4515.png,и открывшей,и открывшей
images_group_33_5246_4516.png,"1994,","1994,"
images_group_33_5246_4517.png,оскорѣйшемъ,оскорѣйшемъ
images_group_33_5246_4518.png,исполненіи ко-,исполненіи ко-
images_group_33_5246_4519.png,Яковлевѣ,Яковлевѣ
images_group_33_5246_4520.png,"тораго,","тораго,"
images_group_33_5246_4521.png,въ послѣд-,въ послѣд-
images_group_33_5246_4522.png,хлѣбной,хлѣбной
images_group_33_5246_4523.png,недоимки,недоимки
images_group_33_5246_4524.png,ній,ній
images_group_33_5246_4525.png,разъ 30 Декабря,разъ 30 Декабря
images_group_33_5246_4526.png,сумму,сумму
images_group_33_5246_4527.png,копѣйку.,копѣйку.
images_group_33_5249_4714.png,разными,разными
images_group_33_5249_4716.png,"и 1200,","и 1200,"
images_group_33_5249_4717.png,оскорѣйшемъ,оскорѣйшемъ
images_group_33_5249_4718.png,представле,представле
images_group_33_5249_4719.png,роѣдинскому,роѣдинскому
images_group_33_5249_4720.png,и Костинско-,и Костинска
images_group_33_5249_4721.png,Декабря,Декабря
images_group_33_5249_4722.png,му,му
images_group_33_5249_4723.png,запаснымъ,запаснымъ
images_group_33_5249_4724.png,магази,магази
images_group_33_5249_4725.png,No5752-мъ,No5752-
images_group_33_5249_4726.png,намъ.,намъ.
images_group_33_5249_4727.png,1853,1853
images_group_33_5249_4728.png,95.,95.
images_group_33_5249_4729.png,Марта,Марта
images_group_33_5249_4730.png,Покопіи,По копіи
images_group_33_5249_4731.png,постановлен,постановлені
images_group_33_5249_4732.png,По дѣлу,По дѣлу
images_group_33_5249_4733.png,сему,сему
images_group_33_5249_4734.png,требовались,требовались
images_group_33_5249_4735.png,но,не
images_group_33_5249_4736.png,обходи,обходи
images_group_33_5249_4737.png,3.,3.
images_group_33_5249_4738.png,переданной,переданной
images_group_33_5249_4739.png,изъ,изъ
images_group_33_5249_4740.png,Iю отдѣ,IV отдѣ
images_group_33_5249_4741.png,отъ,отъ
images_group_33_5249_4742.png,ленія,ленія
images_group_33_5249_4743.png,Губернскаго,Губернскаго
images_group_33_5249_4744.png,Прав,Прав
images_group_33_5249_4745.png,Земскаго,Земскаго
images_group_33_5249_4746.png,"Суда,","Суда,"
images_group_33_5249_4747.png,пополученіи к,пополученіи к
images_group_33_5249_4749.png,охлѣбной,о хлѣбной
images_group_33_5249_4750.png,недоим,недоим
images_group_33_5249_4751.png,рыхъ,рыхъ
images_group_33_5249_4752.png,и,и
images_group_33_5249_4753.png,разсмотрѣніи,разсмотрѣніи
images_group_33_5249_4754.png,кѣ,кѣ
images_group_33_5249_4755.png,считающейся нанъ,считающейся на по
images_group_33_5249_4756.png,26.,26.
images_group_33_5249_4757.png,Января,Января
images_group_33_5249_4758.png,1860 г,1860 г
images_group_33_5249_4759.png,решеленномъ,решеленномъ
images_group_33_5249_4760.png,изъ Туру,изъ Туру
images_group_33_5249_4761.png,проному,пооному
images_group_33_5249_4762.png,имѣетъ,имѣетъ
images_group_33_5249_4763.png,быть,быть
images_group_33_5249_4764.png,предписа-,предписа
images_group_33_5249_4765.png,ханскаго,ханскаго
images_group_33_5249_4766.png,края,края
images_group_33_5249_4767.png,тому,тому
images_group_33_5249_4768.png,же,же
images_group_33_5249_4769.png,"суду,","суду,"
images_group_33_5249_4770.png,орозысканіи,о розысканіи
images_group_33_5249_4771.png,скій,скій
images_group_33_5249_4772.png,округъ,округъ
images_group_33_5249_4773.png,поселенцѣ,поселенцѣ
images_group_33_5249_4774.png,Андрѣева,Андрѣева
images_group_33_5249_4775.png,свѣдѣніи,свѣдѣніи
images_group_33_5249_4776.png,федорѣ,Федорѣ
images_group_33_5249_4777.png,Андрѣевѣ.,Андрѣевѣ.
images_group_33_5249_4778.png,96.,96.
images_group_33_5249_4779.png,105.,105.
images_group_33_5249_4780.png,Iюля,Iюля
images_group_33_5249_4781.png,Порапорту,Порапорту
images_group_33_5249_4782.png,Исправляющъ,Исправляюща
images_group_33_5249_4783.png,Дѣло это,Дѣло это
images_group_33_5249_4784.png,пособраніи,пособраніи
images_group_33_5249_4785.png,нужныхъ,нужныхъ
images_group_33_5249_4786.png,4.,4.
images_group_33_5249_4787.png,должность,должность
images_group_33_5249_4788.png,Турухан-,Турухан-
images_group_33_5249_4789.png,свѣдѣній,свѣдѣній
images_group_33_5249_4790.png,находится,находится
images_group_33_5249_4791.png,въ,въ
images_group_33_5249_4792.png,разсмот-,разсмот-
images_group_33_5250_4990.png,скаю,скаго
images_group_33_5250_4991.png,Отдѣльнаго,Отдѣльнаго
images_group_33_5250_4992.png,Зас,Зас
images_group_33_5250_4993.png,Губернскаго,Губернскаго
images_group_33_5250_4994.png,Правленія,Правленія
images_group_33_5250_4995.png,дателя,дателя
images_group_33_5250_4996.png,о недоимкѣ,о недоимкѣ
images_group_33_5250_4997.png,чи,чис
images_group_33_5250_4998.png,лящейся,лящейся
images_group_33_5250_4999.png,напоселенце-,на поселенцѣ
images_group_33_5250_5000.png,изъ,изъ
images_group_33_5250_5001.png,Духоборцевъ,Духоборцевъ
images_group_33_5250_5002.png,Гилева,Гилевѣ
images_group_33_5250_5003.png,1853.,1853.
images_group_33_5250_5004.png,97.,97.
images_group_33_5250_5005.png,Ноября,Ноября
images_group_33_5250_5006.png,Порапорту,Порапорту
images_group_33_5250_5007.png,Исправляю,Исправляю
images_group_33_5250_5008.png,Занеполученіемъ,Занеполученіемъ
images_group_33_5250_5009.png,свѣдѣній,свѣдѣній
images_group_33_5250_5010.png,отъ Ени-,отъ Ени-
images_group_33_5250_5011.png,12.,12.
images_group_33_5250_5012.png,щаго,щаго
images_group_33_5250_5013.png,должность,должность
images_group_33_5250_5014.png,Туруха,Турухан
images_group_33_5250_5015.png,сейскаго,сейскаго
images_group_33_5250_5016.png,Окружнаго,Окружнаго
images_group_33_5250_5017.png,Начальника,Начальника
images_group_33_5250_5018.png,скаго,скаго
images_group_33_5250_5019.png,Отдѣльнаго,Отдѣльнаго
images_group_33_5250_5020.png,Засѣ-,Засѣ-
images_group_33_5250_5021.png,на,на
images_group_33_5250_5022.png,указъ,указъ
images_group_33_5250_5023.png,Губернскаго,Губернскаго
images_group_33_5250_5024.png,"Правленія,","Правленія,"
images_group_33_5250_5025.png,дателя,дателя
images_group_33_5250_5027.png,отъ,отъ
images_group_33_5250_5028.png,31,31
images_group_33_5250_5029.png,Августа,Августа
images_group_33_5250_5030.png,1857 г.,1857 г.
images_group_33_5250_5031.png,"за No1,519,","за No3,154,"
images_group_33_5250_5032.png,взысканіи,взысканіи
images_group_33_5250_5033.png,хлѣбной,хлѣбной
images_group_33_5250_5034.png,не,не
images_group_33_5250_5035.png,оскорѣйшемъ,оскорѣйшемъ
images_group_33_5250_5036.png,доимки,доимки
images_group_33_5250_5037.png,съ,съ
images_group_33_5250_5039.png,"кихъ,",коихъ
images_group_33_5250_5040.png,въ,въ
images_group_33_5250_5041.png,послѣдній,послѣдній
images_group_33_5250_5042.png,разъ,разъ
images_group_33_5250_5043.png,подтверж,подтверж
images_group_33_5250_5044.png,дено,дено
images_group_33_5250_5045.png,ему,ему
images_group_33_5250_5046.png,25,25
images_group_33_5250_5047.png,Января,Января
images_group_33_5250_5048.png,настоящею,настоящаю
images_group_33_5250_5049.png,рода,рода
images_group_33_5250_5050.png,Туруханска,Туруханска
images_group_33_5250_5051.png,года.,года.
images_group_33_5250_5052.png,98,98.
images_group_33_5250_5053.png,108.,108.
images_group_33_5250_5054.png,Декабря,Декабря
images_group_33_5250_5055.png,Попредложенію,Попредложенію
images_group_33_5250_5056.png,Г.,Г.
images_group_33_5250_5057.png,на,На-
images_group_33_5250_5058.png,Подѣлу,Подѣлу
images_group_33_5250_5059.png,сему,сему
images_group_33_5250_5060.png,имѣетъ,имѣетъ
images_group_33_5250_5061.png,быть едѣ-,быть сдѣ-
images_group_33_5250_5062.png,21.,21.
images_group_33_5250_5063.png,чальника,чальника
images_group_33_5250_5064.png,"Губерніи,",Губерніи
images_group_33_5250_5065.png,объ,объ
images_group_33_5250_5066.png,лано,лано
images_group_33_5250_5067.png,представленіе,представленіе
images_group_33_5250_5068.png,П.,Г.
images_group_33_5250_5069.png,Началь-,Началь-
images_group_33_5250_5070.png,уничтоженіи,уничтоженіи
images_group_33_5250_5071.png,находя,находя-
images_group_33_5250_5072.png,нику,нику
images_group_33_5250_5073.png,Губерніи,Губерніи
images_group_33_5250_5074.png,попостановленію,попостановленію
images_group_33_5251_5078.png,щихся въ,щихся въ
images_group_33_5251_5079.png,Богучанском,Богучанском
images_group_33_5251_5080.png,отомъ,о томъ
images_group_33_5251_5081.png,Правленія,Правленія
images_group_33_5251_5082.png,состоявшему,состоявшему
images_group_33_5251_5083.png,отдѣленіи,отдѣленіи
images_group_33_5251_5084.png,хлѣбныхъ,хлѣбныхъ
images_group_33_5251_5085.png,ся 26 г. Января,ся 26 ч. Января
images_group_33_5251_5086.png,1860 года,1860 года
images_group_33_5251_5087.png,запасныхъ,запасныхъ
images_group_33_5251_5088.png,магазинов,магазиновъ
images_group_33_5251_5089.png,мяркинг,и Яркинc
images_group_33_5251_5090.png,1854,1854
images_group_33_5251_5091.png,99.,99.
images_group_33_5251_5092.png,но.,110.
images_group_33_5251_5093.png,Iюня,Iюня
images_group_33_5251_5094.png,По рапорту,По рапорту
images_group_33_5251_5095.png,Туруханскѣ,Туруханска
images_group_33_5251_5096.png,10.,10.
images_group_33_5251_5097.png,вомъ,вомъ
images_group_33_5251_5098.png,нія,нія.
images_group_33_5251_5099.png,бывшимъ,бывшим
images_group_33_5251_5100.png,Ту-,Ту-
images_group_33_5251_5101.png,Верхне,Верхне
images_group_33_5251_5102.png,руханскаго,руханскаго
images_group_33_5251_5103.png,Отдѣльнаго,Отдѣльнаго
images_group_33_5251_5104.png,Засѣда-,Засѣда-
images_group_33_5251_5105.png,инбажскаго,инбатского
images_group_33_5251_5106.png,с кладочка,складочка
images_group_33_5251_5107.png,теля,теля
images_group_33_5251_5108.png,"Бѣлявскимъ,","Бѣлявскимъ,"
images_group_33_5251_5109.png,представле-,представле-
images_group_33_5251_5110.png,по,по
images_group_33_5251_5111.png,Кольцо-,Кольцо-
images_group_33_5251_5112.png,въ,въ
images_group_33_5251_5113.png,Енисейскій,Енисейскій
images_group_33_5251_5114.png,Земскій,Земскій
images_group_33_5251_5115.png,Судъ 22.,Судъ 22
images_group_33_5251_5116.png,вымъ,вымъ
images_group_33_5251_5117.png,Михайловскимъ,Михайловскимъ
images_group_33_5251_5118.png,"Ноября,","Ноября,"
images_group_33_5251_5119.png,гдѣ,гдѣ
images_group_33_5251_5120.png,находится,находится
images_group_33_5251_5121.png,въ раз-,въ раз-
images_group_33_5251_5122.png,казеннаго,казеннаго
images_group_33_5251_5123.png,порохарусс,пороха рухляд
images_group_33_5251_5124.png,"смотрѣніи,","смотрѣніи,"
images_group_33_5251_5126.png,ленія,ленія
images_group_33_5251_5127.png,на 22,на 22
images_group_33_5251_5128.png,налѣба.,и хлѣба.
images_group_33_5255_5312.png,остаются,остаются
images_group_33_5255_5313.png,нерѣшенными.,нерѣшенными.
images_group_33_5255_5314.png,Пр-віантскую,Провіантскую
images_group_33_5255_5315.png,Поручина,Поручика
images_group_33_5255_5316.png,"Яковлева 12,000","Яковлева 12,000"
images_group_33_5255_5317.png,руб.,"руб,"
images_group_33_5255_5318.png,нахо-,нахо-
images_group_33_5255_5319.png,842 руб. 87 коп.,842 руб. 87 коп.
images_group_33_5255_5320.png,дится въ,дится въ
images_group_33_5255_5321.png,Ярославской,Ярославской
images_group_33_5255_5322.png,Палатѣ,Палатѣ
images_group_33_5255_5323.png,"Суда,","Суда,"
images_group_33_5255_5324.png,то,то
images_group_33_5255_5325.png,Правленіе,Правленіе
images_group_33_5255_5326.png,оную,оную
images_group_33_5255_5327.png,Палату,Палату
images_group_33_5255_5328.png,отнош,отноше
images_group_33_5255_5329.png,отъ,отъ
images_group_33_5255_5330.png,25,25
images_group_33_5255_5331.png,Мая,мая
images_group_33_5255_5332.png,"1857 г. за No1956,","1857 г. За No1956,"
images_group_33_5255_5333.png,помянутаго,помянутаго
images_group_33_5255_5334.png,сдѣлала,сдѣлала
images_group_33_5255_5335.png,заключеніе и,заключеніе и
images_group_33_5255_5336.png,опополненіи,опополненіи
images_group_33_5255_5337.png,на,на
images_group_33_5255_5338.png,Ермаковѣ,Ермаковѣ
images_group_33_5255_5339.png,казен,казен
images_group_33_5255_5340.png,взысканія,взысканія
images_group_33_5255_5341.png,842 руб.,842 руб.
images_group_33_5255_5342.png,87 коп.,87 коп.
images_group_33_5255_5343.png,Очемь,Очемъ
images_group_33_5255_5344.png,повторено,повторено
images_group_33_5255_5345.png,28,28
images_group_33_5255_5346.png,Сентября,Сентября
images_group_33_5255_5347.png,года,года
images_group_33_5255_5348.png,"за No3502,","3а No3502,"
images_group_33_5255_5349.png,"10, Мая 3",10 Мая 3 и
images_group_33_5255_5350.png,18,18
images_group_33_5255_5351.png,Ноября,Ноября
images_group_33_5255_5352.png,1858,1858
images_group_33_5255_5353.png,"за No29, 2107.","за No29, 2107."
images_group_33_5255_5354.png,"5245,","5245,"
images_group_33_5255_5355.png,Января 8,Января 8
images_group_33_5255_5356.png,и 2,и 2
images_group_33_5255_5357.png,"3937,","3937,"
images_group_33_5255_5358.png,на,на
images_group_33_5255_5359.png,С.,С.
images_group_33_5258_5481.png,рѣніе,рѣніе
images_group_33_5258_5482.png,Енисейскаго,Енисейскаго
images_group_33_5258_5483.png,Гражданскаго,Гражданскаго
images_group_33_5258_5484.png,Губернатора,Губернатора
images_group_33_5258_5485.png,21,21
images_group_33_5258_5486.png,Января,Января
images_group_33_5258_5487.png,1857 г.,1857 г.
images_group_33_5258_5488.png,за No,за No
images_group_33_5258_5489.png,122.,122.
images_group_33_5258_5490.png,На что,На что
images_group_33_5258_5491.png,отъ,отъ
images_group_33_5258_5492.png,Его,Его
images_group_33_5258_5493.png,Превосходи-,Превосходи-
images_group_33_5258_5494.png,разрѣшенія,разрѣшенія
images_group_33_5258_5495.png,еще,еще
images_group_33_5258_5496.png,неполу,не полу
images_group_33_5258_5497.png,чено.,чено.
images_group_33_5258_5498.png,Отдѣленія Итола,Отдѣленія 1 Стола
images_group_33_5258_5499.png,1853,1853
images_group_33_5258_5500.png,106.,106.
images_group_33_5258_5501.png,115.,115.
images_group_33_5258_5502.png,Мая,Мая
images_group_33_5258_5503.png,По непалученію,По неполученію
images_group_33_5258_5504.png,отъ,отъ
images_group_33_5258_5505.png,Командира,Командира
images_group_33_5258_5506.png,Енисейскаго,Енисейскаго
images_group_33_5258_5507.png,Внутренняго,Внутренняго
images_group_33_5258_5508.png,Енисейскаго,Енисейскаго
images_group_33_5258_5509.png,Горнизон-,Горнизон-
images_group_33_5258_5510.png,26.,26.
images_group_33_5258_5511.png,наго,наго
images_group_33_5258_5512.png,Баталіона,Баталіона
images_group_33_5258_5513.png,затребованныхъ,затребованныхъ
images_group_33_5258_5514.png,Горнизоннаго,Горнизоннаго
images_group_33_5258_5515.png,"Баталіона,","Баталіона,"
images_group_33_5258_5516.png,дѣлу,дѣлу
images_group_33_5258_5517.png,"свѣдѣній,","свѣдѣній,"
images_group_33_5258_5518.png,28 февраля,28 февраля
images_group_33_5258_5519.png,Командую-,Командую-
images_group_33_5258_5520.png,щему,щему
images_group_33_5258_5521.png,"нижними, чинами",нижными чинами
images_group_33_5258_5522.png,и 30,и 30
images_group_33_5258_5523.png,Сентября,Сентября
images_group_33_5258_5524.png,1859,1859
images_group_33_5258_5525.png,"за No14721,","за No14721,"
images_group_33_5258_5526.png,2933,2933
images_group_33_5258_5527.png,"14,350, было ему","11,350, было ему"
images_group_33_5258_5528.png,который,который
images_group_33_5258_5529.png,въ троицкомъ,въ троицкомъ
images_group_33_5258_5530.png,Солеварен-,Солеварен-
images_group_33_5258_5531.png,номъ заводѣ,номъ заводѣ
images_group_33_5258_5532.png,железныхъ,желѣзныхъ
images_group_33_5258_5533.png,"отношеніемъ,","отношеніемъ,"
images_group_33_5258_5534.png,10,10
images_group_33_5258_5535.png,Октября,Октября
images_group_33_5258_5536.png,1859 г.,1859 г.
images_group_33_5258_5537.png,укрепленій,укрепленій
images_group_33_5258_5538.png,за No4936,за No4936
images_group_33_5258_5539.png,"увѣдомилъ,","увѣдомилъ,"
images_group_33_5258_5540.png,что,что
images_group_33_5258_5541.png,въ Батай,въ Баталі
images_group_33_5258_5542.png,онкомъ,онномъ
images_group_33_5258_5544.png,хранятся,хранятся
images_group_33_5258_5545.png,вѣкъ.,вѣкъ.
images_group_33_5258_5546.png,рые,рые
images_group_33_5258_5547.png,заржавленные,заржавленные
images_group_33_5258_5548.png,кандалы и крѣпи,кандалы и крѣп
images_group_33_5271_6757.png,года.,годъ.
images_group_33_5271_6759.png,1856,1856
images_group_33_5271_6760.png,Сентября,Сентября
images_group_33_5271_6761.png,Корапорту,Порапорту
images_group_33_5271_6762.png,Смотрителя,Смотрителя
images_group_33_5271_6763.png,Это,Это
images_group_33_5271_6764.png,дѣло,дѣло
images_group_33_5271_6765.png,осталось,осталось
images_group_33_5271_6766.png,"нерѣшеннымъ,","нерѣшеннымъ,"
images_group_33_5271_6767.png,127,127
images_group_33_5271_6768.png,зане,зане
images_group_33_5271_6769.png,4.,4.
images_group_33_5271_6770.png,Поселенцевъ,Поселенцевъ
images_group_33_5271_6771.png,Красноярска,Красноярска
images_group_33_5271_6772.png,полученіемъ,полученіемъ
images_group_33_5271_6773.png,послѣдомъ,послѣдомъ
images_group_33_5271_6774.png,происходившей,происходившей
images_group_33_5271_6775.png,Енисейскаго,Енисейскаго
images_group_33_5271_6776.png,"округовъ,","округовъ,"
images_group_33_5271_6777.png,обо,о об
images_group_33_5271_6778.png,перепискѣ,перепискѣ
images_group_33_5271_6779.png,свѣдѣнія,свѣдѣнія
images_group_33_5271_6780.png,отъ,отъ
images_group_33_5271_6781.png,Красноярской,Красноярской
images_group_33_5271_6782.png,ложеніи,ложеніи
images_group_33_5271_6783.png,податьми,податьми
images_group_33_5271_6784.png,про,про
images_group_33_5271_6785.png,общей,Общей
images_group_33_5271_6786.png,городовой,Городовой
images_group_33_5271_6787.png,"Управы,","Управы,"
images_group_33_5271_6788.png,требуемаго,требуемаго
images_group_33_5271_6789.png,питаннаго,питаннаго
images_group_33_5271_6790.png,Поселенца Ла,ПоселенцаЛа
images_group_33_5271_6791.png,предписаніемъ,предписаніемъ
images_group_33_5271_6792.png,Экспедиціи о,Экспедиціи о
images_group_33_5271_6793.png,"о ссыльныхъ,","о ссыльныхъ,"
images_group_33_5271_6794.png,дѣйской,дѣйской
images_group_33_5271_6795.png,волости Ивано Сухоров,волости Ивана Сухфа
images_group_33_5271_6796.png,отъ,отъ
images_group_33_5271_6797.png,19,19
images_group_33_5271_6798.png,Января,Января
images_group_33_5271_6799.png,1860 г.,1860 г.
images_group_33_5271_6800.png,за No 416.,за No416.
images_group_33_5271_6801.png,Поотношенію,Поотношенію
images_group_33_5271_6802.png,Тобольска,тобольско
images_group_33_5271_6803.png,Заневыполненіемъ,Заневыполненіемъ
images_group_33_5271_6804.png,Красноярскимъ,Красноярскимъ
images_group_33_5271_6805.png,128,128
images_group_33_5271_6806.png,го,го
images_group_33_5271_6807.png,Приказа,Приказа
images_group_33_5271_6808.png,"Оссыльныхъ, о в","Оссыльныхъ, ов"
images_group_33_5271_6809.png,Земскимъ,Земскимъ
images_group_33_5271_6810.png,Судомъ,Судомъ
images_group_33_5271_6811.png,требованій,требованій
images_group_33_5271_6812.png,Эксподи,Экспеди
images_group_33_5271_6813.png,зысканіи,зысканіи
images_group_33_5271_6814.png,каза,каза
images_group_33_5271_6815.png,ціи,ціи
images_group_33_5271_6816.png,"Оссыльныхъ,","Оссыльныхъ,"
images_group_33_5271_6817.png,отъ,отъ
images_group_33_5271_6818.png,20,20
images_group_33_5271_6819.png,октябр-,октябр-
images_group_33_5271_6820.png,1856г.,и 1856 г.
images_group_33_5271_6821.png,ка,ка
images_group_33_5271_6822.png,Дунайскаго,Дунайскаго
images_group_33_5271_6823.png,казачьяго,казачьяго
images_group_33_5271_6824.png,"за No14,371,","за No 14371,"
images_group_33_5271_6825.png,очемъ оному,очемъ оному
images_group_33_5271_6826.png,былопредписыва,было предписыва
images_group_33_5271_6827.png,войска,войска
images_group_33_5271_6828.png,Дмитрія,Дмитрія
images_group_33_5271_6829.png,Дедому,Дедому
images_group_33_5271_6830.png,омо,емо
images_group_33_5271_6831.png,30,30
images_group_33_5271_6832.png,Января,Января
images_group_33_5271_6833.png,"1854 г. за No 1243,",1857 г. за No1243
images_group_33_5271_6834.png,"28 Iюля,","28 Iюля,"
images_group_33_5271_6835.png,15-го,18 ч.
images_group_33_5271_6836.png,рова,рова
images_group_33_5271_6837.png,денегъ,"денегъ,"
images_group_33_5271_6838.png,похищенныхъ,похищенныхъ
images_group_33_5271_6839.png,Сентября,Сентября
images_group_33_5271_6840.png,и,и
images_group_33_5271_6841.png,23,23
images_group_33_5271_6842.png,Ноября,Ноября
images_group_33_5271_6843.png,1859 г.,1859 г.
images_group_33_5271_6844.png,"за No7,478, 11,045-г.","за No 7,478,11,045 г."
images_group_33_5271_6845.png,имъ,имъ изъ
images_group_33_5271_6846.png,Николаевскаго,Николаевскаго
images_group_33_5271_6847.png,Стах,Стан
images_group_33_5271_6848.png,14327.,14327.
images_group_33_5271_6849.png,чнаго,чнаго
images_group_33_5271_6850.png,Управленія,Управленія
images_group_33_5271_6851.png,Попрошенію,Попрошенію
images_group_33_5271_6852.png,Поселенца,Поселенца
images_group_33_5271_6853.png,За неполученіемъ,Занеполученіемъ
images_group_33_5271_6854.png,отъ,отъ
images_group_33_5271_6855.png,Енисейскаго,Енисейскаго
images_group_33_5271_6856.png,Земска,Земска
images_group_33_5271_6857.png,13.,13.
images_group_33_5271_6858.png,Аврума,Аврума
images_group_33_5271_6859.png,"Мень,","Мень,"
images_group_33_5271_6860.png,оперечислен,о перечислен
images_group_33_5271_6861.png,го,го
images_group_33_5271_6862.png,Суда,Суда
images_group_33_5271_6863.png,затребованнаго,затребованнаго
images_group_33_5271_6864.png,указомъ,указомъ
images_group_33_5271_6865.png,Губерн,Губер
images_group_33_5271_6866.png,129,129
images_group_33_5271_6867.png,его,его
images_group_33_5271_6868.png,изъ,изъ-
images_group_33_5271_6869.png,Казачинской Енисей,Казачинской Енисей
images_group_33_5271_6870.png,скаго,скаго
images_group_33_5271_6871.png,"Правленія,","Правленія,"
images_group_33_5271_6872.png,отъ,отъ
images_group_33_5271_6873.png,до,20
images_group_33_5271_6874.png,Октября 1856 г.,Октября 1856 г
images_group_33_5271_6875.png,скаго,скаго
images_group_33_5271_6876.png,въ,въ
images_group_33_5271_6877.png,Новоселовскую,Новоселовскую въ
images_group_33_5271_6878.png,"за No14278,","за No 14,278,"
images_group_33_5271_6879.png,"свѣдѣнія,","свѣдѣнія,"
images_group_33_5271_6880.png,очемъ,очемъ
images_group_33_5271_6881.png,окому под-,оному под-
images_group_33_5271_6882.png,мость Минусинскаго округа,лость Минусинскаго округа
images_group_33_5271_6883.png,тверждено,тверждено
images_group_33_5271_6884.png,14,14
images_group_33_5271_6885.png,Декабря,Декабря
images_group_33_5271_6886.png,1859 г.,1859 г.
images_group_33_5271_6887.png,"за No15,19.",за No 15614.
images_group_33_5271_6888.png,долотность,должность
images_group_33_5185_7054.png,гнуть,гнуть
images_group_33_5185_7055.png,ихъ,ихъ
images_group_33_5185_7056.png,21 3/2,21%
images_group_33_5185_7057.png,до,до
images_group_33_5190_7073.png,Дѣтскій,Дѣтскій
images_group_33_5190_7074.png,училищъ,училищъ
images_group_33_5190_7075.png,въ,въ
images_group_33_5190_7076.png,селеніяхъ,селеніяхъ
images_group_33_5197_7104.png,квартиръ,квартиръ
images_group_33_5197_7105.png,въ,въ
images_group_33_5197_7106.png,на-,на-
images_group_33_5225_7889.png,янину.,янину.
images_group_33_5225_7890.png,Федору,Федору
images_group_33_5225_7891.png,Похабод,Похабову
images_group_33_5225_7892.png,"дѣлу,","дѣлу,"
images_group_33_5225_7893.png,а,а
images_group_33_5225_7894.png,также,также
images_group_33_5225_7895.png,прогонныхъ,прогонныхъ
images_group_33_5225_7896.png,денегъ 86р.,денегъ 86р.
images_group_33_5225_7897.png,навступленіе,навступленіе
images_group_33_5225_7898.png,въ подрядъ,въ подрядъ
images_group_33_5225_7899.png,93 1/2,93 1/2
images_group_33_5225_7900.png,"коп.,","коп.,"
images_group_33_5225_7901.png,въ число,въ число
images_group_33_5225_7902.png,подлежавшихъ,подлежавшихъ
images_group_33_5225_7903.png,ковзыс-,ковзыс-
images_group_33_5225_7904.png,для,для
images_group_33_5225_7905.png,поставки,поставки
images_group_33_5225_7906.png,хлѣба,хлѣба
images_group_33_5225_7907.png,на суд,на су
images_group_33_5225_7908.png,канію,канію
images_group_33_5225_7909.png,144,144
images_group_33_5225_7910.png,руб.,руб.
images_group_33_5225_7911.png,98,98
images_group_33_5225_7912.png,коп.,коп.
images_group_33_5225_7913.png,Серебромъ.,Серебромъ.
images_group_33_5225_7914.png,му,му
images_group_33_5225_7915.png,12000,12.000
images_group_33_5225_7916.png,руб.,руб.
images_group_33_5225_7917.png,Серебромъ.,Серебромъ.
images_group_33_5225_7918.png,8.,8.
images_group_33_5225_7919.png,9.,9.
images_group_33_5225_7920.png,1854,1854
images_group_33_5225_7921.png,О крестьянахъ,О крестьянахъ
images_group_33_5225_7922.png,деревни,деревни
images_group_33_5225_7923.png,За,За
images_group_33_5225_7924.png,неполученіемъ,неполученіемъ
images_group_33_5225_7925.png,отъ,отъ
images_group_33_5225_7926.png,Томскаго,Томскаго
images_group_33_5225_7927.png,и,и
images_group_33_5225_7928.png,Января,Января
images_group_33_5225_7929.png,Обѣтованной,"Обѣтованной,"
images_group_33_5225_7930.png,2.,2.
images_group_33_5225_7931.png,Гудиной,"Гудиной,"
images_group_33_5225_7932.png,Шемахинскаго,Шемахинскаго
images_group_33_5225_7933.png,Губернскихъ,Губернскихъ
images_group_33_5225_7934.png,Правле,Правле
images_group_33_5225_7935.png,1851 г.,1851 г.
images_group_33_5225_7936.png,Михайлѣ,"Михайлѣ,"
images_group_33_5225_7937.png,Власѣ,Власѣ
images_group_33_5225_7938.png,и,и
images_group_33_5225_7939.png,Сомсо,Сомо-
images_group_33_5225_7940.png,ній,ній
images_group_33_5225_7941.png,увостопленія,увѣдомленій
images_group_33_5225_7942.png,на,на
images_group_33_5225_7943.png,требованія,требованія
images_group_33_5225_7944.png,сего,сего
images_group_33_5225_7945.png,"Правленія,","Правленія,"
images_group_33_5225_7946.png,Iюня,Iюня
images_group_33_5225_7947.png,11.,11.
images_group_33_5225_7948.png,нѣ,нѣ
images_group_33_5225_7949.png,"Шишлянниковыхъ,","Шишлянниковыхъ,"
images_group_33_5225_7950.png,отъ,отъ
images_group_33_5225_7951.png,3,3
images_group_33_5225_7952.png,Апрѣля,Апрѣля
images_group_33_5225_7953.png,и,и
images_group_33_5225_7954.png,21,21
images_group_33_5225_7955.png,Августа,Августа
images_group_33_5225_7956.png,1857 г.,1857 г.
images_group_33_5225_7957.png,судимыхъ,судимыхъ
images_group_33_5225_7958.png,за проступи,за проступки
images_group_33_5225_7959.png,за,за
images_group_33_5225_7960.png,NoNo259,NoNo259
images_group_33_5225_7961.png,и,и
images_group_33_5225_7962.png,"589,","589,"
images_group_33_5225_7963.png,объ,объ
images_group_33_5225_7964.png,окончательномъ,окончательномъ
images_group_33_5225_7965.png,посодержимой,посодержимой
images_group_33_5225_7966.png,ими,ими
images_group_33_5225_7967.png,жи-,жи-
images_group_33_5225_7968.png,исполненіи,исполненіи
images_group_33_5225_7969.png,положенія,положенія
images_group_33_5225_7970.png,Комитета,Комитета
images_group_33_5225_7971.png,довствующей,довствующей
images_group_33_5225_7972.png,ереса,"ереси, а"
images_group_33_5225_7973.png,Г.,Г. г.
images_group_33_5225_7974.png,Министровъ,Министровъ
images_group_33_5225_7975.png,посему,посему
images_group_33_5225_7976.png,дѣлу;,дѣлу;
images_group_33_5225_7977.png,а так-,а так
images_group_33_5225_7978.png,также,также
images_group_33_5225_7979.png,оскопцѣ,оскопцѣ
images_group_33_5225_7980.png,ссыль,ссыль-
images_group_33_5225_7981.png,же,же
images_group_33_5225_7982.png,занеполученіемъ,занеполученіемъ
images_group_33_5225_7983.png,увѣдомленія,увѣдомленія
images_group_33_5225_7984.png,но-,но-
images_group_33_5225_7985.png,поселенцѣ,поселенцѣ
images_group_33_5225_7986.png,Данилѣ,Данилѣ
images_group_33_5225_7987.png,отъ,отъ
images_group_33_5225_7988.png,Правительствующаго,Правительствующаго
images_group_33_5225_7989.png,Сената,Сената
images_group_33_5225_7990.png,Медвѣдевѣ.,Медвѣдевѣ.
images_group_33_5225_7991.png,"надонесенія,","на донесенія,"
images_group_33_5225_7992.png,отъ,отъ
images_group_33_5225_7993.png,5,5
images_group_33_5225_7994.png,Октября,Октября
images_group_33_5225_7995.png,и,и
images_group_33_5225_7996.png,19,19
images_group_33_5225_7997.png,Дека-,Дека-
images_group_33_5225_7998.png,бря,бря
images_group_33_5225_7999.png,1859 г.,1859 г.
images_group_33_5225_8000.png,за No 1111,за NoNo111
images_group_33_5225_8001.png,и,и
images_group_33_5225_8002.png,"138,","138,"
images_group_33_5225_8003.png,о,о
images_group_33_5225_8004.png,понужденіи,понужденіи
images_group_33_5225_8005.png,упомянутыхъ,упомянутыхъ
images_group_33_5225_8006.png,Правленій,Правленій
images_group_33_5225_8007.png,къ скорѣй,къ скорѣй
images_group_33_5225_8008.png,шему,шему
images_group_33_5225_8009.png,исполненію,исполненію
images_group_33_5225_8010.png,требованія,требования
images_group_33_5225_8011.png,за,за
images_group_33_5225_8012.png,No259.,No259.
images_group_33_5225_8013.png,и,и
images_group_33_5225_8014.png,589.,589.
images_group_33_5226_8034.png,1854.,1854.
images_group_33_5226_8035.png,9,9
images_group_33_5226_8036.png,12.,12.
images_group_33_5226_8037.png,февра,февра
images_group_33_5226_8038.png,1.,1.
images_group_33_5226_8039.png,Оубійствѣ,О убйствѣ
images_group_33_5226_8040.png,деньщика,деньщика
images_group_33_5226_8041.png,Ка,Ка
images_group_33_5226_8042.png,Занеполученіемъ,Занеполученіемъ
images_group_33_5226_8043.png,отъ,отъ
images_group_33_5226_8044.png,Екатеринославъ,Екатеринослав
images_group_33_5226_8046.png,Аверьянова,Аверьянова
images_group_33_5226_8047.png,скаго,скаго
images_group_33_5226_8048.png,Губернскаго,Губернскаго
images_group_33_5226_8051.png,Правленія,Правленія
images_group_33_5226_8053.png,Емельяна,Емельяна
images_group_33_5226_8054.png,"Пуртова,","Пуртова,"
images_group_33_5226_8055.png,и,и
images_group_33_5226_8056.png,ношеніе,ношеніе
images_group_33_5226_8057.png,сего,сего
images_group_33_5226_8058.png,"Правленія,","Правленія,"
images_group_33_5226_8059.png,отъ,отъ
images_group_33_5226_8060.png,15,15
images_group_33_5226_8061.png,г,и
images_group_33_5226_8062.png,прикосновенности,прикосновенности
images_group_33_5226_8063.png,къселу,къ сему
images_group_33_5226_8064.png,Ноября,Ноября
images_group_33_5226_8065.png,1856 г.,1856 г.
images_group_33_5226_8066.png,за,за
images_group_33_5226_8067.png,"No 14660,","No14660,"
images_group_33_5226_8068.png,"о томъ,","отомъ,"
images_group_33_5226_8069.png,объяв,объяв
images_group_33_5226_8070.png,дѣлу,дѣлу
images_group_33_5226_8071.png,Мѣщанки,Мѣщанки
images_group_33_5226_8072.png,Саррь,Сарры
images_group_33_5226_8073.png,лено,лено
images_group_33_5226_8074.png,ли,ли
images_group_33_5226_8075.png,Капитану,Капитану
images_group_33_5226_8076.png,Аверьянову,Аверьянову
images_group_33_5226_8077.png,Метеровлевой.,Мейеровичевой.
images_group_33_5226_8078.png,рѣшеніе,рѣшеніе
images_group_33_5226_8079.png,Губернскаго,Губернскаго
images_group_33_5226_8080.png,Суда,Суда
images_group_33_5226_8081.png,посему,посему
images_group_33_5226_8082.png,"дѣлу,","дѣлу,"
images_group_33_5226_8083.png,и,и
images_group_33_5226_8084.png,выдаными,выдаными
images_group_33_5226_8085.png,ему,ему
images_group_33_5226_8086.png,присужден,присужден
images_group_33_5226_8087.png,ныя,ныя
images_group_33_5226_8088.png,съ,съ
images_group_33_5226_8089.png,Мѣщанка,Мѣщанки
images_group_33_5226_8090.png,Менеровичевой,Мейеровичевой
images_group_33_5226_8091.png,43 руб.,43 руб
images_group_33_5226_8092.png,1854,1854
images_group_33_5226_8093.png,10,10
images_group_33_5226_8094.png,13.,13.
images_group_33_5226_8095.png,февраля,феврал
images_group_33_5226_8096.png,12.,12.
images_group_33_5226_8097.png,О противозаконныхъ,О противозаконныхъ
images_group_33_5226_8098.png,дѣй,дѣй
images_group_33_5226_8099.png,За неполученіемъ,Занеполученіемъ
images_group_33_5226_8100.png,отъ,отъ
images_group_33_5226_8101.png,Енисейскаго,Енисейскаго
images_group_33_5226_8102.png,ствіяхъ,ствіяхъ
images_group_33_5226_8103.png,бывшихъ,бывшихъ
images_group_33_5226_8104.png,чле,чле
images_group_33_5226_8105.png,Городоваго,Городоваго
images_group_33_5226_8106.png,Суда,Суда
images_group_33_5226_8107.png,исполнительнаго,исполнительнаго
images_group_33_5226_8108.png,новъ,новъ
images_group_33_5226_8109.png,Енисейской,Енисейской
images_group_33_5226_8110.png,Город,город
images_group_33_5226_8111.png,рапорта,рапорта
images_group_33_5226_8112.png,науказъ,науказъ
images_group_33_5226_8113.png,Губернскаго,Губернскаго
images_group_33_5226_8114.png,ской,ской
images_group_33_5226_8115.png,Думы,Думы
images_group_33_5226_8116.png,пороздаеѣ,пороздачѣ
images_group_33_5226_8117.png,"правленія,","Правленія,"
images_group_33_5226_8118.png,отъ,отъ
images_group_33_5226_8119.png,23,23
images_group_33_5226_8120.png,Октября,Октября
images_group_33_5226_8121.png,1859 г.,1859
images_group_33_5226_8122.png,изъ,изъ
images_group_33_5226_8123.png,магазина,магазина
images_group_33_5226_8124.png,хлѣба-,хлѣба.
images_group_33_5226_8125.png,за,За
images_group_33_5226_8126.png,"No 4940,","No4940,"
images_group_33_5226_8127.png,о,о
images_group_33_5226_8128.png,"томъ,","томъ,"
images_group_33_5226_8129.png,взыскаными съ,взысканымъ съ
images_group_33_5226_8130.png,Мѣщанина,Мѣщанина
images_group_33_5226_8131.png,Таускева,Тауснева
images_group_33_5226_8132.png,слѣдующія,слѣдующія
images_group_33_5232_8481.png,промыслами,промыслами
images_group_33_5232_8482.png,Апрѣля,Апрѣля
images_group_33_5232_8483.png,8.,8.
images_group_33_5232_8484.png,Оденьгахъ,О деньгахъ
images_group_33_5232_8485.png,Ер,Ер
images_group_33_5232_8486.png,Ерлыкова,Ерлыкова
images_group_33_5232_8487.png,и,и
images_group_33_5232_8488.png,наслѣдницъ,наслѣдницъ
images_group_33_5232_8489.png,подлежа,подлежа
images_group_33_5232_8490.png,"платежу,","платежу,"
images_group_33_5232_8491.png,разсмотрѣніе спо-,раЗсмотрѣніе спо-
images_group_33_5232_8492.png,изъявленныхъ,изъявленныхъ
images_group_33_5232_8493.png,противу,противу
images_group_33_5232_8495.png,гихъ,чихъ
images_group_33_5232_8496.png,"претенций,","претензій,"
images_group_33_5232_8497.png,а,а
images_group_33_5232_8498.png,также,также
images_group_33_5232_8499.png,предъяв-,предъяв-
images_group_33_5232_8500.png,"долянникамъ,","должникамъ,"
images_group_33_5232_8501.png,или,или
images_group_33_5232_8502.png,довѣрен-,довѣрен-
images_group_33_5238_8675.png,Апрѣля,Апрѣля
images_group_33_5238_8676.png,Мѣщаниня,Мѣщанина
images_group_33_5238_8677.png,Ивана,Ивана
images_group_33_5238_8678.png,Малѣсъ,Малѣевъ
images_group_33_5238_8679.png,10,10.
images_group_33_5238_8680.png,Са,Са
images_group_33_5238_8681.png,возвраста.,возвраста.
images_group_33_5238_8682.png,Авгуфе,Августа
images_group_33_5238_8683.png,25.,25.
images_group_33_5238_8684.png,Сели,Семи
images_group_33_5238_8685.png,Занедостиженіемъ,Занедостиженіемъ
images_group_33_5238_8686.png,наслѣдниками,наслѣдниками
images_group_33_5238_8687.png,1851,1851
images_group_33_5238_8688.png,Сентябрь,Сентябр
images_group_33_5238_8689.png,21.,21.
images_group_33_5238_8690.png,возвраста.,возвраста.
images_group_33_5238_8691.png,Ноября,Ноября.
images_group_33_5238_8692.png,на.,на.
images_group_33_5238_8693.png,5.,5.
images_group_33_5238_8694.png,Титулярнаго,Титулярнаго
images_group_33_5238_8695.png,Терентьева.,Терентьева.
images_group_33_5238_8696.png,Занесовершеннолѣтіемъ,Занесовершеннолѣтіемъ
images_group_33_5238_8697.png,одной,одной
images_group_33_5238_8698.png,изъ,изъ
images_group_33_5238_8699.png,и,и
images_group_33_5238_8700.png,заглухонемородругой,за глухонемою другой
images_group_33_5238_8701.png,учреждена,учреждена
images_group_33_5238_8702.png,по указу,по указу
images_group_33_5238_8703.png,Правительствую-,Правительствую-
images_group_33_5238_8704.png,щаго,щаго
images_group_33_5238_8705.png,отъ,отъ
images_group_33_5238_8706.png,1857 г.,1857 г.
images_group_33_5238_8707.png,за No5707.,за No 5717.
images_group_33_5246_8943.png,89,89
images_group_33_5246_8944.png,97.,97.
images_group_33_5246_8945.png,Января,Января
images_group_33_5246_8946.png,3.,3.
images_group_33_5246_8947.png,Г.,Г.
images_group_33_5246_8948.png,тіи,тіи
images_group_33_5246_8949.png,"Комиссии,","Коммисіи,"
images_group_33_5246_8950.png,въ,въ
images_group_33_5246_8951.png,98.,98.
images_group_33_5246_8952.png,Мая,Мая
images_group_33_5246_8953.png,Занеполученіемъ,Занеполученіемъ
images_group_33_5246_8954.png,свѣдѣнія,свѣдѣнія
images_group_33_5246_8955.png,за,за
images_group_33_5246_8956.png,указомъ,указомъ
images_group_33_5246_8957.png,отъ,отъ
images_group_33_5246_8958.png,30,30
images_group_33_5246_8959.png,напоселенцѣ,напоселенцѣ
images_group_33_5246_8960.png,подтверждено,подтверждено
images_group_33_5246_8961.png,на,на
images_group_33_5246_8962.png,178,178
images_group_33_5246_8963.png,рублей,рублей
images_group_33_5246_8964.png,21 1/4,21 1/4
images_group_33_5249_9029.png,лицами,лицами
images_group_33_5249_9030.png,по Ми,по Ми
images_group_33_5249_9031.png,No109,No1909
images_group_33_5249_9032.png,ніи,ніи
images_group_33_5249_9033.png,"коихъ,","коихъ,"
images_group_33_5249_9034.png,подтверждено,подтверждено
images_group_33_5249_9035.png,30,30
images_group_33_5249_9036.png,съ,съ
images_group_33_5249_9037.png,мыя,мыя
images_group_33_5249_9038.png,свѣдѣнія,свѣдѣнія
images_group_33_5249_9039.png,Енисейскаго,Енисейскаго
images_group_33_5249_9040.png,"ленія,","ленія,"
images_group_33_5249_9041.png,состоялось,состоялось
images_group_33_5249_9042.png,постановленіе,постановленіе
images_group_33_5249_9043.png,и,и
images_group_33_5249_9044.png,въ,въ
images_group_33_5249_9045.png,Енисей,Енисей
images_group_33_5249_9046.png,но,но
images_group_33_5249_9047.png,и доставленіи,идоставленіи
images_group_33_5249_9048.png,го,го
images_group_33_5249_9060.png,годъ.,годъ.
images_group_33_5250_9063.png,представленіи,представленіи
images_group_33_5251_9068.png,"Петропавловскаго,","Петропавловскаго,"
images_group_33_5251_9069.png,Бѣ-,Бѣ-
images_group_33_5251_9070.png,добинскаго,добинскаго
images_group_33_5251_9071.png,каго.,каго.
images_group_33_5251_9072.png,Дѣло ото,Дѣло это
images_group_33_5251_9073.png,поокончаніи,поокончаніи
images_group_33_5251_9074.png,производот,производст
images_group_33_5251_9075.png,го,го
images_group_33_5251_9076.png,Отдѣльнаго,Отдѣльнаю
images_group_33_5251_9077.png,Управле,Управле
images_group_33_5251_9078.png,слѣдствія,слѣдствія
images_group_33_5251_9079.png,Помощникомъ,Помощникомъ
images_group_33_5251_9080.png,о растратѣ,о растратѣ
images_group_33_5251_9081.png,исправляющаго,исправляющаю
images_group_33_5251_9082.png,Должность,Должность
images_group_33_5251_9083.png,Смотрителемъ,Смотрителемъ
images_group_33_5251_9084.png,магазина,магазина
images_group_33_5251_9085.png,но,но
images_group_33_5251_9086.png,и,и
images_group_33_5251_9087.png,ч.,ч.
images_group_33_5251_9088.png,Января,Января
images_group_33_5251_9089.png,состояв-,состояв-
images_group_33_5255_9224.png,Коммина,Коммисію
images_group_33_5255_9225.png,Гражданскаго,Гражданскаго
images_group_33_5255_9226.png,сіе,сіе
images_group_33_5255_9227.png,просило,просило
images_group_33_5255_9228.png,"ніемъ,",ніемъ
images_group_33_5255_9229.png,что,что
images_group_33_5255_9230.png,бы,бы
images_group_33_5255_9231.png,она,она
images_group_33_5255_9232.png,прирѣшеніи,прирѣшеніи
images_group_33_5255_9233.png,дѣла,дѣла
images_group_33_5255_9234.png,числящагося,числящагося
images_group_33_5255_9235.png,наго,наго
images_group_33_5255_9236.png,того,того
images_group_33_5255_9237.png,Января,Января
images_group_33_5255_9238.png,года,года
images_group_33_5255_9239.png,Сентября,Сентября
images_group_33_5255_9240.png,1859 г.,1859 г.
images_group_33_5255_9241.png,за No214 и,за No 214 и
images_group_33_5255_9242.png,что,что
images_group_33_5255_9243.png,помянутая,помянутая
images_group_33_5255_9244.png,Палата,Палата
images_group_33_5255_9245.png,у,у
images_group_33_5255_9246.png,что,что
images_group_33_5255_9247.png,сказанное,сказанное
images_group_33_5255_9248.png,выше,выше
images_group_33_5255_9249.png,дѣло,дѣло
images_group_33_5255_9250.png,остается,остается
images_group_33_5255_9251.png,нерѣшеннымъ,нерѣшеннымъ
images_group_33_5255_9252.png,занеполученіемъ отъ,занеполученіемъ отъ
images_group_33_5255_9253.png,1го,1-го
images_group_33_5255_9254.png,Департамента,Департамента
images_group_33_5255_9269.png,"вѣдомила,","вѣдомила,"
images_group_33_5255_9270.png,Петербургской,Петербургской
images_group_33_5258_9354.png,Г.,Г.
images_group_33_5258_9355.png,тельства,тельства
images_group_33_5258_9356.png,13,IV
images_group_33_5258_9357.png,Поотношенію,Поотношенію
images_group_33_5258_9358.png,Командиро,Командира
images_group_33_5258_9359.png,Внутренняго,Внутренняго
images_group_33_5258_9360.png,о доставленіи,о доставленіи
images_group_33_5258_9361.png,посему,посему
images_group_33_5258_9362.png,и,и
images_group_33_5258_9363.png,г.,г.
images_group_33_5258_9364.png,"повторено,","повторено,"
images_group_33_5258_9365.png,отъ,отъ
images_group_33_5258_9366.png,на,на
images_group_33_5258_9367.png,50 чель,50 челъ
images_group_33_5258_9368.png,ста,ста
images_group_33_5271_9929.png,ЗА,за
images_group_33_5271_9930.png,Октября,Октября
images_group_33_5271_9931.png,2.,2.
images_group_33_5271_9932.png,и,и
images_group_33_5271_9933.png,съ,съ
images_group_33_5271_9934.png,бывшаго,бывшаго
images_group_33_5190_10075.png,1,1.
images_group_33_5190_10076.png,101.,107.
images_group_33_5190_10077.png,97.,97.
images_group_33_5190_10078.png,"б.,","б.,"
images_group_33_5190_10079.png,1.,1.
images_group_33_5190_10080.png,1.,1.
images_group_33_5190_10081.png,16,16
images_group_33_5226_10108.png,.,О
images_group_33_5226_10109.png,Серебромъ.,Серебромъ.
images_group_33_5249_10139.png,103.,103.
images_group_33_5250_10140.png,107,107
images_group_7_12576_438.png,3.,3.
images_group_7_12576_439.png,Расходы,Расходы
images_group_7_12576_440.png,Приказа.,Приказа.
images_group_7_12576_441.png,Въ,Въ
images_group_7_12576_442.png,1840,1840
images_group_7_12576_443.png,году,году
images_group_7_12576_444.png,Приказъ,Приказъ
images_group_7_12576_445.png,получилъ,получилъ
images_group_7_12576_446.png,Серебромъ.,Серебромъ.
images_group_7_12576_447.png,Опредѣлительныхъ,Опредѣлительныхъ
images_group_7_12576_448.png,постоянныхъ.,постоянныхъ
images_group_7_12576_449.png,1634 р.,1634 р.
images_group_7_12576_450.png,2 2/4 к.,2 2/7 к.
images_group_7_12576_451.png,"О предѣлительныхъ,","Опредѣлительныхъ,"
images_group_7_12576_452.png,но,но
images_group_7_12576_453.png,въ,въ
images_group_7_12576_454.png,каче-,каче-
images_group_7_12576_455.png,ствѣ,ствѣ
images_group_7_12576_456.png,непостоянно,не постояннь
images_group_7_12576_457.png,хъ.,ихъ.
images_group_7_12576_458.png,4764,4764
images_group_7_12576_459.png,34 3/4,34 3/7
images_group_7_12576_460.png,Исопредѣлительныхъ,Неопредѣлительныхъ
images_group_7_12576_461.png,случай-,случай-
images_group_7_12576_462.png,ныхъ,ныхъ
images_group_7_12576_463.png,отъ,отъ
images_group_7_12576_464.png,хозяйственныхъ,хозяйственныхъ
images_group_7_12576_465.png,За-,За-
images_group_7_12576_466.png,веденій,веденій
images_group_7_12576_467.png,и,и
images_group_7_12576_468.png,за,за
images_group_7_12576_469.png,призрѣніе,призрѣніе
images_group_7_12576_470.png,воен-,воен-
images_group_7_12576_471.png,ныхъ,ныхъ
images_group_7_12576_472.png,людей,людей.
images_group_7_12576_473.png,3991,3991_
images_group_7_12576_474.png,71-,71-
images_group_7_12576_475.png,Итого,Итого
images_group_7_12576_476.png,серебромъ,Серебромъ.
images_group_7_12576_477.png,.10393 р.,10393 р.
images_group_7_12576_478.png,7 3/4 к.,7 5/7к.
images_group_7_12576_479.png,Остаточныхъ,Остаточныхъ
images_group_7_12576_480.png,къ,къ
images_group_7_12576_481.png,1840,1840
images_group_7_12576_482.png,му,му
images_group_7_12576_483.png,году,году
images_group_7_12576_484.png,серебромъ.,серебромъ.
images_group_7_12576_485.png,738,738
images_group_7_12576_486.png,41 3/7,40 3/7
images_group_7_12576_487.png,Всего,Всего
images_group_7_12576_488.png,съ,съ
images_group_7_12576_489.png,остаточны-,остаточны
images_group_7_12576_490.png,ми,ми
images_group_7_12576_491.png,серебромъ,серебромъ
images_group_7_12576_492.png,11.131 р.,11.131 р.
images_group_7_12576_493.png,49 1/7,49 1/7
images_group_7_12576_494.png,К.,К.
images_group_7_12576_495.png,Даходъ,Доходъ
images_group_7_12576_496.png,въ,въ
images_group_7_12576_497.png,1840,1840
images_group_7_12576_498.png,году,году
images_group_7_12576_499.png,въ,въ
images_group_7_12576_500.png,сравне-,сравне-
images_group_7_12576_501.png,нін,ніи
images_group_7_12576_502.png,съ,съ
images_group_7_12576_503.png,доходомъ,доходомъ
images_group_7_12576_504.png,предшествовавшаго,предшествовавшаго
images_group_7_12576_505.png,1839,1839
images_group_7_12576_506.png,года,года
images_group_7_12576_507.png,увѣличился,увѣличился
images_group_7_12576_508.png,За,За
images_group_7_12576_509.png,поступле-,поступле-
images_group_7_12576_510.png,ніемъ,ніемъ
images_group_7_12576_511.png,всѣхъ,всѣхъ
images_group_7_12576_512.png,процентовъ,процентовъ
images_group_7_12576_513.png,на,на
images_group_7_12576_514.png,собствен-,собствен-
images_group_7_12576_515.png,ный,ный
images_group_7_12576_516.png,капиталъ.,капиталъ.
images_group_7_12582_1136.png,для,для
images_group_7_12582_1137.png,"Красноярскаго,","Красноярскаго,"
images_group_7_12582_1138.png,Ачин-,Ачин-
images_group_7_12582_1139.png,скаго,скаго
images_group_7_12582_1140.png,округовъ,округовъ
images_group_7_12582_1141.png,и,и
images_group_7_12582_1142.png,Лѣкарскихъ,лѣкарскихъ
images_group_7_12582_1143.png,учениковъ,учениковъ
images_group_7_12582_1144.png,4.,4.
images_group_7_12582_1145.png,въ,въ
images_group_7_12582_1146.png,Красноярскѣ,Красноярскѣ
images_group_7_12582_1147.png,одного,одного
images_group_7_12582_1148.png,младшаго,младшаго
images_group_7_12582_1149.png,Городе,Города
images_group_7_12582_1150.png,"ваго,","ваго,"
images_group_7_12582_1151.png,въ,въ
images_group_7_12582_1152.png,Енисейскѣ,Енисейскѣ
images_group_7_12582_1153.png,двухъ,двухъ
images_group_7_12582_1154.png,младшихъ,младшихъ
images_group_7_12582_1155.png,Городе,Города
images_group_7_12582_1156.png,ваго,ваго
images_group_7_12582_1157.png,и,и
images_group_7_12582_1158.png,окружнаго,окружнаго
images_group_7_12582_1159.png,и,И
images_group_7_12582_1160.png,Минусинскѣ,Минусинскѣ
images_group_7_12582_1161.png,одного,одного
images_group_7_12582_1162.png,старшаго,старшаго
images_group_7_12582_1163.png,Городоваго.,Городоваго.
images_group_7_12582_1164.png,0),с)
images_group_7_12582_1165.png,Сколько,Сколько
images_group_7_12582_1166.png,Вольно-,Вольно-
images_group_7_12582_1167.png,"три,","Три,"
images_group_7_12582_1168.png,которые,которые
images_group_7_12582_1169.png,живутъ,живутъ
images_group_7_12582_1170.png,въ Губернскомъ,въ Губернскомъ
images_group_7_12582_1171.png,прахтихурощихъ Вра-,практикующихъ Вра-
images_group_7_12582_1172.png,городѣ,городѣ
images_group_7_12582_1173.png,Красноярскѣ,Красноярскѣ
images_group_7_12582_1174.png,только,только
images_group_7_12582_1175.png,зимою;,зимою;
images_group_7_12582_1176.png,Лѣ-,лѣ-
images_group_7_12582_1177.png,чей,чей.
images_group_7_12582_1178.png,томъ,томъ
images_group_7_12582_1179.png,же,же
images_group_7_12582_1180.png,имѣютъ,имѣютъ
images_group_7_12582_1181.png,пребываніе,пребываніе
images_group_7_12582_1182.png,въ,въ
images_group_7_12582_1183.png,округахъ,округахъ
images_group_7_12582_1184.png,У,у
images_group_7_12582_1185.png,"у золотопромышленниковъ,","у золотопромышленниковъ,"
images_group_7_12582_1186.png,получая,получая
images_group_7_12582_1187.png,отъ,отъ
images_group_7_12582_1188.png,нихъ,нихъ
images_group_7_12582_1189.png,себѣ,себѣ
images_group_7_12582_1190.png,содержаніе,содержаніе
images_group_7_12582_1191.png,и,И
images_group_7_12582_1192.png,пользуя,пользуя
images_group_7_12582_1193.png,зато,за то
images_group_7_12582_1194.png,собственно,собственно
images_group_7_12582_1195.png,ихъ,ихъ
images_group_7_12582_1196.png,"и рабочихъ,","и рабочихъ,"
images_group_7_12582_1197.png,къ добыванію,къ добыванію
images_group_7_12582_1198.png,золота,золота
images_group_7_12582_1199.png,ими,ими
images_group_7_12582_1200.png,употребляемыхъ.,употребляемыхъ.
images_group_7_12582_1201.png,2.,2.
images_group_7_12582_1202.png,Объ,Объ
images_group_7_12582_1203.png,оспопрививаніи,оспопрививаніи.
images_group_7_12582_1204.png,Вѣдомость,Вѣдомость
images_group_7_12582_1205.png,числѣ,числѣ
images_group_7_12582_1206.png,"дѣтей,","дѣтей,"
images_group_7_12582_1207.png,хоимъ,хоимъ
images_group_7_12582_1208.png,привита,привита
images_group_7_12582_1209.png,предохранительная,предохранительная
images_group_7_12582_1210.png,оспа,оспа
images_group_7_12582_1211.png,по,по
images_group_7_12582_1212.png,Енисейской,Енисейской
images_group_7_12582_1213.png,Губерніи,Губерніи
images_group_7_12582_1214.png,въ,въ
images_group_7_12582_1215.png,теченіи,теченіи
images_group_7_12582_1216.png,1840.,1840.
images_group_7_12582_1217.png,года.,года.
images_group_7_12582_1218.png,Въ теченіи,Въ теченіи
images_group_7_12582_1219.png,приви-,приви-
images_group_7_12582_1220.png,Совершен,Совершен
images_group_7_12582_1221.png,не,не
images_group_7_12582_1222.png,при,при
images_group_7_12582_1223.png,осталось,осталось 
images_group_7_12582_1224.png,1840,1840
images_group_7_12582_1225.png,года было,года было
images_group_7_12582_1226.png,"младенцовъ,","младенцовъ,"
images_group_7_12582_1227.png,та,та
images_group_7_12582_1228.png,пре-,пре-
images_group_7_12582_1229.png,же,не
images_group_7_12582_1230.png,приви.,приви.
images_group_7_12582_1231.png,Званіе,Званіе
images_group_7_12582_1232.png,городовъ,городовъ
images_group_7_12582_1233.png,и,и
images_group_7_12582_1234.png,округовъ.,округовъ.
images_group_7_12582_1235.png,тавшихся,тавшихся
images_group_7_12582_1237.png,1839,1839
images_group_7_12582_1238.png,года и пос,года и пос
images_group_7_12582_1239.png,дохрани-,дохрани-
images_group_7_12582_1240.png,но,но
images_group_7_12582_1241.png,при-,при-
images_group_7_12582_1242.png,нялась.,нялась.
images_group_7_12582_1243.png,тыхъ,твихъ
images_group_7_12582_1244.png,къ,къ
images_group_7_12582_1245.png,лѣ,иѣ
images_group_7_12582_1246.png,народивших,народивших
images_group_7_12582_1247.png,тельная,тельная
images_group_7_12582_1248.png,1.,1.
images_group_7_12582_1249.png,января,января
images_group_7_12582_1250.png,"ся, на","ся, на"
images_group_7_12582_1251.png,коихъ не,коихъ не
images_group_7_12582_1252.png,было,было
images_group_7_12582_1253.png,оспы.,оспы.
images_group_7_12582_1254.png,оспа-,оспа.
images_group_7_12582_1255.png,нялась.,нялась.
images_group_7_12582_1256.png,1844 года.,1841 года.
images_group_7_12582_1257.png,Красноярску,Красноярску
images_group_7_12582_1258.png,и,и
images_group_7_12582_1259.png,его,его
images_group_7_12582_1260.png,округу,округу
images_group_7_12582_1261.png,1592,"1,592."
images_group_7_12582_1262.png,"1,114.","1,114."
images_group_7_12582_1263.png,1114.,1114.
images_group_7_12582_1264.png,478.,478.
images_group_7_12582_1265.png,Енисейску,Енисейску
images_group_7_12582_1266.png,и,и
images_group_7_12582_1267.png,его,его
images_group_7_12582_1268.png,округу.,округу.
images_group_7_12582_1269.png,2551.,2551.
images_group_7_12582_1270.png,1234.,1234.
images_group_7_12582_1271.png,1234.,1234
images_group_7_12582_1272.png,1317.,1317
images_group_7_12582_1273.png,Ачинску,Ачинску
images_group_7_12582_1274.png,и,и
images_group_7_12582_1275.png,его,его
images_group_7_12582_1276.png,округу,округу
images_group_7_12582_1277.png,1265.,1265.
images_group_7_12582_1278.png,818,818.
images_group_7_12582_1279.png,733,733.
images_group_7_12582_1280.png,85.,85.
images_group_7_12582_1281.png,532,532.
images_group_7_12582_1282.png,Канску,Канску
images_group_7_12582_1283.png,и,и
images_group_7_12582_1284.png,его,его
images_group_7_12582_1285.png,округу.,округу.
images_group_7_12582_1286.png,3131,3131.
images_group_7_12582_1287.png,1617,1617
images_group_7_12582_1288.png,1601.,1601.
images_group_7_12582_1289.png,16.,16.
images_group_7_12582_1290.png,1530.,1530.
images_group_7_12582_1291.png,Минусинску и,Минусинскѣ
images_group_7_12582_1292.png,его,его
images_group_7_12582_1293.png,округу.,округу.
images_group_7_12582_1294.png,2284,2284
images_group_7_12582_1295.png,2077.,2077
images_group_7_12582_1296.png,1954.,1954.
images_group_7_12582_1297.png,123.,123.
images_group_7_12582_1298.png,330.,330.
images_group_7_12582_1299.png,По,По
images_group_7_12582_1300.png,Туруханско,Туруханскъ
images_group_7_12582_1301.png,му,му
images_group_7_12582_1302.png,отдѣленію.,отдѣленію.
images_group_7_12582_1303.png,75.,75.
images_group_7_12582_1304.png,75.,75.
images_group_7_12582_1305.png,65.,65.
images_group_7_12582_1306.png,10.,10.
images_group_7_12582_1307.png,10.,10.
images_group_7_12582_1308.png,И,И
images_group_7_12582_1309.png,того,того
images_group_7_12582_1310.png,по,по
images_group_7_12582_1311.png,всей,всей-
images_group_7_12582_1312.png,Губерніи,Губерніи
images_group_7_12582_1313.png,"10,898","10,898."
images_group_7_12582_1314.png,6935.,"6,935."
images_group_7_12582_1315.png,6701.,6701.
images_group_7_12582_1316.png,234,234.
images_group_7_12582_1317.png,4197.,4197
images_group_7_12582_1318.png,примѣчаніе:,примѣчаніе:
images_group_7_12582_1319.png,свѣдѣній,свѣдѣній
images_group_7_12582_1320.png,объ,объ
images_group_7_12582_1321.png,оспопрививаніи,оспопрививаніи
images_group_7_12582_1322.png,по,по
images_group_7_12582_1323.png,Ачинскому,Ачинскому
images_group_7_12582_1324.png,"округу,","округу,"
images_group_7_12582_1325.png,За,за
images_group_7_12582_1326.png,2,2.
images_group_7_12582_1327.png,половину,половину
images_group_7_12582_1328.png,1840.,1840.
images_group_7_12582_1329.png,года,года
images_group_7_12582_1330.png,не,не
images_group_7_12582_1331.png,доставлено,доставлено.
images_group_7_12596_2798.png,738,738
images_group_7_12596_2799.png,Ягнятъ,Ягнятъ
images_group_7_12596_2800.png,Собственнаго,Собственнаго
images_group_7_12596_2801.png,заведенія у,заведенія у
images_group_7_12596_2802.png,посе,посе
images_group_7_12596_2803.png,ленцевъ,ленцевъ
images_group_7_12596_2804.png,имѣется:,имѣется:
images_group_7_12596_2805.png,887,887
images_group_7_12596_2806.png,Лошадей,Лошадей
images_group_7_12596_2807.png,Жеребятъ,Жеребятъ
images_group_7_12596_2808.png,302.,302.
images_group_7_12596_2809.png,Коровъ,Коровъ
images_group_7_12596_2810.png,469,469
images_group_7_12596_2811.png,Телятъ,Телятъ
images_group_7_12596_2812.png,450.,450
images_group_7_12596_2813.png,875,875
images_group_7_12596_2814.png,Овецъ,Овецъ
images_group_7_12596_2815.png,400.,400.
images_group_7_12596_2816.png,Ягнятъ,Ягнятъ
images_group_7_12596_2817.png,277,277
images_group_7_12596_2818.png,Свиней,Свиней
images_group_7_12596_2819.png,3.,3.
images_group_7_12596_2820.png,Гусей,Гусей
images_group_7_12596_2821.png,46,46.
images_group_7_12596_2822.png,Утокъ,Утокъ
images_group_7_12596_2823.png,6930,6930
images_group_7_12596_2824.png,Куръ,Куръ
images_group_7_12596_2825.png,Людей,Людей
images_group_7_12596_2826.png,предположено,предположено
images_group_7_12596_2827.png,водворить,водворить
images_group_7_12596_2828.png,въ тѣхъ,въ тѣхъ
images_group_7_12596_2829.png,пяти,пяти
images_group_7_12596_2830.png,деревняхъ,деревняхъ
images_group_7_12596_2831.png,Мужескаго,Мужескаго
images_group_7_12596_2832.png,пола,пола
images_group_7_12596_2833.png,"1,268","1,268."
images_group_7_12596_2834.png,душъ,душѣ.
images_group_7_12596_2835.png,35.,35.
images_group_7_12596_2836.png,Жен,Жен
images_group_7_12596_2837.png,скаго,нскаго
images_group_7_12596_2838.png,Въ,Въ
images_group_7_12596_2839.png,сіе,сіе
images_group_7_12596_2840.png,число,число
images_group_7_12596_2841.png,водворено:,водворено:
images_group_7_12596_2842.png,Мужчинъ,Мужчинъ
images_group_7_12596_2843.png,"1,244.","1,244"
images_group_7_12596_2844.png,Женьщинъ,Женьщинъ
images_group_7_12596_2845.png,939.,939.
images_group_7_12596_2846.png,У нихъ,У нихъ
images_group_7_12596_2847.png,находится,находится
images_group_7_12596_2848.png,дѣтей,дѣтей:
images_group_7_12596_2849.png,Мужескаго,Мужескаго
images_group_7_12596_2850.png,пола,пола
images_group_7_12596_2851.png,347,347
images_group_7_12596_2852.png,Женскаго,Женскаго
images_group_7_12596_2853.png,319.,319.
images_group_7_12596_2854.png,За,За
images_group_7_12596_2855.png,тѣмъ,тѣмъ
images_group_7_12596_2856.png,недостастъ,недостаетъ
images_group_7_12596_2857.png,до,до
images_group_7_12596_2858.png,ком,ком
images_group_7_12596_2859.png,плекта,плекта
images_group_7_12596_2860.png,мужчинъ,мужчинъ
images_group_7_12596_2861.png,24.,24.
images_group_7_12596_2862.png,Къ,Къ
images_group_7_12596_2863.png,пополненію,пополненію
images_group_7_12596_2864.png,комплек,комплек
images_group_7_12596_2865.png,та,та
images_group_7_12596_2866.png,сихъ,сихъ
images_group_7_12596_2867.png,"людей,","людей,"
images_group_7_12596_2868.png,сдѣлано,сдѣлано
images_group_7_12596_2869.png,рас,рас
images_group_7_12596_2870.png,поряженіе.,поряженіе.
images_group_7_12603_3640.png,47,47
images_group_7_12603_3641.png,Моркови,Моркови
images_group_7_12603_3642.png,127.,127.
images_group_7_12603_3643.png,Рѣдьки,Рѣдьки
images_group_7_12603_3644.png,272,272
images_group_7_12603_3645.png,Рѣпы,Рѣпы
images_group_7_12603_3646.png,937.,937.
images_group_7_12603_3647.png,Брюквы,Брюквы
images_group_7_12603_3648.png,650.,650.
images_group_7_12603_3649.png,290.,290.
images_group_7_12603_3650.png,Гороху,Гороху
images_group_7_12603_3651.png,Луку,Луку
images_group_7_12603_3652.png,60.,60.
images_group_7_12603_3653.png,Распахано,Распахано
images_group_7_12603_3654.png,земли,земли
images_group_7_12603_3655.png,въ,въ
images_group_7_12603_3656.png,1840,1840.
images_group_7_12603_3657.png,году,году
images_group_7_12603_3658.png,подъ,подъ
images_group_7_12603_3659.png,озимовой,озимовой
images_group_7_12603_3660.png,посѣвъ,посѣвъ
images_group_7_12603_3661.png,242 дес.,242 дес.
images_group_7_12603_3662.png,На ней,На ней
images_group_7_12603_3663.png,посѣяно,посѣян
images_group_7_12603_3664.png,казенной,казенной
images_group_7_12603_3665.png,И,и
images_group_7_12603_3666.png,собственной,собственной
images_group_7_12603_3667.png,поселенцевъ,поселенцевъ
images_group_7_12603_3668.png,ози-,ози-
images_group_7_12603_3669.png,ми,ми
images_group_7_12603_3670.png,къ,къ
images_group_7_12603_3671.png,1841,1841
images_group_7_12603_3672.png,году,году
images_group_7_12603_3673.png,2415,"2,415."
images_group_7_12603_3674.png,пуд.,пуд.
images_group_7_12603_3675.png,Приготовлено,Приготовлено
images_group_7_12603_3676.png,залогукъ,залогу къ
images_group_7_12603_3677.png,1841.,1841
images_group_7_12603_3678.png,году,году
images_group_7_12603_3679.png,61,61
images_group_7_12603_3680.png,десят.,десят.
images_group_7_12603_3681.png,Домашняго,Домашняго
images_group_7_12603_3682.png,скота на,скота на
images_group_7_12603_3683.png,эти,эти
images_group_7_12603_3684.png,назначено,назначено
images_group_7_12603_3685.png,и от-,и от-
images_group_7_12603_3686.png,пущено,пущено
images_group_7_12603_3687.png,отъ,отъ
images_group_7_12603_3688.png,казны.,казны.
images_group_7_12603_3689.png,246,246.
images_group_7_12603_3690.png,Лошадей,Лошадей
images_group_7_12603_3691.png,164.,164.
images_group_7_12603_3692.png,Коровъ,Коровъ
images_group_7_12603_3693.png,246,246
images_group_7_12603_3694.png,Овецъ,Овецъ
images_group_7_12603_3695.png,Отъ,Отъ
images_group_7_12603_3696.png,нихъ,нихъ
images_group_7_12603_3697.png,приплду,приплоду:
images_group_7_12603_3698.png,Жеребятъ,Жеребятъ
images_group_7_12603_3699.png,68,68
images_group_7_12603_3700.png,127.,127.
images_group_7_12603_3701.png,Телятъ,Телятъ
images_group_7_12603_3702.png,Ягнятъ,Ягнятъ
images_group_7_12603_3703.png,223.,223.
images_group_7_12603_3704.png,Поселенцы,Поселенцы
images_group_7_12603_3705.png,имѣютъ,имеютъ
images_group_7_12603_3706.png,собст,собст
images_group_7_12603_3707.png,веннаго,веннаго
images_group_7_12603_3708.png,заведенія:,заведенія:
images_group_7_12603_3709.png,Логиадей,Лошадей
images_group_7_12603_3710.png,214.,214.
images_group_7_12603_3711.png,Жеребятъ,Жеребятъ
images_group_7_12603_3712.png,72.,72.
images_group_7_12603_3713.png,Коровъ,Коровъ
images_group_7_12603_3714.png,113.,113.
images_group_7_12603_3715.png,"Начальник,",Начальник
images_group_7_12606_3886.png,163 п.,163 п.
images_group_7_12606_3887.png,20 ф.,20 ф.
images_group_7_12606_3888.png,Сѣмени,Сѣмени
images_group_7_12606_3889.png,Льнянаго,Льнянаго
images_group_7_12606_3890.png,101.,101.
images_group_7_12606_3891.png,Родилось,Родилось
images_group_7_12606_3892.png,въ,въ
images_group_7_12606_3893.png,1840,1840
images_group_7_12606_3894.png,году:,году:
images_group_7_12606_3895.png,Коноплянаго,Коноплянаго
images_group_7_12606_3896.png,564 пуд.,564 пуд.
images_group_7_12606_3897.png,Льнянаго,Льнянаго
images_group_7_12606_3898.png,332,332
images_group_7_12606_3899.png,Накошено,Накошено
images_group_7_12606_3900.png,ипостав-,и постав-
images_group_7_12606_3901.png,лено,лено
images_group_7_12606_3902.png,сѣна,сѣна
images_group_7_12606_3903.png,"242,000 пуд.","242,000 пуд."
images_group_7_12606_3904.png,Посажено,Посажено
images_group_7_12606_3905.png,иснято,иснято
images_group_7_12606_3906.png,въ,въ
images_group_7_12606_3907.png,1840 го-,1840 го-
images_group_7_12606_3908.png,ду,ду
images_group_7_12606_3909.png,огородныхъ,огородныхъ
images_group_7_12606_3910.png,овощей:,овощей:
images_group_7_12606_3911.png,Картофелю,Картофелю
images_group_7_12606_3912.png,1665,"1,665"
images_group_7_12606_3913.png,срядъ,ерядъ
images_group_7_12606_3914.png,Капусты,Капусты
images_group_7_12606_3915.png,1289,1289.
images_group_7_12606_3916.png,Свеклы,Свеклы
images_group_7_12606_3917.png,612.,612.
images_group_7_12606_3918.png,Бобовъ,Бобовъ
images_group_7_12606_3919.png,78,78
images_group_7_12606_3920.png,Осурцовъ,Огурцовъ
images_group_7_12606_3921.png,93.,93.
images_group_7_12606_3922.png,6,6
images_group_7_12606_3923.png,16.,16.
images_group_7_12606_3924.png,Моркови,Моркови
images_group_7_12606_3925.png,758,758
images_group_7_12606_3926.png,Рѣдьки,Рѣдьки
images_group_7_12606_3927.png,Рѣпы,Рѣпы
images_group_7_12606_3928.png,1,1
images_group_7_12606_3929.png,244,244.
images_group_7_12606_3930.png,455.,455.
images_group_7_12606_3931.png,Брюквы,Брюквы
images_group_7_12606_3932.png,47.,47.
images_group_7_12606_3933.png,Гороху,Гороху
images_group_7_12606_3934.png,Луку,Луку
images_group_7_12606_3935.png,354.,354.
images_group_7_12606_3936.png,Распахано,Распахано
images_group_7_12606_3937.png,земли,земли
images_group_7_12606_3938.png,въ,въ
images_group_7_12606_3939.png,1840,1840
images_group_7_12606_3940.png,ду,ду
images_group_7_12606_3941.png,подъ,подъ
images_group_7_12606_3942.png,озимовой,озимовой
images_group_7_12606_3943.png,посѣвъ,посѣвъ
images_group_7_12606_3944.png,607,607
images_group_7_12606_3945.png,десят.,десят.
images_group_7_12606_3946.png,На,На
images_group_7_12606_3947.png,ней,ней
images_group_7_12606_3948.png,посѣяно,посѣяно
images_group_7_12606_3949.png,казенной,казенной
images_group_7_12606_3950.png,исобственной,исобственной
images_group_7_12606_3951.png,поселенцевъ,поселенцевъ
images_group_7_12606_3952.png,ози,ози
images_group_7_12606_3953.png,ми,ми
images_group_7_12606_3954.png,къ,къ
images_group_7_12606_3955.png,1841,1841
images_group_7_12606_3956.png,году,году
images_group_7_12606_3957.png,"4,700 пуд.","4,700 пуд."
images_group_7_12606_3958.png,Приготовлено,Приготовлено
images_group_7_12606_3959.png,залогу,залогу
images_group_7_12606_3960.png,къ,къ
images_group_7_12606_3961.png,1841 году,1841 году
images_group_7_12606_3962.png,33,33
images_group_7_12606_3963.png,десят.,десят.
images_group_7_12607_3964.png,Домашняго,Домашняго
images_group_7_12607_3965.png,скота.,скота.
images_group_7_12607_3966.png,наэти,наоти
images_group_7_12607_3967.png,49,49
images_group_7_12607_3968.png,два поселенія,два поселенія
images_group_7_12607_3969.png,положено,положено
images_group_7_12607_3970.png,и,и
images_group_7_12607_3971.png,от-,от-
images_group_7_12607_3972.png,пущено,пущено
images_group_7_12607_3973.png,отъ,отъ
images_group_7_12607_3974.png,казны:,казны:
images_group_7_12607_3975.png,Лошадей,Лошадей
images_group_7_12607_3976.png,492,492
images_group_7_12607_3977.png,Коровъ,Коровъ
images_group_7_12607_3978.png,328,328
images_group_7_12607_3979.png,Овецъ,Овецъ
images_group_7_12607_3980.png,492,492.
images_group_7_12607_3981.png,Отъ нихъ,Отъ нихъ
images_group_7_12607_3982.png,приплоду:,приплоду:
images_group_7_12607_3983.png,Жеребятъ,Жеребятъ
images_group_7_12607_3984.png,14.,49.
images_group_7_12607_3985.png,Телятъ,Телятъ
images_group_7_12607_3986.png,156,156
images_group_7_12607_3987.png,Ягнятъ,Ягнятъ
images_group_7_12607_3988.png,35.,35.
images_group_7_12607_3989.png,Поселенцы имѣютъ,Поселенцы имѣютъ
images_group_7_12607_3990.png,собст-,собст-
images_group_7_12607_3991.png,веннаго,веннаго
images_group_7_12607_3992.png,заведенія:,заведенія:
images_group_7_12607_3993.png,Лошадей,Лошадей
images_group_7_12607_3994.png,586.,586.
images_group_7_12607_3995.png,Жеребятъ,Жеребятъ
images_group_7_12607_3996.png,77.,77.
images_group_7_12607_3997.png,Коровъ,Коровъ
images_group_7_12607_3998.png,429.,429.
images_group_7_12607_3999.png,Телятъ,Телятъ
images_group_7_12607_4000.png,174.,174.
images_group_7_12607_4001.png,Овецъ,Овецъ
images_group_7_12607_4002.png,111.,111.
images_group_7_12607_4003.png,Ягнятъ,Ягнятъ
images_group_7_12607_4004.png,27.,27.
images_group_7_12607_4005.png,Свиней,Свиней
images_group_7_12607_4006.png,69.,69.
images_group_7_12607_4007.png,Куръ,Куръ
images_group_7_12607_4008.png,1593,"1,593."
images_group_7_12607_4009.png,Людей,Людей
images_group_7_12607_4010.png,предположено,предположено
images_group_7_12607_4011.png,водворить,водворить
images_group_7_12607_4012.png,въ,въ
images_group_7_12607_4013.png,сихъ,сихъ
images_group_7_12607_4014.png,двухъ,двухъ
images_group_7_12607_4015.png,деревняхъ,деревняхъ.
images_group_7_12607_4016.png,Мужескаго,Мужескаго
images_group_7_12607_4017.png,пола,пола
images_group_7_12607_4018.png,656.,656.
images_group_7_12607_4019.png,Женскаго,Женскаго
images_group_7_12607_4020.png,14.,14.
images_group_7_12607_4021.png,Въ,Въ
images_group_7_12607_4022.png,то число,то число
images_group_7_12607_4023.png,водворено:,водворено.
images_group_7_12607_4024.png,Мужескаго,Мужескаго
images_group_7_12607_4025.png,583.,583.
images_group_7_12607_4026.png,520.,520.
images_group_7_12607_4027.png,Женскаго,Женскаго
images_group_7_12607_4028.png,У нихъ,У нихъ
images_group_7_12607_4029.png,состоитъ,состоитъ
images_group_7_12607_4030.png,дѣтей:,дѣтей:
images_group_7_12607_4031.png,Надворня,Надворный
images_group_7_1261_4207.png,92.,92.
images_group_7_1261_4208.png,Николай,Николай
images_group_7_1261_4209.png,Яковлевъ,Яковлевъ
images_group_7_1261_4210.png,въ,въ
images_group_7_1261_4211.png,д.,д.
images_group_7_1261_4212.png,Емель,Емель-
images_group_7_1261_4213.png,101.,101.
images_group_7_1261_4214.png,Зиновей,Зиновей
images_group_7_1261_4215.png,Григорьевъ,Григорьевъ
images_group_7_1261_4216.png,въ,въ
images_group_7_1261_4217.png,с.,с.
images_group_7_1261_4218.png,Есауль,Есауль
images_group_7_1261_4219.png,Сапожнымъ,Сапожнымъ
images_group_7_1261_4220.png,мастер-,мастер-
images_group_7_1261_4221.png,95,95
images_group_7_1261_4222.png,Орѣшниковъ.,Орѣшниковъ.
images_group_7_1261_4223.png,яновой.,яновой.
images_group_7_1261_4224.png,Хлѣбопаше-,Хлѣбопаше
images_group_7_1261_4225.png,Проскурдинъ.,Проскурдинъ.
images_group_7_1261_4226.png,скомъ.,скомъ.
images_group_7_1261_4227.png,ствомъ.,ствомъ.
images_group_7_1261_4228.png,93.,93.
images_group_7_1261_4229.png,Федоръ,Федоръ
images_group_7_1261_4230.png,Яковлевъ,Яковлевъ
images_group_7_1261_4231.png,въ,въ
images_group_7_1261_4232.png,д.,д.
images_group_7_1261_4233.png,Емель,Емель
images_group_7_1261_4234.png,102,102
images_group_7_1261_4235.png,Алексѣй,Алексѣй
images_group_7_1261_4236.png,Прокопьевъ,Прокопьевъ
images_group_7_1261_4237.png,въ,въ
images_group_7_1261_4238.png,д.,д.
images_group_7_1261_4239.png,Киндя,Киндя
images_group_7_1261_4240.png,Кругловъ,Кругловъ.
images_group_7_1261_4241.png,яновой.,яновой.
images_group_7_1261_4242.png,Переваловъ.,Переваловъ.
images_group_7_1261_4243.png,ковой.,ковой.
images_group_7_1261_4244.png,Хлѣбопаше-,Хлѣбопаше-
images_group_7_1261_4245.png,94.,94.
images_group_7_1261_4246.png,Иванъ,Иванъ
images_group_7_1261_4247.png,Афанасьевъ,Афанасьевъ
images_group_7_1261_4248.png,въ,въ
images_group_7_1261_4249.png,Минин,Минин
images_group_7_1261_4250.png,ствомъ.,ствомъ
images_group_7_1261_4251.png,103.,103.
images_group_7_1261_4252.png,Афанасій,Афанасій
images_group_7_1261_4253.png,Василь-,Василь-
images_group_7_1261_4254.png,въ,въ
images_group_7_1261_4255.png,д.,д.
images_group_7_1261_4256.png,Зале-,Зале-
images_group_7_1261_4257.png,Юшковъ.,Юшковъ.
images_group_7_1261_4258.png,ской,ской
images_group_7_1261_4259.png,станицѣ,станицѣ
images_group_7_1261_4260.png,евъ,евъ
images_group_7_1261_4261.png,Широковъ.,Широковъ.
images_group_7_1261_4262.png,дѣевой,дѣевой
images_group_7_1261_4263.png,95.,95.
images_group_7_1261_4264.png,Прокопій,Прокопій
images_group_7_1261_4265.png,Ермола,Ермола
images_group_7_1261_4266.png,въ,въ
images_group_7_1261_4267.png,с.,с.
images_group_7_1261_4268.png,Бараба,Бараба
images_group_7_1261_4269.png,крестьянскими,крестьянскими
images_group_7_1261_4270.png,работа,работа
images_group_7_1261_4271.png,104.,104.
images_group_7_1261_4272.png,Егоръ,Егоръ
images_group_7_1261_4273.png,У,у
images_group_7_1261_4274.png,Сикитинъ,викитинъ
images_group_7_1261_4275.png,въ с.,въ с.
images_group_7_1261_4276.png,Шилин,Шилин
images_group_7_1261_4277.png,евъ,евъ
images_group_7_1261_4278.png,Зубрицкій.,Зубрицкій.
images_group_7_1261_4279.png,новскомъ.,новскомъ.
images_group_7_1261_4280.png,ми.,ми.
images_group_7_1261_4281.png,Баранцевъ,Баранцевъ.
images_group_7_1261_4282.png,скомъ.,.скомъ.
images_group_7_1261_4283.png,96.,96.
images_group_7_1261_4284.png,Артемій,Артемій
images_group_7_1261_4285.png,Григорь-,Григорь-
images_group_7_1261_4286.png,въ с.,въ с.
images_group_7_1261_4287.png,Миндир-,Миндир-
images_group_7_1261_4288.png,Хлѣбопашествомъ.,Хлѣбопашествомъ.
images_group_7_1261_4289.png,105.,105.
images_group_7_1261_4290.png,Дорофей,Дорофей
images_group_7_1261_4291.png,Василь-,Василь-
images_group_7_1261_4292.png,въ с.,въ с.
images_group_7_1261_4293.png,Верхъ-,Верхъ-
images_group_7_1261_4294.png,евъ,евъ
images_group_7_1261_4295.png,Девятыхъ.,Девятыхъ.
images_group_7_1261_4296.png,линскомъ.,линскомъ.
images_group_7_1261_4297.png,евъ,евъ
images_group_7_1261_4298.png,Мартыновъ.,Мартыновъ.
images_group_7_1261_4299.png,Ботойскомъ.,Ботойскомъ.
images_group_7_1261_4300.png,No,No
images_group_7_1261_4301.png,9.,9.
images_group_7_1261_4302.png,106.,106.
images_group_7_1261_4303.png,Степанъ,Степанъ
images_group_7_1261_4304.png,Сидоровъ,Сидоровъ
images_group_7_1261_4305.png,въ с.,въ с.
images_group_7_1261_4306.png,Атама,Атама
images_group_7_1261_4307.png,унтеръ,унтеръ
images_group_7_1261_4308.png,офицеры,офицеры
images_group_7_1261_4309.png,Мокинъ.,Мокинъ.
images_group_7_1261_4310.png,новскомъ.,новскомъ.
images_group_7_1261_4311.png,ствомъ.,ствомъ.
images_group_7_1261_4312.png,97.,97.
images_group_7_1261_4313.png,Сергѣй,Сергѣй
images_group_7_1261_4314.png,Лаврентьевъ,Лаврентьевъ
images_group_7_1261_4315.png,въ,въ
images_group_7_1261_4316.png,д.,д.
images_group_7_1261_4317.png,Больше,Больше
images_group_7_1261_4318.png,крестьянскими,крестьянскими
images_group_7_1261_4319.png,107.,107.
images_group_7_1261_4320.png,Сафронъ,Сафронъ
images_group_7_1261_4321.png,Петровъ,Петровъ
images_group_7_1261_4322.png,въ,въ
images_group_7_1261_4323.png,д.,д.
images_group_7_1261_4324.png,Толсто-,Толсто-
images_group_7_1261_4325.png,Забродинъ.,Забродинъ.
images_group_7_1261_4326.png,бузимской,бузимской
images_group_7_1261_4327.png,Убіенныхъ.,Убіенныхъ.
images_group_7_1261_4328.png,мыской.,мыской.
images_group_7_1261_4329.png,Крестьянскими,Крестьянскими
images_group_7_1261_4330.png,98.,98.
images_group_7_1261_4331.png,Капитонъ,Капитонъ
images_group_7_1261_4332.png,Архи-,Архи-
images_group_7_1261_4333.png,въ,въ
images_group_7_1261_4334.png,Юксѣев,Юксѣев-
images_group_7_1261_4335.png,108.,108.
images_group_7_1261_4336.png,Михаилъ,Михаилъ
images_group_7_1261_4337.png,Павловъ,Павловъ
images_group_7_1261_4338.png,въ,въ
images_group_7_1261_4339.png,с.,с.
images_group_7_1261_4340.png,Гляден,Гляден
images_group_7_1261_4341.png,повъ,повъ
images_group_7_1261_4342.png,Шталкинъ,Шталкинъ
images_group_7_1261_4343.png,скомъ,скомъ
images_group_7_1261_4344.png,Илющенко.,Млющенко.
images_group_7_1261_4345.png,скомъ,скомъ
images_group_7_1261_4346.png,рядовые:,рядовые:
images_group_7_1261_4347.png,No,No
images_group_7_1261_4348.png,10.,10.
images_group_7_1261_4349.png,99,99
images_group_7_1261_4350.png,Леонъ,Леонъ
images_group_7_1261_4351.png,Никитинъ,Никитинъ
images_group_7_1261_4352.png,въ,въ
images_group_7_1261_4353.png,д.,д.
images_group_7_1261_4354.png,Высо-,Высо-
images_group_7_1261_4355.png,унтеръ,унтеръ
images_group_7_1261_4356.png,офицеръ,офицеръ
images_group_7_1261_4357.png,Базаровъ.,Базаровъ
images_group_7_1261_4358.png,тиной,тиной
images_group_7_1261_4359.png,109.,109.
images_group_7_1261_4360.png,Лазарь,Лазарь
images_group_7_1261_4361.png,Никитинъ,Никитинъ
images_group_7_1261_4362.png,въ с.,въ с.
images_group_7_1261_4363.png,часто,часто
images_group_7_1261_4364.png,100.,100.
images_group_7_1261_4365.png,Родіонъ,Родіонъ
images_group_7_1261_4366.png,Васильевъ,Васильевъ
images_group_7_1261_4367.png,въ,въ
images_group_7_1261_4368.png,с.,с.
images_group_7_1261_4369.png,Кекур-,Кекур-
images_group_7_1261_4370.png,Засыпкинъ,Засыпкинъ
images_group_7_1261_4371.png,работами,работами.
images_group_7_1261_4372.png,Козминыхъ,Козминыхъ
images_group_7_1261_4373.png,скомъ,скомъ
images_group_7_1261_4374.png,работами.,работами.
images_group_7_1261_4375.png,рядовые.,рядовые.
images_group_7_12620_5372.png,принятыхъ,принятыхъ
images_group_7_12620_5373.png,спо-,спо-
images_group_7_12620_5374.png,собахъ,собахъ
images_group_7_12620_5375.png,лучшаго,лучшаго
images_group_7_12620_5376.png,ихъ,ихъ
images_group_7_12620_5377.png,содержанія.,содержанія.
images_group_7_12620_5378.png,"Н., Опредположе-",Н.) О предположе-
images_group_7_12620_5379.png,Никакихъ,Никакихъ
images_group_7_12620_5380.png,предположе,предположе
images_group_7_12620_5381.png,ніяхъ,ніяхъ
images_group_7_12620_5382.png,на,на
images_group_7_12620_5383.png,насту-,насту-
images_group_7_12620_5384.png,ній,ній
images_group_7_12620_5385.png,по,по
images_group_7_12620_5386.png,этой,этой
images_group_7_12620_5387.png,статьѣ,статьѣ
images_group_7_12620_5388.png,въ,въ
images_group_7_12620_5389.png,виду,виду
images_group_7_12620_5390.png,пающій,пающій
images_group_7_12620_5391.png,годъ,годъ
images_group_7_12620_5392.png,къ,къ
images_group_7_12620_5393.png,неимѣлось:,неимѣлось
images_group_7_12620_5394.png,сооруженію.,сооруженію
images_group_7_12620_5395.png,но-,но-
images_group_7_12620_5396.png,выхъ,выхъ
images_group_7_12620_5397.png,и къ,и къ
images_group_7_12620_5398.png,капи-,капи-
images_group_7_12620_5399.png,тальнымъ,тальнымъ
images_group_7_12620_5400.png,ис-,ис-
images_group_7_12620_5401.png,правленіямъ,правленіямъ
images_group_7_12620_5402.png,старыхъ,старыхъ
images_group_7_12620_5403.png,стро-,стро-
images_group_7_12620_5404.png,еній,еній
images_group_7_12620_5405.png,Енисейскій,Енисейскій
images_group_7_12620_5406.png,Гражданскій,Гражданскій
images_group_7_12620_5407.png,Губернаторъ,Губернаторъ
images_group_7_12620_5408.png,Въ с. Копыловъ.,Въ с. Копыловъ.-
images_group_7_12625_5892.png,1,1
images_group_7_12625_5893.png,Табель,Табель
images_group_7_12625_5894.png,народонаселенія,народонаселенія
images_group_7_12625_5895.png,За,За
images_group_7_12625_5896.png,1840,1840
images_group_7_12625_5897.png,годъ.,годъ.
images_group_7_12625_5898.png,Отдѣленіе,Отдѣлениіе
images_group_7_12625_5899.png,первое,первое
images_group_7_12625_5900.png,Красноярской,Красноярской
images_group_7_12625_5901.png,Енисейской.,Енисейской
images_group_7_12625_5902.png,Ачинской,Ачинской.
images_group_7_12625_5903.png,Канской.,Канской.
images_group_7_12625_5904.png,Минусинской,Минусинской
images_group_7_12625_5905.png,"Состоянія,","Состоянія,"
images_group_7_12625_5906.png,невключаемыя,невключаемыя
images_group_7_12625_5907.png,пола.,пола.
images_group_7_12625_5908.png,Женскаго,Женскаго
images_group_7_12625_5909.png,Мужескаго,Мужескаго
images_group_7_12625_5910.png,пола.,пола.
images_group_7_12625_5911.png,Женскаго,Женскаго
images_group_7_12625_5912.png,Мужескаго,Мужескаго
images_group_7_12625_5913.png,пола.,пола.
images_group_7_12625_5914.png,Женскаго,Женская
images_group_7_12625_5915.png,Мужескаго,Мужескаго
images_group_7_12625_5916.png,пола.,пола.
images_group_7_12625_5917.png,Женскаго.,Женскаго.
images_group_7_12625_5918.png,Мужескаго,Мужескаго
images_group_7_12625_5919.png,пола.,пола.
images_group_7_12625_5920.png,Женскаго.,Женскаго.
images_group_7_12625_5921.png,Мужескаго,Мужескаго
images_group_7_12625_5922.png,пола.,пола.
images_group_7_12625_5923.png,Женскаго.,Женскаго.
images_group_7_12625_5924.png,въ,въ
images_group_7_12625_5925.png,ревизію,ревизію
images_group_7_12625_5926.png,1.,1.
images_group_7_12625_5927.png,Духовенство,Духовенство
images_group_7_12625_5928.png,С.,Е.
images_group_7_12625_5929.png,Таможенное,Таможенное
images_group_7_12625_5930.png,Управленіе.,Управленіе.
images_group_7_12625_5931.png,1.,1.
images_group_7_12625_5932.png,Чиновниковъ,Чиновниковъ
images_group_7_12625_5933.png,Ихъ,Ихъ
images_group_7_12625_5934.png,дѣтей,дѣтей
images_group_7_12625_5935.png,2.,2.
images_group_7_12625_5936.png,Нижнихъ,Нижнихъ
images_group_7_12625_5937.png,Ихъ,Ихъ
images_group_7_12625_5938.png,дѣтей,дѣтей
images_group_7_12625_5939.png,456,456
images_group_7_12625_5940.png,184,184
images_group_7_12625_5941.png,109,109
images_group_7_12625_5942.png,92,92
images_group_7_12625_5943.png,53,53
images_group_7_12625_5944.png,61,61
images_group_7_12625_5945.png,53,53
images_group_7_12625_5946.png,55,55
images_group_7_12625_5947.png,43,43
images_group_7_12625_5948.png,740,740
images_group_7_12625_5949.png,425.,425.
images_group_7_12625_5950.png,111.,111.
images_group_7_12625_5951.png,Военное,Военное
images_group_7_12625_5952.png,вѣдомство.,вѣдомство.
images_group_7_12625_5953.png,А,А
images_group_7_12625_5954.png,принадлежащихъ,принадлежащихъ
images_group_7_12625_5955.png,Сибир-,Сибир-
images_group_7_12625_5956.png,скому,скому
images_group_7_12625_5957.png,Отдѣльному,Отдѣльному
images_group_7_12625_5958.png,Кортусу:,Корпусу:
images_group_7_12625_5959.png,1),1.)
images_group_7_12625_5960.png,Въ,Въ
images_group_7_12625_5961.png,Штабѣ,Штабѣ:
images_group_7_12625_5962.png,Ихъ,Ихъ
images_group_7_12625_5963.png,дѣтей,дѣтей
images_group_7_12625_5964.png,Нижнихъ,Нижнихъ
images_group_7_12625_5965.png,чиновъ,чиновъ
images_group_7_12625_5966.png,Ихъ,Ихъ
images_group_7_12625_5967.png,"дѣтей,","дѣтей,"
images_group_7_12625_5968.png,и Кавалеръ,и Коваяръ
images_group_7_12627_6126.png,1.,1.
images_group_7_12627_6127.png,Табель,Табель
images_group_7_12627_6128.png,народонаселенія,народонаселенія
images_group_7_12627_6129.png,За,за
images_group_7_12627_6130.png,1840,1840
images_group_7_12627_6131.png,годъ.,годъ.
images_group_7_12627_6132.png,Отдѣленіе,Отдѣленіе
images_group_7_12627_6133.png,первое,первое
images_group_7_12627_6134.png,Красноярской,Красноярской
images_group_7_12627_6135.png,Енисейской.,Енисейской.
images_group_7_12627_6136.png,Ачинской.,Ачинской.
images_group_7_12627_6137.png,Канской.,Канской.
images_group_7_12627_6138.png,Минусинской,Минусинской
images_group_7_12627_6139.png,"Состоянія,","Состоянія,"
images_group_7_12627_6140.png,невключаемыя,невключаемыя
images_group_7_12627_6141.png,Мужескаго,Мужескаго
images_group_7_12627_6142.png,пола.,пола.
images_group_7_12627_6143.png,Женскаго,Женскаго
images_group_7_12627_6144.png,Мужескаго,Мужескаго
images_group_7_12627_6145.png,пола.,пола.
images_group_7_12627_6146.png,Женскаго,Женскаго
images_group_7_12627_6147.png,Мужескаго,Мужескаго
images_group_7_12627_6148.png,пола.,пола.
images_group_7_12627_6149.png,Женскаго.,Женскаго.
images_group_7_12627_6150.png,13,13
images_group_7_12627_6151.png,Мужескаго,Мужескаго
images_group_7_12627_6152.png,138,138
images_group_7_12627_6153.png,пола.,пола.
images_group_7_12627_6154.png,Мужескаго,Мужескаго
images_group_7_12627_6155.png,пола.,пола.
images_group_7_12627_6156.png,Мужескаго,Мужескаго
images_group_7_12627_6157.png,пола.,пола.
images_group_7_12627_6158.png,Женскаго.,Женскаго.
images_group_7_12627_6159.png,Женскаго.,Женскаго.
images_group_7_12627_6160.png,54,54
images_group_7_12627_6161.png,Женскаго.,Женскаго.
images_group_7_12627_6162.png,въ,въ
images_group_7_12627_6163.png,ревизію,ревизію
images_group_7_12627_6164.png,1.,1.
images_group_7_12627_6165.png,Духовенство,Духовенство
images_group_7_12627_6166.png,Нижнихъ,Нижнихъ
images_group_7_12627_6167.png,чиновъ,чиновъ
images_group_7_12627_6168.png,69,69
images_group_7_12627_6169.png,41,41
images_group_7_12627_6170.png,11,11
images_group_7_12627_6171.png,8,8
images_group_7_12627_6172.png,29,29
images_group_7_12627_6173.png,247,247
images_group_7_12627_6174.png,116.,116.
images_group_7_12627_6175.png,Ихъ,Ихъ
images_group_7_12627_6176.png,дѣтей,дѣтей
images_group_7_12627_6177.png,при родителяхъ.,при родителяхъ
images_group_7_12627_6178.png,25,25
images_group_7_12627_6179.png,20,20
images_group_7_12627_6180.png,5,5
images_group_7_12627_6181.png,13,13
images_group_7_12627_6182.png,5,5
images_group_7_12627_6183.png,7,7
images_group_7_12627_6184.png,34,34
images_group_7_12627_6185.png,69,69
images_group_7_12627_6186.png,84,84
images_group_7_12627_6187.png,44,44
images_group_7_12627_6188.png,205.,205.
images_group_7_12627_6189.png,96,96
images_group_7_12627_6190.png,62,62
images_group_7_12627_6191.png,16,16
images_group_7_12627_6192.png,21,21
images_group_7_12627_6193.png,35,35
images_group_7_12627_6194.png,21,21
images_group_7_12627_6195.png,177,177
images_group_7_12627_6196.png,101,101
images_group_7_12627_6197.png,324,324
images_group_7_12627_6198.png,5.),5.)
images_group_7_12627_6199.png,Въ,Въ
images_group_7_12627_6200.png,Жандармскихъ,Жандармскихъ
images_group_7_12627_6201.png,Командахъ:,Командахъ:
images_group_7_12627_6202.png,Чиновниковъ,Чиновниковъ
images_group_7_12627_6203.png,1.,1.
images_group_7_12627_6204.png,4,4
images_group_7_12627_6205.png,1.,1.
images_group_7_12627_6206.png,8,8
images_group_7_12627_6207.png,1,1
images_group_7_12627_6208.png,Ихъ,Ихъ
images_group_7_12627_6209.png,дѣтей,дѣтей
images_group_7_12627_6210.png,8,8
images_group_7_12627_6211.png,30,30
images_group_7_12627_6212.png,нижнихъ,нижнихъ
images_group_7_12627_6213.png,чиновъ,чиновъ
images_group_7_12627_6214.png,30,30
images_group_7_12627_6215.png,Ихъ,Ихъ
images_group_7_12627_6216.png,дѣтей,дѣтей
images_group_7_12627_6217.png,19,19
images_group_7_12627_6218.png,3,3
images_group_7_12627_6219.png,19,19
images_group_7_12627_6220.png,3,3
images_group_7_12627_6221.png,51,51
images_group_7_12627_6222.png,16,16
images_group_7_12627_6223.png,51,51
images_group_7_12627_6224.png,16.,16.
images_group_7_12627_6225.png,6.),6.)
images_group_7_12627_6226.png,Пѣхотныхъ,Пѣхотныхъ
images_group_7_12627_6227.png,Гарнизон-,Гарнизон-
images_group_7_12627_6228.png,ныхъ,ныхъ
images_group_7_12627_6229.png,"войскъ,","войскъ,"
images_group_7_12627_6230.png,въ,въ
images_group_7_12627_6231.png,крѣпо-,крѣпо-
images_group_7_12627_6232.png,стяхъ,стяхъ
images_group_7_12627_6233.png,расположенныхъ.,расположенныхъ:
images_group_7_12627_6234.png,Чиновниковъ,Чиновниковъ
images_group_7_12627_6235.png,Ихъ,Ихъ
images_group_7_12627_6236.png,дѣтей,дѣтей
images_group_7_12627_6237.png,Нижнихъ,Нижнихъ
images_group_7_12627_6238.png,чиновъ,чиновъ
images_group_7_12627_6239.png,Ихъ,Ихъ
images_group_7_12627_6240.png,дѣтей,дѣтей
images_group_7_12627_6241.png,7.,7.)
images_group_7_12627_6242.png,Вѣдомство,Вѣдомство
images_group_7_12627_6243.png,Инженерное.,Инженерное.
images_group_7_12627_6244.png,Чиновниковъ,Чиновниковъ.
images_group_7_12627_6245.png,Ихъ,Ихъ
images_group_7_12627_6246.png,дѣтей,дѣтей
images_group_7_12631_6672.png,1.,1.
images_group_7_12631_6673.png,Табель,Табель
images_group_7_12631_6674.png,народонаселенія,народонаселенія
images_group_7_12631_6675.png,За,за
images_group_7_12631_6676.png,1840,1840
images_group_7_12631_6677.png,- и,-й
images_group_7_12631_6678.png,годъ.,годъ.
images_group_7_12631_6679.png,Отдѣленіе,Отдѣленіе
images_group_7_12631_6680.png,первое.,первое.
images_group_7_12631_6681.png,Красноярской,Красноярской
images_group_7_12631_6682.png,Енисейской.,Енисейской
images_group_7_12631_6683.png,Ачинской.,Ачинской.
images_group_7_12631_6684.png,Канской.,Канской.
images_group_7_12631_6685.png,Минусинской,Минусинской
images_group_7_12631_6686.png,"Состоянія,","Состоянія,"
images_group_7_12631_6687.png,невключаемыя,невключаемыя
images_group_7_12631_6688.png,пола.,пола.
images_group_7_12631_6689.png,Женскаго,Женскаго
images_group_7_12631_6690.png,Мужескаго,Мужескаго
images_group_7_12631_6691.png,пола.,пола.
images_group_7_12631_6692.png,Мужескаго,Мужескаго
images_group_7_12631_6693.png,пола.,пола.
images_group_7_12631_6694.png,Женскаго.,Женскаго.
images_group_7_12631_6695.png,Мужескаго,Мужескаго
images_group_7_12631_6696.png,пола.,пола.
images_group_7_12631_6697.png,Женскаго.,Женскаго.
images_group_7_12631_6698.png,Мужескаго,Мужескаго
images_group_7_12631_6699.png,пола.,пола.
images_group_7_12631_6700.png,Женскаго.,Женскаго.
images_group_7_12631_6701.png,Мужескаго,Мужескаго
images_group_7_12631_6702.png,пола.,пола.
images_group_7_12631_6703.png,Женскаго.,Женскаго.
images_group_7_12631_6704.png,въ,въ
images_group_7_12631_6705.png,ревизію,ревизію
images_group_7_12631_6706.png,1.,1.
images_group_7_12631_6707.png,Духовенство,Духовенство
images_group_7_12631_6708.png,IV.,IV.
images_group_7_12631_6709.png,Моркое,Морское
images_group_7_12631_6710.png,вѣдомство.,вѣдомство.
images_group_7_12631_6711.png,1.),1.)
images_group_7_12631_6712.png,Флотскихъ,Флотскихъ
images_group_7_12631_6713.png,Чиновниковъ,Чиновниковъ
images_group_7_12631_6714.png,Ихъ,Ихъ
images_group_7_12631_6715.png,дѣтей,дѣтей
images_group_7_12631_6716.png,нижнихъ,Нижнихъ
images_group_7_12631_6717.png,чиновъ,чиновъ
images_group_7_12631_6718.png,Ихъ,Ихъ
images_group_7_12631_6719.png,дѣтей,дѣтей
images_group_7_12631_6720.png,2.),2.)
images_group_7_12631_6721.png,Адмиралтейскихъ,Адмиралтейскихъ
images_group_7_12631_6722.png,Чиновниковъ,Чиновниковъ
images_group_7_12631_6723.png,Ихъ,Ихъ
images_group_7_12631_6724.png,дѣтей,дѣтей
images_group_7_12631_6725.png,нижнихъ,нижнихъ
images_group_7_12631_6726.png,чиновъ,чиновъ
images_group_7_12631_6727.png,Ихъ,Ихъ
images_group_7_12631_6728.png,дѣтей,дѣтей
images_group_7_12631_6729.png,Итого.,Итого
images_group_7_12631_6730.png,V.,V.
images_group_7_12631_6731.png,Войскъ,Войскъ
images_group_7_12631_6732.png,Гражданскаго,Гражданскаго
images_group_7_12631_6733.png,вѣдомства.,вѣедомства.
images_group_7_12631_6734.png,86,86
images_group_7_12631_6735.png,36,36
images_group_7_12631_6736.png,17,17
images_group_7_12631_6737.png,54,54
images_group_7_12631_6738.png,31,31
images_group_7_12631_6739.png,216,216
images_group_7_12631_6740.png,180,180
images_group_7_12631_6741.png,687,687
images_group_7_12631_6742.png,424,424
images_group_7_12631_6743.png,110,110
images_group_7_12631_6744.png,219,219
images_group_7_12631_6745.png,1.,1.
images_group_7_12631_6746.png,Городовыхъ,Городовыхъ
images_group_7_12631_6747.png,козаковъ,козаковъ
images_group_7_12631_6748.png,въ,въ
images_group_7_12631_6749.png,сославъ,составѣ
images_group_7_12631_6750.png,палковъ,полковъ
images_group_7_12631_6751.png,162,162
images_group_7_12631_6752.png,326,326
images_group_7_12631_6753.png,344,344
images_group_7_12631_6754.png,13,13
images_group_7_12631_6755.png,8,8
images_group_7_12631_6756.png,19,19
images_group_7_12631_6757.png,35,35
images_group_7_12631_6758.png,133,133
images_group_7_12631_6759.png,188,188
images_group_7_12631_6760.png,78,78
images_group_7_12631_6761.png,37,37
images_group_7_12631_6762.png,83,83
images_group_7_12631_6763.png,76,76
images_group_7_12631_6764.png,Ихъ,Ихъ
images_group_7_12631_6765.png,дѣтей,дѣтей
images_group_7_12631_6766.png,368,368
images_group_7_12631_6767.png,1013,"1,013"
images_group_7_12631_6768.png,768,768
images_group_7_12631_6769.png,302,302
images_group_7_12631_6770.png,162,162
images_group_7_12631_6771.png,49,49
images_group_7_12631_6772.png,25,25
images_group_7_12631_6773.png,73,73
images_group_7_12631_6774.png,66,66
images_group_7_12631_6775.png,349,349
images_group_7_12631_6776.png,240,240
images_group_7_12631_6777.png,147,147
images_group_7_12635_7149.png,1.,1.
images_group_7_12635_7150.png,Табель,Табель
images_group_7_12635_7151.png,народонаселенія,народонаселенія
images_group_7_12635_7152.png,за,за
images_group_7_12635_7153.png,1840-й,1840-й
images_group_7_12635_7154.png,годъ.,годъ.
images_group_7_12635_7155.png,Отдѣленіе,Отдѣленіе
images_group_7_12635_7156.png,первое,первое
images_group_7_12635_7157.png,Минусинской,Минусинской
images_group_7_12635_7158.png,Енисейской.,Енисейской.
images_group_7_12635_7159.png,Канской.,Канской.
images_group_7_12635_7160.png,"Состоянія,","Состоянія,"
images_group_7_12635_7161.png,невключаемыя,невключаемыя
images_group_7_12635_7162.png,Мужескаго,Мужескаго
images_group_7_12635_7163.png,пола.,пола.
images_group_7_12635_7164.png,Женскаго,Женскаго
images_group_7_12635_7165.png,Мужескаго,Мужескаго
images_group_7_12635_7166.png,пола.,пола.
images_group_7_12635_7167.png,Мужескаго,Мужескаго
images_group_7_12635_7168.png,пола.,пола.
images_group_7_12635_7170.png,Женскаго,Женскаго.
images_group_7_12635_7171.png,Мужескаго,Мужескаго
images_group_7_12635_7172.png,пола.,пола.
images_group_7_12635_7173.png,Женскаго,Женскаго.
images_group_7_12635_7175.png,Мужескаго,Мужескаго
images_group_7_12635_7176.png,пола.,пола.
images_group_7_12635_7177.png,Женскаго.,Женскаго.
images_group_7_12635_7178.png,Мужескаго,Мужескаго
images_group_7_12635_7179.png,пола.,пола.
images_group_7_12635_7180.png,Женскаго.,Женскаго.
images_group_7_12635_7182.png,въ,въ
images_group_7_12635_7183.png,ревизію,ревизію
images_group_7_12635_7184.png,1.,1.
images_group_7_12635_7185.png,Духовенство,Духовенство
images_group_7_12635_7186.png,2.,2.
images_group_7_12635_7187.png,Иностранныхъ,Иностранныхъ
images_group_7_12635_7188.png,гостей.,гостей.
images_group_7_12635_7189.png,1,1
images_group_7_12635_7190.png,1.,1.
images_group_7_12635_7191.png,839,839
images_group_7_12635_7192.png,854,854
images_group_7_12635_7193.png,522,522
images_group_7_12635_7194.png,496,496
images_group_7_12635_7195.png,660,660
images_group_7_12635_7196.png,620,620
images_group_7_12635_7197.png,"5,237","5,237"
images_group_7_12635_7198.png,5504,"5,504"
images_group_7_12635_7199.png,3.,3.
images_group_7_12635_7200.png,1320,1320
images_group_7_12635_7201.png,1325,1325
images_group_7_12635_7202.png,1896,1896
images_group_7_12635_7203.png,2209,2209
images_group_7_12635_7204.png,24,24
images_group_7_12635_7205.png,24,24
images_group_7_12635_7206.png,13.,13.
images_group_7_12635_7207.png,13.,13
images_group_7_12635_7208.png,Цѣховыхъ,Цѣховыхъ
images_group_7_12635_7209.png,1345,1345
images_group_7_12635_7210.png,1339,1339
images_group_7_12635_7211.png,1896,"1,896"
images_group_7_12635_7212.png,"2,209","2,209"
images_group_7_12635_7213.png,839,839
images_group_7_12635_7214.png,854,854
images_group_7_12635_7215.png,522,522
images_group_7_12635_7216.png,496,496
images_group_7_12635_7217.png,660,660
images_group_7_12635_7218.png,620,620
images_group_7_12635_7219.png,5262,5262
images_group_7_12635_7220.png,5518,"5,518"
images_group_7_12635_7221.png,4.,4.
images_group_7_12635_7222.png,Дворовыхъ,Дворовыхъ
images_group_7_12635_7223.png,людей,людей
images_group_7_12635_7224.png,Русскихъ,Русскихъ
images_group_7_12635_7225.png,87,87
images_group_7_12635_7226.png,60,60
images_group_7_12635_7227.png,4,4
images_group_7_12635_7228.png,3,3
images_group_7_12635_7229.png,17,17
images_group_7_12635_7230.png,11,11
images_group_7_12635_7231.png,6,6
images_group_7_12635_7232.png,3,3
images_group_7_12635_7233.png,1,1
images_group_7_12635_7234.png,115,115
images_group_7_12635_7235.png,78,78
images_group_7_12635_7236.png,Калмыковъ,Калмыковъ
images_group_7_12635_7237.png,87,87
images_group_7_12635_7238.png,60,60
images_group_7_12635_7239.png,4,4
images_group_7_12635_7240.png,3,3
images_group_7_12635_7241.png,11,11
images_group_7_12635_7242.png,6,6
images_group_7_12635_7243.png,3,3
images_group_7_12635_7244.png,1,1
images_group_7_12635_7245.png,115,115
images_group_7_12635_7246.png,78,78
images_group_7_12635_7247.png,5.,5.
images_group_7_12635_7248.png,Монастырскихъ,Монастырскихъ
images_group_7_12635_7249.png,служи-,служи-
images_group_7_12635_7250.png,18,18
images_group_7_12635_7251.png,17,17
images_group_7_12635_7252.png,18,18
images_group_7_12635_7253.png,17,17
images_group_7_12635_7254.png,по,и
images_group_7_12635_7255.png,пелей,гелей
images_group_7_12635_7256.png,И,И
images_group_7_12635_7257.png,того,того.
images_group_7_12635_7258.png,1498,1498
images_group_7_12635_7259.png,1449,"1,449"
images_group_7_12635_7260.png,1970,1970
images_group_7_12635_7261.png,2278,"2,278"
images_group_7_12635_7262.png,885,885
images_group_7_12635_7263.png,877,877.
images_group_7_12635_7264.png,545,545
images_group_7_12635_7265.png,518,518
images_group_7_12635_7266.png,671,671
images_group_7_12635_7267.png,631,631
images_group_7_12635_7268.png,"5,569","5,569"
images_group_7_12635_7269.png,"5,753","5,753."
images_group_7_12635_7270.png,11.,11.
images_group_7_12635_7271.png,Посел,Посел
images_group_7_12635_7272.png,яне.,Яне.
images_group_7_12635_7273.png,1,1.
images_group_7_12635_7274.png,Крестьянъ,Крестьянъ.
images_group_7_12635_7275.png,Государственн,Государственн
images_group_7_12635_7276.png,ныхъ,ныхъ
images_group_7_12635_7277.png,"13,930","13,930"
images_group_7_12635_7278.png,"14,004","14,004"
images_group_7_12635_7279.png,"12,824","12,824"
images_group_7_12635_7280.png,"13,082","13,082"
images_group_7_12635_7281.png,"10,821","10,821"
images_group_7_12635_7282.png,"10,884","10,884"
images_group_7_12635_7283.png,"10,888","10,888"
images_group_7_12635_7284.png,11033,"11,033"
images_group_7_12635_7285.png,"9,578","9,578"
images_group_7_12635_7286.png,9451,9451
images_group_7_12635_7287.png,"58,041","58,041"
images_group_7_12635_7288.png,58454,58454
images_group_7_12635_7289.png,Конол,Эконол
images_group_7_12635_7290.png,ческихъ,ческихъ
images_group_7_12635_7291.png,1055,"1,055"
images_group_7_12635_7292.png,994,994
images_group_7_12635_7293.png,677,677
images_group_7_12635_7294.png,684,684
images_group_7_12635_7295.png,43,43
images_group_7_12635_7296.png,50,50
images_group_7_12635_7297.png,"1,219",1219
images_group_7_12635_7298.png,"1,064","1,064"
images_group_7_12635_7299.png,31,31
images_group_7_12635_7300.png,29.,29.
images_group_7_12635_7301.png,"3,025","3,025"
images_group_7_12635_7302.png,"2,821.",2821
images_group_7_12639_7747.png,1.,1.
images_group_7_12639_7748.png,Табель,Табель
images_group_7_12639_7749.png,народонаселенія,народонаселенія
images_group_7_12639_7750.png,"Состоянія,","Состоянія,"
images_group_7_12639_7751.png,невключаемыя,невключаемыя
images_group_7_12639_7752.png,за,За
images_group_7_12639_7753.png,1840-й,1840-й
images_group_7_12639_7754.png,годъ.,годъ.
images_group_7_12639_7755.png,Отдѣленіе,Отдѣленіе
images_group_7_12639_7756.png,первое,первое.
images_group_7_12639_7757.png,Красноярской,Красноярской
images_group_7_12639_7758.png,Енисейской.,Енисейской.
images_group_7_12639_7759.png,Минусинской,Минусинской
images_group_7_12639_7760.png,Ачинской.,Ачинской.
images_group_7_12639_7761.png,Канской.,Канской.
images_group_7_12639_7762.png,пола.,пола.
images_group_7_12639_7763.png,Женскаго,Женскаго
images_group_7_12639_7764.png,Мужескаго,Мужескаго
images_group_7_12639_7765.png,пола.,пола.
images_group_7_12639_7766.png,Мужескаго,Мужескаго
images_group_7_12639_7767.png,пола.,пола.
images_group_7_12639_7768.png,Женскаго,Женскаго.
images_group_7_12639_7769.png,Мужескаго,Мужескаго
images_group_7_12639_7770.png,пола.,пола.
images_group_7_12639_7771.png,Женскаго.,Женскаго.
images_group_7_12639_7772.png,Мужескаго,Мужескаго
images_group_7_12639_7773.png,пола.,пола.
images_group_7_12639_7774.png,Женскаго.,Женскаго.
images_group_7_12639_7775.png,Мужескаго,Мужескаго
images_group_7_12639_7776.png,пола.,пола.
images_group_7_12639_7777.png,Женскаго.,Женскаго.
images_group_7_12639_7778.png,въ,въ
images_group_7_12639_7779.png,ревизію,ревизію
images_group_7_12639_7780.png,1.,1.
images_group_7_12639_7781.png,Духовенство,Духовенство
images_group_7_12639_7782.png,3,3.
images_group_7_12639_7783.png,Въ,Въ
images_group_7_12639_7784.png,вѣдомствѣ,вѣдомствѣ
images_group_7_12639_7785.png,сухопут-,сухопут-
images_group_7_12639_7786.png,ныхъ,ныхъ
images_group_7_12639_7787.png,сообщеній,сообщеній
images_group_7_12639_7788.png,4.,4.
images_group_7_12639_7789.png,Въ,Въ
images_group_7_12639_7790.png,мастеровыхъ,мастеровыхъ
images_group_7_12639_7791.png,Ихъ,Ихъ
images_group_7_12639_7792.png,дѣтей,дѣтей
images_group_7_12639_7793.png,98,98
images_group_7_12639_7794.png,38,38
images_group_7_12639_7795.png,88,88
images_group_7_12639_7796.png,29,29
images_group_7_12639_7797.png,10,10
images_group_7_12639_7798.png,9,9
images_group_7_12639_7799.png,18,18
images_group_7_12639_7800.png,6,6
images_group_7_12639_7801.png,8,8
images_group_7_12639_7802.png,4,4
images_group_7_12639_7803.png,26,26
images_group_7_12639_7804.png,10,10
images_group_7_12639_7805.png,Ихъ,Ихъ
images_group_7_12639_7806.png,дѣтей,дѣтей
images_group_7_12639_7807.png,106,106
images_group_7_12639_7808.png,35,35
images_group_7_12639_7809.png,18,18
images_group_7_12639_7810.png,13,13.
images_group_7_12639_7811.png,124,124
images_group_7_12639_7812.png,48,48
images_group_7_12639_7813.png,5,5.
images_group_7_12639_7814.png,Въ,Въ
images_group_7_12639_7815.png,цехѣ,цехѣ
images_group_7_12639_7816.png,слугъ,слугъ
images_group_7_12639_7817.png,84,84
images_group_7_12639_7818.png,126,126
images_group_7_12639_7819.png,37.,37.
images_group_7_12639_7820.png,20,20
images_group_7_12639_7821.png,42,42
images_group_7_12639_7822.png,17,17
images_group_7_12639_7823.png,Ихъ,Ихъ
images_group_7_12639_7824.png,дѣтей,дѣтей
images_group_7_12639_7825.png,23,23
images_group_7_12639_7826.png,4,4
images_group_7_12639_7827.png,8,8
images_group_7_12639_7828.png,33,33
images_group_7_12639_7829.png,12,12
images_group_7_12639_7830.png,10,10
images_group_7_12639_7831.png,107,107
images_group_7_12639_7832.png,24,24
images_group_7_12639_7833.png,52,52
images_group_7_12639_7834.png,25,25
images_group_7_12639_7835.png,159,159
images_group_7_12639_7836.png,49,49
images_group_7_12639_7837.png,6,6
images_group_7_12639_7838.png,На,На
images_group_7_12639_7839.png,5026,5026
images_group_7_12639_7840.png,833,833
images_group_7_12639_7841.png,Съ,Съ
images_group_7_12639_7842.png,дѣтьми,дѣтьми
images_group_7_12639_7843.png,583,583
images_group_7_12639_7844.png,519,519
images_group_7_12639_7845.png,2995,2995
images_group_7_12639_7846.png,1842,1842
images_group_7_12639_7847.png,2085,2085
images_group_7_12639_7848.png,912,912
images_group_7_12639_7849.png,"10,975","10,975"
images_group_7_12639_7850.png,4239,4239
images_group_7_12639_7851.png,133,133
images_group_7_12639_7852.png,286,286
images_group_7_12639_7853.png,Ихъ,Ихъ
images_group_7_12639_7854.png,дѣтей.,дѣтей.
images_group_7_12639_7855.png,333,333
images_group_7_12639_7856.png,269,269
images_group_7_12639_7857.png,206,206
images_group_7_12639_7858.png,199,199
images_group_7_12639_7859.png,1199,1199
images_group_7_12639_7860.png,1210,1210
images_group_7_12639_7861.png,433,433
images_group_7_12639_7862.png,436,436
images_group_7_12639_7863.png,2171.,"2,171."
images_group_7_12639_7864.png,"2,114","2,114"
images_group_7_12639_7865.png,Водворчемыхъ,Водворчемыхъ
images_group_7_12639_7866.png,1965,1965
images_group_7_12639_7867.png,1030,1030
images_group_7_12639_7868.png,1965,1965
images_group_7_12639_7869.png,1030,1030
images_group_7_12639_7870.png,155,155
images_group_7_12639_7871.png,149,149
images_group_7_12639_7872.png,155,155
images_group_7_12639_7873.png,149,149
images_group_7_12639_7874.png,Ихъ,Ихъ
images_group_7_12639_7875.png,дѣтей,дѣтей
images_group_7_12639_7876.png,Приписанныхъ,Приписанныхъ.
images_group_7_12639_7877.png,къ преж,къ преж
images_group_7_12639_7878.png,281,281
images_group_7_12639_7879.png,"1,113","1,113"
images_group_7_12639_7880.png,442,442
images_group_7_12639_7881.png,945,945
images_group_7_12639_7882.png,320,320
images_group_7_12639_7883.png,"3,067.","3,067."
images_group_7_12639_7884.png,1278,"1,278."
images_group_7_12639_7885.png,нимъ,нимъ
images_group_7_12639_7886.png,селеніемъ,селеніямъ
images_group_7_12639_7887.png,487,487
images_group_7_12639_7888.png,235,235
images_group_7_12639_7889.png,522,522
images_group_7_12639_7890.png,Ихъ,Ихъ
images_group_7_12639_7891.png,дѣтей,дѣтей
images_group_7_12639_7892.png,169,169
images_group_7_12639_7893.png,137,137
images_group_7_12639_7894.png,50,50
images_group_7_12639_7895.png,49,49
images_group_7_12639_7896.png,113,113
images_group_7_12639_7897.png,141,141
images_group_7_12639_7898.png,184,184
images_group_7_12639_7899.png,156,156
images_group_7_12639_7900.png,516,516
images_group_7_12639_7901.png,483,483
images_group_7_12639_7902.png,858,858
images_group_7_12639_7903.png,463,463
images_group_7_12639_7904.png,2015,2015
images_group_7_12639_7905.png,1301,1301
images_group_7_12639_7906.png,6314,6314
images_group_7_12639_7907.png,4231,4231
images_group_7_12639_7908.png,3647,"3,647"
images_group_7_12639_7909.png,1824,1824
images_group_7_12639_7910.png,"18,849","18,849"
images_group_7_12639_7911.png,"9,293.","9,293."
images_group_7_12639_7912.png,6015,6015
images_group_7_12639_7913.png,1474,1474
images_group_7_12639_7914.png,и Кавалер-,и ковалеръ
images_group_7_1264_7915.png,Изъ,Изъ
images_group_7_1264_7916.png,Губернскихъ,Губернскихъ
images_group_7_1264_7917.png,Ба,Ба
images_group_7_1264_7918.png,Изъ,Изъ
images_group_7_1264_7919.png,Стрѣлковыхъ,Стрѣлковыхъ
images_group_7_1264_7920.png,ва,ва
images_group_7_1264_7921.png,таліоновъ:,таліоновъ:
images_group_7_1264_7922.png,таліоновъ:,таліоновъ:
images_group_7_1264_7923.png,Архангельскаго,Архангельскаго
images_group_7_1264_7924.png,No 12-го,No12-го
images_group_7_1264_7925.png,132.,132.
images_group_7_1264_7926.png,Далматъ,Далматъ
images_group_7_1264_7927.png,Никифо,Никифо
images_group_7_1264_7928.png,въ с.,въ с.
images_group_7_1264_7929.png,Шимен,Шилин
images_group_7_1264_7930.png,139.,139.
images_group_7_1264_7931.png,Филипъ,Филипъ
images_group_7_1264_7932.png,Кириловъ,Кириловъ
images_group_7_1264_7933.png,въ,въ
images_group_7_1264_7934.png,с.,с.
images_group_7_1264_7935.png,Ладей,Ладей
images_group_7_1264_7936.png,Хлѣбопашествомъ,Хлѣбопашествомъ.
images_group_7_1264_7937.png,ровъ,ровъ
images_group_7_1264_7938.png,Трапезниковъ.,Трапезниковъ.
images_group_7_1264_7939.png,скомъ,скомъ
images_group_7_1264_7940.png,крестьянскими,крестьянскими
images_group_7_1264_7941.png,Спиридоновъ.,Спиридоновъ.
images_group_7_1264_7942.png,скомъ,скомъ
images_group_7_1264_7943.png,Вологодскаго,Вологодскаго
images_group_7_1264_7944.png,No17-го,No17-го
images_group_7_1264_7945.png,133.,133.
images_group_7_1264_7946.png,Василій,Василій
images_group_7_1264_7947.png,Весел-,Весел-
images_group_7_1264_7948.png,въ с.,въ с.
images_group_7_1264_7949.png,Сухобу-,Сухобу-
images_group_7_1264_7950.png,140.,140.
images_group_7_1264_7951.png,Павелъ,Павелъ
images_group_7_1264_7952.png,Леонтьевъ,Леонтьевъ
images_group_7_1264_7953.png,въ,въ
images_group_7_1264_7954.png,с.,с.
images_group_7_1264_7955.png,сѣдель-,Сѣдель-
images_group_7_1264_7956.png,Крестьянскими,Крестьянскими
images_group_7_1264_7957.png,ра-,ра-
images_group_7_1264_7958.png,ковъ.,ковъ.
images_group_7_1264_7959.png,зимскомъ-,зимскомъ
images_group_7_1264_7960.png,Леонтьевъ.,Леонтьевъ.
images_group_7_1264_7961.png,никовскомъ.,никовскомъ.
images_group_7_1264_7962.png,ботами.,ботами.
images_group_7_1264_7963.png,Самарскаго,Самарскаго
images_group_7_1264_7964.png,Изъ,Изъ
images_group_7_1264_7965.png,Резервныхъ,Резереныхъ
images_group_7_1264_7966.png,Ба,Ба
images_group_7_1264_7967.png,134.,134.
images_group_7_1264_7968.png,Александръ,Александръ
images_group_7_1264_7969.png,Ивановъ,Ивановъ
images_group_7_1264_7970.png,въ с.,въ с.
images_group_7_1264_7971.png,Больше,Больше
images_group_7_1264_7972.png,таліоновъ:,таліоновъ:
images_group_7_1264_7973.png,Васильевъ.,Васильевъ.
images_group_7_1264_7974.png,Муртинскомъ,Муртинскомъ
images_group_7_1264_7975.png,No,No
images_group_7_1264_7976.png,9-го,9-го
images_group_7_1264_7977.png,135.,135.
images_group_7_1264_7978.png,Филатъ,Филатъ
images_group_7_1264_7979.png,Алексѣевъ,Алексѣевъ
images_group_7_1264_7980.png,въ,въ
images_group_7_1264_7981.png,д.,д.
images_group_7_1264_7982.png,Песчан,Песчан
images_group_7_1264_7983.png,унтеръ-,унтеръ-
images_group_7_1264_7984.png,офицеры:,офицеры:
images_group_7_1264_7985.png,Потылищинъ.,Потылицинъ.
images_group_7_1264_7986.png,ской.,ской.
images_group_7_1264_7987.png,141.,141.
images_group_7_1264_7988.png,Алексѣй,Алексѣй
images_group_7_1264_7989.png,Петровъ,Петровъ
images_group_7_1264_7990.png,въ с.,въ с.
images_group_7_1264_7991.png,Кекур,Кекур
images_group_7_1264_7992.png,Уфимскаго,Уфимскаго
images_group_7_1264_7993.png,Мокскевъ.,Моксеевъ.
images_group_7_1264_7994.png,скомъ.,скомъ
images_group_7_1264_7995.png,136.,136.
images_group_7_1264_7996.png,Ефимъ,Ефимъ
images_group_7_1264_7997.png,Васильевъ,Васильевъ
images_group_7_1264_7998.png,въ с.,въ с.
images_group_7_1264_7999.png,Свищев-,Свищев-
images_group_7_1264_8000.png,работами.,работами.
images_group_7_1264_8001.png,17-го,17-го
images_group_7_1264_8002.png,Хлѣбопашествомъ,Хлѣбопашествомъ.
images_group_7_1264_8003.png,Баскаковъ.,Баскаковъ.
images_group_7_1264_8004.png,скомъ,скомъ
images_group_7_1264_8005.png,142.,142.
images_group_7_1264_8006.png,Федоръ,Федоръ
images_group_7_1264_8007.png,Андреевъ,Андреевъ
images_group_7_1264_8008.png,Икон,Икон
images_group_7_1264_8009.png,въ,въ
images_group_7_1264_8010.png,д.,д.
images_group_7_1264_8011.png,Поповой,Поповой
images_group_7_1264_8012.png,Красноярскаго,Красноярскаго
images_group_7_1264_8013.png,никовъ.,никовъ.
images_group_7_1264_8014.png,137.,137
images_group_7_1264_8015.png,Максимъ,Максимъ
images_group_7_1264_8016.png,Ивановъ,Ивановъ
images_group_7_1264_8017.png,въ,въ
images_group_7_1264_8018.png,с.,с.
images_group_7_1264_8019.png,Сѣдель,Сѣдель
images_group_7_1264_8020.png,27-го,27го
images_group_7_1264_8021.png,143.,143.
images_group_7_1264_8022.png,Милентій,Милентій
images_group_7_1264_8023.png,Савельевъ,Савельевъ
images_group_7_1264_8024.png,въ с.,въ с.
images_group_7_1264_8025.png,подъем,Подъем
images_group_7_1264_8026.png,крестьянскими,крестьянскими
images_group_7_1264_8027.png,рабо-,рабо-
images_group_7_1264_8028.png,Ивановъ.,Ивановъ.
images_group_7_1264_8029.png,никовскомъ,никовскомъ
images_group_7_1264_8030.png,Хлѣбопашествомъ,Хлѣбопашествомъ
images_group_7_1264_8031.png,138,138
images_group_7_1264_8032.png,Никонъ,Никонъ
images_group_7_1264_8033.png,Трофимовъ,Трофимовъ
images_group_7_1264_8034.png,въ,въ
images_group_7_1264_8035.png,с.,с.
images_group_7_1264_8036.png,Возне,Возне
images_group_7_1264_8037.png,Семеоновъ.,Семеоновъ.
images_group_7_1264_8038.png,скомъ.,скомъ.
images_group_7_1264_8039.png,тами.,тами.
images_group_7_1264_8040.png,37-го,37-го
images_group_7_1264_8041.png,сенскомъ.,сенскомъ.
images_group_7_12642_8398.png,1,1
images_group_7_12642_8399.png,Табель,Табель
images_group_7_12642_8400.png,народонаселенія,народонаселенія
images_group_7_12642_8401.png,"Состоянія,","Состоянія,"
images_group_7_12642_8402.png,невключаемыя,невключаемыя
images_group_7_12642_8403.png,за,За
images_group_7_12642_8404.png,1840-й,1840-й
images_group_7_12642_8405.png,годъ.,годъ.
images_group_7_12642_8406.png,Отдѣленіе,Отдѣленіе
images_group_7_12642_8407.png,первое,первое.
images_group_7_12642_8408.png,Красноярской,Красноярской
images_group_7_12642_8409.png,Енисейской.,Енисейской.
images_group_7_12642_8410.png,Минусинской,Минусинской
images_group_7_12642_8411.png,Ачинской.,Ачинской.
images_group_7_12642_8412.png,Канской.,Канской.
images_group_7_12642_8413.png,Мужескаго,Мужескаго
images_group_7_12642_8414.png,пола.,пола.
images_group_7_12642_8415.png,Мужескаго,Мужескаго
images_group_7_12642_8416.png,пола.,пола.
images_group_7_12642_8417.png,Женскаго,Женскаго
images_group_7_12642_8418.png,Мужескаго,Мужескаго
images_group_7_12642_8419.png,пола.,пола.
images_group_7_12642_8420.png,Женскаго,Женскаго
images_group_7_12642_8421.png,Мужескаго,Мужескаго
images_group_7_12642_8422.png,пола.,пола.
images_group_7_12642_8423.png,Женскаго.,Женскаго.
images_group_7_12642_8424.png,Мужескаго,Мужескаго
images_group_7_12642_8425.png,пола.,пола.
images_group_7_12642_8426.png,Женскаго.,Женскаго.
images_group_7_12642_8427.png,Мужескаго,Мужескаго
images_group_7_12642_8428.png,пола.,пола.
images_group_7_12642_8429.png,13,13
images_group_7_12642_8430.png,Женскаго.,Женскаго.
images_group_7_12642_8431.png,женскаго.,Женскаго.
images_group_7_12642_8432.png,въ,въ
images_group_7_12642_8433.png,ревизію,ревизію
images_group_7_12642_8434.png,1.,1.
images_group_7_12642_8435.png,Духовенство.,Духовенство
images_group_7_12642_8436.png,Расколь,Расколѣ
images_group_7_12642_8437.png,шковъ,шковъ
images_group_7_12642_8438.png,(*),(*)
images_group_7_12642_8439.png,10,10
images_group_7_12642_8440.png,4,4
images_group_7_12642_8441.png,24,24
images_group_7_12642_8442.png,28,28
images_group_7_12642_8443.png,3,3
images_group_7_12642_8444.png,65,65
images_group_7_12642_8445.png,52,52
images_group_7_12642_8446.png,49,49
images_group_7_12642_8447.png,176,176
images_group_7_12642_8448.png,72,72
images_group_7_12642_8449.png,Римскаго,Римскаго
images_group_7_12642_8450.png,167,167
images_group_7_12642_8451.png,22,22
images_group_7_12642_8452.png,238,238
images_group_7_12642_8453.png,5,5
images_group_7_12642_8454.png,36,36
images_group_7_12642_8455.png,19,19
images_group_7_12642_8456.png,160,160
images_group_7_12642_8457.png,85,85
images_group_7_12642_8458.png,54,54
images_group_7_12642_8459.png,4,4
images_group_7_12642_8460.png,655,655
images_group_7_12642_8461.png,135,135
images_group_7_12642_8462.png,Прочихъ,прочихъ
images_group_7_12642_8463.png,151,151
images_group_7_12642_8464.png,30,30
images_group_7_12642_8465.png,8,8
images_group_7_12642_8466.png,4,4
images_group_7_12642_8467.png,27,27
images_group_7_12642_8468.png,38,38
images_group_7_12642_8469.png,4,4
images_group_7_12642_8470.png,3.,3
images_group_7_12642_8471.png,194,194
images_group_7_12642_8472.png,71.,71.
images_group_7_12642_8473.png,25790,25790
images_group_7_12642_8474.png,"19,331","19,531"
images_group_7_12642_8475.png,24063,"24,063"
images_group_7_12642_8476.png,"22,716","22,716"
images_group_7_12642_8477.png,18363,18363
images_group_7_12642_8478.png,"16,689","16,689"
images_group_7_12642_8479.png,23387,"23,387."
images_group_7_12642_8480.png,"18,675","18,675"
images_group_7_12642_8481.png,22191,22191
images_group_7_12642_8482.png,18762,"18,762."
images_group_7_12642_8483.png,113794,"113,794"
images_group_7_12642_8484.png,96373,96373
images_group_7_12642_8485.png,Евреевъ,Евреевъ
images_group_7_12642_8486.png,215,215
images_group_7_12642_8487.png,94,94
images_group_7_12642_8488.png,162,162
images_group_7_12642_8489.png,25,25
images_group_7_12642_8490.png,68,68
images_group_7_12642_8491.png,52,52
images_group_7_12642_8492.png,190,190
images_group_7_12642_8493.png,168,168
images_group_7_12642_8494.png,77,77
images_group_7_12642_8495.png,38,38
images_group_7_12642_8496.png,712,712
images_group_7_12642_8497.png,377.,377.
images_group_7_12642_8498.png,Примѣчаніе.,Примѣчаніе.
images_group_7_12642_8499.png,Въ,Въ
images_group_7_12642_8500.png,числѣ,числѣ
images_group_7_12642_8501.png,Евреевъ,Евреевъ
images_group_7_12642_8502.png,показаны,показаны
images_group_7_12642_8503.png,Субботники,Субботники
images_group_7_12642_8504.png,или,или
images_group_7_12642_8505.png,"жиды,","жиды,"
images_group_7_12642_8506.png,пріемлющіх,пріемлющіе
images_group_7_12642_8507.png,вмѣсто,вмѣсто
images_group_7_12642_8508.png,крещенія,крещенія
images_group_7_12642_8509.png,обрѣзаніе,обрѣзаніе
images_group_7_12642_8510.png,и содержа,и содержа
images_group_7_12642_8511.png,щіе,щіе
images_group_7_12642_8512.png,Iудействующую,гу действующую
images_group_7_12642_8513.png,секту,секту.
images_group_7_12642_8514.png,336,336
images_group_7_12642_8515.png,71.,71.
images_group_7_12642_8516.png,Магометанъ,Магометанъ
images_group_7_12642_8517.png,111.,111.
images_group_7_12642_8518.png,12,12
images_group_7_12642_8519.png,28,28
images_group_7_12642_8520.png,2,2
images_group_7_12642_8521.png,40,40
images_group_7_12642_8522.png,13,13
images_group_7_12642_8523.png,146,146
images_group_7_12642_8524.png,43,43
images_group_7_12642_8525.png,11,11
images_group_7_12642_8526.png,Ламской,Ламской
images_group_7_12642_8527.png,вѣры,вѣры
images_group_7_12642_8528.png,Въ,Въ
images_group_7_12642_8529.png,томъ,томъ
images_group_7_12642_8530.png,числѣ,числѣ
images_group_7_12642_8531.png,Ламъ,Ламъ.
images_group_7_12642_8532.png,939,939
images_group_7_12642_8533.png,272.,272.
images_group_7_12642_8534.png,4517,4517
images_group_7_12642_8535.png,4330,"4,330."
images_group_7_12642_8536.png,"5,456","5,456"
images_group_7_12642_8537.png,"4,002","4,602"
images_group_7_12642_8538.png,Прочихъ,Прочихъ
images_group_7_12642_8539.png,язычниковъ,язычниковъ
images_group_7_12642_8540.png,326,326
images_group_7_12642_8541.png,106,106
images_group_7_12642_8542.png,"1,129",1129
images_group_7_12642_8543.png,299,299
images_group_7_12642_8544.png,108.,108.
images_group_7_12642_8545.png,65.,65.
images_group_7_12642_8546.png,336,336.
images_group_7_12642_8547.png,211.,211.
images_group_7_12642_8548.png,4605,"4,605"
images_group_7_12642_8549.png,4369,4369
images_group_7_12642_8550.png,"6,504","6,504"
images_group_7_12642_8551.png,5050,5050
images_group_7_12642_8552.png,Въ,Въ
images_group_7_12642_8553.png,томъ,томъ
images_group_7_12642_8554.png,числѣ,числѣ
images_group_7_12642_8555.png,Старообряд-,Старообряд-
images_group_7_12642_8556.png,"цы,","цы,"
images_group_7_12642_8557.png,Иконо,Иконо
images_group_7_12642_8558.png,"борцы,","борцы,"
images_group_7_12642_8559.png,"Духоборцы,","Духоборцы,"
images_group_7_12642_8560.png,ма-,Ма-
images_group_7_12642_8561.png,Начальник,Начальник
images_group_7_12642_8562.png,лаканы,лаканы
images_group_7_12642_8563.png,и,и
images_group_7_12642_8564.png,Скопцы.,Скопцы.
images_group_7_12657_10610.png,IV.,IV.
images_group_7_12657_10611.png,о,о
images_group_7_12657_10612.png,движеніи,движеніи
images_group_7_12657_10613.png,остава,Остава
images_group_7_12657_10614.png,Рѣшено,Рѣшено
images_group_7_12657_10615.png,Посту-,Посту-
images_group_7_12657_10616.png,Плановъ,Плановъ
images_group_7_12657_10617.png,Осталось,Осталось
images_group_7_12657_10618.png,97,97
images_group_7_12657_10619.png,лось,лось
images_group_7_12657_10620.png,къ,къ
images_group_7_12657_10621.png,въ,въ
images_group_7_12657_10622.png,тече-,тече-
images_group_7_12657_10623.png,пило,пило
images_group_7_12657_10624.png,бу-и,бу-и
images_group_7_12657_10625.png,чер-,чер-
images_group_7_12657_10626.png,къ,къ
images_group_7_12657_10627.png,1841,1841
images_group_7_12657_10628.png,Остава-,Остава-
images_group_7_12657_10629.png,Рѣшено,Рѣшено
images_group_7_12657_10630.png,Посту-,Посту-
images_group_7_12657_10631.png,Плановъ,Плановъ
images_group_7_12657_10632.png,Осталось,Осталось
images_group_7_12657_10633.png,лось,лось
images_group_7_12657_10634.png,къ,кѣ
images_group_7_12657_10635.png,въ,въ
images_group_7_12657_10636.png,тече-,тече-
images_group_7_12657_10637.png,пило,пило
images_group_7_12657_10638.png,1840,1840
images_group_7_12657_10639.png,году,году
images_group_7_12657_10640.png,ніи,ніи
images_group_7_12657_10641.png,1840,1840
images_group_7_12657_10642.png,магъ,магъ
images_group_7_12657_10643.png,къ,къ
images_group_7_12657_10644.png,тож,тож.
images_group_7_12657_10645.png,году,году
images_group_7_12657_10646.png,не,не
images_group_7_12657_10647.png,1840,1840
images_group_7_12657_10648.png,году,году
images_group_7_12657_10649.png,ніи,ніи
images_group_7_12657_10650.png,1840 стр,1840 стр
images_group_7_12657_10651.png,магъ,магъ
images_group_7_12657_10652.png,и,и
images_group_7_12657_10653.png,чер-,чер-
images_group_7_12657_10654.png,къ,къ
images_group_7_12657_10655.png,1841 му,1841-му
images_group_7_12657_10656.png,не разрѣ,не разрѣ
images_group_7_12657_10657.png,года.,года.
images_group_7_12657_10658.png,свѣденію,свѣденію
images_group_7_12657_10659.png,рѣшеныхъ:,рѣшеныхъ:
images_group_7_12657_10660.png,не,не
images_group_7_12657_10661.png,разрѣ-года.,разрѣ-года.
images_group_7_12657_10662.png,къ,къ
images_group_7_12657_10663.png,свѣдѣ,свѣдѣ
images_group_7_12657_10664.png,теж.,теж.
images_group_7_12657_10665.png,году,году
images_group_7_12657_10666.png,не,не
images_group_7_12657_10667.png,шеныхъ,шеныхъ
images_group_7_12657_10668.png,и,и
images_group_7_12657_10669.png,сроч-,сроч-
images_group_7_12657_10670.png,нію,нію
images_group_7_12657_10671.png,и,и
images_group_7_12657_10672.png,рѣшеныхъ,рѣшеныхъ
images_group_7_12657_10673.png,шенныхъ.,шенныхъ.
images_group_7_12657_10674.png,Дѣлъ,Дѣлъ
images_group_7_12657_10675.png,Вход.,Вход.
images_group_7_12657_10676.png,бумаг,бумаг.
images_group_7_12657_10677.png,Дѣлъ,Дѣлъ
images_group_7_12657_10678.png,Вход.,Вход.
images_group_7_12657_10679.png,бумаг,бумаг
images_group_7_12657_10680.png,срочныхъ,срочныхъ
images_group_7_12657_10681.png,донесе,донесе
images_group_7_12657_10682.png,ній.,ній.
images_group_7_12657_10683.png,Состав,Состав.
images_group_7_12657_10684.png,получ.,получ.
images_group_7_12657_10685.png,Дѣлъ,дѣлъ
images_group_7_12657_10686.png,Вход.,Вход.
images_group_7_12657_10687.png,бумаг.,бумаг.
images_group_7_12657_10688.png,Дѣлъ,Дѣлъ
images_group_7_12657_10689.png,Вход.,Вход.
images_group_7_12657_10690.png,бу,бус
images_group_7_12657_10692.png,донесе-,донесе-
images_group_7_12657_10693.png,ній.,ній.
images_group_7_12657_10694.png,ныхъ,ныхъ
images_group_7_12657_10695.png,Состав,Состав.
images_group_7_12657_10696.png,получ,получ
images_group_7_12657_10697.png,Дѣлъ,Дѣлъ
images_group_7_12657_10698.png,бумаг.,бумаг.
images_group_7_12657_10699.png,бумаг.,бумаг
images_group_7_12657_10700.png,Дѣлъ,Дѣлъ
images_group_7_12657_10701.png,Въ,Въ
images_group_7_12657_10702.png,Енисейской,Енисейской
images_group_7_12657_10703.png,У,У
images_group_7_12657_10704.png,Окружнаго,Окружнаго
images_group_7_12657_10705.png,Окружнаго,Окружнаго
images_group_7_12657_10706.png,Казначейству,Казначейству
images_group_7_12657_10707.png,Земле-,Земле-
images_group_7_12657_10708.png,Стряп-,Стряп-
images_group_7_12657_10709.png,81,81
images_group_7_12657_10710.png,2719,2719
images_group_7_12657_10711.png,2005,2005
images_group_7_12657_10712.png,39,39
images_group_7_12657_10713.png,3,3
images_group_7_12657_10714.png,Губернскаго,Губернскаго
images_group_7_12657_10715.png,Суда...,Суда...
images_group_7_12657_10716.png,93,93
images_group_7_12657_10717.png,По,По
images_group_7_12657_10718.png,предметамъ,предметамъ
images_group_7_12657_10719.png,осо-,осо-
images_group_7_12657_10720.png,чаго,чаго
images_group_7_12657_10721.png,934,934
images_group_7_12657_10722.png,171,171
images_group_7_12657_10723.png,39,39
images_group_7_12657_10724.png,6,6
images_group_7_12657_10725.png,беннымъ,беннымъ
images_group_7_12657_10726.png,1112,1112
images_group_7_12657_10727.png,1,1
images_group_7_12657_10728.png,19,19
images_group_7_12657_10729.png,1827,1827
images_group_7_12657_10730.png,3866,3866.
images_group_7_12657_10731.png,1,1
images_group_7_12657_10732.png,30.,30.
images_group_7_12657_10733.png,мѣра.,мѣра.
images_group_7_12657_10734.png,Б.),Б.)
images_group_7_12657_10735.png,въ,въ
images_group_7_12657_10736.png,городѣ.,городѣ.
images_group_7_12657_10737.png,Прилѣчаніе.,Примѣчаніе.
images_group_7_12657_10738.png,количе-,Количе-
images_group_7_12657_10739.png,По,По
images_group_7_12657_10740.png,Городовой,Городовой
images_group_7_12657_10741.png,Управѣ.,Управѣ...
images_group_7_12657_10742.png,14,14
images_group_7_12657_10743.png,23,23
images_group_7_12657_10744.png,47,47
images_group_7_12657_10745.png,2815,2815
images_group_7_12657_10746.png,5806,5806
images_group_7_12657_10747.png,14,14
images_group_7_12657_10748.png,27,27
images_group_7_12657_10749.png,ство,ство
images_group_7_12657_10750.png,дѣлѣ,дѣлъ
images_group_7_12657_10751.png,и,и
images_group_7_12657_10752.png,бумагъ,бумагъ
images_group_7_12657_10753.png,у,у
images_group_7_12657_10754.png,окружнаго,Окружнаго
images_group_7_12657_10755.png,Земне-,Земле-
images_group_7_12657_10756.png,Городовому,Городовому
images_group_7_12657_10757.png,Суду.,Суду.
images_group_7_12657_10758.png,мѣра,мѣра
images_group_7_12657_10759.png,по,по
images_group_7_12657_10760.png,"Красноярску,","Красноярску,"
images_group_7_12657_10761.png,Гражданскихъ,Гражданскихъ
images_group_7_12657_10762.png,13,13
images_group_7_12657_10763.png,19,19
images_group_7_12657_10764.png,355,355
images_group_7_12657_10765.png,4-м,114
images_group_7_12657_10766.png,13,13
images_group_7_12657_10767.png,показано,показано
images_group_7_12657_10768.png,вообще,вообще
images_group_7_12657_10769.png,съ,съ
images_group_7_12657_10770.png,Уголовныхъ,Уголовныхъ
images_group_7_12657_10771.png,5,5
images_group_7_12657_10772.png,23,23
images_group_7_12657_10773.png,183,183
images_group_7_12657_10774.png,9,9
images_group_7_12657_10775.png,дѣлами,дѣлами
images_group_7_12657_10776.png,и бумагами,и бумагами
images_group_7_12657_10777.png,Губернскаго,Губернскаго
images_group_7_12657_10778.png,Землемѣра.,Землемѣра.
images_group_7_12657_10779.png,Градской,Градской.
images_group_7_12657_10780.png,Думоѣ,Думѣ
images_group_7_12657_10781.png,10,10
images_group_7_12657_10782.png,1436,1436
images_group_7_12657_10783.png,2815,2815
images_group_7_12657_10784.png,7,7.
images_group_7_12657_10785.png,Сиротскому,Сиротскому
images_group_7_12657_10786.png,Суду.,Суду.
images_group_7_12657_10787.png,21,21
images_group_7_12657_10788.png,5,5
images_group_7_12657_10789.png,143,143
images_group_7_12657_10790.png,285,285
images_group_7_12657_10791.png,24,24
images_group_7_12657_10792.png,И,и
images_group_7_12657_10793.png,того,того
images_group_7_12657_10794.png,по,по
images_group_7_12657_10795.png,Краснояр-,Краснояр-
images_group_7_12657_10796.png,ской,ской
images_group_7_12657_10797.png,округѣ.,округѣ.
images_group_7_12657_10798.png,439,439
images_group_7_12657_10799.png,238,238
images_group_7_12657_10800.png,620,620
images_group_7_12657_10801.png,"2079 11,927г.","20794.10,927-"
images_group_7_12657_10802.png,383,383
images_group_7_12657_10803.png,250.,250.
images_group_7_12657_10804.png,53,53
images_group_7_12657_10805.png,33,33
images_group_7_12657_10806.png,94,94
images_group_7_12657_10807.png,4932,4932
images_group_7_12657_10808.png,9020,"9,020"
images_group_7_12657_10809.png,60,60
images_group_7_12657_10810.png,34,34
images_group_7_12657_10811.png,2.,2.
images_group_7_12657_10812.png,Въ,Въ
images_group_7_12657_10813.png,Енисейской,Енисейской
images_group_7_12657_10814.png,В),В.)
images_group_7_12657_10815.png,въ Уѣздѣ.,въ Уѣздѣ.
images_group_7_12657_10816.png,округѣ.,округѣ.
images_group_7_12657_10817.png,По,По
images_group_7_12657_10818.png,Окружному,Окружному
images_group_7_12657_10819.png,Суду.,Суду.
images_group_7_12657_10820.png,А.),"А.,"
images_group_7_12657_10821.png,По,По
images_group_7_12657_10822.png,Общему,Общему
images_group_7_12657_10823.png,Гражданскихъ,Гражданскихъ
images_group_7_12657_10824.png,3,3
images_group_7_12657_10825.png,1622,1622
images_group_7_12657_10826.png,Окружному,Окружному
images_group_7_12657_10827.png,Управ-,Управ-
images_group_7_12657_10828.png,2,2
images_group_7_12657_10829.png,ленію,ленію.
images_group_7_12657_10830.png,Уголовныхъ,Уголовныхъ.
images_group_7_12657_10831.png,13,13
images_group_7_12657_10832.png,115,115
images_group_7_12657_10833.png,37,37
images_group_7_12657_10834.png,По,По
images_group_7_12657_10835.png,предметамъ,предметамъ
images_group_7_12657_10836.png,Гу,Гу-
images_group_7_12657_10837.png,23.,23.
images_group_7_12657_10838.png,бернскаго,бернскаго
images_group_7_12657_10839.png,правленія,правленія
images_group_7_12657_10840.png,19.,19.
images_group_7_12657_10841.png,683,683
images_group_7_12657_10842.png,3866,3866
images_group_7_12657_10843.png,1,1
images_group_7_12657_10844.png,Земскому,Земскому
images_group_7_12657_10845.png,Суду.,Суду.
images_group_7_12657_10846.png,44,44
images_group_7_12657_10847.png,42,42
images_group_7_12657_10848.png,129,129
images_group_7_12657_10849.png,12754,12754
images_group_7_12657_10850.png,14154,"14,164"
images_group_7_12657_10851.png,106,106
images_group_7_12657_10852.png,33.,33.
images_group_7_12657_10853.png,предметамъ,предметамъ
images_group_7_12657_10854.png,Ка-,Ка-
images_group_7_12657_10855.png,Казначейству.,Казначейству.
images_group_7_12657_10856.png,22,22
images_group_7_12657_10857.png,889,889
images_group_7_12657_10858.png,994,994
images_group_7_12657_10859.png,зенной,зенной
images_group_7_12657_10860.png,Палаты,Палаты
images_group_7_12657_10861.png,29,29
images_group_7_12659_11100.png,IV.,IV.
images_group_7_12659_11101.png,о,о
images_group_7_12659_11102.png,движеніи,движеніи
images_group_7_12659_11103.png,дѣлъ.,дѣлъ.
images_group_7_12659_11104.png,остава,Остава
images_group_7_12659_11105.png,Вышено,Вышено
images_group_7_12659_11106.png,Посту-,Посту-
images_group_7_12659_11107.png,Плановъ,Плановъ
images_group_7_12659_11108.png,Осталось,Осталось
images_group_7_12659_11109.png,97,97
images_group_7_12659_11110.png,лось,лось
images_group_7_12659_11111.png,къ,къ
images_group_7_12659_11112.png,въ,въ
images_group_7_12659_11113.png,тече-,тече-
images_group_7_12659_11114.png,пило,пило
images_group_7_12659_11115.png,бу-и,бу-и
images_group_7_12659_11116.png,чер-,чер-
images_group_7_12659_11117.png,къ,къ
images_group_7_12659_11118.png,1841,1841
images_group_7_12659_11119.png,Остава,Остава
images_group_7_12659_11120.png,Рѣшено,Вѣшено
images_group_7_12659_11121.png,Посту-Плановъ,Посту- Плановъ
images_group_7_12659_11122.png,Осталось,Осталось
images_group_7_12659_11123.png,лось,лось
images_group_7_12659_11124.png,къ,къ
images_group_7_12659_11125.png,въ,въ
images_group_7_12659_11126.png,тече-,тече-
images_group_7_12659_11127.png,пило,пило
images_group_7_12659_11128.png,1840,1840
images_group_7_12659_11129.png,году,году
images_group_7_12659_11130.png,ніи,ніи
images_group_7_12659_11131.png,1840,1840
images_group_7_12659_11132.png,магъ,магъ
images_group_7_12659_11133.png,къ,къ
images_group_7_12659_11134.png,тож,тож
images_group_7_12659_11135.png,году,году
images_group_7_12659_11136.png,не,не
images_group_7_12659_11137.png,1840,1840
images_group_7_12659_11138.png,году,году
images_group_7_12659_11139.png,ніи,ніи
images_group_7_12659_11140.png,1840 стр,1840 бу
images_group_7_12659_11141.png,магъ,магъ
images_group_7_12659_11142.png,и,и
images_group_7_12659_11143.png,чер-,чер-
images_group_7_12659_11144.png,къ,къ
images_group_7_12659_11145.png,1841 му,1841 му
images_group_7_12659_11146.png,не разрѣ,не разрѣ
images_group_7_12659_11147.png,года,года
images_group_7_12659_11148.png,свѣденію,свѣденію
images_group_7_12659_11150.png,не,не
images_group_7_12659_11151.png,разрѣ,разрѣ
images_group_7_12659_11152.png,года.,года.
images_group_7_12659_11153.png,къ,къ
images_group_7_12659_11154.png,свѣдѣ-,свѣдѣ-
images_group_7_12659_11155.png,теж.,теж.
images_group_7_12659_11156.png,году,году
images_group_7_12659_11157.png,не,не
images_group_7_12659_11158.png,нію,ніго
images_group_7_12659_11159.png,и,и
images_group_7_12659_11160.png,шеныхъ,шеныхъ
images_group_7_12659_11161.png,и,и
images_group_7_12659_11162.png,сроч-,сроч-
images_group_7_12659_11163.png,рѣшеныхъ,рѣшеныхъ
images_group_7_12659_11164.png,шенныхъ.,шенныхъ.
images_group_7_12659_11165.png,Дѣлъ,Дѣлъ
images_group_7_12659_11166.png,Вход,Вход.
images_group_7_12659_11167.png,бумаг,бумаг
images_group_7_12659_11168.png,Дѣлъ,Дѣлъ
images_group_7_12659_11169.png,Вход:,Вход.
images_group_7_12659_11170.png,бумаг,бумаг
images_group_7_12659_11171.png,донесе-,донесе-
images_group_7_12659_11172.png,срочныхъ,срочныхъ
images_group_7_12659_11173.png,ній.,ній.
images_group_7_12659_11174.png,Состав,состав
images_group_7_12659_11175.png,получ.,Получ.
images_group_7_12659_11176.png,Дѣлѣ,Дѣлъ
images_group_7_12659_11177.png,Вход.,Вход.
images_group_7_12659_11178.png,бумаг.,бумаг.
images_group_7_12659_11179.png,Дѣлъ,Дѣлъ
images_group_7_12659_11180.png,Вход,Вход.
images_group_7_12659_11181.png,бумаг,бумаг
images_group_7_12659_11182.png,донесе-,донесе-
images_group_7_12659_11183.png,ній.,ній.
images_group_7_12659_11184.png,ныхъ,ныхъ
images_group_7_12659_11185.png,Состав,Состав.
images_group_7_12659_11186.png,получ,Получ.
images_group_7_12659_11187.png,Дѣлъ,Дѣлъ
images_group_7_12659_11188.png,бумаг.,бумаг.
images_group_7_12659_11189.png,95,95
images_group_7_12659_11190.png,Дѣлъ,Дѣлъ
images_group_7_12659_11191.png,бумаг,бумаг.
images_group_7_12659_11192.png,Въ,Въ
images_group_7_12659_11193.png,Енисейской,Енисейской
images_group_7_12659_11194.png,По,По
images_group_7_12659_11195.png,предметамъ,предметамъ
images_group_7_12659_11196.png,Ка,Ка
images_group_7_12659_11197.png,У,У
images_group_7_12659_11198.png,Окружнаго,Окружнаго
images_group_7_12659_11199.png,Стреп-,Стряп-
images_group_7_12659_11200.png,зенной,зенной
images_group_7_12659_11201.png,Палаты.,Палаты.
images_group_7_12659_11202.png,14.,14.
images_group_7_12659_11204.png,357,357
images_group_7_12659_11205.png,558,558
images_group_7_12659_11206.png,чаго,чаго.
images_group_7_12659_11207.png,Губернскаго,Губернскаго
images_group_7_12659_11208.png,Сида,Суда
images_group_7_12659_11209.png,985,985
images_group_7_12659_11210.png,Землемѣра,Землемѣра
images_group_7_12659_11211.png,По,По
images_group_7_12659_11212.png,предметамъ,предметамъ
images_group_7_12659_11213.png,осо,асо
images_group_7_12659_11214.png,И,и
images_group_7_12659_11215.png,того,того
images_group_7_12659_11216.png,по,по
images_group_7_12659_11217.png,мину,Мину-
images_group_7_12659_11218.png,беннымъ,беннымъ
images_group_7_12659_11219.png,2,2
images_group_7_12659_11220.png,8,8
images_group_7_12659_11221.png,2452,2452
images_group_7_12659_11222.png,5,5.
images_group_7_12659_11223.png,синской,синской
images_group_7_12659_11224.png,округѣ.,округѣ..
images_group_7_12659_11225.png,118,118
images_group_7_12659_11226.png,149,149
images_group_7_12659_11227.png,292,292
images_group_7_12659_11228.png,164,164
images_group_7_12659_11229.png,172.,172.
images_group_7_12659_11230.png,4 8,48
images_group_7_12659_11231.png,3,3
images_group_7_12659_11232.png,2796,2796
images_group_7_12659_11233.png,985,985-
images_group_7_12659_11234.png,4,4
images_group_7_12659_11235.png,11,11
images_group_7_12659_11236.png,5.,5.
images_group_7_12659_11237.png,Въ,Въ
images_group_7_12659_11238.png,Ачинской,Ачинской
images_group_7_12659_11239.png,округѣ.,округѣ.
images_group_7_12659_11240.png,Б.),Б.)
images_group_7_12659_11241.png,въ,въ
images_group_7_12659_11242.png,городѣ.,городѣ.
images_group_7_12659_11243.png,А.),"А.,"
images_group_7_12659_11244.png,По,По
images_group_7_12659_11245.png,Общему,Общему
images_group_7_12659_11246.png,По,По
images_group_7_12659_11247.png,городовой,городовой
images_group_7_12659_11248.png,Управѣ...,Управѣ...
images_group_7_12659_11249.png,9,9
images_group_7_12659_11250.png,38,38
images_group_7_12659_11251.png,17,17
images_group_7_12659_11252.png,1447,1447
images_group_7_12659_11253.png,735,735
images_group_7_12659_11254.png,5,5
images_group_7_12659_11255.png,35,35
images_group_7_12659_11256.png,Окружному,Окружному
images_group_7_12659_11257.png,Управ-,Управ-
images_group_7_12659_11258.png,Словесному,Словесному
images_group_7_12659_11259.png,Суду.,Суду.
images_group_7_12659_11260.png,6,6
images_group_7_12659_11261.png,209,209
images_group_7_12659_11262.png,315,315
images_group_7_12659_11263.png,ленію.,ленію
images_group_7_12659_11264.png,По,120
images_group_7_12659_11265.png,предметамъ,предметамъ
images_group_7_12659_11266.png,Гу-,Гу-
images_group_7_12659_11267.png,5,5
images_group_7_12659_11268.png,35.,35.
images_group_7_12659_11269.png,9,9
images_group_7_12659_11270.png,44,44
images_group_7_12659_11271.png,17,17
images_group_7_12659_11272.png,1656,1656
images_group_7_12659_11273.png,1050-,1050
images_group_7_12659_11274.png,бунскаго,бернскаго
images_group_7_12659_11275.png,правленія,правленія
images_group_7_12659_11276.png,В.),В.)
images_group_7_12659_11277.png,въ,въ
images_group_7_12659_11278.png,Уѣздѣ.,Уѣздѣ.
images_group_7_12659_11279.png,По,По
images_group_7_12659_11280.png,предметамъ,предметамъ
images_group_7_12659_11281.png,Ка,Ка
images_group_7_12659_11282.png,Окружному,-Окружному
images_group_7_12659_11283.png,Суду.,Суду.
images_group_7_12659_11284.png,зенной,зенной
images_group_7_12659_11285.png,палаты.,палаты.
images_group_7_12659_11286.png,Гражданскихъ,Гражданскихъ
images_group_7_12659_11287.png,13,13
images_group_7_12659_11288.png,6,6
images_group_7_12659_11289.png,8,8.
images_group_7_12659_11290.png,По,По
images_group_7_12659_11291.png,предметамъ,предметамъ
images_group_7_12659_11292.png,Гу-,Гу-
images_group_7_12659_11293.png,3,3
images_group_7_12659_11294.png,110,110
images_group_7_12659_11295.png,11,11
images_group_7_12659_11296.png,421.,421.
images_group_7_12659_11297.png,353,353
images_group_7_12659_11298.png,бернскаго,бернскаго
images_group_7_12659_11299.png,Суда.,Суда.
images_group_7_12659_11300.png,Уголовныхъ,Уголовныхъ
images_group_7_12659_11301.png,29,29
images_group_7_12659_11302.png,39,39
images_group_7_12659_11303.png,По,По
images_group_7_12659_11304.png,предметамъ,предметамъ
images_group_7_12659_11305.png,осо,осо
images_group_7_12659_11306.png,Земскому,Земскому
images_group_7_12659_11307.png,Суду.,Суду.
images_group_7_12659_11308.png,63,63
images_group_7_12659_11309.png,72,72
images_group_7_12659_11310.png,149,149
images_group_7_12659_11311.png,"3,890",3890
images_group_7_12659_11312.png,2492,2492
images_group_7_12659_11313.png,110,110
images_group_7_12659_11314.png,89,89
images_group_7_12659_11315.png,беннымъ,беннымъ
images_group_7_12659_11316.png,Каз,Каз
images_group_7_12659_11317.png,наче,наче
images_group_7_12659_11318.png,йству.,йству.
images_group_7_12659_11319.png,21,21
images_group_7_12659_11320.png,1071,1071
images_group_7_12659_11321.png,493,493
images_group_7_12659_11322.png,29,29
images_group_7_12582_11686.png,о,о
images_group_7_12582_11687.png,Енисейскаго,Енисейскаго
images_group_7_12582_11688.png,и,и
images_group_7_12606_11730.png,Коноплянаго,Коноплянаго
images_group_7_12606_11731.png,Сѣмени,Сѣмени
images_group_7_1261_11738.png,островскомъ.,островскомъ.
images_group_7_12625_11807.png,Енисейская,Енисейская
images_group_7_12625_11808.png,Губернія.,Губернія.
images_group_7_12625_11809.png,Въ,Въ
images_group_7_12625_11810.png,Округахъ:,Округахъ:
images_group_7_12625_11811.png,Итого,Итого
images_group_7_12625_11812.png,79,79
images_group_7_12625_11813.png,служителей.,служителей.
images_group_7_12625_11814.png,при родителяхъ..,при родителяхъ..
images_group_7_12625_11815.png,Итого.,Итого
images_group_7_12625_11816.png,Чиновниковъ,Чиновнивовъ.
images_group_7_12625_11817.png,Мужескаго,Мужескаго
images_group_7_12627_11834.png,1,1
images_group_7_12627_11835.png,1,1
images_group_7_12627_11836.png,1,1
images_group_7_12627_11837.png,4,4
images_group_7_12627_11838.png,Енисейская,Енисейская
images_group_7_12627_11839.png,Губернія.,Губернія.
images_group_7_12627_11840.png,Въ,Въ
images_group_7_12627_11841.png,Округахъ:,Округахъ:
images_group_7_12627_11842.png,Итого,Итого
images_group_7_12631_11881.png,Мужескаго,Мужескаго
images_group_7_12631_11882.png,Итого,Итого
images_group_7_12631_11883.png,Губернія.,Губернія.
images_group_7_12631_11884.png,Округахъ:,Округахъ:
images_group_7_12631_11885.png,Въ,Въ
images_group_7_12631_11886.png,Енисейская,Енисейская
images_group_7_12631_11887.png,79,79
images_group_7_12635_11953.png,79,79
images_group_7_12635_11954.png,1,1
images_group_7_12635_11955.png,1,1
images_group_7_12635_11956.png,Красноярской,Красноярской
images_group_7_12635_11957.png,Ачинской.,Ачинской.
images_group_7_12635_11958.png,Въ,Въ
images_group_7_12635_11959.png,Енисейская,Енисейская
images_group_7_12635_11960.png,Губернія.,Губернія.
images_group_7_12635_11961.png,Округахъ:,Округахъ
images_group_7_12635_11962.png,Итого,Итого
images_group_7_12635_11963.png,Женскаго,Женскаго.
images_group_7_12635_11964.png,Мѣщанъ,Мѣщанъ
images_group_7_12635_11965.png,1,1
images_group_7_12635_11966.png,1,1
images_group_7_12635_11967.png,17,17
images_group_7_12635_11968.png,Начальниц,Начальниц
images_group_7_12639_12000.png,Водворенныхъ,Водворенныхъ
images_group_7_12639_12001.png,поселеніи.,поселеніи.
images_group_7_12639_12002.png,Мужескаго,Мужескаго
images_group_7_12639_12003.png,Женскаго,Женскаго.
images_group_7_12639_12004.png,79,79
images_group_7_12639_12005.png,Губернія.,Губернія.
images_group_7_12639_12006.png,Итого,Итого
images_group_7_12639_12007.png,Округахъ:,Округахъ:
images_group_7_12639_12008.png,Енисейская,Енисейская
images_group_7_12639_12009.png,Въ,Въ
images_group_7_12642_12024.png,1,1
images_group_7_12642_12025.png,исповѣданій,исповѣданій
images_group_7_12642_12026.png,исповѣданія-,исповѣданія-
images_group_7_12642_12027.png,79,79
images_group_7_12642_12028.png,Итого,Итого
images_group_7_12642_12029.png,Губернія.,Губернія.
images_group_7_12642_12030.png,Округахъ:,Округахъ:
images_group_7_12642_12031.png,Въ,Въ
images_group_7_12642_12032.png,Енисейская,Енисейская
images_group_7_12657_12098.png,дѣлъ,дѣлъ
images_group_7_12657_12099.png,1,1
images_group_7_12657_12100.png,1,1
images_group_7_12657_12101.png,Вѣдомость,Вѣдомость
images_group_7_12659_12105.png,Вѣдомость,Вѣдомость
images_group_7_12659_12106.png,1,1
images_group_7_12576_12110.png,доходовъ:,доходовъ:
images_group_7_12659_12165.png,10191,"10,191"
images_group_7_12659_12166.png,15931,5931
images_group_31_4951_1581.png,17,17
images_group_31_4951_1594.png,чтобы,чтобы
images_group_31_4951_1597.png,Дв,Для
images_group_31_4951_1599.png,есто,его
images_group_31_4951_1601.png,чел,для
images_group_31_4951_1602.png,распределение,"распоряженіе,"
images_group_31_4951_1612.png,были,были
images_group_31_4951_1613.png,его,на
images_group_31_4951_1624.png,ную,тую
images_group_31_4951_1625.png,дорогу,дорогу
images_group_31_4951_1626.png,все,все
images_group_31_4951_1633.png,бо-,бо -
images_group_31_4951_1635.png,как,какъ
images_group_31_4951_1637.png,предъявлении,предъявленіи
images_group_31_4951_1648.png,имеет,ими
images_group_31_4951_1659.png,бо-,бо-
images_group_31_4951_1661.png,башников.,большинство.
images_group_31_4956_2622.png,20,20
images_group_31_4956_2717.png,8000,8000
images_group_31_4956_2722.png,куб.,куб.
images_group_31_4974_7022.png,30,30
images_group_31_4976_7760.png,31,31.
images_group_31_498_8700.png,9,9
images_group_31_498_8703.png,45,45
images_group_31_498_8704.png,ю,к
images_group_31_498_8705.png,1735,1735
images_group_31_498_8713.png,24,24
images_group_31_498_8715.png,183,183
images_group_31_498_8716.png,(сте,(сто
images_group_31_498_8717.png,восемьдесят,восемьдесят
images_group_31_498_8718.png,триристов),три) лист(ов)
images_group_31_498_8719.png,На,На
images_group_31_498_8720.png,заготовленіе,заготовленіе
images_group_31_498_8721.png,для,для
images_group_31_498_8726.png,Больницы,Больницы
images_group_31_498_8727.png,30 паръ,30 паръ
images_group_31_498_8728.png,туфлей,туфлей
images_group_31_498_8729.png,и,и
images_group_31_498_8730.png,20,20
images_group_31_498_8731.png,ку-,ку-
images_group_31_498_8733.png,NoNo,NoNo
images_group_31_498_8735.png,1а,1а
images_group_31_498_8742.png,81,81
images_group_31_498_8743.png,сковъ,сковъ
images_group_31_498_8744.png,ки,кл
images_group_31_498_8745.png,сенки,сенки
images_group_31_498_8746.png,"62 р-""-","62 р - "" -"
images_group_31_498_8758.png,На,На
images_group_31_498_8759.png,заготовленіе,заготовленіе
images_group_31_498_8760.png,для,для
images_group_31_498_8761.png,пересыльной,пересыльной
images_group_31_498_8769.png,казармы,казармы
images_group_31_498_8770.png,новыхъ,новыхъ
images_group_31_498_8771.png,2 котловъ,2 котловъ
images_group_31_498_8772.png,и для,и для
images_group_31_498_8782.png,острога,острога
images_group_31_498_8783.png,разной,разной
images_group_31_498_8784.png,желѣзной,желѣзной
images_group_31_498_8785.png,и,и
images_group_31_498_8786.png,дере-,дере-
images_group_31_498_8787.png,вянной,вянной
images_group_31_498_8788.png,посуды,посуды
images_group_31_498_8789.png,и,и
images_group_31_498_8790.png,вещей.,вещей
images_group_31_498_8791.png,20-,20-
images_group_31_498_8792.png,39 к.,39 к.
images_group_31_498_8793.png,На,На
images_group_31_498_8794.png,отпечатаніе,отпечатаніе
images_group_31_498_8795.png,бланокъ,бланокъ
images_group_31_498_8796.png,для,для
images_group_31_498_8797.png,шнуровыхъ,шнуровыхъ
images_group_31_498_8798.png,книгъ,книгъ
images_group_31_498_8799.png,и,и
images_group_31_498_8800.png,бланокъ,бланокъ
images_group_31_498_8801.png,для,для
images_group_31_498_8802.png,переписки,переписки
images_group_31_498_8803.png,по,по
images_group_31_498_8804.png,Комитету.,Комитету.
images_group_31_498_8805.png,17-70-,17-70-
images_group_31_498_8806.png,Позаимствовано,Позаимствовано
images_group_31_498_8807.png,въ,въ
images_group_31_498_8808.png,казенную сум-,казенную сум-
images_group_31_498_8809.png,му,му
images_group_31_498_8810.png,по,по
images_group_31_498_8811.png,недостатку,недостатку
images_group_31_498_8812.png,оной на отоп-,оной на отоп-
images_group_31_498_8813.png,леніе,леніе
images_group_31_498_8814.png,и,и
images_group_31_498_8815.png,освѣщеніе,освѣщеніе
images_group_31_498_8816.png,тюремъ.,тюремъ.
images_group_31_498_8817.png,31-62.,31-62.
images_group_31_498_8818.png,387 р,387р
images_group_31_498_8819.png,15 к.,15 к.
images_group_31_498_8820.png,Итого,Итого
images_group_31_498_8821.png,16574-84-,16574-84
images_group_31_498_8822.png,Затѣмъ,Затѣмъ
images_group_31_498_8823.png,къ 1,къ 1
images_group_31_498_8824.png,января,января
images_group_31_498_8825.png,1859 г.,1859 г.
images_group_31_498_8826.png,осталось:,осталось:
images_group_31_498_8827.png,СШАГОВАНО,ОЦИФРОВАНО
images_group_31_498_8828.png,Наличными,Наличными
images_group_31_498_8829.png,"2987,41 1/4к","2987,41 1/4 к."
images_group_31_498_8830.png,Билетами,Билетами
images_group_31_498_8831.png,4475-66 1/2 %,4475-66 1/2
images_group_31_498_8832.png,2/4./2,26.12
images_group_31_498_8833.png,2022,2022
images_group_31_498_8834.png,7463-7 3/4,7463-7 3/4
images_group_31_498_8835.png,На,(х) На
images_group_31_498_8836.png,сей,сей
images_group_31_498_8837.png,капиталъ,капиталъ
images_group_31_498_8838.png,въ,въ
images_group_31_498_8839.png,тюремный,тюремный
images_group_31_498_8840.png,Комитетъ,Комитетъ
images_group_31_498_8841.png,про-,про-
images_group_31_498_8842.png,2.1.12.22г,21.12.22 г
images_group_31_498_8843.png,арх.,арх.
images_group_31_498_8844.png,.,I
images_group_31_498_8845.png,кат,кот
images_group_31_498_8846.png,центовъ,центовъ
images_group_31_498_8847.png,непоступало.,непоступало.
images_group_31_498_8853.png,Предсѣдатель,Предсѣдатель
images_group_31_498_8854.png,Комитета,Комитета
images_group_31_498_8855.png,Гражданскій Губернаторъ. Старии,Гражданскій Губернаторъ
images_group_31_4981_9217.png,33 об.,33 об.
images_group_31_4984_9983.png,35,35
images_group_31_4987_11131.png,36 об.,36 об.
images_group_31_499_12197.png,к,No
images_group_31_499_12198.png,665,665
images_group_31_499_12199.png,No687,No687
images_group_31_499_12200.png,он,оц
images_group_31_499_12201.png,Главное,Главное
images_group_31_499_12202.png,управление,управление
images_group_31_499_12203.png,восточной,восточной
images_group_31_499_12204.png,Сибири,Сибири
images_group_31_499_12205.png,оц,оц
images_group_31_499_12206.png,687,687
images_group_31_499_12207.png,24,24
images_group_31_499_12212.png,к-лед8,К-1898
images_group_31_499_12216.png,36,36
images_group_31_499_12217.png,22,24
images_group_31_499_12218.png,9,9
images_group_31_499_12226.png,Отчёт о,Отчёт о
images_group_31_499_12227.png,состоянии,состоянии
images_group_31_499_12228.png,Енисейской,Енисейской
images_group_31_499_12229.png,губернии,губернии
images_group_31_499_12230.png,за,32
images_group_31_499_12231.png,17.05,17.05
images_group_31_499_12232.png,1865г.,1865 г.
images_group_31_499_12233.png,1866,1866
images_group_31_499_12234.png,07.06.1860,07.06.1866
images_group_31_499_12235.png,На,На
images_group_31_499_12236.png,215,215
images_group_31_499_12237.png,листах,листах
images_group_31_499_12240.png,24,24
images_group_31_499_12243.png,9,9
images_group_31_499_12244.png,ед. хр. А.,ед. хр. No
images_group_31_499_12245.png,36,36
images_group_31_499_12248.png,СВ. К-1898,св. К-1898
images_group_31_499_12250.png,24,24
images_group_31_499_12253.png,оц,оц
images_group_31_499_12255.png,687,687
images_group_31_5_15255.png,73,73
images_group_31_5_15256.png,докъ 12 65,Фонд No1865
images_group_31_5_15258.png,1864,1864.
images_group_31_5_15267.png,Енисейской,Енисейской
images_group_31_5_15268.png,гиб,губ
images_group_31_5_15298.png,29 что,29/ III - 48
images_group_31_5_15299.png,Шаморъ,Шандр
images_group_31_5_15300.png,2958 р. км,29/III/58
images_group_31_5_15301.png,довсе,для
images_group_31_5_15303.png,вития,выписа
images_group_31_5_15304.png,Преметрона,Просмотрено
images_group_31_5_15305.png,14 1/2 12,14/XII - 72
images_group_31_5_15306.png,Киниски.,выписки.
images_group_31_5003_16707.png,44 об.,44 об.
images_group_31_5005_17422.png,45 об.,45 об.
images_group_31_5006_17869.png,46,46
images_group_31_5020_22304.png,54,54
images_group_31_5020_22307.png,53 об.,53 об.
images_group_31_5022_22430.png,55.об.,55 об.
images_group_31_5022_22444.png,56,56
images_group_31_4975_23208.png,30 об.,30 об.
images_group_31_5_23247.png,формъ No12.,Форма No3.
images_group_31_5_23248.png,6,6
images_group_31_5_23249.png,всеподолжение,всеподробейшего
images_group_31_5_23328.png,11 ренѣ,II/II 63
images_group_8_12662_0.png,Табель,Табель
images_group_8_12662_1.png,состояніи,состояніи
images_group_8_12662_2.png,Губерніи,Губерніи
images_group_8_12662_3.png,103,103
images_group_8_12662_4.png,Минусинскѣ,Минусинскѣ
images_group_8_12662_5.png,Въ,Въ
images_group_8_12662_6.png,99,99
images_group_8_12662_7.png,Енисейской,Енисейской
images_group_8_12662_8.png,Губерніи,Губерніи
images_group_8_12662_9.png,Красноярскѣ,Красноярскѣ
images_group_8_12662_10.png,Въ,Въ
images_group_8_12662_11.png,Въ,Въ
images_group_8_12662_12.png,Въ,Въ
images_group_8_12662_13.png,Минусинскѣ,Минусинскѣ
images_group_8_12662_14.png,Енисейскѣ,Енисейскѣ
images_group_8_12662_15.png,Въ,Въ
images_group_8_12662_16.png,Ачинскѣ,Ачинскѣ.
images_group_8_12662_17.png,Въ,Въ
images_group_8_12662_18.png,Ачинскѣ.,Ачинскѣ.
images_group_8_12662_19.png,Въ,Въ
images_group_8_12662_20.png,Канскѣ.,Канскѣ.
images_group_8_12662_21.png,Въ,Въ
images_group_8_12662_22.png,Енисейскѣ.,Енисейскѣ.
images_group_8_12662_23.png,Въ,Въ
images_group_8_12662_24.png,Канскѣ,Канскѣ.
images_group_8_12662_25.png,Въ,Въ
images_group_8_12662_26.png,Число,Число
images_group_8_12662_27.png,частей,частей
images_group_8_12662_28.png,въ,въ
images_group_8_12662_29.png,городѣ,городѣ
images_group_8_12662_30.png,1,1
images_group_8_12662_31.png,2,2
images_group_8_12662_32.png,Каменныхъ,Каменныхъ
images_group_8_12662_33.png,2,2
images_group_8_12662_34.png,2,2
images_group_8_12662_35.png,стіанскихъ,стіанскихъ
images_group_8_12662_36.png,Хри-,хри-
images_group_8_12662_37.png,Число,Число
images_group_8_12662_38.png,кварталовъ,кварталовъ
images_group_8_12662_39.png,2,2
images_group_8_12662_40.png,исповѣданій,исповѣданій
images_group_8_12662_41.png,деревянныхъ,деревянныхъ
images_group_8_12662_42.png,Большихъ,Большихъ
images_group_8_12662_43.png,улицъ,улицъ
images_group_8_12662_44.png,7,7
images_group_8_12662_45.png,24,24
images_group_8_12662_46.png,2,2
images_group_8_12662_47.png,3,3
images_group_8_12662_48.png,8,8
images_group_8_12662_49.png,Переулковъ,Переулковъ
images_group_8_12662_50.png,12,12
images_group_8_12662_51.png,20,20
images_group_8_12662_52.png,13,13
images_group_8_12662_53.png,4,4
images_group_8_12662_54.png,5,5
images_group_8_12662_55.png,Магометанскихъ,Магометанскихъ
images_group_8_12662_56.png,Мечетей,Мечетей
images_group_8_12662_57.png,Мостовъ,Мостовъ
images_group_8_12662_58.png,чрезъ,чрезъ
images_group_8_12662_59.png,рѣки,рѣки
images_group_8_12662_60.png,и рѣчки.,и рѣчки.
images_group_8_12662_61.png,10,10
images_group_8_12662_62.png,2,2
images_group_8_12662_63.png,деревянныхъ,Деревянныхъ
images_group_8_12662_64.png,5,5
images_group_8_12662_65.png,Ламскихъ,Ламскихъ
images_group_8_12662_66.png,кумиренъ.,кумиренъ
images_group_8_12662_67.png,Каменныхъ,Каменныхъ
images_group_8_12662_68.png,1,1
images_group_8_12662_69.png,Каменныхъ.,Каменныхъ
images_group_8_12662_70.png,Церквей:,Церквей:
images_group_8_12662_71.png,Соборовъ,Соборовъ
images_group_8_12662_72.png,деревянныхъ,Деревянныхъ
images_group_8_12662_73.png,деревянныхъ,Деревянныхъ
images_group_8_12662_74.png,Каменныхъ,Каменныхъ
images_group_8_12662_75.png,Мужескихъ,мужескихъ
images_group_8_12662_76.png,Казенныхъ,Казенныхъ
images_group_8_12662_77.png,Монастырей,Монастырей
images_group_8_12662_78.png,деревянныхъ,деревянныхъ
images_group_8_12662_79.png,34,34
images_group_8_12662_80.png,женскихъ.,женскихъ.
images_group_8_12662_81.png,Каменныхъ,Каменныхъ
images_group_8_12662_82.png,Каменныхъ,Каменныхъ
images_group_8_12662_83.png,До-,До-
images_group_8_12662_85.png,Обществен-,Обществен-
images_group_8_12662_86.png,Греко-,Греко-
images_group_8_12662_87.png,Россійскаго,Россійскаго
images_group_8_12662_88.png,ныхъ,ныхъ
images_group_8_12662_89.png,2,2
images_group_8_12662_90.png,Деревянныхъ,Деревянныхъ
images_group_8_12662_91.png,деревянныхъ,деревянныхъ
images_group_8_12662_92.png,29,29
images_group_8_12662_93.png,13,13
images_group_8_12662_94.png,Каменныхъ,Каменныхъ
images_group_8_12662_95.png,Обыватель-,Обыватель-
images_group_8_12662_96.png,Каменныхъ,Каменныхъ
images_group_8_12662_97.png,скихъ,скихъ
images_group_8_12662_98.png,Католическихъ,Католическихъ
images_group_8_12662_99.png,925,925
images_group_8_12662_100.png,"1,074",1074
images_group_8_12662_101.png,380,380
images_group_8_12662_102.png,208,208
images_group_8_12662_103.png,211.,211.
images_group_8_12662_104.png,Деревянныхъ,деревянныхъ
images_group_8_12662_105.png,деревянныхъ,Деревянныхъ
images_group_8_12683_3357.png,1Х.,IX.
images_group_8_12683_3358.png,о,о
images_group_8_12683_3359.png,и,и
images_group_8_12683_3360.png,во-,во-
images_group_8_12683_3361.png,ревизскихъ,ревизскихъ
images_group_8_12683_3362.png,Число,Число
images_group_8_12683_3363.png,душъ,душъ
images_group_8_12683_3364.png,Къ,Къ
images_group_8_12683_3365.png,какому,какому
images_group_8_12683_3366.png,при-,при-
images_group_8_12683_3367.png,классу,классу
images_group_8_12683_3368.png,числены,числены
images_group_8_12683_3369.png,раскладкѣ.,раскладкѣ.
images_group_8_12683_3370.png,по,по
images_group_8_12683_3371.png,содержаніе,содержаніе
images_group_8_12683_3372.png,Руб.,Руб.
images_group_8_12683_3373.png,поч-,поч-
images_group_8_12683_3374.png,На,На
images_group_8_12683_3375.png,товыхъ,товыхъ
images_group_8_12683_3376.png,лошадей.,лошадей.
images_group_8_12683_3377.png,коп.,коп.
images_group_8_12683_3378.png,На,На
images_group_8_12683_3379.png,Руб.,Руб.
images_group_8_12683_3380.png,Земскія,Земскія
images_group_8_12683_3381.png,дорогъ.,дорогъ.
images_group_8_12683_3382.png,коп.,коп.
images_group_8_12683_3383.png,Руб.,Руб.
images_group_8_12683_3384.png,Этаповъ.,Этаповъ.
images_group_8_12683_3385.png,коп.,коп.
images_group_8_12683_3386.png,и освѣщ.,и освѣщ.
images_group_8_12683_3387.png,Руб.,Руб.
images_group_8_12683_3388.png,повинности.,повинности.
images_group_8_12683_3389.png,помѣщеній,помѣщеній
images_group_8_12683_3390.png,воинск.,воинск.
images_group_8_12683_3391.png,коп.,коп.
images_group_8_12683_3392.png,повин.,повин.
images_group_8_12683_3393.png,Руб.,Руб.
images_group_8_12683_3394.png,сборомъ,сборомъ.
images_group_8_12683_3395.png,единоврем-,единоврем-
images_group_8_12683_3396.png,коп.,коп.
images_group_8_12683_3397.png,повин-,повин-
images_group_8_12683_3398.png,Руб.,Руб.
images_group_8_12683_3399.png,Земск.,Земск.
images_group_8_12683_3400.png,ности,ности
images_group_8_12683_3401.png,коп.,коп.
images_group_8_12683_3402.png,Руб.,Руб.
images_group_8_12683_3403.png,душ.,душ.
images_group_8_12683_3404.png,Съ,Съ
images_group_8_12683_3405.png,кажд.,кажд.
images_group_8_12683_3406.png,коп.,коп.
images_group_8_12683_3407.png,Го-,Го-
images_group_8_12683_3408.png,Волостн.,Волостн.
images_group_8_12683_3409.png,Руб.,Руб.
images_group_8_12683_3410.png,лов.,лов.
images_group_8_12683_3411.png,Стар.,Стар.
images_group_8_12683_3412.png,коп.,коп.
images_group_8_12683_3413.png,и,и
images_group_8_12683_3414.png,Руб.,Руб.
images_group_8_12683_3415.png,Писарямъ.,Писарямъ.
images_group_8_12683_3416.png,коп.,коп.
images_group_8_12683_3417.png,Руб.,Руб.
images_group_8_12683_3418.png,Сторожамъ,Сторожамъ
images_group_8_12683_3419.png,коп.,коп.
images_group_8_12683_3420.png,Волост.,Волост.
images_group_8_12683_3421.png,содерж.,содерж.
images_group_8_12683_3422.png,Руб.,Руб.
images_group_8_12683_3423.png,правл.,правл.
images_group_8_12683_3424.png,канц.,канц.
images_group_8_12683_3425.png,расх.,расх.
images_group_8_12683_3426.png,коп.,коп.
images_group_8_12683_3427.png,Этап-,Этап-
images_group_8_12683_3428.png,Руб.,Руб.
images_group_8_12683_3429.png,помѣщеній.,помѣщеній.
images_group_8_12683_3430.png,ныхъ,ныхъ
images_group_8_12683_3431.png,коп.,коп.
images_group_8_12683_3432.png,почто-,почто-
images_group_8_12683_3433.png,Руб.,Руб.
images_group_8_12683_3434.png,выхъ,выхъ
images_group_8_12683_3435.png,коп.,коп.
images_group_8_12683_3436.png,обществен,обществен
images_group_8_12683_3437.png,"строеній,","строеній,"
images_group_8_12683_3438.png,Руб.,Руб.
images_group_8_12683_3439.png,ныхъ,ныхъ
images_group_8_12683_3440.png,мага-,мага-
images_group_8_12683_3441.png,и,и
images_group_8_12683_3442.png,коп.,коп.
images_group_8_12683_3443.png,инструменты.,инструменты.
images_group_8_12683_3444.png,доставл.,доставл.
images_group_8_12683_3445.png,Госу-,Госу-
images_group_8_12683_3446.png,На,На
images_group_8_12683_3447.png,Руб.,Руб.
images_group_8_12683_3448.png,дарствен.,дарствен.
images_group_8_12683_3449.png,податей.,податей.
images_group_8_12683_3450.png,коп.,коп.
images_group_8_12683_3451.png,разныхъ,разныхъ
images_group_8_12683_3452.png,Руб.,Руб.
images_group_8_12683_3453.png,обществен,обществен
images_group_8_12683_3454.png,"людей,","людей,"
images_group_8_12683_3455.png,по,по
images_group_8_12683_3456.png,дѣламъ,дѣламъ
images_group_8_12683_3457.png,раз-,раз-
images_group_8_12683_3458.png,нымъ,нымъ
images_group_8_12683_3459.png,коп.,коп.
images_group_8_12683_3460.png,Волост-,Волост-
images_group_8_12683_3461.png,Руб.,Руб.
images_group_8_12683_3462.png,подводъ.,подводъ.
images_group_8_12683_3463.png,ныхъ,ныхъ
images_group_8_12683_3464.png,коп.,коп.
images_group_8_12683_3465.png,всѣ,всѣ
images_group_8_12683_3466.png,повин-,повин-
images_group_8_12683_3467.png,Руб.,Руб.
images_group_8_12683_3468.png,волос.,волос.
images_group_8_12683_3469.png,ност.,ност.
images_group_8_12683_3470.png,коп.,коп.
images_group_8_12683_3471.png,Руб.,Руб.
images_group_8_12683_3472.png,коп.,коп.
images_group_8_12683_3473.png,Руб.,Руб.
images_group_8_12683_3474.png,коп.,коп.
images_group_8_12683_3475.png,Руб.,Руб.
images_group_8_12683_3476.png,Сумма.,Сумма.
images_group_8_12683_3477.png,коп.,коп.
images_group_8_12683_3478.png,125,125
images_group_8_12683_3479.png,душ.,душ.
images_group_8_12683_3480.png,лостей.,лостей.
images_group_8_12683_3481.png,Енисейской,Енисейской
images_group_8_12683_3482.png,129,129
images_group_8_12683_3483.png,Инородцевъ,Инородцевъ
images_group_8_12683_3484.png,"Управъ,","Управъ,"
images_group_8_12683_3485.png,въ,въ
images_group_8_12683_3486.png,вѣ-,вѣ-
images_group_8_12683_3487.png,домствѣ,домствѣ
images_group_8_12683_3488.png,Кы-,Кы-
images_group_8_12683_3489.png,зыльской,зыльской
images_group_8_12683_3490.png,Степ-,Степ-
images_group_8_12683_3491.png,ной,ной
images_group_8_12683_3492.png,думы,думы
images_group_8_12683_3493.png,состоящихъ,состоящихъ.
images_group_8_12683_3494.png,2279,2279
images_group_8_12683_3495.png,5,5
images_group_8_12683_3496.png,200,200
images_group_8_12683_3497.png,22,22
images_group_8_12683_3498.png,20,20
images_group_8_12683_3499.png,142,142
images_group_8_12683_3500.png,34,34
images_group_8_12683_3501.png,28 4/7,28 4/7
images_group_8_12683_3502.png,420,420
images_group_8_12683_3503.png,18 3/7,18 3/7
images_group_8_12683_3504.png,43 4/7,43 4/7
images_group_8_12683_3505.png,993,993
images_group_8_12683_3506.png,Мелетской,Мелетской
images_group_8_12683_3507.png,Управы.,Управы.
images_group_8_12683_3508.png,456,456
images_group_8_12683_3509.png,5,5
images_group_8_12683_3510.png,114,114
images_group_8_12683_3511.png,7,7
images_group_8_12683_3512.png,30.,30.
images_group_8_12683_3513.png,21,21
images_group_8_12683_3514.png,18,18
images_group_8_12683_3515.png,57 1/7,57 1/7
images_group_8_12683_3516.png,161,161
images_group_8_12683_3517.png,58 4/7,58 4/7
images_group_8_12683_3518.png,35 5/7,35 5/7
images_group_8_12683_3519.png,161,161
images_group_8_12683_3520.png,58 4/7,58 4/7
images_group_8_12683_3521.png,отдѣльной,отдѣльной
images_group_8_12683_3522.png,2735,2735
images_group_8_12683_3523.png,573,573
images_group_8_12683_3524.png,314,314
images_group_8_12683_3525.png,28 4/7,28 4/7
images_group_8_12683_3526.png,41,41
images_group_8_12683_3527.png,161,161
images_group_8_12683_3528.png,42 6/7,42 6/7
images_group_8_12683_3529.png,34,34
images_group_8_12683_3530.png,581,581
images_group_8_12683_3531.png,94 3/7,94 2/7
images_group_8_12683_3532.png,1154,1154
images_group_8_12683_3533.png,84 6/7,84 6/7
images_group_8_12683_3534.png,Дворовыхъ,Дворовыхъ
images_group_8_12683_3535.png,людей,людей
images_group_8_12683_3536.png,по,по
images_group_8_12683_3537.png,округѣ,округѣ
images_group_8_12683_3538.png,"12,991","12,991"
images_group_8_12683_3539.png,649,649
images_group_8_12683_3540.png,34,34
images_group_8_12683_3541.png,11024,11024
images_group_8_12683_3542.png,69 3/7,69 3/7
images_group_8_12683_3543.png,Ачинской,Ачинской
images_group_8_12683_3544.png,4.,4.
images_group_8_12683_3545.png,Въ,Въ
images_group_8_12683_3546.png,Кан-,Кан-
images_group_8_12683_3547.png,скомъ,скомъ
images_group_8_12683_3548.png,округѣ.,округѣ.
images_group_8_12683_3549.png,282,282
images_group_8_12683_3550.png,66 2/7,66 3/7
images_group_8_12683_3551.png,1186,1186
images_group_8_12683_3552.png,56 6/7,56 6/7
images_group_8_12683_3553.png,Тасѣевской,Тасѣевской
images_group_8_12683_3554.png,1787,1787
images_group_8_12683_3555.png,2,2
images_group_8_12683_3556.png,74,74
images_group_8_12683_3557.png,14,14
images_group_8_12683_3558.png,Устьянской,Устьянской.
images_group_8_12683_3559.png,2436,2436
images_group_8_12683_3560.png,3,3
images_group_8_12683_3561.png,301,301
images_group_8_12683_3562.png,24 4/7,24 4/7
images_group_8_12683_3563.png,920,920
images_group_8_12683_3564.png,42 6/7,42 6/7
images_group_8_12683_3565.png,85,85
images_group_8_12683_3566.png,71 6/7,71 6/7
images_group_8_12683_3567.png,21,21
images_group_8_12683_3568.png,Рыбинской,Рыбинской
images_group_8_12683_3569.png,2680,2680
images_group_8_12683_3570.png,3,3
images_group_8_12683_3571.png,2044,2044
images_group_8_12683_3572.png,71 6/7,71 6/7
images_group_8_12683_3573.png,280,280
images_group_8_12683_3574.png,45 5/7,45 5/7
images_group_8_12683_3575.png,съ,Съ
images_group_8_12683_3576.png,поселенцовъ,поселенцовъ
images_group_8_12683_3577.png,въ,въ
images_group_8_12683_3578.png,крестьян-,крестьян-
images_group_8_12683_3579.png,скомъ,скомъ
images_group_8_12683_3580.png,окладѣ,окладѣ
images_group_8_12683_3581.png,состоящихъ,состоящихъ
images_group_8_12683_3582.png,268,268
images_group_8_12683_3583.png,57 1/7,57 1/7
images_group_8_12683_3584.png,91 3/7,91 3/7
images_group_8_12683_3585.png,1625,1625
images_group_8_12683_3586.png,69 3/7,69 3/7
images_group_8_12683_3587.png,28 4/7,28 4/7
images_group_8_12683_3588.png,Уринской.,Уринской.
images_group_8_12683_3589.png,1779,1779
images_group_8_12683_3590.png,3,3
images_group_8_12683_3591.png,317,317
images_group_8_12683_3592.png,14 2/7,14 2/7
images_group_8_12683_3593.png,44 2/7,44 2/7
images_group_8_12683_3594.png,518,518
images_group_8_12683_3595.png,41 5/7,41 1/7
images_group_8_12683_3596.png,3,3
images_group_8_12691_4657.png,136,136
images_group_8_12691_4658.png,XIII,XIII
images_group_8_12691_4659.png,Табель,Табель
images_group_8_12691_4660.png,цѣнамъ,цѣнамъ
images_group_8_12691_4661.png,на,на
images_group_8_12691_4662.png,разныя,разныя
images_group_8_12691_4663.png,По,По
images_group_8_12691_4664.png,Енисейской,Енисейской
images_group_8_12691_4665.png,Красноярскаго,Красноярскаго
images_group_8_12691_4666.png,округа.,округа.
images_group_8_12691_4667.png,Енисейскаго,Енисейскаго
images_group_8_12691_4668.png,округа.,округа.
images_group_8_12691_4669.png,Ачинскаго,Ачинскаго
images_group_8_12691_4670.png,округа.,округа.
images_group_8_12691_4671.png,Минусинскаго,Минусинскаго
images_group_8_12691_4672.png,округа.,округа.
images_group_8_12691_4673.png,Канскаго,Канскаго
images_group_8_12691_4674.png,округа.,округа.
images_group_8_12691_4675.png,Въ,Въ
images_group_8_12691_4676.png,городѣ.,городѣ.
images_group_8_12691_4677.png,Въ,Въ
images_group_8_12691_4678.png,уѣздѣ.,уѣздѣ.
images_group_8_12691_4679.png,Въ,Въ
images_group_8_12691_4680.png,городѣ.,городѣ.
images_group_8_12691_4681.png,Въ,Въ
images_group_8_12691_4682.png,уѣздѣ.,уѣздѣ.
images_group_8_12691_4683.png,Въ,Въ
images_group_8_12691_4684.png,городѣ.,городѣ.
images_group_8_12691_4685.png,Въ,Въ
images_group_8_12691_4686.png,уѣздѣ.,уѣздѣ.
images_group_8_12691_4687.png,Въ,Въ
images_group_8_12691_4688.png,городѣ.,городѣ.
images_group_8_12691_4689.png,Въ,Въ
images_group_8_12691_4690.png,уѣздѣ.,уѣздѣ.
images_group_8_12691_4691.png,Въ,Въ
images_group_8_12691_4692.png,городѣ.,городѣ.
images_group_8_12691_4693.png,Въ,Въ
images_group_8_12691_4694.png,уѣздѣ.,уѣздѣ.
images_group_8_12691_4695.png,Самая,Самая
images_group_8_12691_4696.png,Самая,Самая
images_group_8_12691_4697.png,Самая,Самая
images_group_8_12691_4698.png,Самая,Самая
images_group_8_12691_4699.png,Самая,Самая
images_group_8_12691_4700.png,Самая,Самая
images_group_8_12691_4701.png,Самая,Самая
images_group_8_12691_4702.png,Самая,Самая
images_group_8_12691_4703.png,Самая,Самая
images_group_8_12691_4704.png,Самая,Самая
images_group_8_12691_4705.png,Самая,Самая
images_group_8_12691_4706.png,Самая,Самая
images_group_8_12691_4707.png,Самая,Самая
images_group_8_12691_4708.png,нис-,нис-
images_group_8_12691_4709.png,высо-,высо-
images_group_8_12691_4710.png,нис-,нис-
images_group_8_12691_4711.png,высо-,высо-
images_group_8_12691_4712.png,нис-,нис-
images_group_8_12691_4713.png,высо-,высо-
images_group_8_12691_4714.png,нис-,нис-
images_group_8_12691_4715.png,выхо-,высо-
images_group_8_12691_4716.png,нис-,нис-
images_group_8_12691_4717.png,высо-,высо-
images_group_8_12691_4718.png,нис-,нис-
images_group_8_12691_4719.png,высо-,высо-
images_group_8_12691_4720.png,нис-,нис-
images_group_8_12691_4721.png,высо-,высо-
images_group_8_12691_4722.png,нис-,нис-
images_group_8_12691_4723.png,высо-,высо-
images_group_8_12691_4724.png,нис-,нис-
images_group_8_12691_4725.png,высо-,высо-
images_group_8_12691_4726.png,нис-,нис-
images_group_8_12691_4727.png,высо-,высо-
images_group_8_12691_4728.png,1.,1.
images_group_8_12691_4729.png,Жизненныя,Жизненныя
images_group_8_12691_4730.png,кая.,кая.
images_group_8_12691_4731.png,кая.,кая.
images_group_8_12691_4732.png,кая.,кая.
images_group_8_12691_4733.png,кая.,кая.
images_group_8_12691_4734.png,кая.,кая.
images_group_8_12691_4735.png,кая.,кая.
images_group_8_12691_4736.png,кая.,кая.
images_group_8_12691_4737.png,кая.,кая.
images_group_8_12691_4738.png,кая.,кая.
images_group_8_12691_4739.png,кая.,кая.
images_group_8_12691_4740.png,кая.,кая.
images_group_8_12691_4741.png,кая.,кая.
images_group_8_12691_4742.png,кая.,кая.
images_group_8_12691_4743.png,кая.,кая.
images_group_8_12691_4744.png,кая.,кая.
images_group_8_12691_4745.png,кая.,кая.
images_group_8_12691_4746.png,кая.,кая.
images_group_8_12691_4747.png,кая.,кая.
images_group_8_12691_4748.png,кая.,кая.
images_group_8_12691_4749.png,кая.,кая.
images_group_8_12691_4750.png,Рубли,Рубли
images_group_8_12691_4751.png,коп.,коп.
images_group_8_12691_4752.png,Рубли,Рубли
images_group_8_12691_4753.png,коп.,коп.
images_group_8_12691_4754.png,Рубли,Рубли
images_group_8_12691_4755.png,коп.,Коп.
images_group_8_12691_4756.png,Рубли,Рубли
images_group_8_12691_4757.png,коп.,коп.
images_group_8_12691_4758.png,Рубли,Рубли
images_group_8_12691_4759.png,коп.,коп.
images_group_8_12691_4760.png,Рубли,Рубли
images_group_8_12691_4761.png,коп.,коп.
images_group_8_12691_4762.png,Рубли,Рубли
images_group_8_12691_4763.png,коп.,коп.
images_group_8_12691_4764.png,Рубли,Рубли
images_group_8_12691_4765.png,коп.,коп.
images_group_8_12691_4766.png,Рубли,Рубли
images_group_8_12691_4767.png,коп.,коп.
images_group_8_12691_4768.png,Рубли,Рубли
images_group_8_12691_4769.png,коп.,коп.
images_group_8_12691_4770.png,Рубли,Рубли
images_group_8_12691_4771.png,коп.,коп.
images_group_8_12691_4772.png,Рубли,Рубли
images_group_8_12691_4773.png,коп.,коп.
images_group_8_12691_4774.png,Рубли,Рубли
images_group_8_12691_4775.png,коп.,коп.
images_group_8_12691_4776.png,Рубли,Рубли
images_group_8_12691_4777.png,коп.,коп.
images_group_8_12691_4778.png,Рубли,Рубли
images_group_8_12691_4779.png,коп.,коп.
images_group_8_12691_4780.png,Рубли,Рубли
images_group_8_12691_4781.png,коп.,коп.
images_group_8_12691_4782.png,Рубли,Рубли
images_group_8_12691_4783.png,коп.,коп.
images_group_8_12691_4784.png,Рубли,Рубли
images_group_8_12691_4785.png,коп.,коп.
images_group_8_12691_4786.png,Рубли,Рубли
images_group_8_12691_4787.png,коп.,коп.
images_group_8_12691_4788.png,Рубли,Рубли
images_group_8_12691_4789.png,коп.,коп.
images_group_8_12691_4790.png,потребности.,потребности.
images_group_8_12691_4791.png,Четверть,Четверть
images_group_8_12691_4792.png,ржи,ржи
images_group_8_12691_4793.png,4,4
images_group_8_12691_4794.png,2 2/7,2 2/4
images_group_8_12691_4795.png,6,6
images_group_8_12691_4796.png,28 4/7,28 4/7
images_group_8_12691_4797.png,9,9
images_group_8_12691_4798.png,9,9
images_group_8_12691_4799.png,14 2/7,14 2/7
images_group_8_12691_4800.png,9,9
images_group_8_12691_4801.png,70,70
images_group_8_12691_4802.png,87 3/7,87 3/7
images_group_8_12691_4803.png,7,7
images_group_8_12691_4804.png,71 1/7,71 1/7
images_group_8_12691_4805.png,7,7
images_group_8_12691_4806.png,88 4/7,88 4/7
images_group_8_12691_4807.png,7,7
images_group_8_12691_4808.png,7,7
images_group_8_12691_4809.png,84 2/7,84 2/7
images_group_8_12691_4810.png,64 2/7,64 2/7
images_group_8_12691_4811.png,8,8
images_group_8_12691_4812.png,8,8
images_group_8_12691_4813.png,19 4/7,19 4/7
images_group_8_12691_4814.png,3,3
images_group_8_12691_4815.png,65 5/7,65 5/7
images_group_8_12691_4816.png,4,4
images_group_8_12691_4817.png,34 2/7,34 2/7
images_group_8_12691_4818.png,3,3
images_group_8_12691_4819.png,65 1/7,65 1/7
images_group_8_12691_4820.png,4,4
images_group_8_12691_4821.png,34 2/7,34 2/7
images_group_8_12691_4822.png,5 5/7,5 5/7
images_group_8_12691_4823.png,51 5/7,51 5/7
images_group_8_12691_4824.png,1,1
images_group_8_12691_4825.png,10,10
images_group_8_12691_4826.png,1,1
images_group_8_12691_4827.png,15 5/7,15 1/7
images_group_8_12691_4828.png,71 3/7,71 3/7
images_group_8_12691_4829.png,1.,1.
images_group_8_12691_4830.png,9,9
images_group_8_12691_4831.png,9,9
images_group_8_12691_4832.png,пудъ,Пудъ
images_group_8_12691_4833.png,муки,муки
images_group_8_12691_4834.png,ржаной,ржаной
images_group_8_12691_4835.png,37 3/7,37 3/7
images_group_8_12691_4836.png,1,1
images_group_8_12691_4837.png,1,1
images_group_8_12691_4838.png,5,5
images_group_8_12691_4839.png,85 2/7,85 6/7
images_group_8_12691_4840.png,41 2/7,71 2/7
images_group_8_12691_4841.png,9,9
images_group_8_12691_4842.png,1,1
images_group_8_12691_4843.png,14 2/7,14 2/7
images_group_8_12691_4844.png,4,4
images_group_8_12691_4845.png,64 2/7,64 2/7
images_group_8_12691_4846.png,34 3/7,34 3/7
images_group_8_12691_4847.png,14 2/7,14 2/7
images_group_8_12691_4848.png,8,8
images_group_8_12691_4849.png,1,1
images_group_8_12691_4850.png,1,1.
images_group_8_12691_4851.png,14 2/7,14 2/7
images_group_8_12691_4852.png,97 1/7,97 1/7
images_group_8_12691_4853.png,57 2/7,57 1/7
images_group_8_12691_4854.png,Пшеничной,Пшеничной
images_group_8_12691_4855.png,77 1/7,77 1/7
images_group_8_12691_4856.png,1,1
images_group_8_12691_4857.png,71 3/7,71 3/7
images_group_8_12691_4858.png,92 6/7,92 6/7
images_group_8_12691_4859.png,1,1
images_group_8_12691_4860.png,46,46
images_group_8_12691_4861.png,1,1
images_group_8_12691_4862.png,69,69
images_group_8_12691_4863.png,1,1
images_group_8_12691_4864.png,7 1/7,7 1/7
images_group_8_12691_4865.png,1,1
images_group_8_12691_4866.png,21 3/7,21 3/7
images_group_8_12691_4867.png,1,1
images_group_8_12691_4868.png,1,1
images_group_8_12691_4869.png,20,20
images_group_8_12691_4870.png,12 6/7,12 6/7
images_group_8_12691_4871.png,61 3/7,61 3/7
images_group_8_12691_4872.png,71 3/7,71 3/7
images_group_8_12691_4873.png,74 2/7,74 2/7
images_group_8_12691_4874.png,Ячныхъ,Ячныхъ
images_group_8_12691_4875.png,85 5/7,85 5/7
images_group_8_12691_4876.png,1,1
images_group_8_12691_4877.png,71 3/7,71 3/7
images_group_8_12691_4878.png,1,1
images_group_8_12691_4879.png,8 4/7,8 4/7
images_group_8_12691_4880.png,1,1
images_group_8_12691_4881.png,11,11
images_group_8_12691_4882.png,20,20
images_group_8_12691_4883.png,12,12
images_group_8_12691_4884.png,80,80
images_group_8_12691_4885.png,12,12
images_group_8_12691_4886.png,13,13
images_group_8_12691_4887.png,8,8
images_group_8_12691_4888.png,35 5/7,35 5/7
images_group_8_12691_4889.png,9,9
images_group_8_12691_4890.png,82 6/7,82 6/7
images_group_8_12691_4891.png,14 2/7,14 2/7
images_group_8_12691_4892.png,1,1
images_group_8_12691_4893.png,р,1
images_group_8_12691_4894.png,2,2
images_group_8_12691_4895.png,1,1
images_group_8_12691_4896.png,1,1
images_group_8_12691_4897.png,71 3/7,71 3/7
images_group_8_12691_4898.png,крупъ,крупъ
images_group_8_12691_4899.png,Гречневыхъ,Гречневыхъ
images_group_8_12691_4900.png,91 3/7,91 3/7
images_group_8_12691_4901.png,1,1
images_group_8_12691_4902.png,57 1/7,57 1/7
images_group_8_12691_4903.png,1.,1.
images_group_8_12691_4904.png,71 3/7,71 3/7
images_group_8_12691_4905.png,50,50.
images_group_8_12691_4906.png,Просовыхъ,Просовыхъ
images_group_8_12691_4907.png,Гороху,Гороху
images_group_8_12691_4908.png,1,1
images_group_8_12691_4909.png,42 6/7,42 6/7
images_group_8_12691_4910.png,7 1/7,7 1/7
images_group_8_12691_4911.png,14 2/7,14 2/7
images_group_8_12691_4912.png,31 4/7,31 1/7
images_group_8_12691_4913.png,71 3/7,71 3/7
images_group_8_12691_4914.png,Четверть,Четверть
images_group_8_12691_4915.png,овса.,овса.
images_group_8_12691_4916.png,2,2
images_group_8_12691_4917.png,2,2
images_group_8_12691_4918.png,20,20
images_group_8_12691_4919.png,4,4
images_group_8_12691_4920.png,71 3/7,71 3/7
images_group_8_12691_4921.png,3,3
images_group_8_12691_4922.png,3,3
images_group_8_12691_4923.png,58,58
images_group_8_12691_4924.png,3,3
images_group_8_12691_4925.png,85 5/7,85 5/7
images_group_8_12691_4926.png,7,7
images_group_8_12691_4927.png,4,4
images_group_8_12691_4928.png,71 3/7,71 3/7
images_group_8_12691_4929.png,4,4
images_group_8_12691_4930.png,87 1/7,87 1/7
images_group_8_12691_4931.png,3,3
images_group_8_12691_4932.png,76,76
images_group_8_12691_4933.png,4,4
images_group_8_12691_4934.png,2,2
images_group_8_12691_4935.png,20,20
images_group_8_12691_4936.png,2,2
images_group_8_12691_4937.png,2,2
images_group_8_12691_4938.png,6,6
images_group_8_12691_4939.png,85 5/7,85 5/7
images_group_8_12691_4940.png,6,6
images_group_8_12691_4941.png,6,6
images_group_8_12691_4942.png,Пудъ,Пудъ
images_group_8_12691_4943.png,сѣна,сѣна
images_group_8_12691_4944.png,10,10
images_group_8_12691_4945.png,34 2/7,34 2/7
images_group_8_12691_4946.png,5 1/7,5 1/7
images_group_8_12691_4947.png,20,20
images_group_8_12691_4948.png,18,18
images_group_8_12691_4949.png,21,21
images_group_8_12691_4950.png,14,14
images_group_8_12691_4951.png,17 3/7,77 1/7
images_group_8_12691_4952.png,71 3/7,71 3/7
images_group_8_12691_4953.png,21 3/7,21 3/7
images_group_8_12691_4954.png,12 6/7,12 6/7
images_group_8_12691_4955.png,10.,10.
images_group_8_12691_4956.png,17 1/7,14 1/7
images_group_8_12691_4957.png,28 4/7,28 4/7
images_group_8_12691_4958.png,28 4/7,28 4/7
images_group_8_12691_4959.png,5,5
images_group_8_12691_4960.png,пудъ,пудъ
images_group_8_12691_4961.png,скотскаго,скотскаго
images_group_8_12691_4962.png,леса,мяса.
images_group_8_12691_4963.png,1,1
images_group_8_12691_4964.png,2,2
images_group_8_12691_4965.png,57 1/7,57 1/7
images_group_8_12691_4966.png,1,1
images_group_8_12691_4967.png,47 1/7,47 1/7
images_group_8_12691_4968.png,1,1
images_group_8_12691_4969.png,83 1/7,83 1/7
images_group_8_12691_4970.png,1,1
images_group_8_12691_4971.png,14 2/7,14 2/7
images_group_8_12691_4972.png,2,2
images_group_8_12691_4973.png,57 1/7,57 1/7
images_group_8_12691_4974.png,1,1
images_group_8_12691_4975.png,71 3/7,71 3/7
images_group_8_12691_4976.png,1,1
images_group_8_12691_4977.png,82 6/7,82 6/7
images_group_8_12691_4978.png,1,1
images_group_8_12691_4979.png,1.,1.
images_group_8_12691_4980.png,свежей,свежей
images_group_8_12691_4981.png,осетрины,осетрины
images_group_8_12691_4982.png,4,4
images_group_8_12691_4983.png,2,2
images_group_8_12691_4984.png,82,82
images_group_8_12691_4985.png,3,3
images_group_8_12691_4986.png,80,80
images_group_8_12691_4987.png,3,3
images_group_8_12691_4988.png,5,5
images_group_8_12691_4989.png,4,4
images_group_8_12691_4990.png,57 1/7,57 1/7
images_group_8_12691_4991.png,6,6
images_group_8_12691_4992.png,28 4/7,28 4/7
images_group_8_12691_4993.png,6,6
images_group_8_12691_4994.png,14 2/7,14 2/7
images_group_8_12691_4995.png,4,4
images_group_8_12691_4996.png,5,5
images_group_8_12691_4997.png,2,2
images_group_8_12691_4998.png,40,40
images_group_8_12691_4999.png,3,3
images_group_8_12691_5000.png,10,10
images_group_8_12691_5001.png,Стерлядины,стерлядины
images_group_8_12691_5002.png,5,5
images_group_8_12691_5003.png,5,5
images_group_8_12691_5004.png,71 3/7,71 3/7
images_group_8_12691_5005.png,2,2
images_group_8_12691_5006.png,28 4/7,28 4/7
images_group_8_12691_5007.png,1,1
images_group_8_12691_5008.png,8 4/7,8 4/7
images_group_8_12691_5009.png,Рыбы,Рыбы
images_group_8_12691_5010.png,1,1
images_group_8_12691_5011.png,2,2
images_group_8_12691_5012.png,85,85
images_group_8_12691_5013.png,3,3
images_group_8_12691_5014.png,1,1
images_group_8_12691_5015.png,3,3
images_group_8_12691_5016.png,90,90
images_group_8_12691_5017.png,2,2
images_group_8_12691_5018.png,3,3
images_group_8_12691_5019.png,42 6/7,42 6/7
images_group_8_12691_5020.png,1,1
images_group_8_12691_5021.png,71 3/7,71 3/7
images_group_8_12691_5022.png,1,1
images_group_8_12691_5023.png,1,1
images_group_8_12691_5024.png,пубъ,пудъ
images_group_8_12691_5025.png,Сухой,Сухой
images_group_8_12691_5026.png,чировой.,чировой
images_group_8_12691_5027.png,4,4
images_group_8_12691_5028.png,5.,5.
images_group_8_12691_5029.png,Отднятся,Отделенія
images_group_8_12691_5030.png,2,2
images_group_8_12691_5031.png,34,34
images_group_8_12691_5032.png,2,2
images_group_8_12691_5033.png,65.,65
images_group_8_12691_5034.png,соленой,соленой
images_group_8_12691_5035.png,осетрины,осетрины
images_group_8_12691_5036.png,57 1/7,57 1/7
images_group_8_12691_5037.png,1,1
images_group_8_12691_5038.png,67,67
images_group_8_12691_5039.png,2,2
images_group_8_12691_5040.png,15,15
images_group_8_12691_5041.png,Стерлядины,Стерлядины
images_group_8_12691_5042.png,7,7
images_group_8_12691_5043.png,7,7
images_group_8_12691_5044.png,75,75
images_group_8_12691_5045.png,Черной,Черной
images_group_8_12691_5046.png,свежей..,свежей..
images_group_8_12691_5047.png,4,4
images_group_8_12691_5048.png,60,60
images_group_8_12691_5049.png,5,5
images_group_8_12691_5050.png,50,50
images_group_8_12691_5051.png,Икрон,Икры.
images_group_8_12691_5052.png,соленой.,соленой.
images_group_8_12691_5053.png,4,4
images_group_8_12691_5054.png,60,60
images_group_8_12691_5055.png,5,5
images_group_8_12691_5056.png,5.,5.
images_group_8_12691_5057.png,Красной,Красной
images_group_8_12696_6000.png,XV.,XIV.
images_group_8_12696_6001.png,Статистическая,Статистическая
images_group_8_12696_6002.png,Вѣдомость,Вѣдомость
images_group_8_12696_6003.png,о,о
images_group_8_12696_6004.png,ссыльныхъ.,ссыльныхъ
images_group_8_12696_6005.png,За,За
images_group_8_12696_6006.png,1840-,1840-
images_group_8_12696_6007.png,й,и
images_group_8_12696_6008.png,годъ.,годъ.
images_group_8_12696_6009.png,Начальниц,Начальниц
images_group_8_127_6648.png,Игнатій,Игнатій
images_group_8_127_6649.png,Андра,Андрѣ-
images_group_8_127_6651.png,евъ,евъ
images_group_8_127_6654.png,Крестьянски,Крестьянски-
images_group_8_127_6655.png,222,222
images_group_8_127_6656.png,Александръ,Александръ
images_group_8_127_6657.png,Его,Его-
images_group_8_127_6658.png,Вод,Въ с.
images_group_8_127_6659.png,Серн,Серн
images_group_8_127_6660.png,ровь,ровъ
images_group_8_127_6661.png,Щетниковъ,Щетниковъ.
images_group_8_127_6663.png,217.,217.
images_group_8_127_6664.png,Гавріилъ,Гавріиевъ
images_group_8_127_6665.png,205,223.
images_group_8_127_6666.png,Степанъ,Степанъ
images_group_8_127_6667.png,мовъ,мовъ
images_group_8_127_6668.png,Сайфинъ,Сайдинъ.
images_group_8_127_6671.png,сил,ми
images_group_8_127_6672.png,рабо-,рабо-
images_group_8_127_6673.png,Даниловъ.,Даниловъ
images_group_8_127_6675.png,въ д.,въ с.
images_group_8_127_6677.png,ской.,ской.
images_group_8_127_6678.png,No3-го,No3-го
images_group_8_127_6679.png,294,224.
images_group_8_127_6680.png,Антонъ,Антонъ
images_group_8_127_6683.png,161,евъ
images_group_8_127_6684.png,Мадуровъ.,Жабуровъ
images_group_8_127_6686.png,Степанъ,Степанъ
images_group_8_127_6687.png,Тиха,Тиха
images_group_8_127_6689.png,тами:,тами.
images_group_8_127_6690.png,въ с.,въ с.
images_group_8_127_6691.png,Шарж,Шары
images_group_8_127_6693.png,новъ,новъ
images_group_8_127_6694.png,Патюковъ,Патюковъ
images_group_8_127_6697.png,225,225
images_group_8_127_6698.png,Егоръ,Егоръ
images_group_8_127_6699.png,Ученовъ,Ульяновъ
images_group_8_127_6700.png,Въ д.,Въ д.
images_group_8_127_6702.png,Смесарный,Смирный
images_group_8_127_6703.png,ученикъ,ученикъ
images_group_8_127_6704.png,Стариковъ.,Стариковъ.
images_group_8_127_6705.png,пишской,шинской
images_group_8_127_6706.png,219.,219.
images_group_8_127_6707.png,Константинъ,Константинъ
images_group_8_127_6708.png,За,Га
images_group_8_127_6710.png,Смотренымъ,Слесарнымъ
images_group_8_127_6714.png,стерствомъ.,стерствомъ.
images_group_8_127_6715.png,224,226.
images_group_8_127_6716.png,Ефимъ,Ефимъ
images_group_8_127_6717.png,Григорь,Григорь
images_group_8_127_6718.png,Въ с.,Въ с.
images_group_8_127_6719.png,Шарж,Шары
images_group_8_127_6721.png,их,евъ
images_group_8_127_6722.png,Ворнисловъ,Ворошилінъ.
images_group_8_127_6724.png,Рядовые:,Рядовые:
images_group_8_127_6725.png,Лыткинъ,Лыткинъ
images_group_8_127_6726.png,Леонтой,Леонтій
images_group_8_127_6728.png,227,227
images_group_8_127_6729.png,Романъ,Романъ
images_group_8_127_6731.png,Въ д.,Въ с.
images_group_8_127_6733.png,батовскимъ,батовскимъ
images_group_8_127_6734.png,Крестьянскими,Крестьянскими
images_group_8_127_6736.png,Ремянъ,Романъ
images_group_8_127_6738.png,Въ,въ д.
images_group_8_127_6740.png,221,221.
images_group_8_127_6741.png,Спириденъ,Спиридонъ
images_group_8_127_6743.png,новъ,новъ
images_group_8_127_6745.png,вышети,имени
images_group_8_127_6746.png,работами.,работами.
images_group_8_127_6747.png,бинской,синской:
images_group_8_127_6748.png,и,и
images_group_8_127_6749.png,дела.,села.
images_group_8_127_6750.png,Европ,Еворовъ
images_group_8_12709_7862.png,151,151
images_group_8_12709_7863.png,Табель,Габель
images_group_8_12709_7864.png,сужденныхъ,сужденныхъ
images_group_8_12709_7865.png,Енисейской,Енисейской
images_group_8_12709_7866.png,Губерніи,Губерніи
images_group_8_12709_7867.png,коренныхъ,коренныхъ
images_group_8_12709_7868.png,жителяхъ,жителяхъ
images_group_8_12709_7869.png,въ,въ
images_group_8_12709_7870.png,теченіи,теченіи
images_group_8_12709_7871.png,1840,1840
images_group_8_12709_7872.png,года.,года.
images_group_8_12710_8037.png,Закоповъ,Законовъ
images_group_8_12710_8038.png,Зако-,Зако-
images_group_8_12710_8039.png,Зако-,Зако-
images_group_8_12710_8040.png,Зако-,Зако-
images_group_8_12710_8041.png,опре-,Опре-
images_group_8_12710_8042.png,Затре-,За пре-
images_group_8_12710_8043.png,Зако-,Зако-
images_group_8_12710_8044.png,Онаж,О нака
images_group_8_12710_8045.png,Закару-,Закару-
images_group_8_12710_8046.png,Опре-,Опре-
images_group_8_12710_8047.png,Зако-,Зако-
images_group_8_12710_8048.png,Зако-,Зако-
images_group_8_12710_8049.png,Раз-,Раз-
images_group_8_12710_8050.png,за пре-,Запре-
images_group_8_12710_8051.png,наказа-,наказа-
images_group_8_12710_8052.png,пре-,пре-
images_group_8_12710_8053.png,Опре,Опре
images_group_8_12710_8054.png,О нака,О нака
images_group_8_12710_8055.png,Изъ,Изъ
images_group_8_12710_8056.png,сего,сего
images_group_8_12710_8057.png,152,152
images_group_8_12710_8058.png,уголов-,уголов-
images_group_8_12710_8059.png,новъ,новъ
images_group_8_12710_8060.png,уго-,уго-
images_group_8_12710_8061.png,новъ,новъ
images_group_8_12710_8062.png,новъ,новъ
images_group_8_12710_8063.png,каза-,каза-
images_group_8_12710_8064.png,ступле,ступле-
images_group_8_12710_8065.png,ступле-,ступле-
images_group_8_12710_8066.png,новъ,новъ
images_group_8_12710_8069.png,ступле-,ступле-
images_group_8_12710_8071.png,новъ,новъ
images_group_8_12710_8072.png,новъ,новъ
images_group_8_12710_8073.png,дѣлъ,дѣлъ
images_group_8_12710_8075.png,ніяхъ,ніяхъ
images_group_8_12710_8076.png,затро,запро
images_group_8_12710_8077.png,тупле,тупле
images_group_8_12710_8078.png,ступия.,ступле-
images_group_8_12710_8079.png,замяхъ,заніяхъ
images_group_8_12710_8080.png,ніи,ніи
images_group_8_12710_8081.png,про,про
images_group_8_12710_8082.png,ніи про-,ніи про-
images_group_8_12710_8083.png,челий,леніи
images_group_8_12710_8085.png,правъ,правъ
images_group_8_12710_8086.png,ніяхъ,ніяхъ
images_group_8_12710_8087.png,ніи,ніи
images_group_8_12710_8088.png,про,про
images_group_8_12710_8089.png,уголов,уголов-
images_group_8_12710_8090.png,уголов-,уголов-
images_group_8_12710_8091.png,V11,VII
images_group_8_12710_8092.png,ніе,ніе
images_group_8_12710_8093.png,про,про
images_group_8_12710_8094.png,тивозаконное,тивозаконное
images_group_8_12710_8095.png,ніяхъ,ніяхъ
images_group_8_12710_8096.png,затре-,запре-
images_group_8_12710_8097.png,числа,числа
images_group_8_12710_8098.png,со-,со-
images_group_8_12710_8099.png,ныхъ,ныхъ
images_group_8_12710_8100.png,ловныхъ,ловныхъ
images_group_8_12710_8101.png,ніяхъ,ніяхъ
images_group_8_12710_8102.png,тивъ,тивъ
images_group_8_12710_8103.png,тивъ,тивъ
images_group_8_12710_8104.png,противу,противу
images_group_8_12710_8105.png,ступле,ступле-
images_group_8_12710_8106.png,дѣлъ,дѣль
images_group_8_12710_8107.png,раздѣлъ,раздѣлъ
images_group_8_12710_8108.png,ныхъ,ныхъ
images_group_8_12710_8109.png,ныхъ,ныхъ
images_group_8_12710_8110.png,залжи,залжи-
images_group_8_12710_8111.png,правъ,правъ
images_group_8_12710_8112.png,ныхъ,ныхъ
images_group_8_12710_8114.png,общест-,общест-
images_group_8_12710_8115.png,противъ,противъ
images_group_8_12710_8116.png,тивъ,тивъ
images_group_8_12710_8117.png,ныхъ,ныхъ
images_group_8_12710_8118.png,ныхъ,ныхъ
images_group_8_12710_8119.png,тивъ,тивъ
images_group_8_12710_8120.png,удовлетворе-,удовлетворе-
images_group_8_12710_8121.png,ніи про-,ніи про-
images_group_8_12710_8122.png,прави-,прави-
images_group_8_12710_8123.png,слано,слано
images_group_8_12710_8124.png,въ,въ
images_group_8_12710_8125.png,венныхъ,венныхъ
images_group_8_12710_8126.png,безъ опа,безъопа
images_group_8_12710_8127.png,правъ,правъ
images_group_8_12710_8128.png,раз-,раз-
images_group_8_12710_8129.png,раздѣлъ,раздѣлъ
images_group_8_12710_8130.png,глава,Глава
images_group_8_12710_8131.png,плот-,плот-
images_group_8_12710_8132.png,ковъ,ковъ
images_group_8_12710_8133.png,тивъ,тивъ
images_group_8_12710_8134.png,XI.,xI.
images_group_8_12710_8135.png,X11.,XII.
images_group_8_12710_8136.png,выя,выя
images_group_8_12710_8137.png,общест-,общест-
images_group_8_12710_8138.png,веннаго,веннаго
images_group_8_12710_8139.png,тельству,тельства
images_group_8_12710_8140.png,раздѣлъ,раздѣлъ
images_group_8_12710_8141.png,правъ,правъ
images_group_8_12710_8142.png,VIII.,VIII.
images_group_8_12710_8143.png,ностяхъ,ностяхъ
images_group_8_12710_8144.png,стей,стей
images_group_8_12710_8145.png,скихъ,скихъ
images_group_8_12710_8146.png,раздѣхъ,раздѣлъ
images_group_8_12710_8147.png,стра,стра
images_group_8_12710_8148.png,службѣ,службѣ
images_group_8_12710_8149.png,раздѣлъ,раздѣлъ
images_group_8_12710_8150.png,наго,наго
images_group_8_12710_8152.png,со-,со-
images_group_8_12710_8153.png,щества,щества
images_group_8_12710_8154.png,правъ,правъ
images_group_8_12710_8155.png,V1.,VI.
images_group_8_12710_8156.png,имущеску,имущест
images_group_8_12710_8157.png,раздѣлъ,раздѣлъ
images_group_8_12710_8158.png,спости,сности
images_group_8_12710_8159.png,семейст-,семейст-
images_group_8_12710_8160.png,дѣлъ,дѣль
images_group_8_12710_8161.png,1.,1.
images_group_8_12710_8162.png,IV.,IV.
images_group_8_12710_8163.png,Иркутскъ,Иркутскъ
images_group_8_12710_8164.png,глава,глава
images_group_8_12710_8165.png,Глава,Глава
images_group_8_12710_8166.png,X.,X.
images_group_8_12710_8167.png,17,VI
images_group_8_12710_8168.png,по-,по-
images_group_8_12710_8169.png,ницъ,лицъ
images_group_8_12710_8170.png,раздѣлъ,раздѣлъ
images_group_8_12710_8171.png,веннаго,веннаго
images_group_8_12710_8172.png,V.,V.
images_group_8_12710_8173.png,V1.,VI.
images_group_8_12710_8174.png,жизни,жизни
images_group_8_12710_8175.png,X1.,X1.
images_group_8_12710_8176.png,VIII.,VIII.
images_group_8_12710_8177.png,глава,глава
images_group_8_12710_8178.png,111.,111.
images_group_8_12710_8179.png,глава,глава
images_group_8_12710_8180.png,11.,11.
images_group_8_12710_8181.png,ступпи,ступки
images_group_8_12710_8182.png,еловал,глава
images_group_8_12710_8183.png,11.,IV.
images_group_8_12710_8184.png,дѣлъ,дѣль
images_group_8_12710_8185.png,X.,х.
images_group_8_12710_8186.png,состоянія,состоянія
images_group_8_12710_8187.png,Глава,глава
images_group_8_12710_8188.png,IV.,IV.
images_group_8_12710_8189.png,разъѣлъ,раздѣлъ
images_group_8_12710_8190.png,раздѣлъ,раздѣлъ
images_group_8_12710_8191.png,1л.,IX.
images_group_8_12710_8192.png,V.,V.
images_group_8_12710_8193.png,радѣлъ,раздѣлъ
images_group_8_12710_8194.png,раздолъ,раздѣлъ
images_group_8_12710_8195.png,х.,X.
images_group_8_12710_8196.png,раздѣлъ,раздѣлъ
images_group_8_12710_8197.png,V1.,V1.
images_group_8_12710_8198.png,VI.,VI.
images_group_8_12710_8199.png,VII.,V11.
images_group_8_12710_8200.png,1-й,VI.
images_group_8_12710_8201.png,за,Въ
images_group_8_12710_8202.png,по-,по-
images_group_8_12710_8203.png,За буй-,За буй-
images_group_8_12710_8204.png,За,За
images_group_8_12710_8205.png,За,За
images_group_8_12710_8206.png,За,За
images_group_8_12710_8207.png,За,за
images_group_8_12710_8208.png,Зав-,Зав-
images_group_8_12710_8209.png,Зана-,Зака-
images_group_8_12710_8210.png,За за,За за-
images_group_8_12710_8211.png,Затри,За при-
images_group_8_12710_8212.png,За не,За не-
images_group_8_12710_8213.png,За,за
images_group_8_12710_8214.png,За,За
images_group_8_12710_8215.png,За,За
images_group_8_12710_8216.png,За,За
images_group_8_12710_8217.png,кор-,кор-
images_group_8_12710_8218.png,Заво-,За во-
images_group_8_12710_8219.png,Въ,Въ
images_group_8_12710_8220.png,На,на
images_group_8_12710_8221.png,смер,смер
images_group_8_12710_8222.png,и же,лже
images_group_8_12710_8223.png,тѣле-,тѣле-
images_group_8_12710_8224.png,Зломъ,зломъ
images_group_8_12710_8225.png,мѣре,мѣре
images_group_8_12710_8226.png,жига,жига
images_group_8_12710_8227.png,стато-,стано-
images_group_8_12710_8228.png,покуп-,покуп-
images_group_8_12710_8229.png,дѣлку,дѣлку
images_group_8_12710_8230.png,блудъ,блудъ
images_group_8_12710_8231.png,чемство,чемство
images_group_8_12710_8233.png,бѣгъ.,бѣгъ
images_group_8_12710_8234.png,ство,ство
images_group_8_12710_8235.png,кражу,кражу
images_group_8_12710_8236.png,Катор-,Катор-
images_group_8_12710_8237.png,посе-,посе-
images_group_8_12710_8238.png,то-,тю-
images_group_8_12710_8240.png,"тель,",тель
images_group_8_12710_8241.png,держа,держа
images_group_8_12710_8242.png,ссыль-,ссыль-
images_group_8_12710_8243.png,ніе,ніе
images_group_8_12710_8244.png,во,во
images_group_8_12710_8246.png,тоубей,тоубій-
images_group_8_12710_8247.png,свидѣ,свидѣ
images_group_8_12710_8249.png,пи-,пи-
images_group_8_12710_8250.png,гра-,гра-
images_group_8_12710_8251.png,жную,жную
images_group_8_12710_8252.png,во,во.
images_group_8_12710_8253.png,ремъ,ремъ
images_group_8_12710_8254.png,шить,шить
images_group_8_12710_8255.png,ство,ство
images_group_8_12710_8256.png,тель-,тель-
images_group_8_12710_8257.png,ныхъ,ныхъ
images_group_8_12710_8258.png,совер-,совер-
images_group_8_12710_8259.png,глава,глава
images_group_8_12710_8260.png,бежъ,божъ
images_group_8_12710_8261.png,ство.,ство.
images_group_8_12710_8262.png,тель,тель
images_group_8_12710_8263.png,поврет,повреж
images_group_8_12710_8264.png,вы-,въ с-
images_group_8_12710_8265.png,жизни,жизни
images_group_8_12710_8266.png,себя,себя
images_group_8_12710_8267.png,глава,глава
images_group_8_12710_8268.png,ство,ство
images_group_8_12710_8269.png,убейст,убійст
images_group_8_12710_8270.png,рабо-,рабо-
images_group_8_12710_8271.png,глава,глава
images_group_8_12710_8272.png,шенни-,шенни
images_group_8_12710_8273.png,И,И
images_group_8_12710_8274.png,ту,ту.
images_group_8_12710_8275.png,Женска,женск
images_group_8_12710_8276.png,ство.,ство.
images_group_8_12710_8277.png,деніи,денія
images_group_8_12710_8278.png,пускъ,пускъ
images_group_8_12710_8279.png,2.,2.
images_group_8_12710_8280.png,бѣглыхъ,бѣглыхъ
images_group_8_12710_8281.png,гла,вла
images_group_8_12710_8282.png,силіе,силіе
images_group_8_12710_8283.png,по,по
images_group_8_12710_8284.png,сбору,сбору
images_group_8_12710_8285.png,111.,III.
images_group_8_12710_8286.png,влава,глава
images_group_8_12710_8287.png,"IV """,IV и
images_group_8_12710_8288.png,обязан-,обязан-
images_group_8_12710_8289.png,шивыхъ,шивыхъ
images_group_8_12710_8290.png,чество.,чество.
images_group_8_12710_8291.png,арестан-,арестан-
images_group_8_12710_8292.png,глава,глава
images_group_8_12710_8293.png,1-III.,VIII.
images_group_8_12710_8294.png,2.,2.
images_group_8_12710_8295.png,V.,V.
images_group_8_12710_8296.png,пости,кости
images_group_8_12710_8297.png,дѣтей,дѣтей
images_group_8_12710_8298.png,шенни-,шенни-
images_group_8_12710_8299.png,глава,глава
images_group_8_12710_8300.png,служ-,служ-
images_group_8_12710_8301.png,глава,глава
images_group_8_12710_8302.png,Отдѣй.,Отдѣл.
images_group_8_12710_8303.png,таспор-,паспор-
images_group_8_12710_8304.png,товъ,товъ
images_group_8_12710_8305.png,2.,2.
images_group_8_12710_8306.png,чество.,чество.
images_group_8_12710_8307.png,товъ,товъ
images_group_8_12710_8308.png,глава,глава
images_group_8_12710_8309.png,VII.,VII.
images_group_8_12710_8310.png,III.,III.
images_group_8_12710_8311.png,бѣ,бѣ.
images_group_8_12710_8312.png,IV.,IV.
images_group_8_12710_8313.png,111.,III.
images_group_8_12710_8314.png,окон,жен
images_group_8_12710_8315.png,как-,Муж
images_group_8_12710_8316.png,уст.,жен.
images_group_8_12710_8317.png,веду-,Муж
images_group_8_12710_8318.png,сказ,жен
images_group_8_12710_8319.png,Испра,Муж.
images_group_8_12710_8320.png,Слава,глава
images_group_8_12710_8321.png,1-11,VII.
images_group_8_12710_8322.png,Глава,Глава
images_group_8_12710_8323.png,4.,4.
images_group_8_12710_8324.png,Марке,Муж.
images_group_8_12710_8325.png,Жен,Жен.
images_group_8_12710_8326.png,Мужеска,Муж.
images_group_8_12710_8327.png,Жен,Жен.
images_group_8_12710_8328.png,веж,Муж.
images_group_8_12710_8329.png,жен.,Жен.
images_group_8_12710_8330.png,муж.,Муж.
images_group_8_12710_8331.png,окан.,Жен.
images_group_8_12710_8332.png,вуж,Муж.
images_group_8_12710_8333.png,Жен.,Жен.
images_group_8_12710_8334.png,Мужеска,Муж
images_group_8_12710_8335.png,Жен.,Жен.
images_group_8_12710_8336.png,неж.,Муж.
images_group_8_12710_8337.png,осен.,Жен.
images_group_8_12710_8338.png,Муж.,Муж.
images_group_8_12710_8339.png,1,1
images_group_8_12710_8340.png,Жен.,Жен.
images_group_8_12710_8341.png,Муж,Муж.
images_group_8_12710_8342.png,Жено,Жен
images_group_8_12710_8343.png,Ниж,Муж.
images_group_8_12710_8344.png,Жен.,Жен.
images_group_8_12710_8345.png,Чарке,Муж.
images_group_8_12710_8346.png,ост.п.,Жен.
images_group_8_12710_8347.png,Чуж,Муж
images_group_8_12710_8348.png,жен.,Жен
images_group_8_12710_8349.png,через,Муж
images_group_8_12710_8350.png,оказать,Жен
images_group_8_12710_8351.png,часть,Муж.
images_group_8_12710_8352.png,Жан,Жен.
images_group_8_12710_8353.png,сущ,Муж
images_group_8_12710_8354.png,Ва,Жен
images_group_8_12710_8355.png,муж,Муж.
images_group_8_12710_8356.png,Жен.,Жен.
images_group_8_12710_8357.png,муж,Муж
images_group_8_12710_8358.png,жен.,Жен.
images_group_8_12710_8359.png,Суж,Муж.
images_group_8_12710_8360.png,Коп.,Жен.
images_group_8_12710_8361.png,Марк,Муж.
images_group_8_12710_8362.png,жен,Жен
images_group_8_12710_8363.png,муж.,Муж.
images_group_8_12710_8364.png,Украин-,Жен.
images_group_8_12710_8365.png,вид,Муж.
images_group_8_12710_8366.png,2,2
images_group_8_12710_8367.png,Урядники,Урядники
images_group_8_12710_8368.png,Енисейскаго,Енисейскаго
images_group_8_12710_8369.png,городоваго,городоваго
images_group_8_12710_8370.png,ко-,ко-
images_group_8_12710_8371.png,Козакъ,Козакъ
images_group_8_12710_8372.png,зачьяго,зачьяго
images_group_8_12710_8373.png,полка,полка.
images_group_8_12710_8374.png,1.,1.
images_group_8_12710_8375.png,Отставныя.,Отставныя
images_group_8_12710_8376.png,Унтеръ-офицеръ,Унтеръ-офицеръ
images_group_8_12710_8377.png,Козикъ,Козакъ
images_group_8_12710_8378.png,1.,1.
images_group_8_12710_8379.png,Унтеръ-Офицерская,Унтеръ-Офицерская
images_group_8_12710_8380.png,же-,же-
images_group_8_12710_8381.png,на,на.
images_group_8_12710_8382.png,Купеческій,Купеческій
images_group_8_12710_8383.png,братъ,братъ
images_group_8_12710_8384.png,1.,1.
images_group_8_12710_8385.png,Духовнаго,Духовнаго
images_group_8_12710_8386.png,званія,званія.
images_group_8_12710_8387.png,1.,1.
images_group_8_12710_8388.png,1.,1.
images_group_8_12710_8389.png,1,1
images_group_8_12710_8390.png,Мѣщаны,Мѣщанъ
images_group_8_12710_8391.png,13,13
images_group_8_12710_8392.png,25,25
images_group_8_12710_8393.png,1,1
images_group_8_12710_8394.png,86,86
images_group_8_12710_8395.png,7,7
images_group_8_12710_8396.png,8,8
images_group_8_12710_8397.png,3,3
images_group_8_12710_8398.png,2,2
images_group_8_12710_8399.png,1,1
images_group_8_12710_8400.png,1,1
images_group_8_12710_8401.png,6,6.
images_group_8_12710_8402.png,16,16
images_group_8_12710_8403.png,3,3
images_group_8_12710_8404.png,3,3
images_group_8_12710_8405.png,4,4
images_group_8_12710_8406.png,5,5
images_group_8_12710_8407.png,2,2
images_group_8_12710_8408.png,2,2
images_group_8_12710_8409.png,1.,1.
images_group_8_12710_8410.png,3,3.
images_group_8_12710_8411.png,Крестьянъ,Крестьянъ
images_group_8_12710_8412.png,6,6
images_group_8_12710_8413.png,2,2.
images_group_8_12710_8414.png,25,25
images_group_8_12710_8415.png,1,1
images_group_8_12710_8416.png,97,97
images_group_8_12710_8417.png,8,8
images_group_8_12710_8418.png,4,4
images_group_8_12710_8419.png,4,4
images_group_8_12710_8420.png,2,2
images_group_8_12710_8421.png,6,6
images_group_8_12710_8422.png,2,2
images_group_8_12710_8423.png,1.,1.
images_group_8_12710_8424.png,26,26.
images_group_8_12710_8425.png,5,5
images_group_8_12710_8426.png,16,16
images_group_8_12710_8427.png,3,3
images_group_8_12710_8428.png,3,3
images_group_8_12710_8429.png,4,4
images_group_8_12710_8430.png,2,2
images_group_8_12710_8431.png,1.,1.
images_group_8_12710_8432.png,2,2
images_group_8_12710_8433.png,1,1
images_group_8_12710_8434.png,3,3.
images_group_8_12710_8435.png,И,И
images_group_8_12710_8436.png,того.,того..
images_group_8_12710_8437.png,Примѣчаніе,Примѣчаніе.
images_group_8_12710_8438.png,Изъ,Изъ
images_group_8_12710_8439.png,числа,числа
images_group_8_12710_8440.png,показанныхъ,показанныхъ
images_group_8_12710_8441.png,въ,въ
images_group_8_12710_8442.png,сей,сей
images_group_8_12710_8443.png,табели,табели
images_group_8_12710_8444.png,сужденныхъ,сужденныхъ
images_group_8_12710_8445.png,Коренныхъ,Коренныхъ
images_group_8_12710_8446.png,жителей,жителей 
images_group_8_12710_8447.png,Енисейской,Енисейской
images_group_8_12710_8448.png,"Губерніи,","Губерніи,"
images_group_8_12710_8449.png,мужеска,мужеска
images_group_8_12710_8450.png,209,209
images_group_8_12710_8451.png,женска,женска
images_group_8_12710_8452.png,15,15
images_group_8_12710_8453.png,"душъ,","душъ,"
images_group_8_12710_8454.png,имѣютъ,имѣютъ
images_group_8_12710_8455.png,отъ,отъ
images_group_8_12710_8456.png,роду,роду
images_group_8_12710_8457.png,лѣтъ:,лѣтъ:
images_group_8_12710_8458.png,побѣгъ,побѣгъ
images_group_8_12710_8459.png,мужеска,мужеска
images_group_8_12710_8460.png,36.,36.
images_group_8_12710_8461.png,"лѣтъ,","лѣтъ,"
images_group_8_12710_8462.png,за,за
images_group_8_12710_8463.png,буйство,буйство
images_group_8_12710_8464.png,и,и
images_group_8_12710_8465.png,пьянство,пьянство
images_group_8_12710_8466.png,мужески,мужеска
images_group_8_12710_8467.png,отъ,отъ
images_group_8_12710_8468.png,20,20
images_group_8_12710_8469.png,до,до
images_group_8_12710_8470.png,отъ,отъ
images_group_8_12710_8471.png,25,25
images_group_8_12710_8472.png,до,до
images_group_8_12710_8473.png,отъ,отъ
images_group_8_12710_8474.png,30,30
images_group_8_12710_8475.png,до,до
images_group_8_12710_8476.png,и,и
images_group_8_12710_8477.png,до,до
images_group_8_12710_8478.png,42,42
images_group_8_12710_8479.png,"лѣтъ,-","лѣтъ,-"
images_group_8_12710_8480.png,2.,2.
images_group_8_12710_8481.png,Женска,женска
images_group_8_12710_8482.png,1,1.
images_group_8_12710_8483.png,19,19.
images_group_8_12710_8484.png,лѣтъ;,лѣтъ;
images_group_8_12710_8485.png,за,за
images_group_8_12710_8486.png,кражу,кражу
images_group_8_12710_8487.png,"мошенничество,","мошенничество,"
images_group_8_12710_8488.png,мужеска,мужеска
images_group_8_12710_8489.png,отъ,отъ
images_group_8_12710_8490.png,20,20
images_group_8_12710_8491.png,до,до
images_group_8_12710_8492.png,25,25
images_group_8_12710_8493.png,27.,"27.,"
images_group_8_12710_8494.png,отъ,отъ
images_group_8_12710_8495.png,25,25
images_group_8_12710_8496.png,"32,","32,"
images_group_8_12710_8497.png,отъ,отъ
images_group_8_12710_8498.png,30,30
images_group_8_12710_8499.png,до,до
images_group_8_12710_8500.png,35 28,35-28
images_group_8_12710_8501.png,отъ,отъ
images_group_8_12710_8502.png,35,35
images_group_8_12710_8503.png,до,до
images_group_8_12710_8504.png,40,40
images_group_8_12710_8505.png,"6,","6,"
images_group_8_12710_8506.png,и,и
images_group_8_12710_8507.png,до,до
images_group_8_12710_8508.png,55,55
images_group_8_12710_8509.png,лѣтъ,лѣтъ
images_group_8_12710_8510.png,4.,4.
images_group_8_12710_8511.png,Женска,Женска
images_group_8_12710_8512.png,отъ,отъ
images_group_8_12710_8513.png,25,25
images_group_8_12710_8514.png,до,до
images_group_8_12710_8515.png,30,30
images_group_8_12710_8516.png,"5.,","5.,"
images_group_8_12710_8517.png,40,40
images_group_8_12710_8518.png,лѣтъ,лѣтъ
images_group_8_12710_8519.png,"3.,",3.;
images_group_8_12710_8520.png,за,за
images_group_8_12710_8521.png,смертоубійство,смертоубійство
images_group_8_12710_8522.png,мужеска,мужеска
images_group_8_12710_8523.png,отъ,отъ
images_group_8_12710_8524.png,25,25
images_group_8_12710_8525.png,до,до
images_group_8_12710_8526.png,и,и
images_group_8_12710_8527.png,до,до
images_group_8_12710_8528.png,45,45
images_group_8_12710_8529.png,лѣтъ,лѣтъ
images_group_8_12710_8530.png,"2.,","2.,"
images_group_8_12710_8531.png,женска,женска
images_group_8_12710_8532.png,отъ,отъ
images_group_8_12710_8533.png,25,25
images_group_8_12710_8534.png,до,до
images_group_8_12710_8535.png,"2.,","2.,"
images_group_8_12710_8536.png,40,40
images_group_8_12710_8537.png,лѣтъ,лѣтъ
images_group_8_12710_8538.png,"2.,",2.;
images_group_8_12710_8539.png,Залжѣ-,Залжѣ-
images_group_8_12710_8540.png,свидѣтельство,свидѣтельство
images_group_8_12710_8541.png,мужеска,мужеска
images_group_8_12710_8542.png,отъ,отъ
images_group_8_12710_8543.png,40,40.
images_group_8_12710_8544.png,до,до
images_group_8_12710_8545.png,50,50
images_group_8_12710_8546.png,лѣтъ-,лѣтъ-
images_group_8_12710_8547.png,2.;,2.;
images_group_8_12710_8548.png,поврежденіи,поврежденіи
images_group_8_12710_8549.png,мужеска,мужеска
images_group_8_12710_8550.png,1,1.
images_group_8_12710_8551.png,34.,34.
images_group_8_12710_8552.png,"лѣтъ,","лѣтъ,"
images_group_8_12710_8553.png,За,За
images_group_8_12710_8554.png,взломъ,взломъ
images_group_8_12710_8555.png,тюремъ,тюремъ
images_group_8_12710_8556.png,и,и
images_group_8_12710_8557.png,выпускъ,выпускъ
images_group_8_12710_8558.png,арестантовъ,арестантовъ
images_group_8_12710_8559.png,мужеска,мужеска
images_group_8_12710_8560.png,отъ,отъ
images_group_8_12710_8561.png,20,20
images_group_8_12710_8562.png,до,до
images_group_8_12710_8563.png,25,25_
images_group_8_12710_8564.png,"3,","3,"
images_group_8_12710_8565.png,и отъ,и отъ
images_group_8_12710_8566.png,25,25
images_group_8_12710_8567.png,до,до
images_group_8_12710_8568.png,33,33
images_group_8_12710_8569.png,лѣтъ,лѣтъ
images_group_8_12710_8570.png,3,3
images_group_8_12710_8571.png,человѣка;,человѣка;
images_group_8_12710_8572.png,За,За
images_group_8_12710_8573.png,намѣреніе,намѣреніе
images_group_8_12710_8574.png,лишить,лишить
images_group_8_12710_8575.png,себя,себя
images_group_8_12710_8576.png,жизни,жизни
images_group_8_12710_8577.png,мужеска,мужеска
images_group_8_12710_8578.png,отъ,отъ
images_group_8_12710_8579.png,35,35
images_group_8_12710_8580.png,до,до
images_group_8_12710_8581.png,40,40
images_group_8_12710_8582.png,"лѣтъ,","лѣтъ,-"
images_group_8_12710_8583.png,"2.,",2.;
images_group_8_12710_8584.png,Ба,За
images_group_8_12710_8585.png,зажигательство,зажигательство
images_group_8_12710_8586.png,мужеска,мужеска
images_group_8_12710_8587.png,до,до
images_group_8_12710_8588.png,35,35
images_group_8_12710_8589.png,лѣтъ,лѣтъ
images_group_8_12710_8590.png,"1.,","1.,"
images_group_8_12710_8591.png,за пристанодержательство-,Запристанодержательство
images_group_8_12710_8592.png,бѣглыхъ,бѣглыхъ
images_group_8_12713_8771.png,154,154
images_group_8_12713_8772.png,Законовъ,Законовъ
images_group_8_12713_8773.png,о,о
images_group_8_12713_8774.png,преступ-,преступ-
images_group_8_12713_8775.png,Раз,Раз
images_group_8_12713_8776.png,о,о
images_group_8_12713_8777.png,нака-,нака-
images_group_8_12713_8778.png,За,За
images_group_8_12713_8779.png,Зако-,Зако-
images_group_8_12713_8780.png,Зако-,Зако-
images_group_8_12713_8781.png,Раз-,Раз-
images_group_8_12713_8782.png,Раз-,Раз-
images_group_8_12713_8783.png,Раз-,Раз-
images_group_8_12713_8784.png,О пре-,Опре-
images_group_8_12713_8785.png,преступ-,преступ-
images_group_8_12713_8786.png,пре-,пре-
images_group_8_12713_8787.png,Зако,Зако
images_group_8_12713_8788.png,о,о
images_group_8_12713_8789.png,наказа,наказа-
images_group_8_12713_8790.png,о,о
images_group_8_12713_8791.png,на-,на-
images_group_8_12713_8792.png,о,о
images_group_8_12713_8793.png,пре-,пре-
images_group_8_12713_8794.png,Изъ,Изъ
images_group_8_12713_8795.png,сего,сего
images_group_8_12713_8797.png,нозъ,новъ
images_group_8_12713_8798.png,закон-,закон-
images_group_8_12713_8799.png,ніяхъ,ніяхъ
images_group_8_12713_8801.png,дѣлъ,дѣлъ
images_group_8_12713_8802.png,заніхъ,заніяхъ
images_group_8_12713_8803.png,ступле-,ступле-
images_group_8_12713_8804.png,новъ,новъ
images_group_8_12713_8805.png,новъ,новъ
images_group_8_12713_8806.png,дѣйди,дѣла
images_group_8_12713_8807.png,дѣлъ,дѣлъ
images_group_8_12713_8808.png,дѣлъ,дѣль
images_group_8_12713_8810.png,тивъ,тивъ
images_group_8_12713_8812.png,уголов,уголов-
images_group_8_12713_8813.png,номъ,номъ
images_group_8_12713_8814.png,числа,числа
images_group_8_12713_8815.png,со-,со-
images_group_8_12713_8816.png,уголов-,уголов-
images_group_8_12713_8817.png,ніяхъ,ніяхъ
images_group_8_12713_8818.png,про-,про-
images_group_8_12713_8819.png,тивъ,тивъ
images_group_8_12713_8820.png,устав,уста-
images_group_8_12713_8821.png,1.,1.
images_group_8_12713_8822.png,ніе,ніе
images_group_8_12713_8823.png,уголов-,уголов-
images_group_8_12713_8824.png,запре-,запре-
images_group_8_12713_8825.png,про-,про-
images_group_8_12713_8826.png,уголовъ,уголов
images_group_8_12713_8827.png,17.,VI.
images_group_8_12713_8828.png,VII.,VII.
images_group_8_12713_8829.png,про-,про-
images_group_8_12713_8830.png,жизни,жизни
images_group_8_12713_8831.png,правъ,правъ
images_group_8_12713_8832.png,ніяхъ,ніяхъ
images_group_8_12713_8833.png,опасности,опасности
images_group_8_12713_8834.png,тивъ,тивъ
images_group_8_12713_8835.png,ныхъ,ныхъ
images_group_8_12713_8836.png,ніяхъ,ніяхъ
images_group_8_12713_8837.png,въ,въ
images_group_8_12713_8838.png,ныхъ,ныхъ
images_group_8_12713_8839.png,тивъ,тивъ
images_group_8_12713_8840.png,вѣры,вѣры
images_group_8_12713_8841.png,вовъ,вовъ
images_group_8_12713_8842.png,оповин-,о повин-
images_group_8_12713_8843.png,тиву,тиву
images_group_8_12713_8844.png,залжи,залжи
images_group_8_12713_8845.png,тивъ,тивъ
images_group_8_12713_8846.png,и протовъ,и противъ
images_group_8_12713_8847.png,семейст,семейст-
images_group_8_12713_8849.png,правъ,правъ
images_group_8_12713_8850.png,но тххъ,ностяхъ
images_group_8_12713_8851.png,Глава,Глава
images_group_8_12713_8852.png,отупле-,ступле-
images_group_8_12713_8853.png,тивъ,тивъ
images_group_8_12713_8854.png,бегъ,безъ
images_group_8_12713_8855.png,ныхъ,ныхъ
images_group_8_12713_8856.png,ныхъ,ныхъ
images_group_8_12713_8857.png,ніи,ніи
images_group_8_12713_8858.png,опасности,опасности
images_group_8_12713_8859.png,Главы,главы
images_group_8_12713_8860.png,глава,глава
images_group_8_12713_8861.png,Главал,Глава
images_group_8_12713_8862.png,правъ,правъ
images_group_8_12713_8863.png,прави-,прави-
images_group_8_12713_8864.png,правъ,правъ
images_group_8_12713_8865.png,об-,об-
images_group_8_12713_8866.png,велжато,веннаго
images_group_8_12713_8867.png,дѣлъ,дѣлъ
images_group_8_12713_8868.png,плотскимъ,плотскихъ
images_group_8_12713_8869.png,выя,выя
images_group_8_12713_8870.png,Иркутскъ,Иркутскъ
images_group_8_12713_8871.png,на,на
images_group_8_12713_8872.png,имущест-,имущест-
images_group_8_12713_8873.png,безъ опа-,безъ опа-
images_group_8_12713_8874.png,раздѣлъ,раздѣлъ
images_group_8_12713_8875.png,XI.,XI.
images_group_8_12713_8876.png,раздѣль,раздѣлъ
images_group_8_12713_8877.png,11.,II.
images_group_8_12713_8878.png,уставовъ,уставовъ
images_group_8_12713_8879.png,ществом,ществен
images_group_8_12713_8880.png,состояній,состоянія
images_group_8_12713_8881.png,казеннаго,казеннаго
images_group_8_12713_8882.png,IV.,IV.
images_group_8_12713_8883.png,книга,книга
images_group_8_12713_8884.png,жизни,жизни
images_group_8_12713_8885.png,VII.,VII.
images_group_8_12713_8886.png,VI,VI
images_group_8_12713_8887.png,11 и,II и
images_group_8_12713_8888.png,VIII.,VIII.
images_group_8_12713_8889.png,V.,V.
images_group_8_12713_8890.png,VIII.,VIII.
images_group_8_12713_8891.png,тельство,тельства
images_group_8_12713_8892.png,1.,1.
images_group_8_12713_8893.png,страс-,отрас-
images_group_8_12713_8894.png,ва,ва
images_group_8_12713_8895.png,раздѣлъ,раздѣлъ
images_group_8_12713_8896.png,поступ-,поступ-
images_group_8_12713_8897.png,сподучи,сности
images_group_8_12713_8898.png,тей,тей
images_group_8_12713_8899.png,ки,ки
images_group_8_12713_8900.png,раз,раз
images_group_8_12713_8901.png,раздѣлъ,разделъ
images_group_8_12713_8902.png,дѣлъ,дѣлъ
images_group_8_12713_8903.png,управленія,управленія
images_group_8_12713_8904.png,раздѣлъ,раздѣлъ
images_group_8_12713_8905.png,1.,1.
images_group_8_12713_8906.png,раздѣлъ,раздѣлъ
images_group_8_12713_8907.png,Глава,Глава
images_group_8_12713_8908.png,глава,глава
images_group_8_12713_8909.png,11.,II.
images_group_8_12713_8910.png,раздѣлъ,раздѣлъ
images_group_8_12713_8911.png,сточнія,стоянія
images_group_8_12713_8912.png,ройства,ройства
images_group_8_12713_8913.png,дѣлъ,дѣлъ
images_group_8_12713_8914.png,благоуст-,благоуст-
images_group_8_12713_8915.png,VII.,VII.
images_group_8_12713_8916.png,раздѣлъ,раздѣлъ
images_group_8_12713_8917.png,X.,х.
images_group_8_12713_8918.png,VI.,V1.
images_group_8_12713_8919.png,11.,II.
images_group_8_12713_8920.png,лицъ,лицъ
images_group_8_12713_8921.png,VIII.,VIII.
images_group_8_12713_8922.png,IV.,IV.
images_group_8_12713_8923.png,раздѣлъ,раздѣлъ
images_group_8_12713_8924.png,17,VI.
images_group_8_12713_8925.png,раздѣлъ,раздѣлъ
images_group_8_12713_8926.png,X.,X.
images_group_8_12713_8927.png,XI.,XI.
images_group_8_12713_8928.png,V1.,V1.
images_group_8_12713_8929.png,За нане-,За нане-
images_group_8_12713_8930.png,За,За
images_group_8_12713_8931.png,за,за
images_group_8_12713_8932.png,За,За
images_group_8_12713_8933.png,о-,о-
images_group_8_12713_8934.png,За пере-,За пере-
images_group_8_12713_8935.png,по,По
images_group_8_12713_8936.png,раз-,раз-
images_group_8_12713_8937.png,За,За
images_group_8_12713_8938.png,со-,со-
images_group_8_12713_8939.png,за,за
images_group_8_12713_8940.png,За,За
images_group_8_12713_8941.png,при,при
images_group_8_12713_8942.png,за буй-,За буй-
images_group_8_12713_8943.png,За,За
images_group_8_12713_8944.png,упу-,упу-
images_group_8_12713_8945.png,За ра-,За ра-
images_group_8_12713_8946.png,заворов-,заводов-
images_group_8_12713_8947.png,За,За
images_group_8_12713_8948.png,во-,во-
images_group_8_12713_8949.png,за,за
images_group_8_12713_8950.png,За нару-,За нару-
images_group_8_12713_8951.png,стал,ста
images_group_8_12713_8952.png,стые,стле
images_group_8_12713_8953.png,ство,ство
images_group_8_12713_8954.png,я же-,лже-
images_group_8_12713_8955.png,шеніе,шеніе
images_group_8_12713_8956.png,торж-,торж-
images_group_8_12713_8957.png,ных,ныя
images_group_8_12713_8958.png,дѣя-,дѣя-
images_group_8_12713_8959.png,ніе,ніе
images_group_8_12713_8960.png,шенни-,шенни-
images_group_8_12713_8961.png,грабежъ,грабежъ
images_group_8_12713_8962.png,свидѣ,свидѣ
images_group_8_12713_8963.png,нуга,нуго
images_group_8_12713_8964.png,по,по
images_group_8_12713_8965.png,товъ,товъ
images_group_8_12713_8966.png,фами,-фами-
images_group_8_12713_8967.png,ніе,ніе
images_group_8_12713_8968.png,и,и
images_group_8_12713_8969.png,чество,чество
images_group_8_12713_8970.png,глава,глава
images_group_8_12713_8971.png,обиды,обиды
images_group_8_12713_8972.png,наси-,наси-
images_group_8_12713_8973.png,воровство,воровство
images_group_8_12713_8974.png,тельство,тельство
images_group_8_12713_8975.png,III.,III.
images_group_8_12713_8976.png,Главы,Главы
images_group_8_12713_8977.png,итѣло,и тѣло
images_group_8_12713_8978.png,V1.,V1.
images_group_8_12713_8979.png,Глава,Глава
images_group_8_12713_8980.png,слова,глава
images_group_8_12713_8981.png,Отдѣл.,Отдѣл.
images_group_8_12713_8982.png,11 .,II и
images_group_8_12713_8983.png,поврежде-,поврежде-
images_group_8_12713_8984.png,ніи.,ніи.
images_group_8_12713_8985.png,1X.,IX.
images_group_8_12713_8986.png,въ,въ
images_group_8_12713_8987.png,на,ка
images_group_8_12713_8988.png,на,на
images_group_8_12713_8989.png,тіе,тіе
images_group_8_12713_8990.png,сеніе,сеніе
images_group_8_12713_8991.png,блужда,блужде
images_group_8_12713_8992.png,скоп,скоп
images_group_8_12713_8993.png,водъ,водъ
images_group_8_12713_8994.png,фань,фаль
images_group_8_12713_8995.png,дозрѣ-,дозрѣ-
images_group_8_12713_8996.png,ствен-,ствен-
images_group_8_12713_8997.png,щеніе,щенія
images_group_8_12713_8998.png,боѣ,боѣ
images_group_8_12713_8999.png,тоубій,тоубій
images_group_8_12713_9000.png,дѣлку,дѣлку
images_group_8_12713_9001.png,ставле,ставле
images_group_8_12713_9002.png,побѣгъ,побѣгъ.
images_group_8_12713_9004.png,чести,чести
images_group_8_12713_9005.png,шивыхъ,шивыхъ
images_group_8_12713_9006.png,нію,нію
images_group_8_12713_9007.png,въ,въ
images_group_8_12713_9008.png,арестан,арестан
images_group_8_12713_9009.png,тяж-,тяж-
images_group_8_12713_9010.png,ніе,ніе
images_group_8_12713_9011.png,въ,въ
images_group_8_12713_9012.png,леніе,леніе
images_group_8_12713_9013.png,ассияна-,ассигна-
images_group_8_12713_9014.png,Глава,Глава
images_group_8_12713_9015.png,ство,ство
images_group_8_12713_9016.png,акуровъ,актовъ
images_group_8_12713_9017.png,ніе,ніе
images_group_8_12713_9018.png,и,и
images_group_8_12713_9019.png,работу.,работу.
images_group_8_12713_9020.png,леніе.,"леніе,"
images_group_8_12713_9021.png,удушъ,удуше-
images_group_8_12713_9022.png,ножемъ,ножемъ
images_group_8_12713_9023.png,при-,при-
images_group_8_12713_9024.png,цій,цій
images_group_8_12713_9025.png,и,и
images_group_8_12713_9026.png,на,на
images_group_8_12713_9027.png,кихъ,кихъ
images_group_8_12713_9028.png,вѣрѣ,вѣрѣ
images_group_8_12713_9029.png,глава,глава
images_group_8_12713_9030.png,мѣреніе,мѣреніе
images_group_8_12713_9031.png,1.,1.
images_group_8_12713_9032.png,Глава,Глава
images_group_8_12713_9033.png,печа-,печа-
images_group_8_12713_9034.png,имѣніе,имѣніе
images_group_8_12713_9035.png,ранъ.,ранъ.
images_group_8_12713_9036.png,пьян-,пьян-
images_group_8_12713_9037.png,тюремъ,тюремъ
images_group_8_12713_9038.png,жатель-,жатель-
images_group_8_12713_9039.png,станодер,станодер
images_group_8_12713_9040.png,Главая,Глава
images_group_8_12713_9041.png,ми.,ліи.
images_group_8_12713_9042.png,глава,глава
images_group_8_12713_9043.png,ліе,ліе
images_group_8_12713_9044.png,кражу,кражу
images_group_8_12713_9045.png,11.,II.
images_group_8_12713_9046.png,тей,тей.
images_group_8_12713_9047.png,свальши,фальши-
images_group_8_12713_9049.png,глава,глава
images_group_8_12713_9050.png,111.,III.
images_group_8_12713_9051.png,дѣлать,дѣлать
images_group_8_12713_9052.png,ловѣка,ловѣка.
images_group_8_12713_9053.png,ство.,ство.
images_group_8_12713_9054.png,Глава,глава
images_group_8_12713_9055.png,ство,ство
images_group_8_12713_9056.png,от,бѣг-
images_group_8_12713_9057.png,оных,оных
images_group_8_12713_9058.png,гла,гла
images_group_8_12713_9059.png,171.,V11.
images_group_8_12713_9060.png,за,ва
images_group_8_12713_9061.png,ныхъ,лыхъ
images_group_8_12713_9062.png,сла,вла
images_group_8_12713_9063.png,III.,III.
images_group_8_12713_9064.png,глава,глава
images_group_8_12713_9065.png,2.,2.
images_group_8_12713_9066.png,111.,III.
images_group_8_12713_9067.png,выхъ,выхъ
images_group_8_12713_9068.png,бе-,би-
images_group_8_12713_9069.png,III.,III.
images_group_8_12713_9070.png,111.,III.
images_group_8_12713_9071.png,111.,III.
images_group_8_12713_9072.png,111.,III.
images_group_8_12713_9073.png,глава,Глава
images_group_8_12713_9074.png,IV.,IV.
images_group_8_12713_9075.png,ва,ва
images_group_8_12713_9076.png,летовъ,летовъ.
images_group_8_12713_9077.png,отдѣл.,Отдѣл.
images_group_8_12713_9078.png,1711.,VIII.
images_group_8_12713_9079.png,Мужеск.,Муж.
images_group_8_12713_9080.png,Женск.,жен.
images_group_8_12713_9081.png,Муж.,Муж.
images_group_8_12713_9082.png,Женск.,жен.
images_group_8_12713_9083.png,Мужеск.,Муж.
images_group_8_12713_9084.png,Женск.,жен.
images_group_8_12713_9085.png,Мужеск.,Муж.
images_group_8_12713_9086.png,Женск.,Жен.
images_group_8_12713_9087.png,Женск.,Муж.
images_group_8_12713_9088.png,Женск.,Жен.
images_group_8_12713_9089.png,Ж.,Муж
images_group_8_12713_9090.png,Женск.,Жен.
images_group_8_12713_9091.png,Муж.,Муж.
images_group_8_12713_9092.png,Женск.,Жен.
images_group_8_12713_9093.png,Женск.,Муж.
images_group_8_12713_9094.png,Женск.,Жен.
images_group_8_12713_9095.png,Женск.,Муж.
images_group_8_12713_9096.png,Женск.,Жен.
images_group_8_12713_9097.png,Женск.,Муж.
images_group_8_12713_9098.png,Женск.,Жен.
images_group_8_12713_9099.png,Журс.,Муж.
images_group_8_12713_9100.png,Женск.,Жен.
images_group_8_12713_9101.png,Ж.,Муж.
images_group_8_12713_9102.png,Женск.,Жен.
images_group_8_12713_9103.png,Мужеск.,Муж.
images_group_8_12713_9104.png,Мужеск.,Муж.
images_group_8_12713_9105.png,бубе,Жен.
images_group_8_12713_9106.png,Муж.,Муж.
images_group_8_12713_9107.png,Женск.,Жен.
images_group_8_12713_9108.png,Жу.,Муж.
images_group_8_12713_9109.png,Женск.,Жен.
images_group_8_12713_9110.png,Муж.,Муж.
images_group_8_12713_9111.png,Женск.,Жен.
images_group_8_12713_9112.png,Муж.,Муж.
images_group_8_12713_9113.png,Женск.,Жен.
images_group_8_12713_9114.png,Муж.,Муж
images_group_8_12713_9115.png,Женск.,Жен.
images_group_8_12713_9116.png,Женск.,Муж.
images_group_8_12713_9117.png,Женск.,Жен.
images_group_8_12713_9118.png,Муж.,Муж.
images_group_8_12713_9119.png,Женска,Жен.
images_group_8_12713_9120.png,Женск.,Муж.
images_group_8_12713_9121.png,Женск.,Жен.
images_group_8_12713_9122.png,Муж.,Муж.
images_group_8_12713_9123.png,Женск.,Жен.
images_group_8_12713_9124.png,2,2
images_group_8_12713_9125.png,3,3
images_group_8_12713_9126.png,14,14
images_group_8_12713_9127.png,5.,5.
images_group_8_12713_9128.png,6,6
images_group_8_12713_9129.png,43,43
images_group_8_12713_9130.png,1,1.
images_group_8_12713_9131.png,3,3
images_group_8_12713_9132.png,3,3
images_group_8_12713_9133.png,37,37
images_group_8_12713_9134.png,24,24
images_group_8_12713_9135.png,6,6
images_group_8_12713_9136.png,2,2.
images_group_8_12713_9137.png,9,9
images_group_8_12713_9138.png,3,3
images_group_8_12713_9139.png,70,70
images_group_8_12713_9140.png,4,4
images_group_8_12713_9141.png,40,40
images_group_8_12713_9142.png,6,6
images_group_8_12713_9143.png,21,21
images_group_8_12713_9144.png,Каторжныхъ..,Каторжныхъ..
images_group_8_12713_9145.png,10,10
images_group_8_12713_9146.png,2,2
images_group_8_12713_9147.png,И,И
images_group_8_12713_9148.png,того.,того.
images_group_8_12713_9149.png,2,2
images_group_8_12713_9150.png,2,2
images_group_8_12713_9151.png,3,3
images_group_8_12713_9152.png,6,6
images_group_8_12713_9153.png,3,3
images_group_8_12713_9154.png,53,53
images_group_8_12713_9155.png,1.,1.
images_group_8_12713_9156.png,1.,1.
images_group_8_12713_9157.png,3,3
images_group_8_12713_9158.png,2,2
images_group_8_12713_9159.png,131.,131.
images_group_8_12713_9160.png,12,12.
images_group_8_12713_9161.png,9,9
images_group_8_12713_9162.png,3,3
images_group_8_12713_9163.png,Примѣчаніе:,Примѣчаніе:
images_group_8_12713_9164.png,Игъ,Изъ
images_group_8_12713_9165.png,показанныхъ,показанныхъ
images_group_8_12713_9166.png,въ,въ
images_group_8_12713_9167.png,сей,сей
images_group_8_12713_9168.png,табели,табели
images_group_8_12713_9169.png,сужденныхъ,сужденныхъ
images_group_8_12713_9170.png,въ,въ
images_group_8_12713_9171.png,1840,1840
images_group_8_12713_9172.png,году,году
images_group_8_12713_9173.png,изъ,изъ
images_group_8_12713_9174.png,поселенцовъ,поселенцовъ
images_group_8_12713_9175.png,и,и
images_group_8_12713_9176.png,каторжныхъ,каторжныхъ
images_group_8_12713_9177.png,числа,числа
images_group_8_12713_9178.png,Енисейской,Енисейской
images_group_8_12713_9179.png,Губерніи:,Губерніи:
images_group_8_12713_9180.png,333,333
images_group_8_12713_9181.png,женска,женска
images_group_8_12713_9182.png,35,35
images_group_8_12713_9183.png,"душъ,","душъ,"
images_group_8_12713_9184.png,имѣютъ,имѣютъ
images_group_8_12713_9185.png,отъ,отъ
images_group_8_12713_9186.png,роду,роду
images_group_8_12713_9187.png,"лѣтъ,","лѣтъ,"
images_group_8_12713_9188.png,запреступленія:,запреступленія:
images_group_8_12713_9189.png,За нанесеніе,За нанесеніе
images_group_8_12713_9190.png,тиж-,тяж-
images_group_8_12713_9191.png,мужеска,мужеска
images_group_8_12713_9192.png,и,и
images_group_8_12713_9193.png,кихъ,кихъ
images_group_8_12713_9194.png,побой,побой
images_group_8_12713_9195.png,42,42
images_group_8_12713_9196.png,заблужденіе,заблужденіе
images_group_8_12713_9197.png,въ,въ
images_group_8_12713_9198.png,вѣрѣ,вѣрѣ
images_group_8_12713_9199.png,мужеска,мужеска
images_group_8_12713_9200.png,1.,1. -
images_group_8_12713_9201.png,50,50
images_group_8_12713_9202.png,лѣтъ;,лѣтъ;
images_group_8_12713_9203.png,за,за
images_group_8_12713_9204.png,оскопленіе,оскопленіе
images_group_8_12713_9205.png,мужеска,мужеска
images_group_8_12713_9206.png,1,1.
images_group_8_12713_9207.png,37.,37
images_group_8_12713_9208.png,и,и
images_group_8_12713_9209.png,мужеска,мужеска
images_group_8_12713_9210.png,лѣтъ;,лѣтъ;
images_group_8_12713_9211.png,за,за
images_group_8_12713_9212.png,50,50
images_group_8_12713_9213.png,переводъ,переводъ
images_group_8_12713_9214.png,фаньшивыхъ,фальшивыхъ
images_group_8_12713_9215.png,"ассигнацій,","ассигнацій,"
images_group_8_12713_9216.png,мужеска,мужеска
images_group_8_12713_9217.png,42,42
images_group_8_12713_9218.png,лѣтъ,лѣтъ
images_group_8_12713_9219.png,1.,- 1.
images_group_8_12713_9220.png,и,и
images_group_8_12713_9221.png,1.,1.
images_group_8_12713_9222.png,каторжной,каторжной
images_group_8_12713_9223.png,44,44
images_group_8_12713_9224.png,лѣтъ;,лѣтъ;
images_group_8_12713_9225.png,по,по
images_group_8_12713_9226.png,одинъ,одинъ
images_group_8_12713_9227.png,лѣтъ;,лѣтъ;
images_group_8_12713_9228.png,за,за
images_group_8_12713_9229.png,подозрѣнію,подозрѣнію
images_group_8_12713_9230.png,въ,въ
images_group_8_12713_9231.png,"удушеніи,","удушеніи,"
images_group_8_12713_9232.png,поселенцы:,поселенцы:
images_group_8_12713_9233.png,мужеска,мужеска
images_group_8_12713_9234.png,до,до
images_group_8_12713_9235.png,50,50
images_group_8_12713_9236.png,лѣтъ,лѣтъ
images_group_8_12713_9237.png,1.,_ 1.
images_group_8_12713_9238.png,до,до
images_group_8_12713_9239.png,60-,60 -
images_group_8_12713_9240.png,2.,2
images_group_8_12713_9241.png,и,и
images_group_8_12713_9242.png,до,до
images_group_8_12713_9243.png,по,по
images_group_8_12713_9244.png,разбою,разбою
images_group_8_12713_9245.png,мужеска,мужеска
images_group_8_12713_9246.png,отъ,отъ
images_group_8_12713_9247.png,30-,30_
images_group_8_12713_9248.png,2.,2.
images_group_8_12713_9249.png,32,32
images_group_8_12713_9250.png,1.;,1.;
images_group_8_12713_9251.png,"смертоубійство,","смертоубійство,"
images_group_8_12713_9252.png,поселенцы:,поселенцы:
images_group_8_12713_9253.png,20,20
images_group_8_12713_9254.png,до,до
images_group_8_12713_9255.png,30-,30-
images_group_8_12713_9256.png,и,и
images_group_8_12713_9257.png,отъ,отъ
images_group_8_12713_9258.png,30,30
images_group_8_12713_9259.png,отъ,отъ
images_group_8_12713_9260.png,35,35
images_group_8_12713_9261.png,до,до
images_group_8_12713_9262.png,40-,40-
images_group_8_12713_9263.png,27,27
images_group_8_12713_9264.png,до,до
images_group_8_12713_9265.png,и,и
images_group_8_12713_9266.png,лѣтъ,лѣтъ
images_group_8_12713_9267.png,за,за
images_group_8_12713_9268.png,отъ,отъ
images_group_8_12713_9269.png,2,2
images_group_8_12713_9270.png,отъ,отъ
images_group_8_12713_9271.png,40.,40.
images_group_8_12713_9272.png,48,48
images_group_8_12713_9273.png,лѣтъ -,лѣтъ-
images_group_8_12713_9274.png,2,2.
images_group_8_12713_9275.png,каторжныя,каторжных
images_group_8_12713_9276.png,мужеска,мужеска
images_group_8_12713_9277.png,отъ,отъ
images_group_8_12713_9278.png,23,23
images_group_8_12713_9279.png,до,до
images_group_8_12713_9280.png,27,27-
images_group_8_12713_9281.png,2.,2.
images_group_8_12713_9282.png,отъ,отъ
images_group_8_12713_9283.png,27,27
images_group_8_12713_9284.png,до,до
images_group_8_12713_9285.png,32-,32-
images_group_8_12713_9286.png,1.,1.
images_group_8_12713_9287.png,и 1,и 1.
images_group_8_12713_9288.png,48,48
images_group_8_12713_9289.png,"лѣтъ,","лѣтъ,"
images_group_8_12713_9290.png,женска,женска
images_group_8_12713_9291.png,и,и
images_group_8_12713_9292.png,до,до
images_group_8_12713_9293.png,1.,1
images_group_8_12713_9294.png,до,до
images_group_8_12713_9295.png,30,30
images_group_8_12713_9296.png,"лѣтъ,","лѣтъ,"
images_group_8_12713_9297.png,поселенцы:,поселенцы:
images_group_8_12713_9298.png,за,за
images_group_8_12713_9299.png,поддѣлку,поддѣлку
images_group_8_12713_9300.png,"актовъ,","актовъ,"
images_group_8_12713_9301.png,отъ 30,отъ 30
images_group_8_12713_9302.png,до,до
images_group_8_12713_9303.png,35-,35-
images_group_8_12713_9304.png,3,3.
images_group_8_12713_9305.png,отъ,отъ
images_group_8_12713_9306.png,35,35
images_group_8_12713_9307.png,до,до
images_group_8_12713_9308.png,40-,40-
images_group_8_12713_9309.png,2;,2;
images_group_8_12713_9310.png,за,за
images_group_8_12713_9311.png,составленіе,составленіе
images_group_8_12713_9312.png,и имѣніе,и имѣніе
images_group_8_12713_9313.png,фальшивыхъ,фальшивыхъ
images_group_8_12713_9314.png,"билетовъ,","билетовъ,"
images_group_8_12713_9315.png,отъ,отъ
images_group_8_12713_9316.png,30,30
images_group_8_12713_9317.png,до,до
images_group_8_12713_9318.png,до,до
images_group_8_12713_9319.png,40,40
images_group_8_12713_9320.png,лѣтъ;,лѣтъ;
images_group_8_12713_9321.png,"мужеска,","мужеска,"
images_group_8_12713_9322.png,отъ,отъ
images_group_8_12713_9323.png,20,20
images_group_8_12713_9324.png,до,до
images_group_8_12713_9325.png,28-,28-
images_group_8_12713_9326.png,"18.,","18.,"
images_group_8_12713_9327.png,отъ,отъ
images_group_8_12713_9328.png,32,32
images_group_8_12713_9329.png,до,до
images_group_8_12713_9330.png,40-,40-
images_group_8_12713_9331.png,8,8
images_group_8_12713_9332.png,отъ,отъ
images_group_8_12713_9333.png,40,40
images_group_8_12713_9334.png,до,до
images_group_8_12713_9335.png,45-,45-
images_group_8_12713_9336.png,9,9.
images_group_8_12713_9337.png,отъ,отъ
images_group_8_12713_9338.png,45,45
images_group_8_12713_9339.png,до,до
images_group_8_12713_9340.png,50-,50-
images_group_8_12713_9341.png,7,7
images_group_8_12713_9342.png,и,и
images_group_8_12713_9343.png,до,до
images_group_8_12713_9344.png,60.,60.
images_group_8_12713_9345.png,лѣтъ,лѣтъ
images_group_8_12713_9346.png,1,1.
images_group_8_12713_9347.png,женска,женска
images_group_8_12713_9348.png,1,1
images_group_8_12713_9349.png,до,до
images_group_8_12713_9350.png,25 лѣтъ;,25 лѣтъ;
images_group_8_12713_9351.png,каторжныя,каторжныя
images_group_8_12713_9352.png,му-,му-
images_group_8_12713_9353.png,жеска,жеска
images_group_8_12713_9354.png,20.,20.
images_group_8_12713_9355.png,25.-,25 _
images_group_8_12713_9356.png,4.,4.
images_group_8_12713_9357.png,25,25
images_group_8_12713_9358.png,32-,32-
images_group_8_12713_9359.png,3,3.
images_group_8_12713_9360.png,и,и
images_group_8_12713_9361.png,до,до
images_group_8_12713_9362.png,40,40
images_group_8_12713_9363.png,лѣтъ,лѣтъ
images_group_8_12713_9364.png,"3.,",3.;
images_group_8_12713_9365.png,за,за
images_group_8_12713_9366.png,причиненіе,причиненіе
images_group_8_12713_9367.png,ножемъ,ножемъ
images_group_8_12713_9368.png,"ранъ,","ранъ,"
images_group_8_12713_9369.png,каторжной,каторжной
images_group_8_12713_9370.png,отъ,отъ
images_group_8_12713_9371.png,до,до
images_group_8_12713_9372.png,отъ,отъ
images_group_8_12713_9373.png,до,до
images_group_8_12713_9374.png,1.,1.
images_group_8_12713_9375.png,до 40,до 40
images_group_8_12713_9376.png,лѣтъ;,лѣтъ;
images_group_8_12713_9377.png,поселенцы,поселенцы
images_group_8_12713_9378.png,за,за
images_group_8_12713_9379.png,буйственных,буйственных
images_group_8_12713_9380.png,поступки:,поступки:
images_group_8_12713_9381.png,отъ,отъ
images_group_8_12713_9382.png,20.,20.
images_group_8_12713_9383.png,до,до
images_group_8_12713_9384.png,25,25 _
images_group_8_12713_9385.png,2.,2.
images_group_8_12713_9386.png,1,1.
images_group_8_12713_9387.png,до,до
images_group_8_12713_9388.png,30,30
images_group_8_12713_9389.png,лѣтъ;,лѣтъ;
images_group_8_12713_9390.png,за,за
images_group_8_12713_9391.png,упущеніе,упущеніе
images_group_8_12713_9392.png,арестантовъ,арестантовъ
images_group_8_12713_9393.png,30,30
images_group_8_12713_9394.png,35-,35 _
images_group_8_12713_9395.png,2,2.
images_group_8_12713_9396.png,1,1.
images_group_8_12713_9397.png,55,55
images_group_8_12713_9398.png,лѣтъ;,лѣтъ;
images_group_8_12713_9399.png,за,за
images_group_8_12713_9400.png,скрытіе,скрытіе
images_group_8_12713_9401.png,мѣста-,мѣста-
images_group_8_12713_9402.png,"причишенія,","причисленія,"
images_group_8_12713_9403.png,мужеска,мужеска
images_group_8_12713_9404.png,отъ,отъ
images_group_8_12713_9405.png,отъ,отъ
images_group_8_12713_9406.png,до,до
images_group_8_12713_9407.png,и,и
images_group_8_12713_9408.png,до,до
images_group_8_12713_9409.png,30,30
images_group_8_12713_9410.png,35,35
images_group_8_12713_9411.png,48-,48-
images_group_8_12713_9412.png,4.,4.
images_group_8_12713_9413.png,женска,женска
images_group_8_12713_9414.png,отъ,отъ
images_group_8_12713_9415.png,22,22
images_group_8_12713_9416.png,6,6
images_group_8_12713_9417.png,и,и
images_group_8_12713_9418.png,до,до
images_group_8_12713_9419.png,38,38
images_group_8_12713_9420.png,лѣтъ,лѣтъ
images_group_8_12713_9421.png,3.,3.
images_group_8_12713_9422.png,каторжных,каторжныя
images_group_8_12713_9423.png,мужеска,мужеска
images_group_8_12713_9424.png,16.,16.
images_group_8_12713_9425.png,отъ,отъ
images_group_8_12713_9426.png,и,и
images_group_8_12713_9427.png,отъ,отъ
images_group_8_12713_9428.png,до,до
images_group_8_12720_10337.png,Въ,Въ
images_group_8_12720_10338.png,мѣдной,мѣдной
images_group_8_12720_10339.png,монетѣ,монетѣ
images_group_8_12720_10340.png,недостатка,недостатка
images_group_8_12720_10341.png,"небыло,","небыло,"
images_group_8_12720_10342.png,а,а
images_group_8_12720_10343.png,въ,въ
images_group_8_12720_10344.png,мѣлкихъ,мѣлкихъ
images_group_8_12720_10345.png,ассигнаціяхъ,ассигнаціяхъ
images_group_8_12720_10346.png,оный,оный
images_group_8_12720_10347.png,существовалъ,существовалъ
images_group_8_12720_10348.png,толь-,толь-
images_group_8_12720_10349.png,ко,ко
images_group_8_12720_10350.png,до,до
images_group_8_12720_10351.png,присылки,присылки
images_group_8_12720_10352.png,ихъ,ихъ
images_group_8_12720_10353.png,изъ,изъ
images_group_8_12720_10354.png,Государственнаго,Государственнаго
images_group_8_12720_10355.png,Ассигнаціоннаго,Ассигнаціоннаго
images_group_8_12720_10356.png,Банка.,Банка.
images_group_8_12720_10357.png,5.),5.)
images_group_8_12720_10358.png,Губернское,Губернское
images_group_8_12720_10359.png,Правленіе,"Правленіе,"
images_group_8_12720_10360.png,Градскія,Градскія
images_group_8_12720_10361.png,и,и
images_group_8_12720_10362.png,Земскія,Земскія
images_group_8_12720_10363.png,Полиціи,Полиціи
images_group_8_12720_10364.png,находились,находились
images_group_8_12720_10365.png,въ,въ
images_group_8_12720_10366.png,прежнемъ,прежнемъ
images_group_8_12720_10367.png,ихъ,ихъ
images_group_8_12720_10368.png,составѣ.,составѣ.
images_group_8_12720_10369.png,Во,Во
images_group_8_12720_10370.png,всѣхъ,всѣхъ
images_group_8_12720_10371.png,сихъ,сихъ
images_group_8_12720_10372.png,мѣстахъ,мѣстахъ
images_group_8_12720_10373.png,замѣченъ,замѣченъ
images_group_8_12720_10374.png,Общій,Общій
images_group_8_12720_10375.png,недо-,недо-
images_group_8_12720_10376.png,статокъ,статокъ
images_group_8_12720_10377.png,не,не
images_group_8_12720_10378.png,только,только
images_group_8_12720_10379.png,"способныхъ,","способныхъ,"
images_group_8_12720_10380.png,опытныхъ,опытныхъ
images_group_8_12720_10381.png,и,и
images_group_8_12720_10382.png,дѣятельныхъ,дѣятельныхъ
images_group_8_12720_10383.png,классныхъ,классныхъ
images_group_8_12720_10384.png,"Чиновниковъ,","Чиновниковъ,"
images_group_8_12720_10385.png,но,но
images_group_8_12720_10386.png,даже,даже
images_group_8_12720_10387.png,и,и
images_group_8_12720_10388.png,благонадежныхъ,благонадежныхъ
images_group_8_12720_10389.png,Канцелярскихъ,Канцелярскихъ
images_group_8_12720_10390.png,служителей.-,служителей.
images_group_8_12720_10391.png,Впречемъ,Впрочемъ
images_group_8_12720_10392.png,дѣла въ,дѣла съ
images_group_8_12720_10393.png,Общемъ,Общемъ
images_group_8_12720_10394.png,Губернскомъ,Губернскомъ
images_group_8_12720_10395.png,управ-,Управ-
images_group_8_12720_10396.png,"леніи,","леніи,"
images_group_8_12720_10397.png,Губернскихъ,Губернскихъ
images_group_8_12720_10398.png,Присутственныхъ,Присутственныхъ
images_group_8_12720_10399.png,мѣ-,мѣ-
images_group_8_12720_10400.png,стахъ,стахъ
images_group_8_12720_10401.png,и,и
images_group_8_12720_10402.png,въ,въ
images_group_8_12720_10403.png,Градскихъ,Градскихъ
images_group_8_12720_10404.png,Полиціяхъ,Полиціяхъ
images_group_8_12720_10405.png,производились,производились
images_group_8_12720_10406.png,довольно,довольно
images_group_8_12720_10407.png,"успѣшно,","успѣшно,"
images_group_8_12720_10408.png,въ,въ
images_group_8_12720_10409.png,Земскихъ,Земскихъ
images_group_8_12720_10410.png,Полиціяхъ,Полиціяхъ
images_group_8_12720_10411.png,теченіе,теченіе
images_group_8_12720_10412.png,дѣлъ,дѣлъ
images_group_8_12720_10413.png,было,было
images_group_8_12720_10414.png,не,не
images_group_8_12720_10415.png,со,со
images_group_8_12720_10416.png,всѣмъ,всѣмъ
images_group_8_12720_10417.png,"успѣшно,","успѣшно,"
images_group_8_12720_10418.png,особенно,особенно
images_group_8_12720_10419.png,замѣчена,замѣчена
images_group_8_12720_10420.png,мебленность,медленность
images_group_8_12720_10421.png,въ,въ
images_group_8_12720_10422.png,производствѣ,производствѣ
images_group_8_12720_10423.png,слѣд-,слѣд-
images_group_8_12720_10424.png,стей,стеій
images_group_8_12720_10425.png,по,по
images_group_8_12720_10426.png,уголовнымъ,Уголовнымъ
images_group_8_12720_10427.png,"преступленіямъ,","преступленіямъ,"
images_group_8_12720_10428.png,упуще-,упуще-
images_group_8_12720_10429.png,"нія,","нія,"
images_group_8_12720_10430.png,и,и
images_group_8_12720_10431.png,безпорядки,безпорядки
images_group_8_12720_10432.png,по,по
images_group_8_12720_10433.png,Енисейскому,Енисейскому
images_group_8_12720_10434.png,и,и
images_group_8_12720_10435.png,Ачин-,Ачин.-
images_group_8_12720_10436.png,скому,скому
images_group_8_12720_10437.png,Земскимъ,Земскимъ
images_group_8_12720_10438.png,Судамъ,Судамъ
images_group_8_12720_10439.png,Къ,Къ
images_group_8_12720_10440.png,оторащенію,отвращенію
images_group_8_12720_10441.png,сихъ,сихъ
images_group_8_12720_10442.png,безпорядковъ,безпорядковъ
images_group_8_12720_10443.png,и,и
images_group_8_12720_10444.png,предупрежденію,предупрежденію
images_group_8_12720_10445.png,оныхъ,оныхъ
images_group_8_12720_10446.png,на,на
images_group_8_12720_10447.png,будущее,будущее
images_group_8_12720_10448.png,время,время
images_group_8_12720_10449.png,приняты,приняты
images_group_8_12720_10450.png,со,со
images_group_8_12720_10451.png,стороны,стороны
images_group_8_12720_10452.png,На-,На-
images_group_8_12720_10453.png,чальника,чальника
images_group_8_12720_10454.png,Губерніи,Губерніи
images_group_8_12720_10455.png,и,и
images_group_8_12720_10456.png,Губернскаго,Губернскаго
images_group_8_12720_10457.png,Совѣта,Совѣта
images_group_8_12728_11253.png,на,на
images_group_8_12728_11254.png,устройство,устройство
images_group_8_12728_11255.png,заведеній,заседеній
images_group_8_12728_11256.png,употребить,употребить
images_group_8_12728_11257.png,до,до
images_group_8_12728_11258.png,20,20
images_group_8_12728_11259.png,-т.,т.
images_group_8_12728_11260.png,р.,р.
images_group_8_12728_11261.png,асс.,асс.
images_group_8_12728_11262.png,Предположеніе,Предположеніе
images_group_8_12728_11263.png,объ,объ
images_group_8_12728_11264.png,этомъ,этомъ
images_group_8_12728_11265.png,представлено,представлено
images_group_8_12728_11266.png,на,на
images_group_8_12728_11267.png,благоразсмотрѣніе,благоразсмотрѣніе
images_group_8_12728_11268.png,высшаго,Высшаго
images_group_8_12728_11269.png,Правитель-,Правитель-
images_group_8_12728_11270.png,"ства,","ства,"
images_group_8_12728_11271.png,но,но
images_group_8_12728_11272.png,разрѣшенія,разрѣшенія
images_group_8_12728_11273.png,еще,еще
images_group_8_12728_11274.png,непослѣдовало.,непослѣдовало
images_group_8_12728_11275.png,13.),13.)
images_group_8_12728_11276.png,Въ,Въ
images_group_8_12728_11277.png,теченіе,теченіе
images_group_8_12728_11278.png,1840,1840
images_group_8_12728_11279.png,года,года
images_group_8_12728_11280.png,пожаровъ,пожаровъ
images_group_8_12728_11281.png,было,было
images_group_8_12728_11282.png,въ,въ
images_group_8_12728_11283.png,городахъ,городахъ
images_group_8_12728_11284.png,А.,"4,"
images_group_8_12728_11285.png,въ,въ
images_group_8_12728_11286.png,Округахъ,Округахъ
images_group_8_12728_11287.png,13.,13.
images_group_8_12728_11288.png,Убытка,Убытка
images_group_8_12728_11289.png,отъ,отъ
images_group_8_12728_11290.png,оныхъ,оныхъ
images_group_8_12728_11291.png,понесено,понесено
images_group_8_12728_11293.png,на,на
images_group_8_12728_11294.png,11384 р.,11384 р.
images_group_8_12728_11295.png,25,25
images_group_8_12728_11296.png,к.,к.
images_group_8_12728_11297.png,ассигн.,ассигн:
images_group_8_12728_11298.png,/3252 р.,/3252 р.
images_group_8_12728_11299.png,64,64
images_group_8_12728_11300.png,3/7,3/4
images_group_8_12728_11301.png,к.,к.
images_group_8_12728_11302.png,сереб.),сереб:/
images_group_8_12728_11303.png,"14.,","14.,"
images_group_8_12728_11304.png,Поселеніе,Поселеніе
images_group_8_12728_11305.png,ссыльныхъ,ссыльныхъ
images_group_8_12728_11306.png,въ,въ
images_group_8_12728_11307.png,Енисейской,Енисейской
images_group_8_12728_11308.png,Губерніи,Губерніи
images_group_8_12728_11309.png,продолжается,продолжается
images_group_8_12728_11310.png,успѣшно.,успѣшно.
images_group_8_12728_11311.png,Предпо-,Предпо-
images_group_8_12728_11312.png,ложенныя,ложенныя
images_group_8_12728_11313.png,къ,къ
images_group_8_12728_11314.png,постройки,постройки
images_group_8_12728_11315.png,22,22
images_group_8_12728_11316.png,деревни,деревни
images_group_8_12728_11317.png,изъ,изъ
images_group_8_12728_11318.png,1.487,1.487
images_group_8_12728_11319.png,"домовъ,","домовъ,"
images_group_8_12728_11320.png,о,о
images_group_8_12728_11321.png,которыхъ,которыхъ
images_group_8_12728_11322.png,въ,въ
images_group_8_12728_11323.png,предшествова-о,предшествовав-
images_group_8_12728_11324.png,шихъ,шихъ
images_group_8_12728_11325.png,отчетахъ,отчетахъ
images_group_8_12728_11326.png,было,было
images_group_8_12728_11327.png,"упомянуто,","упомянуто,"
images_group_8_12728_11328.png,кончен-,кончен-
images_group_8_12728_11329.png,ны,ны
images_group_8_12728_11330.png,постройкою,постройкою
images_group_8_12728_11331.png,1840,1840
images_group_8_12728_11332.png,"году,","году,"
images_group_8_12728_11333.png,кромѣ,кромѣ
images_group_8_12728_11334.png,нѣ-,нѣ-
images_group_8_12728_11335.png,сколькихъ,сколькихъ
images_group_8_12728_11336.png,службъ.,служебъ.-
images_group_8_12728_11337.png,Изъ,Изъ
images_group_8_12728_11338.png,5955,5955
images_group_8_12728_11339.png,"человѣкъ,","человѣкъ,"
images_group_8_12728_11340.png,предположенныхъ,предположенныхъ
images_group_8_12728_11341.png,къ,къ
images_group_8_12728_11342.png,водворенію,водворенію
images_group_8_12728_11343.png,въ,въ
images_group_8_12728_11344.png,сихъ,сихъ
images_group_8_12728_11345.png,"деревняхъ,","деревняхъ,"
images_group_8_12728_11346.png,недостаетъ,недостаетъ
images_group_8_12728_11347.png,толь-,толь-
images_group_8_12728_11348.png,ко,ко
images_group_8_12728_11349.png,163,163
images_group_8_12728_11350.png,человѣка.,человѣка.
images_group_8_12728_11351.png,Къ,Къ
images_group_8_12728_11352.png,пополненію,пополненію
images_group_8_12728_11353.png,косиплек-,комплек-
images_group_8_12728_11354.png,та,та
images_group_8_12728_11355.png,сихъ,сихъ
images_group_8_12728_11356.png,людей,людей
images_group_8_12728_11357.png,сдѣлано,сдѣлано
images_group_8_12728_11358.png,распоряженіе.,распоряженіе
images_group_8_12728_11359.png,Водворенные,Водворенные
images_group_8_12728_11360.png,"Поселенцы,","Поселенцы,"
images_group_8_12728_11361.png,сверхъ,сверхъ
images_group_8_12728_11362.png,полученнаго,полученнаго
images_group_8_12728_11363.png,отъ,отъ
images_group_8_12728_11364.png,"казны,","казны,"
images_group_8_12728_11365.png,имѣютъ,имѣютъ
images_group_8_12728_11366.png,уже,уже
images_group_8_12728_11367.png,и,и
images_group_8_12728_11368.png,собственный,собственный
images_group_8_12728_11369.png,въ,въ
images_group_8_12728_11370.png,достаточномъ,достаточномъ
images_group_8_12728_11371.png,количестоѣ,количествѣ
images_group_8_12728_11372.png,"скотъ,","скотъ,"
images_group_8_12728_11373.png,и,и
images_group_8_12729_11374.png,162,162
images_group_8_12729_11375.png,надлежащее,надлежащее
images_group_8_12729_11376.png,хлѣбопашество.,хлѣбопашество.
images_group_8_12729_11377.png,Вообще,Вообще
images_group_8_12729_11378.png,ссыльно-,ссыльно-
images_group_8_12729_11379.png,поселенцевъ,поселенцевъ
images_group_8_12729_11380.png,къ 1841,къ 1841
images_group_8_12729_11381.png,году,году
images_group_8_12729_11382.png,числилось:,числилось.
images_group_8_12729_11383.png,муж.,муж.
images_group_8_12729_11384.png,Женск.пол.,женск. пол.
images_group_8_12729_11385.png,Мастеровыхъ,Мастеровыхъ
images_group_8_12729_11386.png,98,98
images_group_8_12729_11387.png,18,18
images_group_8_12729_11388.png,Въ,Въ
images_group_8_12729_11389.png,Цехѣ,Цехѣ
images_group_8_12729_11390.png,случѣ-,слугъ-
images_group_8_12729_11391.png,159,159
images_group_8_12729_11392.png,51.,51.
images_group_8_12729_11393.png,На,На
images_group_8_12729_11394.png,Поселеніи,Поселеніи
images_group_8_12729_11395.png,Казенномъ,Казенномъ
images_group_8_12729_11396.png,5943,5.943
images_group_8_12729_11397.png,3784,3.784.
images_group_8_12729_11398.png,между,Между
images_group_8_12729_11399.png,старо-,старо-
images_group_8_12729_11400.png,жилами,жилами
images_group_8_12729_11401.png,13.918,13.918
images_group_8_12729_11402.png,3481.,3.481.
images_group_8_12729_11403.png,Неспособныхъ,Неспособныхъ
images_group_8_12729_11404.png,5.495,5.495
images_group_8_12729_11405.png,1380,1380
images_group_8_12729_11406.png,Всего,Всего
images_group_8_12729_11407.png,25.613,25.613
images_group_8_12729_11408.png,8714,8.714
images_group_8_12729_11409.png,Женатыхъ,Женатыхъ
images_group_8_12729_11410.png,поселенцевъ,поселенцевъ
images_group_8_12729_11411.png,числилось,числилось
images_group_8_12729_11412.png,"8935,","8935,"
images_group_8_12729_11413.png,у нихъ,у нихъ
images_group_8_12729_11414.png,дѣтей,дѣтей
images_group_8_12729_11415.png,мужеска,мужеска
images_group_8_12729_11416.png,пола,пола
images_group_8_12729_11417.png,3445,3445
images_group_8_12729_11418.png,и,и
images_group_8_12729_11419.png,женска,женска
images_group_8_12729_11420.png,3545.,3.545.
images_group_8_12729_11421.png,"15.,","15.,"
images_group_8_12729_11422.png,Инородцы,Инородцы
images_group_8_12729_11423.png,или,или
images_group_8_12729_11424.png,Асачные,Ясачные
images_group_8_12729_11425.png,и,и
images_group_8_12729_11426.png,въ,въ
images_group_8_12729_11427.png,числѣ,числѣ
images_group_8_12729_11428.png,ихъ,ихъ
images_group_8_12729_11429.png,Кочующіе,Кочующіе
images_group_8_12729_11430.png,народы,народы
images_group_8_12729_11431.png,обитаютъ,обитаютъ
images_group_8_12729_11432.png,въ,въ
images_group_8_12729_11433.png,округахъ,округахъ
images_group_8_12729_11434.png,Ачинскомъ,Ачинскомъ
images_group_8_12729_11435.png,и,и
images_group_8_12729_11436.png,Минусин-,Минусин-
images_group_8_12729_11437.png,скомъ,скомъ
images_group_8_12729_11438.png,и,и
images_group_8_12729_11439.png,частію,частію
images_group_8_12729_11440.png,въ,въ
images_group_8_12729_11441.png,Енисейскомъ;,Енисейскомъ;
images_group_8_12729_11442.png,они,они
images_group_8_12729_11443.png,владѣютъ,владѣютъ
images_group_8_12729_11444.png,значительнымъ,значительнымъ
images_group_8_12729_11445.png,простран-,простран-
images_group_8_12729_11446.png,ствомъ,ствомъ
images_group_8_12729_11447.png,земель,земель
images_group_8_12729_11448.png,издревле,издревле
images_group_8_12729_11449.png,и,и
images_group_8_12729_11450.png,по,по
images_group_8_12729_11451.png,временамъ,временамъ
images_group_8_12731_11737.png,103,163
images_group_8_12731_11738.png,Въ Хозяйственный,Въ Хозяйственный
images_group_8_12731_11739.png,Департаментъ,Департаментъ:
images_group_8_12731_11740.png,"1.,","1.,"
images_group_8_12731_11741.png,неимѣніи,неимѣніи
images_group_8_12731_11742.png,Высочайшее,Высочайше
images_group_8_12731_11743.png,утвержденныхъ,утвержденныхъ
images_group_8_12731_11744.png,плановъ,плановъ
images_group_8_12731_11745.png,для,для
images_group_8_12731_11746.png,городовъ,городовъ.
images_group_8_12731_11747.png,"2.,","2.,"
images_group_8_12731_11748.png,состояніи,состояніи
images_group_8_12731_11749.png,Городовыхъ,Городовыхъ
images_group_8_12731_11750.png,больницъ,больницъ
images_group_8_12731_11751.png,онеразрѣшенномъ,о неразрѣшенномъ
images_group_8_12731_11752.png,представленіи,представленіи
images_group_8_12731_11753.png,на,на
images_group_8_12731_11754.png,счетъ,счетъ
images_group_8_12731_11755.png,улучшенія,улучшенія
images_group_8_12731_11756.png,оныхъ,оныхъ
images_group_8_12731_11757.png,Въ,Въ
images_group_8_12731_11758.png,Медицинскій,Медицинскій
images_group_8_12731_11759.png,Департаментъ,Департаментъ
images_group_8_12731_11760.png,имѣющихся,имѣющихся
images_group_8_12731_11761.png,вакансяхъ,вакансіяхъ
images_group_8_12731_11762.png,Медицинскому,Медицинскому
images_group_8_12731_11763.png,вѣдомству.,вѣдомству.
images_group_8_12731_11764.png,Г.,Г.
images_group_8_12731_11765.png,Министру,Министру
images_group_8_12731_11766.png,Финансовъ:,Финансовъ:
images_group_8_12731_11767.png,0,О
images_group_8_12731_11768.png,недостаткѣ,недостаткѣ
images_group_8_12731_11769.png,въ,въ
images_group_8_12731_11770.png,обращеніи,обращеніи
images_group_8_12731_11771.png,серебрянной,серебрянной
images_group_8_12731_11772.png,монеты.,монеты.
images_group_8_12731_11773.png,Прочія,Прочія
images_group_8_12731_11774.png,тѣмъ,тѣмъ
images_group_8_12731_11775.png,"статьи,","статьи,"
images_group_8_12731_11776.png,какъ,какъ
images_group_8_12731_11777.png,неваключающіе,незаключающія
images_group_8_12731_11778.png,"предметовъ,","предметовъ,"
images_group_8_12731_11779.png,требующихъ,требующихъ
images_group_8_12731_11780.png,какого,какого
images_group_8_12731_11781.png,лиоо,либо
images_group_8_12731_11782.png,распоряже-,распоряже-
images_group_8_12731_11783.png,"нія,","нія,"
images_group_8_12731_11784.png,принять,принять
images_group_8_12731_11785.png,къ,къ
images_group_8_12731_11786.png,свѣденію.,свѣденію.
images_group_8_12731_11787.png,Александ,Александръ
images_group_8_12731_11789.png,Метръ,Петръ
images_group_8_12731_11791.png,Декабря,Александръ
images_group_8_12731_11793.png,М.,М.
images_group_8_12731_11795.png,Константный,Константинъ
images_group_8_12731_11797.png,Семенъ,Семенъ
images_group_8_12731_11799.png,Василей,Василій
images_group_8_12731_11801.png,Алексендъ,Александръ
images_group_8_12731_11802.png,Дмитріевъ,Дмитревъ
images_group_8_12731_11805.png,Великницъ,вославникъ
images_group_8_12731_11808.png,Оронтъ,Федотъ
images_group_8_12731_11809.png,Шклариъ,Шкларевъ
images_group_8_12731_11810.png,Федоръ,Федоръ
images_group_8_12731_11812.png,Каректаровъ,Директоръ К.
images_group_8_12733_11829.png,9447,9447
images_group_8_12733_11830.png,164,164
images_group_8_12733_11831.png,3725,3725
images_group_8_12733_11833.png,Г. Министеру,Г. Министру
images_group_8_12733_11834.png,Финансовъ,Финансовъ
images_group_8_12733_11835.png,ВНУТРЕННИХЪ,ВНУТРЕННИХЪ
images_group_8_12733_11837.png,Имѣю,Имѣю
images_group_8_12733_11838.png,лить,лить
images_group_8_12733_11840.png,в,в
images_group_8_12733_11843.png,"Съеву,","всему,"
images_group_8_12733_11846.png,дить,Дить
images_group_8_12733_11848.png,семъ,семъ
images_group_8_12733_11849.png,ветой,вѣт
images_group_8_12733_11850.png,Отдѣленіе 2,Отдѣленіе 2
images_group_8_12733_11851.png,изъ,изъ
images_group_8_12733_11852.png,годова,годового
images_group_8_12733_11853.png,отчета,отчета
images_group_8_12733_11855.png,Столън,Столъ 1.
images_group_8_12733_11856.png,2,2.
images_group_8_12733_11857.png,Ноября,Ноября
images_group_8_12733_11858.png,1841,1841
images_group_8_12733_11859.png,ского,скаго
images_group_8_12733_11860.png,Гражд.,Графд.
images_group_8_12733_11861.png,Губернатора,Губернатора
images_group_8_12733_11862.png,осостояніи,осостояніи
images_group_8_12733_11863.png,Енисейской,Енисейской
images_group_8_12733_11864.png,Губерніи,Губерніи
images_group_8_12733_11865.png,за Вол,за 1840 г.
images_group_8_12733_11866.png,о,о
images_group_8_12733_11867.png,недостаткѣ,недостаткѣ
images_group_8_12733_11868.png,въ обра.,въ обра-
images_group_8_12733_11869.png,Вз,No
images_group_8_12733_11870.png,3743,5743.
images_group_8_12733_11871.png,щеніи,щеніи
images_group_8_12733_11872.png,серебрянной,серебрянной
images_group_8_12733_11873.png,монстве. -,монеты.-
images_group_8_12733_11874.png,Министръ,Министръ
images_group_8_12733_11875.png,Внутреннимъ,Внутреннихъ
images_group_8_12733_11877.png,Директоръ К,Директоръ К.
images_group_8_12733_11878.png,Времъ Поль,Фонъ Поль
images_group_8_12733_11879.png,выри,вѣрно
images_group_8_12733_11882.png,Минисевский,МИНИСТЕРСТВО
images_group_8_12733_11883.png,412.,412.
images_group_8_12739_12203.png,Отчетъ,Отчетъ
images_group_8_12739_12204.png,по,по
images_group_8_12739_12205.png,управленію,управленію
images_group_8_12739_12206.png,Енисейскою,Енисейского
images_group_8_12739_12207.png,Губерніею,Губерніего
images_group_8_12739_12208.png,За,За
images_group_8_12739_12209.png,1841,1841
images_group_8_12739_12210.png,годъ.,годъ.
images_group_8_12739_12211.png,No3,В
images_group_8_12739_12216.png,По,По
images_group_8_12739_12217.png,части,части
images_group_8_12739_12218.png,Департамента,Департамента
images_group_8_12739_12219.png,детиг,давно
images_group_8_12739_12220.png,несо,не
images_group_8_12739_12222.png,Государственнаго,Государственнаго
images_group_8_12739_12223.png,хозяйства,хозяйства
images_group_8_12739_12224.png,и,и
images_group_8_12739_12225.png,стветъ.,ствуетъ
images_group_8_12739_12226.png,публичныхъ,публичныхъ
images_group_8_12739_12227.png,зданій.,зданій.ё
images_group_8_12739_12228.png,1,1
images_group_8_12739_12229.png,По,По
images_group_8_12739_12230.png,части,части
images_group_8_12739_12231.png,земледѣлія,земледѣлія
images_group_8_12739_12232.png,и,и
images_group_8_12739_12233.png,сельской,сельской
images_group_8_12739_12234.png,промышленности,промышленности.
images_group_8_12739_12235.png,а.),а.)
images_group_8_12739_12236.png,о,О
images_group_8_12739_12237.png,введеніи,введеніи
images_group_8_12739_12238.png,какихъ,какихъ
images_group_8_12739_12239.png,ли-,ли-
images_group_8_12739_12240.png,Никакихъ,Никакихъ
images_group_8_12739_12241.png,"нововведеній,","нововведеній,"
images_group_8_12739_12242.png,значущих,значущих-
images_group_8_12739_12243.png,бо,бо
images_group_8_12739_12244.png,новыхъ,новыхъ
images_group_8_12739_12245.png,способовъ,способовъ
images_group_8_12739_12246.png,воздѣ-,воздѣ-
images_group_8_12739_12247.png,товъ,товъ
images_group_8_12739_12248.png,мыванія,лыванія
images_group_8_12739_12249.png,посѣва,"посѣва,"
images_group_8_12739_12250.png,"земли,","земли,"
images_group_8_12739_12251.png,лучшихъ,лучшихъ
images_group_8_12739_12252.png,оборо-,оборо-
images_group_8_12739_12253.png,ся,ся
images_group_8_12739_12254.png,въ,въ
images_group_8_12739_12255.png,сей.,сей.
images_group_8_12739_12256.png,"статьѣ,","статьѣ,"
images_group_8_12739_12257.png,въ,въ
images_group_8_12739_12258.png,Енисейской,Енисейской
images_group_8_12739_12259.png,Гу-,Гу-
images_group_8_12739_12260.png,орудій,орудій
images_group_8_12739_12261.png,и средствъ,и средствъ
images_group_8_12739_12262.png,къ-,къ
images_group_8_12739_12263.png,сохраненію,сохраненію
images_group_8_12739_12264.png,Хлѣба.,хлѣба.
images_group_8_12739_12265.png,"берніи,","берніи,"
images_group_8_12739_12266.png,въ,въ
images_group_8_12739_12267.png,1841,1841
images_group_8_12739_12268.png,году,году
images_group_8_12739_12269.png,10,не
images_group_8_12739_12270.png,существовало.,существовало.
images_group_8_12739_12271.png,б.),б.)
images_group_8_12739_12272.png,"О предпріятіяхъ,",О предпріятіяхъ
images_group_8_12739_12273.png,или,или
images_group_8_12739_12274.png,Ни,Ни
images_group_8_12739_12275.png,"продпріятій,","предпріятій,"
images_group_8_12739_12276.png,ни,ни
images_group_8_12739_12277.png,заведеній,заведеній
images_group_8_12739_12278.png,по,по
images_group_8_12739_12279.png,новыхъ,новыхъ
images_group_8_12739_12280.png,заведеніяхъ,заведеніяхъ
images_group_8_12739_12281.png,ус-,до-
images_group_8_12739_12282.png,пѣхѣ,пѣхѣ
images_group_8_12739_12283.png,въ,въ
images_group_8_12739_12284.png,содшеніи,осушеніи
images_group_8_12739_12285.png,Голо-,боло-
images_group_8_12739_12286.png,тистыхъ,тистыхъ
images_group_8_12739_12287.png,мѣстъ.,мѣстъ
images_group_8_12739_12288.png,этому,этому
images_group_8_12739_12289.png,предмету,предмету
images_group_8_12739_12290.png,небыло.,не было.
images_group_8_12739_12291.png,в.),в.)
images_group_8_12739_12292.png,Объ,Объ
images_group_8_12739_12293.png,успѣхахъ,успѣхахъ
images_group_8_12739_12294.png,или,или
images_group_8_12739_12295.png,Ни,Ни
images_group_8_12739_12296.png,одного,одного
images_group_8_12739_12297.png,изъ,изъ
images_group_8_12739_12298.png,значущихся,значущихся
images_group_8_12739_12299.png,въ,въ
images_group_8_12739_12300.png,сей,сей
images_group_8_12739_12301.png,затрудненіяхъ,затрудненіяхъ
images_group_8_12739_12302.png,въ,въ
images_group_8_12739_12303.png,раз-,раз-
images_group_8_12739_12304.png,веденіи,веденіи
images_group_8_12739_12305.png,ваніи,ваніи
images_group_8_12739_12307.png,статьѣ,статьѣ
images_group_8_12739_12308.png,хозяйственныхъ,хозяйственныхъ
images_group_8_12739_12309.png,худо-,худо-
images_group_8_12739_12310.png,и,и
images_group_8_12739_12311.png,художественныхъ,художественныхъ
images_group_8_12739_12312.png,про-,про-
images_group_8_12739_12313.png,суть:,суть:
images_group_8_12739_12314.png,"израстеній,","израстеній,"
images_group_8_12739_12315.png,Крапъ,"Крапъ,"
images_group_8_12739_12316.png,каковыя,каковыя
images_group_8_12739_12317.png,"войда,","войда,"
images_group_8_12739_12318.png,Кун-,Кун-
images_group_8_12739_12319.png,жественныхъ,жественныхъ
images_group_8_12739_12320.png,"произрастеній,","произрастеній,"
images_group_8_12739_12321.png,въ,въ
images_group_8_12739_12322.png,"жутъ,","жутъ,"
images_group_8_12739_12323.png,хлопчатая,хлопчатая
images_group_8_12739_12324.png,бу-,бу-
images_group_8_12739_12325.png,"мага,","мага,"
images_group_8_12739_12326.png,тобакъ;,тобакъ;
images_group_8_12739_12327.png,объ отли-,объ отли-
images_group_8_12739_12328.png,Енисейской,Енисейской
images_group_8_12739_12329.png,Губерніи,Губерніи
images_group_8_12739_12330.png,чающихся,чающихся
images_group_8_12739_12331.png,обширностію,обширностію
images_group_8_12739_12332.png,и,и
images_group_8_12739_12333.png,добротою,добротою
images_group_8_12739_12334.png,фрукто-,фрукто-
images_group_8_12739_12335.png,выхъ,выхъ
images_group_8_12739_12336.png,"садахъ, о","садахъ, о"
images_group_8_12739_12337.png,виноград-,виноград-
images_group_8_12739_12338.png,кромѣ,кромѣ
images_group_8_12739_12339.png,тобаку,Тобаку
images_group_8_12739_12340.png,низкаго,низкаго
images_group_8_12739_12341.png,"сорта,","сорта,"
images_group_8_12739_12342.png,въ,въ
images_group_8_12739_12343.png,ныхъ,ныхъ
images_group_8_12739_12344.png,и,и
images_group_8_12739_12345.png,шелковичныхъ,шелковичныхъ
images_group_8_12739_12346.png,насажденіяхъ,насажденіяхъ
images_group_8_12739_12347.png,въ,въ
images_group_8_12739_12348.png,юж-,юж-
images_group_8_12739_12349.png,ныхъ,ныхъ
images_group_8_12739_12350.png,Губерніяхъ и,Губерніяхъ и
images_group_8_12739_12351.png,объ,объ
images_group_8_12739_12352.png,не большомъ,небольшомъ
images_group_8_12739_12353.png,количествѣ,количествѣ
images_group_8_12739_12354.png,засѣвае,засѣвае
images_group_8_12739_12355.png,успѣхахъ,успѣхахъ
images_group_8_12739_12356.png,выдѣлыва-,выдѣлыва-
images_group_8_12739_12357.png,нія,нія
images_group_8_12739_12358.png,при,при
images_group_8_12739_12359.png,оныхъ,оныхъ
images_group_8_12739_12360.png,вина и,вина и
images_group_8_12739_12361.png,маго,маго
images_group_8_12739_12362.png,въ,въ
images_group_8_12739_12363.png,огородахъ,огородахъ
images_group_8_12739_12364.png,для собствен-,для собствен-
images_group_8_12739_12365.png,шелка.,шелка.
images_group_8_12739_12366.png,наго,наго
images_group_8_12739_12367.png,потребленія,потребленія
images_group_8_12739_12368.png,"обывателей,",обывателей;
images_group_8_12739_12369.png,Начальник,Начальниц
images_group_8_12662_13703.png,4,4
images_group_8_12662_13704.png,городовъ.,городовъ
images_group_8_12662_13705.png,Енисейской,Енисейской
images_group_8_12662_13706.png,9,9
images_group_8_12662_13707.png,3,3
images_group_8_12662_13708.png,1,1
images_group_8_12662_13709.png,9,9
images_group_8_12662_13710.png,5,5
images_group_8_12662_13711.png,1,1
images_group_8_12662_13712.png,1,1
images_group_8_12662_13713.png,5,5
images_group_8_12662_13714.png,1,1
images_group_8_12662_13715.png,2,2
images_group_8_12662_13716.png,4,4
images_group_8_12662_13717.png,Лютеранский,Лютеранскихъ
images_group_8_12662_13718.png,и другихъ,и другихъ
images_group_8_12662_13719.png,Приходскихъ,Приходскихъ
images_group_8_12662_13720.png,исповѣданія,исповѣданія
images_group_8_12662_13721.png,1.,1
images_group_8_12662_13722.png,1,1
images_group_8_12662_13723.png,1,1
images_group_8_12662_13724.png,1,1
images_group_8_12662_13725.png,1,1
images_group_8_12662_13726.png,8,8
images_group_8_12662_13727.png,1,1
images_group_8_12662_13728.png,1,1
images_group_8_12662_13729.png,1,1
images_group_8_12662_13730.png,1,1
images_group_8_12662_13731.png,1,1
images_group_8_12662_13732.png,4,4
images_group_8_12662_13733.png,о,о
images_group_8_12662_13734.png,Каменныхъ,Каменныхъ
images_group_8_12683_14471.png,Вѣдомость,Вѣдомость.
images_group_8_12683_14472.png,Земскихъ,Земскихъ
images_group_8_12683_14473.png,волостныхъ,волостныхъ
images_group_8_12683_14474.png,повинностяхъ.,повинностяхъ.
images_group_8_12683_14475.png,Всего,В сего.
images_group_8_12683_14476.png,Итого,И того.
images_group_8_12683_14477.png,повинности.,повинности.
images_group_8_12683_14478.png,Волостныя,Волостныя
images_group_8_12683_14479.png,Званіе,Званіе
images_group_8_12683_14480.png,1,1
images_group_8_12683_14481.png,содержаніе,содержаніе
images_group_8_12683_14482.png,На,На
images_group_8_12683_14483.png,содержаніе,содержаніе
images_group_8_12683_14484.png,отопл.,отопл.
images_group_8_12683_14485.png,На,На
images_group_8_12683_14486.png,На,На
images_group_8_12683_14487.png,времян.,времян.
images_group_8_12683_14488.png,Итого,И того.
images_group_8_12683_14489.png,На,На
images_group_8_12683_14490.png,всѣ,всѣ
images_group_8_12683_14491.png,На,На
images_group_8_12683_14492.png,жалованье.,жалованье.
images_group_8_12683_14493.png,На,На
images_group_8_12683_14494.png,содерж.,содерж.
images_group_8_12683_14495.png,На,На
images_group_8_12683_14496.png,содерж.,содерж.
images_group_8_12683_14497.png,помѣщеній,помѣщеній
images_group_8_12683_14498.png,На,На
images_group_8_12683_14499.png,содерж.,содерж.
images_group_8_12683_14500.png,зиновъ,зиновъ
images_group_8_12683_14501.png,на,на
images_group_8_12683_14502.png,пожарные,пожарные
images_group_8_12683_14503.png,На,На
images_group_8_12683_14504.png,содерж.,содерж.
images_group_8_12683_14505.png,сылаемыхъ,сылаемыхъ
images_group_8_12683_14506.png,На,На
images_group_8_12683_14507.png,содерж.,содерж.
images_group_8_12683_14508.png,80,Съ
images_group_8_12683_14509.png,и,Съ
images_group_8_12683_14510.png,кажд.,кажд.
images_group_8_12683_14511.png,душ.,душ.
images_group_8_12683_14512.png,кажд,кажд.
images_group_8_12683_14513.png,Инородныхъ,Инородныхъ
images_group_8_12683_14514.png,Итого,Итого
images_group_8_12683_14515.png,34,34
images_group_8_12683_14516.png,28 4/7,28 4/7
images_group_8_12683_14517.png,Анцарской,Анцырской
images_group_8_12683_14518.png,1601,1601
images_group_8_12683_14519.png,573,573
images_group_8_12683_14520.png,1/7,4/7
images_group_8_12683_14521.png,22 6/7,22 6/7
images_group_8_12683_14522.png,85 5/7,85 5/7
images_group_8_12683_14523.png,32 6/7,32 6/7
images_group_8_12683_14524.png,85 5/7,85 5/7
images_group_8_12683_14525.png,28 4/7,28 4/7
images_group_8_12683_14526.png,42 6/7,42 6/7
images_group_8_12683_14527.png,4/7,4/7
images_group_8_12683_14528.png,30,30
images_group_8_12683_14529.png,15 5/7,15 5/7
images_group_8_12683_14530.png,75 5/7,75 5/7
images_group_8_12683_14531.png,28 1/7,28 4/7
images_group_8_12683_14532.png,8827,8827
images_group_8_12683_14533.png,61 2/7,61 3/7
images_group_8_12683_14534.png,34,34
images_group_8_12683_14535.png,28 4/7,28 4/7
images_group_8_12683_14536.png,1200,1000
images_group_8_12683_14537.png,87,87
images_group_8_12683_14538.png,30,30
images_group_8_12683_14539.png,391,391
images_group_8_12683_14540.png,75 5/7,75 5/7
images_group_8_12683_14541.png,28 4/7,52 2/7
images_group_8_12683_14542.png,903,905
images_group_8_12683_14543.png,71 1/7,71 1/7
images_group_8_12683_14544.png,50 4/7,50 4/7
images_group_8_12683_14545.png,8,8
images_group_8_12683_14546.png,57 1/7,57 1/7
images_group_8_12683_14547.png,171,171
images_group_8_12683_14548.png,42 6/7,42 6/7
images_group_8_12683_14549.png,14,14
images_group_8_12683_14550.png,28 4/7,28 4/7
images_group_8_12683_14551.png,28 4/7,28 4/7
images_group_8_12683_14552.png,38 4/7,38 1/7
images_group_8_12683_14553.png,8,8
images_group_8_12683_14554.png,57 1/7,57 1/7
images_group_8_12683_14555.png,171,171
images_group_8_12683_14556.png,14,14
images_group_8_12683_14557.png,28 4/7,28 4/7
images_group_8_12683_14558.png,76 2/7,76 2/7
images_group_8_12683_14559.png,8,8
images_group_8_12683_14560.png,57 1/7,57 1/7
images_group_8_12683_14561.png,171,171
images_group_8_12683_14562.png,42 6/7,42 6/7
images_group_8_12683_14563.png,14,14
images_group_8_12683_14564.png,28 4/7,28 4/7
images_group_8_12683_14565.png,85,85
images_group_8_12683_14566.png,28 4/7,28 4/7
images_group_8_12683_14567.png,42 6/7,42 6/7
images_group_8_12683_14568.png,1357,1357
images_group_8_12683_14569.png,12 2/7,12 2/7
images_group_8_12683_14570.png,201,201
images_group_8_12683_14571.png,26 6/7,26 6/7
images_group_8_12683_14572.png,76 2/7,76 2/7
images_group_8_12683_14573.png,8,8
images_group_8_12683_14574.png,57 1/7,57 1/7
images_group_8_12683_14575.png,171,171
images_group_8_12683_14576.png,42 6/7,42 6/7
images_group_8_12683_14577.png,14,14
images_group_8_12683_14578.png,28,28
images_group_8_12683_14579.png,74,74
images_group_8_12683_14580.png,100,100
images_group_8_12683_14581.png,12 4/7,12 4/7
images_group_8_12683_14582.png,8,8
images_group_8_12683_14583.png,57 1/7,57 1/7
images_group_8_12683_14584.png,171,171
images_group_8_12683_14585.png,42 6/7,42 6/7
images_group_8_12683_14586.png,14,14
images_group_8_12683_14587.png,28,28
images_group_8_12683_14588.png,22,22
images_group_8_12683_14589.png,85 5/7,85 5/7
images_group_8_12683_14590.png,15 1/7,15 1/7
images_group_8_12683_14591.png,31 3/7,31 5/7
images_group_8_12683_14592.png,86 6/7,86 5/7
images_group_8_12683_14593.png,2324,2324
images_group_8_12683_14594.png,10 3/7,10 3/7
images_group_8_12683_14595.png,85 5/7,85 5/7
images_group_8_12683_14596.png,15 6/7,15 6/7
images_group_8_12683_14597.png,62 5/7,62 5/7
images_group_8_12683_14598.png,1222,1222
images_group_8_12683_14599.png,19 5/7,19 5/7
images_group_8_12683_14600.png,42 6/7,42 6/7
images_group_8_12683_14601.png,28 4/7,28 4/7
images_group_8_12683_14602.png,2197,2197
images_group_8_12683_14603.png,18,18
images_group_8_12683_14604.png,35 5/7,35 3/7
images_group_8_12683_14605.png,36 2/7,36 2/7
images_group_8_12683_14606.png,35 5/7,35 5/7
images_group_8_12691_14977.png,потребности,потребности.
images_group_8_12691_14978.png,Губерніи,Губерніи.
images_group_8_12691_14979.png,Самая,Самая
images_group_8_12691_14980.png,Самая,Самая
images_group_8_12691_14981.png,Самая,Самая
images_group_8_12691_14982.png,Самая,Самая
images_group_8_12691_14983.png,Самая,Самая
images_group_8_12691_14984.png,Самая,Самая
images_group_8_12691_14985.png,Самая,Самая
images_group_8_12691_14986.png,1,1.
images_group_8_12691_14987.png,Нельмы,Нельмы
images_group_8_12691_14988.png,1,1
images_group_8_12691_14989.png,85 5/7,85 5/7
images_group_8_12691_14990.png,4 2/7,4 2/7
images_group_8_12691_14991.png,5,5
images_group_8_12691_14992.png,50,50
images_group_8_12691_14993.png,2 6/7,2 6/7
images_group_8_12691_14994.png,57 1/7,57 1/7
images_group_8_12691_14995.png,7,7
images_group_8_12691_14996.png,14 2/7,14 2/7
images_group_8_12691_14997.png,85 5/7,85 5/7
images_group_8_12691_14998.png,1,1
images_group_8_12691_14999.png,14 2/7,14 2/7
images_group_8_12691_15000.png,1,1
images_group_8_12691_15001.png,1,1
images_group_8_12691_15002.png,1,1
images_group_8_12691_15003.png,7,7
images_group_8_12691_15004.png,85 5/7,85 5/7
images_group_8_12691_15005.png,2,2
images_group_8_12691_15006.png,57 1/7,57 1/7
images_group_8_12691_15007.png,71 2/7,71 3/7
images_group_8_12691_15008.png,42 5/7,42 5/7
images_group_8_12691_15009.png,14 2/7,14 2/7
images_group_8_12691_15010.png,четверть,четверть.
images_group_8_12691_15011.png,14 2/7,14 2/7
images_group_8_12691_15012.png,72 6/7,72 6/7
images_group_8_12691_15013.png,25 3/7,25 3/7
images_group_8_12691_15014.png,5,5
images_group_8_12691_15015.png,14 2/7,14 2/7
images_group_8_12691_15016.png,25 5/7,25 5/7
images_group_8_12691_15017.png,1,1
images_group_8_12691_15018.png,14 2/7,14 2/7
images_group_8_12691_15019.png,57 1/7,57 1/7
images_group_8_12691_15020.png,1.,1
images_group_8_12691_15021.png,70 3/7,70 3/7
images_group_8_12691_15022.png,7,7
images_group_8_12691_15023.png,91 3/7,91 3/7
images_group_8_12691_15024.png,14 2/7,14 2/7
images_group_8_12691_15025.png,7 1/7,7 1/7
images_group_8_12691_15026.png,15 5/7,15 5/7
images_group_8_12691_15027.png,12 6/7,12 6/7
images_group_8_12691_15028.png,35 5/7,35 5/7
images_group_8_12691_15029.png,50,50
images_group_8_12691_15030.png,57 1/7,57 1/7
images_group_8_12691_15031.png,74 2/7,74 2/7
images_group_8_12691_15032.png,5 5/7,5 5/7
images_group_8_12691_15033.png,71 3/7,71 3/7
images_group_8_12691_15034.png,50,50
images_group_8_12691_15035.png,57 1/7,57 1/7
images_group_8_12691_15036.png,1,1
images_group_8_12691_15037.png,5 5/7,5 5/7
images_group_8_12691_15038.png,42 6/7,42 6/7
images_group_8_12691_15039.png,85 5/7,85 5/7
images_group_8_12691_15040.png,1,1
images_group_8_12691_15041.png,44 2/7,14 2/7
images_group_8_12691_15042.png,35 5/7,35 5/7
images_group_8_12691_15043.png,4,4
images_group_8_12691_15044.png,6,6.
images_group_8_12691_15045.png,35 5/7,35 5/7
images_group_8_12691_15046.png,89 2/7,89 2/7
images_group_8_12691_15047.png,28 4/7,28 4/7
images_group_8_12691_15048.png,2,2
images_group_8_12691_15049.png,1,1
images_group_8_12691_15050.png,28 4/7,28 4/7
images_group_8_12691_15051.png,5,5
images_group_8_12691_15052.png,42 6/7,42 6/7
images_group_8_12691_15053.png,5,5
images_group_8_12691_15054.png,71 3/7,71 3/7
images_group_8_12691_15055.png,6,6
images_group_8_12691_15056.png,28 4/7,28 4/7
images_group_8_12691_15057.png,71 3/7,71 3/7
images_group_8_12691_15058.png,71 3/7,71 3/7
images_group_8_12691_15059.png,20,20
images_group_8_12691_15060.png,2,2
images_group_8_12691_15061.png,11 3/7,11 3/7
images_group_8_12691_15062.png,1,1
images_group_8_127_15588.png,работами,работами
images_group_8_127_15589.png,Крестьянским,крестьянскими
images_group_8_127_15590.png,и,и
images_group_8_127_15591.png,223,228
images_group_8_127_15592.png,Серь,Серб.
images_group_8_127_15593.png,Макси,Жакеи
images_group_8_127_15595.png,Унтеръ офицеръ.,Унтеръ офицеръ.
images_group_8_127_15596.png,20.,218.
images_group_8_127_15597.png,216.,216.
images_group_8_127_15598.png,с.,с.
images_group_8_127_15599.png,220.,220.
images_group_8_127_15600.png,Юдинъ,Юдинъ
images_group_8_127_15601.png,Въ с.,Въ с.
images_group_8_127_15603.png,Въ д.,Въ с.
images_group_8_12709_15696.png,о,о
images_group_8_12709_15697.png,въ,въ
images_group_8_12710_15711.png,раз-,раз-
images_group_8_12710_15712.png,уголов-,уголов-
images_group_8_12710_15713.png,уголов-,уголов-
images_group_8_12710_15714.png,Она-,Она-
images_group_8_12710_15715.png,раздѣлъ,раздѣлъ
images_group_8_12710_15716.png,раздѣлъ,раздѣлъ
images_group_8_12710_15717.png,VI,VI.
images_group_8_12710_15718.png,состоянія,состоянія
images_group_8_12710_15719.png,раздѣлъ,раздѣлъ
images_group_8_12710_15720.png,уголов,уголов
images_group_8_12710_15721.png,3,з.
images_group_8_12710_15722.png,ва,ва
images_group_8_12710_15723.png,раз-,раз-
images_group_8_12710_15724.png,е,с
images_group_8_12710_15725.png,устава,устава
images_group_8_12710_15726.png,о,о
images_group_8_12710_15727.png,повып-,повин-
images_group_8_12710_15728.png,сніе,ніе
images_group_8_12710_15729.png,чиновно,чиновни
images_group_8_12710_15730.png,по,по
images_group_8_12710_15731.png,ществен,ществен
images_group_8_12710_15732.png,правъ,правъ
images_group_8_12710_15733.png,об-,об-
images_group_8_12710_15734.png,тего,того
images_group_8_12710_15735.png,леніе,"леніе,"
images_group_8_12710_15736.png,Ясачныхъ,Ясачныхъ
images_group_8_12710_15737.png,1,1
images_group_8_12710_15738.png,1,1
images_group_8_12710_15739.png,1,1
images_group_8_12710_15740.png,1,1
images_group_8_12710_15741.png,1,1
images_group_8_12710_15742.png,1,1
images_group_8_12710_15743.png,1.,1
images_group_8_12710_15744.png,25.,25.
images_group_8_12710_15745.png,1,1
images_group_8_12710_15746.png,1,1
images_group_8_12710_15747.png,4,4.
images_group_8_12710_15748.png,1.,1.
images_group_8_12710_15749.png,1.,1.
images_group_8_12710_15750.png,1.,1.
images_group_8_12710_15751.png,1,1
images_group_8_12710_15752.png,1.,1.
images_group_8_12710_15753.png,1,1
images_group_8_12710_15754.png,1,1
images_group_8_12710_15755.png,7,7
images_group_8_12710_15756.png,209,209
images_group_8_12710_15757.png,15,15
images_group_8_12710_15758.png,2,2
images_group_8_12710_15759.png,1,1.
images_group_8_12710_15760.png,1.,1.
images_group_8_12710_15761.png,1,1
images_group_8_12710_15762.png,1,1
images_group_8_12710_15763.png,1.,1.
images_group_8_12710_15764.png,1,1
images_group_8_12710_15765.png,1,1
images_group_8_12710_15766.png,1.,1.
images_group_8_12710_15767.png,1.,1
images_group_8_12710_15768.png,25,25
images_group_8_12710_15769.png,-,-
images_group_8_12710_15770.png,11.,11.
images_group_8_12710_15771.png,30,30
images_group_8_12710_15772.png,-,-
images_group_8_12710_15773.png,"8.,","8.,"
images_group_8_12710_15774.png,35,35
images_group_8_12710_15775.png,-,-
images_group_8_12710_15776.png,"4.,","4.,"
images_group_8_12710_15777.png,-,-
images_group_8_12710_15778.png,-,-
images_group_8_12710_15779.png,и,и
images_group_8_12710_15780.png,до,до
images_group_8_12710_15781.png,до,до
images_group_8_12710_15782.png,и,и
images_group_8_12710_15783.png,30,30
images_group_8_12710_15784.png,-,-
images_group_8_12710_15785.png,30,30
images_group_8_12710_15786.png,-,-
images_group_8_12710_15787.png,2,2.
images_group_8_12710_15788.png,О пре-,О пре-
images_group_8_12710_15789.png,0,о
images_group_8_12710_15790.png,ніяхъ,ніяхъ
images_group_8_12710_15791.png,сточнія,стоянія
images_group_8_12710_15792.png,ни,на
images_group_8_12710_15793.png,иму,иму-
images_group_8_12710_15794.png,осто-,осто-
images_group_8_12710_15795.png,лич-,лич-
images_group_8_12710_15796.png,смерто-,смерто-
images_group_8_12710_15797.png,обиды,обиды
images_group_8_12710_15798.png,Глава,глава
images_group_8_12710_15799.png,За,за
images_group_8_12710_15800.png,упускъ,упускъ
images_group_8_12710_15801.png,свѣнча,свѣнча
images_group_8_12710_15802.png,не,не
images_group_8_12710_15803.png,ку,ку
images_group_8_12710_15804.png,11.,II.
images_group_8_12710_15805.png,ставле-,ставле-
images_group_8_12710_15806.png,и,и
images_group_8_12710_15807.png,мо-,мо-
images_group_8_12710_15809.png,и,и
images_group_8_12710_15810.png,со-,со-
images_group_8_12710_15811.png,испол-,испол-
images_group_8_12710_15812.png,стле-,стле-
images_group_8_12710_15813.png,ніе,ніе
images_group_8_12710_15814.png,и,и
images_group_8_12710_15815.png,ностей,ностей
images_group_8_12710_15816.png,ному,ному
images_group_8_12710_15817.png,обазап-,обязан-
images_group_8_12710_15818.png,тей-,тей-
images_group_8_12710_15819.png,неніе,неніе
images_group_8_12710_15820.png,по,по
images_group_8_12710_15821.png,За,За
images_group_8_12710_15822.png,За,За
images_group_8_12710_15823.png,под-,под-
images_group_8_12710_15824.png,За,За
images_group_8_12710_15825.png,ра-,ра-
images_group_8_12710_15826.png,За,За
images_group_8_12710_15827.png,не,не
images_group_8_12710_15828.png,шенно-,шенно-
images_group_8_12710_15829.png,вещей,вещей
images_group_8_12710_15830.png,ныя,ныя
images_group_8_12710_15832.png,и,и
images_group_8_12710_15833.png,че,и.
images_group_8_12710_15834.png,въ,во
images_group_8_12710_15835.png,и,и
images_group_8_12710_15836.png,нару-,нару-
images_group_8_12710_15837.png,шенія,шеніе
images_group_8_12710_15838.png,пьянст,пьянст
images_group_8_12710_15839.png,жо-,мо-
images_group_8_12710_15840.png,ва,ва
images_group_8_12710_15841.png,на,ра-
images_group_8_12710_15842.png,ніе,ніе
images_group_8_12710_15843.png,фами,фаль-
images_group_8_12710_15844.png,183,183
images_group_8_12710_15845.png,12,12
images_group_8_12710_15846.png,за,за
images_group_8_12710_15847.png,-,-
images_group_8_12710_15848.png,до,до
images_group_8_12710_15849.png,30,30
images_group_8_12710_15850.png,-,-
images_group_8_12710_15851.png,Ва,за
images_group_8_12710_15852.png,тѣлесных,тѣлесных
images_group_8_12713_15861.png,эт,н
images_group_8_12713_15862.png,того о.,того.
images_group_8_12713_15863.png,слапо,слать
images_group_8_12713_15864.png,преступле-,преступле-
images_group_8_12713_15865.png,леніи,леніи
images_group_8_12713_15866.png,про-,про-
images_group_8_12713_15867.png,и,и
images_group_8_12713_15868.png,и,и
images_group_8_12713_15869.png,рѣз-,раз-
images_group_8_12713_15870.png,раздѣлъ,раздѣлъ
images_group_8_12713_15871.png,раздѣлъ,раздѣлъ
images_group_8_12713_15872.png,х1-,XI-
images_group_8_12713_15873.png,VII,VII
images_group_8_12713_15874.png,о,о
images_group_8_12713_15875.png,о,о
images_group_8_12713_15876.png,наго,наго
images_group_8_12713_15877.png,со-,со-
images_group_8_12713_15878.png,ніи,ніи
images_group_8_12713_15879.png,про-,про-
images_group_8_12713_15880.png,удовлет,удовлет-
images_group_8_12713_15881.png,ступленіи,ступленіи
images_group_8_12713_15882.png,вореніи,вореніи
images_group_8_12713_15883.png,противъ,противъ
images_group_8_12713_15884.png,запре,запре-
images_group_8_12713_15885.png,каза-,каза-
images_group_8_12713_15886.png,личных,личных
images_group_8_12713_15887.png,равство,ровство
images_group_8_12713_15888.png,мо-,мо-
images_group_8_12713_15889.png,За,за
images_group_8_12713_15890.png,при-,при-
images_group_8_12713_15891.png,нятіе,нятіе
images_group_8_12713_15892.png,любо-,любо-
images_group_8_12713_15893.png,За,за
images_group_8_12713_15894.png,пре-,пре-
images_group_8_12713_15895.png,численія,численія
images_group_8_12713_15896.png,бродяжест-,бродяжест-
images_group_8_12713_15897.png,чужой,чужой
images_group_8_12713_15898.png,За,за
images_group_8_12713_15899.png,скры-,скры-
images_group_8_12713_15900.png,ступки,ступки
images_group_8_12713_15901.png,взломъ,взломъ
images_group_8_12713_15902.png,80,во
images_group_8_12713_15903.png,и,и
images_group_8_12713_15904.png,и,и
images_group_8_12713_15905.png,о,о
images_group_8_12713_15906.png,по-,по-
images_group_8_12713_15907.png,За,за
images_group_8_12713_15908.png,смер,смер-
images_group_8_12713_15909.png,За,за
images_group_8_12713_15910.png,под-,под-
images_group_8_12713_15911.png,очасти,Жен.
images_group_8_12713_15912.png,чу.,Муж.
images_group_8_12713_15913.png,жен,Жен.
images_group_8_12713_15914.png,1,I
images_group_8_12713_15915.png,9,9
images_group_8_12713_15916.png,2,2
images_group_8_12713_15917.png,13,13
images_group_8_12713_15918.png,2,2
images_group_8_12713_15919.png,9,9
images_group_8_12713_15920.png,129,129
images_group_8_12713_15921.png,12,12
images_group_8_12713_15922.png,1,1
images_group_8_12713_15923.png,3,3
images_group_8_12713_15924.png,293,293
images_group_8_12713_15925.png,29,29
images_group_8_12713_15926.png,17,17
images_group_8_12713_15927.png,1.,1.
images_group_8_12713_15928.png,1,1
images_group_8_12713_15929.png,4,4
images_group_8_12713_15930.png,1,1
images_group_8_12713_15931.png,1,1
images_group_8_12713_15932.png,4,4
images_group_8_12713_15933.png,1,1
images_group_8_12713_15934.png,1,1
images_group_8_12713_15935.png,Поселенцовъ,Поселенцовъ
images_group_8_12713_15936.png,1,1
images_group_8_12713_15937.png,1,1
images_group_8_12713_15938.png,4,4
images_group_8_12713_15939.png,18,18
images_group_8_12713_15940.png,1,1
images_group_8_12713_15941.png,5,5
images_group_8_12713_15942.png,46,46.
images_group_8_12713_15943.png,11.,11.
images_group_8_12713_15944.png,37,37
images_group_8_12713_15945.png,8,8
images_group_8_12713_15946.png,1,1
images_group_8_12713_15947.png,1,1
images_group_8_12713_15948.png,3,3
images_group_8_12713_15949.png,333,333
images_group_8_12713_15950.png,35.,35.
images_group_8_12713_15951.png,38,38
images_group_8_12713_15952.png,3,3
images_group_8_12713_15953.png,70.,70.
images_group_8_12713_15954.png,4.,4.
images_group_8_12713_15955.png,посе-,посе-
images_group_8_12713_15956.png,1.-,1. _
images_group_8_12713_15957.png,80-,80-
images_group_8_12713_15958.png,1.;,1.;
images_group_8_12713_15959.png,6,6.
images_group_8_12713_15960.png,до,до
images_group_8_12713_15961.png,35-,35-
images_group_8_12713_15962.png,4,4.
images_group_8_12713_15963.png,за,за
images_group_8_12713_15964.png,побѣги:,побѣги:
images_group_8_12713_15965.png,35-,35-
images_group_8_12713_15966.png,4,4.
images_group_8_12713_15967.png,и,и
images_group_8_12713_15968.png,2,2
images_group_8_12713_15969.png,и,и
images_group_8_12713_15970.png,25,25
images_group_8_12713_15971.png,до,до
images_group_8_12713_15972.png,30-,30-
images_group_8_12713_15973.png,до,до
images_group_8_12713_15974.png,35-,35-
images_group_8_12713_15975.png,17,17
images_group_8_12713_15976.png,до,до
images_group_8_12713_15977.png,30-,30-
images_group_8_12713_15978.png,пре-,пре-
images_group_8_12713_15979.png,о,о
images_group_8_12713_15980.png,прожива,противо
images_group_8_12713_15981.png,нажей,леніи
images_group_8_12713_15982.png,про-,про-
images_group_8_12713_15983.png,ніи,ніи
images_group_8_12713_15984.png,про-,про-
images_group_8_12713_15985.png,мѣ-,мѣ-
images_group_8_12713_15986.png,при,при-
images_group_8_12713_15987.png,ніи,ніи
images_group_8_12713_15988.png,че-,че-
images_group_8_12713_15989.png,X.,X.
images_group_8_12713_15990.png,3,3
images_group_8_12720_16034.png,но,но
images_group_8_12720_16035.png,въ,въ
images_group_8_12731_16063.png,о,О
images_group_8_12731_16064.png,О,О
images_group_8_12731_16065.png,и,и
images_group_8_12731_16066.png,О,О.
images_group_8_12731_16067.png,по,по
images_group_8_12731_16068.png,за,за
images_group_8_12739_16099.png,и,и
images_group_8_12739_16100.png,неразводятъ,не разводятъ
images_group_8_12739_16101.png,Хреу-,жераз-
images_group_8_12739_16102.png,8.,2.
images_group_8_12739_16103.png,и,и
images_group_8_12739_16104.png,и,и
images_group_8_12739_16105.png,Хозяйственныхъ,хозяйственныхъ
images_group_8_12662_16135.png,V.,V.
images_group_8_12683_16169.png,На,На
images_group_8_12683_16170.png,На,На
images_group_8_12683_16171.png,На,На
images_group_8_12683_16172.png,76 6/7,76 6/7
images_group_8_12683_16173.png,45 3/7,45 5/7
images_group_8_12691_16193.png,28 4/7,28 4/7
images_group_8_12662_16217.png,Красноярскѣ,Красноярскѣ
images_group_35_5371_422.png,ныхъ,ныхъ
images_group_35_5371_423.png,имѣній,имѣній
images_group_35_5371_424.png,въ,Въ
images_group_35_5371_425.png,Енисейской,Енисейской
images_group_35_5371_426.png,губерніи,губерніи
images_group_35_5371_427.png,ни,ни
images_group_35_5371_428.png,въ,въ
images_group_35_5371_429.png,казенномъ,казенномъ
images_group_35_5371_430.png,"присмотрѣ,","присмотрѣ,"
images_group_35_5371_431.png,ни,ни
images_group_35_5371_432.png,ка,ка
images_group_35_5371_433.png,зенномъ,зенномъ
images_group_35_5371_434.png,управленіи,управленіи
images_group_35_5371_435.png,несостоитъ,несостоитъ.
images_group_35_5371_436.png,"2-е,","2-е,"
images_group_35_5371_437.png,Опекъ,Опекъ
images_group_35_5371_438.png,по,по
images_group_35_5371_439.png,особому,особому
images_group_35_5371_440.png,Высочайшему,Высочайшему
images_group_35_5371_441.png,повелѣнію,повелѣнію
images_group_35_5371_442.png,нѣть,нѣтъ
images_group_35_5371_443.png,Свидѣтельствую,Свидѣтельствую
images_group_35_5371_444.png,Губернаторъ,Губернаторъ
images_group_35_5375_702.png,ся,ся
images_group_35_5375_703.png,Государственномъ,Государственномъ
images_group_35_5375_704.png,заем-,заем-
images_group_35_5375_705.png,номъ,номъ
images_group_35_5375_706.png,бинкѣ,банкѣ
images_group_35_5375_707.png,Т. т. ев. зак,ХIII т. св. зак
images_group_35_5375_708.png,1.188 966 р. 47 1/4,1.188 966 р. 47 1/4
images_group_35_5375_709.png,долгу,долгу
images_group_35_5375_710.png,главномъ,главномъ
images_group_35_5375_711.png,обществѣ,обществѣ
images_group_35_5375_712.png,Россійскихъ,Россійскихъ
images_group_35_5375_713.png,желѣзныхъ,желѣзныхъ
images_group_35_5375_714.png,дорогъ,дорогъ
images_group_35_5375_715.png,на,на
images_group_35_5375_716.png,основаніи,основаніи
images_group_35_5375_717.png,циркулярнаго,циркулярнаго
images_group_35_5375_718.png,писанія,писанія
images_group_35_5375_720.png,Министра,Министра
images_group_35_5375_721.png,Внут,Внут
images_group_35_5375_722.png,реннихъ,реннихъ
images_group_35_5375_723.png,Дѣлъ,Дѣлъ
images_group_35_5375_724.png,отъ,отъ
images_group_35_5375_725.png,4 Октября,4 октября
images_group_35_5375_726.png,1858 г.,1858 г.
images_group_35_5375_727.png,за No,за No
images_group_35_5375_728.png,180 130000,180 130000
images_group_35_5375_729.png,руб.,руб.
images_group_35_5375_730.png,част,част
images_group_35_5375_731.png,ныхъ,ныхъ
images_group_35_5375_732.png,заемщикахъ,заемщикахъ
images_group_35_5375_733.png,на,на
images_group_35_5375_734.png,основа,основа
images_group_35_5375_735.png,ніи,ніи
images_group_35_5375_736.png,230.,230.
images_group_35_5375_737.png,906.,906.
images_group_35_5375_738.png,909,909
images_group_35_5375_739.png,ст.,ст.
images_group_35_5375_740.png,XIII,ХIII
images_group_35_5375_741.png,т.,т.
images_group_35_5375_742.png,св.,св.
images_group_35_5375_743.png,зак,зак
images_group_35_5375_744.png,изд.,изд.
images_group_35_5375_745.png,1857 г.,1857 г.
images_group_35_5375_746.png,15209 р.,15209 р.
images_group_35_5375_747.png,"2 к.,","2 к.,"
images_group_35_5375_748.png,на,на
images_group_35_5375_749.png,Енисей,Енисей
images_group_35_5375_750.png,скомъ,скомъ
images_group_35_5375_751.png,Общемъ,Общемъ
images_group_35_5375_752.png,Губернскомъ,Губернскомъ
images_group_35_5375_753.png,управленіи,управленіи
images_group_35_5375_754.png,на,на
images_group_35_5375_755.png,основаніи,основаніи
images_group_35_5375_756.png,поео,пред
images_group_35_5375_757.png,писанія,писанія
images_group_35_5375_758.png,Г.,Г.
images_group_35_5375_759.png,Министра,Министра
images_group_35_5375_760.png,Внут,Внут
images_group_35_5375_761.png,ренныхъ,реннихъ
images_group_35_5375_762.png,Дѣлъ,Дѣлъ
images_group_35_5375_763.png,къ,къ
images_group_35_5375_765.png,Генералъ,Генералъ
images_group_35_5375_766.png,губернитору,Губернитору
images_group_35_5375_767.png,Восточной,Восточной
images_group_35_5375_768.png,Оиби,Сиби
images_group_35_5375_769.png,ри,ри
images_group_35_5375_770.png,отъ,отъ
images_group_35_5375_771.png,24,24
images_group_35_5375_772.png,Августа,Августа
images_group_35_5375_773.png,1845 г.,1845 г.
images_group_35_5375_774.png,за,да
images_group_35_5375_775.png,No,No
images_group_35_5375_776.png,441-мъ,441-мъ
images_group_35_5375_777.png,4555 р,4555 р
images_group_35_5375_778.png,83 к,83 к
images_group_35_5375_779.png,и,и
images_group_35_5375_780.png,остается,остается
images_group_35_5375_781.png,на,на
images_group_35_5375_782.png,лицо,лицо
images_group_35_5375_783.png,16960 р,16960 р
images_group_35_5375_784.png,81 2/7,81 3/4
images_group_35_5375_785.png,коп.,коп.
images_group_35_5375_786.png,Свидѣтельствую,Свидѣтельствую
images_group_35_5375_787.png,Гражданскій,Гражданскій
images_group_35_5375_788.png,Губернаторъ,Губернаторъ
images_group_35_5375_789.png,вероя,Егоровъ
images_group_35_5375_790.png,Стафортивание,Старовикова
images_group_35_5375_791.png,Анитеръ а,Александръ
images_group_35_5376_793.png,155.,155.
images_group_35_5376_794.png,копія,Копія No9
images_group_35_5376_835.png,Бомницъ,Больницъ
images_group_35_5376_836.png,Въ,Въ
images_group_35_5376_837.png,Губернскомъ,Губернскомъ
images_group_35_5376_838.png,городѣ,городѣ
images_group_35_5376_839.png,Красно,Красно
images_group_35_5376_840.png,ярскѣ,ярскѣ
images_group_35_5376_841.png,628,628
images_group_35_5376_842.png,136.,136.
images_group_35_5376_843.png,12303,12303
images_group_35_5376_844.png,12303,12303
images_group_35_5376_845.png,Въ,Въ
images_group_35_5376_846.png,уѣздныхъ,Уѣдныхъ
images_group_35_5376_847.png,городахъ,городахъ:
images_group_35_5376_848.png,Енисейскѣ,Енисейскѣ
images_group_35_5376_849.png,Ачинскѣ,Ачинскѣ
images_group_35_5376_850.png,Канскѣ,Канскѣ
images_group_35_5376_851.png,Минусинскѣ,Минусинскѣ
images_group_35_5376_852.png,208.,208.
images_group_35_5376_853.png,Богадѣльна,Богадельня
images_group_35_5376_854.png,въ,въ
images_group_35_5376_855.png,губернскомъ,губернскомъ
images_group_35_5376_856.png,городѣ,городѣ
images_group_35_5376_857.png,Красноярскѣ,Красноярскѣ
images_group_35_5376_858.png,1894,1894.
images_group_35_5376_859.png,Сомѣ умалишенныхъ,Домъумалишенныхъ.
images_group_35_5376_860.png,1695.,1695.
images_group_35_5376_861.png,Смиршилестаго,Смирительнаго
images_group_35_5376_862.png,рабочахъ,рабочаго
images_group_35_5376_863.png,вѣдомствѣ,вѣдомствѣ
images_group_35_5376_864.png,Приказа,приказа
images_group_35_5376_865.png,нѣтъ.,нѣтъ.
images_group_35_5376_866.png,Свидѣтельствую,Свидѣтельствую
images_group_35_5376_867.png,Губернаторъ,Губернаторъ
images_group_35_5385_1735.png,161,161
images_group_35_5385_1736.png,Училищъ,Училищъ
images_group_35_5385_1737.png,каменныхъ,каменныхъ
images_group_35_5385_1738.png,Острогъ,Острогъ
images_group_35_5385_1739.png,пороховой,пороховой
images_group_35_5385_1740.png,погребъ,погребъ
images_group_35_5385_1741.png,ный,ный
images_group_35_5385_1742.png,1,1.
images_group_35_5385_1743.png,каменныхъ,каменныхъ
images_group_35_5385_1744.png,17.,17.
images_group_35_5385_1745.png,Итого,Итого
images_group_35_5385_1746.png,деревянныхъ,деревянныхъ
images_group_35_5385_1747.png,95.,95.
images_group_35_5385_1748.png,дсего,Всего
images_group_35_5385_1749.png,112.,112.
images_group_35_5385_1750.png,Въ,въ
images_group_35_5385_1751.png,Енисейскѣ,Енисейскѣ
images_group_35_5385_1752.png,68,68
images_group_35_5385_1753.png,Церквей,Церквей
images_group_35_5385_1754.png,Православных,Православныхъ
images_group_35_5385_1755.png,каменныхъ.,каменныхъ.
images_group_35_5385_1756.png,8,8.
images_group_35_5385_1757.png,Монистырей,Монастырей
images_group_35_5385_1758.png,каменных,каменных
images_group_35_5385_1759.png,часовня,Часовня
images_group_35_5385_1760.png,каменная,каменная
images_group_35_5385_1761.png,1,1.
images_group_35_5385_1762.png,Еврейскій,Еврейскій
images_group_35_5385_1763.png,молитвенный,молитвенный
images_group_35_5385_1764.png,домъ,домъ
images_group_35_5385_1765.png,деревянный,деревянный
images_group_35_5385_1766.png,Больница,Больница
images_group_35_5385_1767.png,каменная,каменная
images_group_35_5385_1768.png,1.,1.
images_group_35_5385_1769.png,домовъ,домовъ
images_group_35_5385_1770.png,каменныхъ.,каменныхъ.
images_group_35_5385_1771.png,4.,4.
images_group_35_5385_1773.png,деревянныхъ,деревянныхъ
images_group_35_5385_1774.png,11.,11.
images_group_35_5385_1775.png,каменныхъ.,каменныхъ.
images_group_35_5385_1776.png,5.,5.
images_group_35_5385_1777.png,ныхъ.,ныхъ.
images_group_35_5385_1778.png,деревянныхъ.,деревянныхъ.
images_group_35_5385_1779.png,Богадѣльня,Богадѣльня
images_group_35_5385_1780.png,каменная,каменная
images_group_35_5385_1781.png,острогъ,Острогѣ
images_group_35_5385_1782.png,деревянный,деревянный
images_group_35_5385_1783.png,1.,1
images_group_35_5385_1784.png,Гостинный,Гостинный
images_group_35_5385_1785.png,дворъ каменной,дворъкаменный
images_group_35_5385_1786.png,учи,Учи
images_group_35_5385_1787.png,каменное,каменное
images_group_35_5385_1788.png,деревянное,деревянное
images_group_35_5385_1789.png,питейныхъ,Питейныхъ
images_group_35_5385_1790.png,домовъ,домовъ
images_group_35_5385_1791.png,деревянныхъ,деревянныхъ
images_group_35_5385_1792.png,8.,8.
images_group_35_5385_1793.png,Заводов,Заводовъ
images_group_35_5385_1794.png,Кожевенныхъ,Кожевенныхъ
images_group_35_5385_1795.png,2,2
images_group_35_5385_1796.png,деревен-,деревнян.
images_group_35_5385_1797.png,Мыловаренныхъ,Мыловаренныхъ
images_group_35_5385_1798.png,2,2
images_group_35_5385_1799.png,Кирпичныхъ,Кирпичныхъ
images_group_35_5385_1800.png,18.,18.
images_group_35_5385_1801.png,ныхъ,ныхъ
images_group_35_5385_1802.png,Канатныхъ,Канатныхъ
images_group_35_5385_1803.png,5.,5.
images_group_35_540_3188.png,11 об,41 об
images_group_35_540_3189.png,43,43
images_group_35_540_3190.png,69.,69.
images_group_35_540_3191.png,72.,72.
images_group_35_540_3192.png,42,42
images_group_35_540_3193.png,смертность,смертность
images_group_35_540_3194.png,вообще,вообще
images_group_35_540_3195.png,въ,въ
images_group_35_540_3196.png,губерніи.,губерніи
images_group_35_540_3197.png,была,была
images_group_35_540_3198.png,значительна.,значительна.
images_group_35_540_3199.png,70.,70.
images_group_35_540_3200.png,Исполненіе,Исполненіе
images_group_35_540_3201.png,"мѣръ,","мѣръ,"
images_group_35_540_3202.png,предпи-,предпи-
images_group_35_540_3203.png,гатомъ,гатомъ
images_group_35_540_3204.png,скотѣ,скотѣ
images_group_35_540_3205.png,Чума,Чума
images_group_35_540_3206.png,/:,/:
images_group_35_540_3207.png,Гу-,Гу-
images_group_35_540_3208.png,санныхъ,санныхъ
images_group_35_540_3209.png,отъ,отъ
images_group_35_540_3210.png,Министерст-,Министерст-
images_group_35_540_3211.png,ркия,rhus
images_group_35_540_3212.png,соптадіозия,contagіosus
images_group_35_540_3213.png,"воит:/,",boum :/
images_group_35_540_3214.png,Сибир-,Сибир-
images_group_35_540_3215.png,ва,ва
images_group_35_540_3216.png,Внутреннихъ,Внутреннихъ
images_group_35_540_3217.png,Дѣлъ,Дѣлъ
images_group_35_540_3218.png,къ,къ
images_group_35_540_3219.png,ская,ская
images_group_35_540_3220.png,язва !,язва/;
images_group_35_540_3221.png,Гур,Гур
images_group_35_540_3222.png,Киз,hus
images_group_35_540_3223.png,сачвип-,carbun
images_group_35_540_3224.png,прекращенію,прекращенію
images_group_35_540_3225.png,любострастной,любострастной
images_group_35_540_3226.png,си Лозизъ.,culosus :/
images_group_35_540_3227.png,и,и
images_group_35_540_3229.png,: Рачіо,:Varіo
images_group_35_540_3230.png,ва,la
images_group_35_540_3231.png,болѣзни,болѣзни
images_group_35_540_3232.png,производилось,производилось
images_group_35_540_3233.png,Крача,Врача-
images_group_35_540_3234.png,окіопа %;,ovіona.);
images_group_35_540_3235.png,на,на
images_group_35_540_3236.png,лошадяхъ-,лошадяхъ -
images_group_35_540_3237.png,Сибир-,Сибир
images_group_35_540_3238.png,ми,ми
images_group_35_540_3239.png,съ,съ
images_group_35_540_3240.png,надлежащею,надлежащею
images_group_35_540_3241.png,заботли.,Заботли.
images_group_35_540_3242.png,ская,ская
images_group_35_540_3243.png,язва,язва
images_group_35_540_3244.png,и,и
images_group_35_540_3245.png,на,на
images_group_35_540_3246.png,овцахъ,овцахъ.
images_group_35_540_3247.png,На,На-
images_group_35_540_3248.png,востію;,востію;
images_group_35_540_3249.png,для,для
images_group_35_540_3250.png,исправленія,исправленія
images_group_35_540_3251.png,же,же
images_group_35_540_3252.png,туральная,туральная
images_group_35_540_3253.png,оспа,оспа
images_group_35_540_3254.png,/:,/:
images_group_35_540_3255.png,"Фадіова; .,","Varіola :/,"
images_group_35_540_3256.png,замѣченныхъ,замѣченныхъ
images_group_35_540_3257.png,упущеній,упущеній
images_group_35_540_3258.png,со,со
images_group_35_540_3259.png,но,но
images_group_35_540_3260.png,вообще,вообще
images_group_35_540_3261.png,потери,потери
images_group_35_540_3262.png,въ,въ
images_group_35_540_3263.png,"1865 году,","1865 году,"
images_group_35_540_3264.png,стороны,стороны
images_group_35_540_3265.png,Полицій,Полицій
images_group_35_540_3266.png,приняты,приняты
images_group_35_540_3267.png,въ сравненіи,въ сравненіи
images_group_35_540_3268.png,съ,съ
images_group_35_540_3269.png,опустошенія,опустошенія
images_group_35_540_3270.png,соотвѣтственныя,соотвѣтственныя
images_group_35_540_3271.png,мѣры.,мѣры.
images_group_35_540_3272.png,ми,ми
images_group_35_540_3273.png,причиненными,причиненными
images_group_35_540_3274.png,тѣми,тѣми
images_group_35_540_3275.png,основаніи,основаніи
images_group_35_540_3276.png,правилъ,правилъ
images_group_35_540_3277.png,Су-,Су-
images_group_35_540_3278.png,же,же
images_group_35_540_3279.png,болѣзнями,болѣзнями
images_group_35_540_3280.png,въ,въ
images_group_35_540_3281.png,теченіе,теченіе
images_group_35_540_3282.png,дебной,дебной
images_group_35_540_3283.png,медицыны,медицыны
images_group_35_540_3284.png,вскрыто,вскрыто
images_group_35_540_3285.png,двухъ,двухъ
images_group_35_540_3286.png,предшествовавшихъ,предмествовавшихъ
images_group_35_540_3287.png,человѣческихъ,человѣческихъ
images_group_35_540_3288.png,труповъ,труповъ
images_group_35_540_3289.png,349,349
images_group_35_540_3290.png,въ,въ
images_group_35_540_3291.png,годовъ,годовъ
images_group_35_540_3292.png,незначительны.,незначительны.
images_group_35_540_3293.png,томъ,томъ
images_group_35_540_3294.png,числѣ,числѣ
images_group_35_540_3295.png,293,293
images_group_35_540_3296.png,мужескаго,мужескаго
images_group_35_540_3297.png,и 56,и 56
images_group_35_540_3298.png,Изъ,Изъ
images_group_35_540_3299.png,12691,12691
images_group_35_540_3300.png,головъ,головъ
images_group_35_540_3301.png,лошадей,лошадей
images_group_35_540_3302.png,женскаго,женскаго
images_group_35_540_3303.png,пола;,пола;
images_group_35_540_3304.png,сверхъ,сверхъ
images_group_35_540_3305.png,того,того
images_group_35_540_3306.png,не,не
images_group_35_540_3307.png,и,и
images_group_35_540_3308.png,скота,скота
images_group_35_540_3309.png,заболѣло,заболѣло
images_group_35_540_3310.png,"3061,-","3061,-"
images_group_35_540_3311.png,па-,па
images_group_35_540_3312.png,вскрыто,вскрыто
images_group_35_540_3313.png,тѣлъ:,тѣлъ:
images_group_35_540_3314.png,37,37
images_group_35_540_3315.png,"мужескаго,","мужескаго,"
images_group_35_540_3316.png,"2655,","2655,"
images_group_35_540_3317.png,выздоровѣло,выздоровѣло
images_group_35_540_3318.png,406.,406.
images_group_35_540_3319.png,Са-,Са-
images_group_35_540_3320.png,5,5
images_group_35_540_3321.png,женскаго,женскаго
images_group_35_540_3322.png,пола-,пола-
images_group_35_540_3323.png,по,по
images_group_35_540_3324.png,совершен-,совершен-
images_group_35_540_3325.png,мый,мый
images_group_35_540_3326.png,сильный,сильный
images_group_35_540_3327.png,падежъ,падежъ
images_group_35_540_3328.png,ско-,ско-
images_group_35_540_3329.png,ному,ному
images_group_35_540_3330.png,разложенію,разложенію
images_group_35_540_3331.png,труповъ.,труповъ.
images_group_35_540_3332.png,та,та
images_group_35_540_3333.png,былъ,былъ
images_group_35_540_3334.png,въ,въ
images_group_35_540_3335.png,Канскомъ,Канскомъ
images_group_35_540_3336.png,Окру-,Окру-
images_group_35_540_3337.png,"гѣ,","гѣ,"
images_group_35_540_3338.png,въ,въ
images_group_35_540_3339.png,4-х,4-х
images_group_35_540_3340.png,волостяхъ,волостяхъ
images_group_35_540_3341.png,кото-,кото-
images_group_35_540_3342.png,д.),"д.,"
images_group_35_540_3343.png,Падежи:,Падежи.
images_group_35_540_3344.png,Изъ,Изъ
images_group_35_540_3345.png,Эпизоотическихъ,Эпизоотическихъ
images_group_35_540_3346.png,бо-,бо-
images_group_35_540_3347.png,раго,раго
images_group_35_540_3348.png,изъ,изъ
images_group_35_540_3349.png,4468,4468
images_group_35_540_3350.png,головъ,головъ
images_group_35_540_3351.png,рогата,рогата
images_group_35_540_3352.png,лѣзней,лѣзней
images_group_35_540_3353.png,господствовали на,господствовали на
images_group_35_540_3354.png,ро-,ро-
images_group_35_540_3355.png,го,го
images_group_35_540_3356.png,скота,скота
images_group_35_540_3357.png,заболѣло,заболѣло
images_group_35_540_3358.png,"1623,","1623,"
images_group_35_540_3359.png,па,па
images_group_35_540_3360.png,ло,ло
images_group_35_540_3361.png,1422,1422
images_group_35_540_3362.png,"литуки,","штуки,"
images_group_35_540_3363.png,но,но
images_group_35_540_3364.png,зараза,зараза
images_group_35_540_3365.png,существовавшая,существовавшая
images_group_35_540_3366.png,въ,въ
images_group_35_540_3367.png,ономъ,ономъ
images_group_35_540_3368.png,Севретарь,Секретарь
images_group_35_5403_3618.png,Копія,Копія
images_group_35_5403_3619.png,No17.,No17.
images_group_35_5403_3645.png,Въ г.,Въ г.
images_group_35_5403_3646.png,Красноярскѣ,Красноярскѣ
images_group_35_5403_3647.png,Кожевенныхъ,Кожевенныхъ
images_group_35_5403_3648.png,15170 р,15170р
images_group_35_5403_3649.png,Больши,Больным
images_group_35_5403_3650.png,Мыловаренныхъ,Мыловаренныхъ
images_group_35_5403_3651.png,4300,4300
images_group_35_5403_3652.png,чистін,частію
images_group_35_5403_3653.png,Салотопенныхъ,Салотопенных
images_group_35_5403_3654.png,19482,19482
images_group_35_5403_3655.png,Маслобойныхъ,Маслобойныхъ
images_group_35_5403_3656.png,1499,1499.
images_group_35_5403_3657.png,Канатныхъ,Канатныхъ
images_group_35_5403_3658.png,2.,2.
images_group_35_5403_3659.png,1152.,1152.
images_group_35_5403_3660.png,въ самом,въ самом
images_group_35_5403_3661.png,кирпичныхъ,кирпичныхъ.
images_group_35_5403_3662.png,6693,6693
images_group_35_5403_3663.png,гончарныхъ,Гончарныхъ
images_group_35_5403_3664.png,539.,539.
images_group_35_5403_3665.png,экипажныхъ,Экипажныхъ
images_group_35_5403_3666.png,6170 р.,6170 р.
images_group_35_5403_3667.png,Г. Красноярск,г. Красноярскъ
images_group_35_5403_3668.png,Въ,Въ
images_group_35_5403_3669.png,Округѣ,Округѣ
images_group_35_5403_3670.png,его.,его.
images_group_35_5403_3671.png,Заледѣевской,Заледѣевской
images_group_35_5403_3672.png,волости,волости
images_group_35_5403_3673.png,знаменскій,знаменскій
images_group_35_5403_3674.png,Стеклодѣла,Стеклодѣла
images_group_35_5403_3675.png,Енисе,Енисей
images_group_35_5403_3676.png,тельный.,тельный.-
images_group_35_5403_3677.png,"2650,",2650 р
images_group_35_5403_3678.png,скуются,скую и Ты
images_group_35_5403_3679.png,при немъ.,при немъ.
images_group_35_5403_3680.png,Фаянсовая,фаянсовая
images_group_35_5403_3681.png,950.,950.
images_group_35_5403_3682.png,Ладѣйской,Ладѣйской
images_group_35_5403_3683.png,волости,волости
images_group_35_5403_3684.png,близь,близь
images_group_35_5403_3685.png,деревни,деревни
images_group_35_5403_3686.png,Терентъ,Теренть
images_group_35_5403_3687.png,свои,евой
images_group_35_5403_3688.png,на рѣчкѣ,на рѣчкѣ
images_group_35_5403_3689.png,Эску,деку
images_group_35_5403_3690.png,внутръ,внутр
images_group_35_5403_3691.png,ловкѣ,лоскѣ
images_group_35_5403_3692.png,Бумажная,Бумажная
images_group_35_5403_3693.png,325 р,325 р
images_group_35_5403_3694.png,Губерніи,Губерніи
images_group_35_5403_3695.png,Въ,Въ
images_group_35_5403_3696.png,г.,г.
images_group_35_5403_3697.png,Енисейскѣ,Енисейскѣ.
images_group_35_5403_3698.png,Кожевенныхъ,Кожевенныхъ
images_group_35_5403_3699.png,625 р.,625 р.
images_group_35_5403_3700.png,въ Енисей,въ Енисей
images_group_35_5403_3701.png,Мыловаренныхъ,Мыловаренныхъ
images_group_35_5403_3702.png,858 р.,858 р.
images_group_35_5403_3703.png,скѣлвъ,скѣ и въ
images_group_35_5403_3704.png,Кирпичныхъ,Кирпичныхъ
images_group_35_5403_3705.png,"4490,",4490 р
images_group_35_5403_3706.png,округѣ,округа
images_group_35_5403_3707.png,Канатныхъ,Канатныхъ
images_group_35_5403_3708.png,681 р,681р
images_group_35_5403_3709.png,онаго.,онаго.
images_group_35_5403_3710.png,Въ,Въ
images_group_35_5403_3711.png,Ачинскѣ,Ачинскѣ
images_group_35_5403_3712.png,Кирпичныхъ,Кирпичныхъ
images_group_35_5403_3713.png,470 р.,470 р.
images_group_35_5403_3714.png,въ г.,въ г.
images_group_35_5403_3715.png,Ачин,Ачин
images_group_35_5403_3716.png,въ,въ
images_group_35_5403_3717.png,округѣ,Округѣ
images_group_35_5403_3718.png,его,его
images_group_35_5403_3719.png,скѣ и,скѣ и
images_group_35_5403_3720.png,округѣ,округѣ
images_group_35_5403_3721.png,Ужурской,Ужурской-
images_group_35_5403_3722.png,волости,волости
images_group_35_5403_3723.png,Гончарныхъ,Гончарныхъ
images_group_35_5403_3724.png,113 р.,113 р.
images_group_35_5403_3725.png,онаго,онаго
images_group_35_5403_3726.png,Кирпичныхъ,Кирпичныхъ
images_group_35_5403_3727.png,170 р.,170 р.
images_group_35_5423_5488.png,дѣламъ,дѣламъ
images_group_35_5423_5489.png,преданы,преданы
images_group_35_5423_5490.png,суду,суду
images_group_35_5423_5491.png,Буйственныхъ,Буйственныхъ
images_group_35_5423_5492.png,пос,пос
images_group_35_5423_5493.png,По,По
images_group_35_5423_5494.png,одному,одному
images_group_35_5423_5495.png,дѣлу,дѣлу
images_group_35_5423_5496.png,винов,винов
images_group_35_5423_5497.png,тупковъ.,тупковъ.
images_group_35_5423_5498.png,ный,ный
images_group_35_5423_5499.png,преданъ,преданъ
images_group_35_5423_5500.png,одру,одру
images_group_35_5423_5501.png,комъ,гомъ
images_group_35_5423_5502.png,производитесъ,производится
images_group_35_5423_5503.png,слѣдствіе,слѣдствіе
images_group_35_5423_5504.png,Утайка,Утайка
images_group_35_5423_5505.png,денегъчар,денегъ час
images_group_35_5423_5506.png,Поодному,Поодному
images_group_35_5423_5507.png,дѣлу,дѣлу
images_group_35_5423_5508.png,нымъ,нымъ
images_group_35_5423_5509.png,лицамъ,лицамъ
images_group_35_5423_5510.png,новный,новный
images_group_35_5423_5511.png,преданъ,преданъ
images_group_35_5423_5512.png,суду,суду
images_group_35_5423_5514.png,4.,4.
images_group_35_5423_5515.png,по,по
images_group_35_5423_5516.png,3-мъ,3-мъ
images_group_35_5423_5517.png,дѣламъ,дѣламъ
images_group_35_5423_5518.png,про-,про-
images_group_35_5423_5519.png,изводится,изводится
images_group_35_5423_5520.png,слѣдствіе,слѣдствіе
images_group_35_5423_5521.png,Утратаказен,Утратаказен
images_group_35_5423_5522.png,ныхъ,ныхъ
images_group_35_5423_5523.png,пакетовъ,пакетовъ
images_group_35_5423_5524.png,двумъ,двумъ
images_group_35_5423_5525.png,дѣламъ,дѣламъ
images_group_35_5423_5526.png,ви-,ви-
images_group_35_5423_5527.png,съ,съ
images_group_35_5423_5528.png,деньгамичаст,деньгамичас
images_group_35_5423_5529.png,новные,новные
images_group_35_5423_5530.png,2,2
images_group_35_5423_5531.png,человѣка,человѣка
images_group_35_5423_5532.png,пре,пре
images_group_35_5423_5533.png,нымъ,нымъ
images_group_35_5423_5534.png,даны,даны
images_group_35_5423_5535.png,слау,суду
images_group_35_5423_5536.png,по,по
images_group_35_5423_5537.png,дѣлу,дѣлу
images_group_35_5423_5538.png,принадлежащи,принадлежащи
images_group_35_5423_5539.png,жиновныхъ,виновныхъ
images_group_35_5423_5540.png,неоткрыт,неоткрыто
images_group_35_5423_5541.png,ми.,ми.
images_group_35_5423_5542.png,5.,5.
images_group_35_5423_5543.png,по,по
images_group_35_5423_5544.png,производится,производится
images_group_35_5423_5545.png,слѣдствіе.,слѣдствіе.
images_group_35_5423_5546.png,Подлоги.,Подлоги.
images_group_35_5423_5547.png,4.,4.
images_group_35_5423_5548.png,дѣлу,дѣлу
images_group_35_5423_5549.png,виновный,виновный
images_group_35_5423_5550.png,данъ,данъ
images_group_35_5423_5551.png,"суду,","суду,"
images_group_35_5423_5552.png,а,а
images_group_35_5423_5553.png,дѣламъ,дѣламъ
images_group_35_5423_5554.png,производится,производится
images_group_35_5423_5555.png,слѣдствіе,слѣдствіе
images_group_35_5423_5556.png,Превышаніе,Превышаніе
images_group_35_5423_5557.png,Посимъ,Посимъ
images_group_35_5423_5558.png,дѣламъ,дѣламъ
images_group_35_5423_5559.png,про,про
images_group_35_5423_5560.png,ти.,ти.
images_group_35_5423_5561.png,2.,"2.,"
images_group_35_5423_5562.png,изводится,изводится
images_group_35_5423_5563.png,слѣдствіе.,слѣдствіе.
images_group_35_5423_5564.png,Злоутотребленія,Злоупотребленія
images_group_35_5423_5565.png,По,По
images_group_35_5423_5566.png,33,33
images_group_35_5423_5567.png,дѣламъ,дѣламъ
images_group_35_5423_5568.png,винов-,винов
images_group_35_5423_5570.png,проти,проти
images_group_35_5423_5571.png,ныхъ,ныхъ
images_group_35_5423_5572.png,открыто,открыто
images_group_35_5423_5573.png,ипре,ипре
images_group_35_5423_5574.png,вузаконныя,вузаконных
images_group_35_5423_5575.png,дано,дано
images_group_35_5423_5576.png,суду,суду
images_group_35_5423_5577.png,человѣкъ,человѣкъ
images_group_35_5423_5578.png,тупки.,тупки.
images_group_35_5423_5579.png,36.,36.
images_group_35_5423_5580.png,а,а
images_group_35_5423_5581.png,дѣламъ,дѣламъ
images_group_35_5423_5583.png,мыхъ,мыхъ
images_group_35_5423_5584.png,составу,состоитъ
images_group_35_5436_6444.png,No290.,No290.
images_group_35_5436_6445.png,21,21
images_group_35_5436_6446.png,Апрѣля,Апрѣля
images_group_35_5436_6447.png,1861.,1861.
images_group_35_5436_6448.png,132.,192.
images_group_35_5436_6449.png,No,No
images_group_35_5436_6450.png,Гостину,Господину
images_group_35_5436_6451.png,Управляющему,Управляющему
images_group_35_5436_6452.png,дѣламъ,дѣлами
images_group_35_5436_6454.png,Собственной,Собственной
images_group_35_5436_6455.png,Сибирскаго.,Сибирскаго.
images_group_35_5436_6456.png,Комитета.,Комитета.
images_group_35_5436_6460.png,Имѣю,Имѣю
images_group_35_5436_6461.png,честь,честь
images_group_35_5436_6462.png,препроводито,препроводить
images_group_35_5436_6463.png,при,при
images_group_35_5436_6464.png,къ,къ
images_group_35_5436_6465.png,Вашему,Вашему
images_group_35_5436_6467.png,для,для
images_group_35_5436_6468.png,21,21
images_group_35_5436_6469.png,Апдѣль,Апрѣля
images_group_35_5436_6470.png,186 г.,1861 г.
images_group_35_5436_6471.png,свѣдѣнія,свѣдѣнія
images_group_35_5436_6472.png,Сибирскому,Сибирскому
images_group_35_5436_6473.png,"Комитету,","Комитету,"
images_group_35_5436_6475.png,списокъ,списокъ
images_group_35_5436_6476.png,съ,съ
images_group_35_5436_6477.png,Высочайшаго,Высочайшаго
images_group_35_5436_6478.png,"повелѣнія,","повелѣнія,"
images_group_35_5436_6479.png,сообщеннаго,сообщеннаго
images_group_35_5436_6480.png,мною,мною
images_group_35_5436_6481.png,Исправляющему,Исправляющему
images_group_35_5436_6482.png,долж-,долж-
images_group_35_5436_6483.png,IV.,No
images_group_35_5436_6484.png,462,462
images_group_35_5436_6485.png,носто,ность
images_group_35_5436_6486.png,Генералъ,Генералъ
images_group_35_5436_6487.png,Губернатора,Губернатора
images_group_35_5436_6488.png,Восточ-,Восточ-
images_group_35_5436_6489.png,ной,ной
images_group_35_5436_6490.png,"Сибири,","Сибири,"
images_group_35_5436_6491.png,о,о
images_group_35_5436_6492.png,податяхъ,податяхъ
images_group_35_5436_6493.png,и,и
images_group_35_5436_6494.png,недоимкахъ,недоимкахъ
images_group_35_5436_6495.png,за,за
images_group_35_5436_6496.png,2-го,2-го
images_group_35_5436_6497.png,половину,половину
images_group_35_5436_6498.png,1860,1860
images_group_35_5436_6499.png,года.,года.
images_group_35_5436_6500.png,Управляющій,Управляющій
images_group_35_5436_6501.png,"Отдѣленіемъ,","Отдѣленіемъ,"
images_group_35_5436_6502.png,Статсъ-,Статсъ-
images_group_35_5436_6503.png,Секретарь,Секретарь
images_group_35_5436_6504.png,Данты,даннъевъ
images_group_35_5438_6604.png,194,194
images_group_35_5438_6605.png,В.,Въ
images_group_35_5438_6606.png,семъ,семь
images_group_35_5438_6607.png,дѣлѣ,дѣлѣ
images_group_35_5438_6608.png,писанныхъ,писанныхъ
images_group_35_5438_6609.png,помированныхъ,померованныхъ
images_group_35_5438_6610.png,сто,сто
images_group_35_5438_6611.png,девяносто,девяносто
images_group_35_5438_6612.png,три,три
images_group_35_5438_6613.png,лоста,листа.
images_group_35_5438_6614.png,За,За
images_group_35_5438_6615.png,Секретаря,Секретаря
images_group_35_5438_6616.png,Н.,Н.
images_group_35_5438_6617.png,Соколовъ,Соколовъ
images_group_35_5438_6621.png,проном рованных-,пронумерованных
images_group_35_5438_6622.png,143,193
images_group_35_5438_6623.png,1,1
images_group_35_5438_6624.png,ои,си
images_group_35_5438_6627.png,30,30
images_group_35_5438_6628.png,1516,1516
images_group_35_5438_6629.png,шу,что
images_group_35_5438_6631.png,"гия,",имя
images_group_35_5438_6632.png,20/38,"20/ I 58,"
images_group_35_5438_6633.png,Вп,Зуг
images_group_35_5438_6635.png,29.08.62 А,29.08.62 А
images_group_35_544_6731.png,25 об,45 об
images_group_35_544_6732.png,47,47
images_group_35_544_6733.png,46,46
images_group_35_544_6734.png,77.,77.
images_group_35_544_6735.png,80.,80.
images_group_35_544_6736.png,46,46
images_group_35_544_6737.png,75,45
images_group_35_544_6738.png,дѣльню-,дѣльню-
images_group_35_544_6739.png,окончена,окончена
images_group_35_544_6740.png,и,и
images_group_35_544_6741.png,призрѣ-,призрѣ-
images_group_35_544_6742.png,ваемые,ваемые
images_group_35_544_6743.png,въ,въ
images_group_35_544_6744.png,старой,старой
images_group_35_544_6745.png,богодѣльни,богодѣльни
images_group_35_544_6746.png,78.,78.
images_group_35_544_6747.png,11,11
images_group_35_544_6748.png,муж.,Муж.
images_group_35_544_6749.png,5,5
images_group_35_544_6750.png,жен.,жен.
images_group_35_544_6751.png,переведены,переведены
images_group_35_544_6752.png,въ,въ
images_group_35_544_6753.png,стоющій,стоющій
images_group_35_544_6754.png,"12,000 руб.","12,000 руб."
images_group_35_544_6755.png,ВХ.),"(х) 3.,"
images_group_35_544_6756.png,Въ,Въ
images_group_35_544_6757.png,новое,новое
images_group_35_544_6758.png,зданіе,зданіе
images_group_35_544_6759.png,въ,въ
images_group_35_544_6760.png,концѣ,концѣ
images_group_35_544_6761.png,минув-,минув-
images_group_35_544_6762.png,пользу,пользу
images_group_35_544_6763.png,1-го,1-го
images_group_35_544_6764.png,Народнаго,Народнаго
images_group_35_544_6765.png,Учили-,Учили-
images_group_35_544_6766.png,шаго,шаго
images_group_35_544_6767.png,Ноября.,Ноября.
images_group_35_544_6768.png,ца,ща
images_group_35_544_6769.png,въ,въ
images_group_35_544_6770.png,Красноярскѣ,Красноярскѣ
images_group_35_544_6771.png,4.),4.)
images_group_35_544_6772.png,Въ,Въ
images_group_35_544_6773.png,1865,1865
images_group_35_544_6774.png,году,году
images_group_35_544_6775.png,поступило,поступило
images_group_35_544_6776.png,пользу,пользу
images_group_35_544_6777.png,2-го,2-го
images_group_35_544_6778.png,Народнаго,Народнаго
images_group_35_544_6779.png,пожертвованій,пожертвованій
images_group_35_544_6780.png,разныхъ,разныхъ
images_group_35_544_6781.png,училища,училища
images_group_35_544_6782.png,въ,въ
images_group_35_544_6783.png,Красноярскѣ-,Красноярскѣ-
images_group_35_544_6784.png,благотворительныхъ,благотворительныхъ
images_group_35_544_6785.png,лицъ:,лицъ:
images_group_35_544_6786.png,850 р.,850 р.
images_group_35_544_6787.png,5.),5.)
images_group_35_544_6788.png,Въ пользу,Въ пользу
images_group_35_544_6789.png,Красно-,Красно-
images_group_35_544_6790.png,На,На
images_group_35_544_6791.png,устройство,устройство
images_group_35_544_6792.png,въ,въ
images_group_35_544_6793.png,губерн-,губерн
images_group_35_544_6794.png,ярскаго,ярскаго
images_group_35_544_6795.png,Уѣзднаго,Уѣзднаго
images_group_35_544_6796.png,Учи-,Учи-
images_group_35_544_6797.png,скомъ,скомъ
images_group_35_544_6798.png,городѣ,городѣ
images_group_35_544_6799.png,Красноярскѣ,Красноярскѣ
images_group_35_544_6800.png,лица,лища
images_group_35_544_6801.png,100 р.,100 р.
images_group_35_544_6802.png,6.),"6.,"
images_group_35_544_6803.png,Въ пользу,Въ пользу
images_group_35_544_6804.png,Мужской,мужской
images_group_35_544_6805.png,и,и
images_group_35_544_6806.png,женской,женской
images_group_35_544_6807.png,Гимна-,Гимна
images_group_35_544_6808.png,Енисейскаго,Енисейскаго
images_group_35_544_6809.png,Уѣзднаго,Уѣзднаго
images_group_35_544_6810.png,Учи-,Учи-
images_group_35_544_6811.png,зій-,зій-
images_group_35_544_6812.png,7728 р.,7728 р.
images_group_35_544_6813.png,59 1/2,59 1/2
images_group_35_544_6814.png,(х),(х)
images_group_35_544_6815.png,2),2)
images_group_35_544_6816.png,Собствен-,Собствен-
images_group_35_544_6817.png,лица,лища
images_group_35_544_6818.png,300 р.,300 р.
images_group_35_544_6819.png,7.),7.)
images_group_35_544_6820.png,въ,Въ
images_group_35_544_6821.png,пользу,пользу
images_group_35_544_6822.png,но,но
images_group_35_544_6823.png,для,для
images_group_35_544_6824.png,женской,Женской
images_group_35_544_6825.png,Гимназіи,Гимназіи
images_group_35_544_6826.png,Ачинскаго,Ачинскаго
images_group_35_544_6827.png,Уѣзднаго,Уѣзднаго
images_group_35_544_6828.png,Учили,Учили
images_group_35_544_6829.png,въ г.,въ г.
images_group_35_544_6830.png,Красноярскѣ,Красноярскѣ
images_group_35_544_6831.png,пожертво,пожертво-
images_group_35_544_6832.png,ща,ща
images_group_35_544_6833.png,120 р.,120 р.
images_group_35_544_6834.png,"8.,",8.)
images_group_35_544_6835.png,На,На
images_group_35_544_6836.png,возобновленіе,возобновленіе
images_group_35_544_6837.png,ванъ,ванъ
images_group_35_544_6838.png,Почетнымъ,Почетнымъ
images_group_35_544_6839.png,Гражда-,Гражда-
images_group_35_544_6840.png,въ г.,въ г.
images_group_35_544_6841.png,Вильно,Вильно
images_group_35_544_6842.png,храма,храма
images_group_35_544_6843.png,во,во
images_group_35_544_6844.png,или,иля
images_group_35_544_6845.png,ниномъ,ниномъ
images_group_35_544_6846.png,"Толкачевымъ,","Толкачевымъ,"
images_group_35_544_6847.png,ка,ка
images_group_35_544_6848.png,Успенія,Успенія
images_group_35_544_6849.png,Пресвятыя,Пресвятыя
images_group_35_544_6850.png,Бого,Бого-
images_group_35_544_6851.png,менный,менный
images_group_35_544_6852.png,2-х,2-х
images_group_35_544_6853.png,этажный,этажный
images_group_35_544_6854.png,домъ,домъ
images_group_35_544_6855.png,родицы,родицы
images_group_35_544_6856.png,137 р.,137 р.
images_group_35_544_6857.png,38 3/4 к.,38 3/4 к.
images_group_35_544_6858.png,9.),"9.,"
images_group_35_544_6859.png,На,На
images_group_35_544_6860.png,съ,съ
images_group_35_544_6861.png,Каменнымъ,Каменнымъ
images_group_35_544_6862.png,флигелемъ,флигелемъ
images_group_35_544_6863.png,устройство,устройство
images_group_35_544_6864.png,Православныхъ,Православныхъ
images_group_35_544_6865.png,и,и
images_group_35_544_6866.png,надворными,надворными
images_group_35_544_6867.png,строеніями,строеніями
images_group_35_544_6868.png,храмовъ,храмовъ
images_group_35_544_6869.png,и,и
images_group_35_544_6870.png,Народныхъ,Народныхъ
images_group_35_544_6871.png,Учи-,Учи-
images_group_35_544_6872.png,лицъ,лищъ
images_group_35_544_6873.png,въ,въ
images_group_35_544_6874.png,Западныхъ,Западныхъ
images_group_35_544_6875.png,Гу-,Гу-
images_group_35_544_6876.png,Прибавивъ,Прибавивъ
images_group_35_544_6877.png,къ тому,къ тому
images_group_35_544_6878.png,берніяхъ,берніяхъ
images_group_35_544_6879.png,107 р.,107р.
images_group_35_544_6880.png,"10 1/2 к.) 10.,","10 1/2 к. 10.,"
images_group_35_544_6881.png,На,На
images_group_35_544_6882.png,37.271 р.,37.271 р.
images_group_35_544_6883.png,40 1/2 к.,40 1/2 к.
images_group_35_544_6884.png,собранныхъ,собранныхъ
images_group_35_544_6885.png,въ,въ
images_group_35_544_6886.png,"1864 г.,","1864 г.,"
images_group_35_544_6887.png,"оказывается,","оказывается,"
images_group_35_544_6888.png,что,что
images_group_35_544_6889.png,циф-,циф-
images_group_35_544_6890.png,возобновленіе,возобновленіе
images_group_35_544_6891.png,Пустынско-,Пустынско-
images_group_35_544_6892.png,ра,ра
images_group_35_544_6893.png,всѣхъ,всѣхъ
images_group_35_544_6894.png,пожертвованій,пожертвованія
images_group_35_544_6895.png,на Красноярскія,на Красноярскія
images_group_35_544_6896.png,Гимназіи,Гимназіи
images_group_35_544_6897.png,про-,про-
images_group_35_544_6898.png,Успенскаго,Успенскаго
images_group_35_544_6899.png,Монастыря,Монастыря
images_group_35_544_6900.png,стирается,стирается
images_group_35_544_6901.png,нынѣ,нынѣ
images_group_35_544_6902.png,до,до
images_group_35_544_6903.png,"45,000 р.","45,000 р."
images_group_35_544_6904.png,серебр.,серебр.
images_group_35_544_6905.png,въ,въ
images_group_35_544_6906.png,Могилевской,Могилевской
images_group_35_544_6907.png,губерніи,губерніи
images_group_35_544_6908.png,изъ,изъ
images_group_35_544_6909.png,этой,этой
images_group_35_544_6910.png,суммы,суммы
images_group_35_544_6911.png,предположено,предположено
images_group_35_544_6912.png,отчислить,отчислить
images_group_35_544_6913.png,собственно,собственно
images_group_35_544_6914.png,для,для
images_group_35_544_6915.png,женской,женской
images_group_35_544_6916.png,Гимназіи,Гимназіи
images_group_35_544_6917.png,1000 р.,1000 р.
images_group_35_544_6918.png,сер.,сер.
images_group_35_544_6919.png,(х),(х)
images_group_35_544_6920.png,Принятъ,Принятъ
images_group_35_544_6921.png,уже,уже
images_group_35_544_6922.png,въ,въ
images_group_35_544_6923.png,вѣденіе,вѣденіе
images_group_35_544_6924.png,Ко-,Ко-
images_group_35_544_6925.png,митета,митета
images_group_35_544_6926.png,по,по
images_group_35_544_6927.png,устройству,устройству
images_group_35_544_6928.png,Гимна-,Гимна-
images_group_35_544_6929.png,зій.-,зій.-
images_group_35_544_6930.png,Совѣтникъ,Совѣтникъ
images_group_35_548_7392.png,48 об,49 об
images_group_35_548_7393.png,51,51
images_group_35_548_7394.png,50,50
images_group_35_548_7395.png,85.,85.
images_group_35_548_7396.png,88.,88.
images_group_35_548_7397.png,лями,лями
images_group_35_548_7398.png,21.,21.
images_group_35_548_7399.png,50,50
images_group_35_548_7400.png,Въ,Въ
images_group_35_548_7401.png,исходѣ,исходѣ
images_group_35_548_7402.png,1865,1865
images_group_35_548_7403.png,от-,от-
images_group_35_548_7404.png,86.,86.
images_group_35_548_7405.png,ставному,ставному
images_group_35_548_7406.png,учителю,учителю
images_group_35_548_7407.png,Крини,Крини-
images_group_35_548_7408.png,печеской,печеской
images_group_35_548_7409.png,женѣ,женѣ
images_group_35_548_7410.png,Ребиковой..,Ребиковой.-
images_group_35_548_7411.png,цыну,цыну
images_group_35_548_7412.png,разрѣшено,разрѣшено
images_group_35_548_7413.png,открыть,открыть
images_group_35_548_7414.png,Вслѣдствіе,Вслѣдствіе
images_group_35_548_7415.png,"сего,","сего,"
images_group_35_548_7416.png,зданіе,зданіе
images_group_35_548_7417.png,"это,","это,"
images_group_35_548_7418.png,въ г.,въ г.
images_group_35_548_7419.png,Красноярскѣ,Красноярскѣ
images_group_35_548_7420.png,Частный,частный
images_group_35_548_7421.png,вмѣстѣ,вмѣстѣ
images_group_35_548_7422.png,съ,съ
images_group_35_548_7423.png,"флигелями,","флигелями,"
images_group_35_548_7424.png,пансіонъ.,"пансіонъ,"
images_group_35_548_7425.png,надворными,надворными
images_group_35_548_7426.png,строеніями,строеніями
images_group_35_548_7427.png,Въ,Въ
images_group_35_548_7428.png,бытность,бытность
images_group_35_548_7429.png,въ г.,въ г.
images_group_35_548_7430.png,Красно-,Красно-
images_group_35_548_7431.png,1833 1/2,1833 1/2
images_group_35_548_7432.png,квадр.,квадр.
images_group_35_548_7433.png,саженями,саженями
images_group_35_548_7434.png,ярскѣ,ярскѣ
images_group_35_548_7435.png,при,при
images_group_35_548_7436.png,ревизіи,ревизіи
images_group_35_548_7437.png,Енисейской,Енисейской
images_group_35_548_7438.png,усадебной,усадебной
images_group_35_548_7439.png,"земли,","Земли,"
images_group_35_548_7440.png,куплено,куплено
images_group_35_548_7441.png,губерніи-,губерніи-
images_group_35_548_7442.png,Генералъ-,Генералъ-
images_group_35_548_7443.png,Губерна-,Губерна-
images_group_35_548_7444.png,на,на
images_group_35_548_7445.png,собранныя,собранныя
images_group_35_548_7446.png,пожертвован,пожертвован
images_group_35_548_7447.png,торъ,торъ
images_group_35_548_7448.png,Восточной,Восточной
images_group_35_548_7449.png,Сибири,Сибири
images_group_35_548_7450.png,ныя,ныя
images_group_35_548_7451.png,деньги,деньги
images_group_35_548_7452.png,за,за
images_group_35_548_7453.png,сумму,сумму
images_group_35_548_7454.png,15000 р.,15000 р.
images_group_35_548_7455.png,"нашелъ,","нашелъ,"
images_group_35_548_7456.png,что,что
images_group_35_548_7457.png,предположен-,предположен-
images_group_35_548_7458.png,и,и
images_group_35_548_7459.png,поступило,поступило
images_group_35_548_7460.png,въ,въ
images_group_35_548_7461.png,веденіе,веденіе
images_group_35_548_7462.png,Ко-,Ко-
images_group_35_548_7463.png,ный,ный
images_group_35_548_7464.png,къ,къ
images_group_35_548_7465.png,покупкѣ,покупкѣ
images_group_35_548_7466.png,За,За
images_group_35_548_7467.png,30,30/т.
images_group_35_548_7468.png,руб.,руб.
images_group_35_548_7469.png,литета,митета
images_group_35_548_7470.png,учрежденнаго,учрежденнаго
images_group_35_548_7471.png,для,для
images_group_35_548_7472.png,домъ,домъ
images_group_35_548_7473.png,Наслѣдниковъ,Наслѣдниковъ
images_group_35_548_7474.png,Мясни,Мясни
images_group_35_548_7475.png,устройства,устройства
images_group_35_548_7476.png,мужской,мужской
images_group_35_548_7477.png,и,и
images_group_35_548_7478.png,"ковыхъ,","ковыхъ,"
images_group_35_548_7479.png,для,для
images_group_35_548_7480.png,мужской,мужской
images_group_35_548_7481.png,Гимна,Гимна
images_group_35_548_7482.png,женской,женской
images_group_35_548_7483.png,Гимназій.,Гимназій.
images_group_35_548_7484.png,Затѣмъ,Затѣмъ
images_group_35_548_7485.png,зіи-,зіи-
images_group_35_548_7486.png,по,по
images_group_35_548_7487.png,дорогой,дорогой
images_group_35_548_7488.png,цѣнѣ,цѣнѣ
images_group_35_548_7489.png,и,и
images_group_35_548_7490.png,дру-,дру-
images_group_35_548_7491.png,сдѣлано,сдѣлано
images_group_35_548_7492.png,представленіе,представленіе
images_group_35_548_7493.png,а,о
images_group_35_548_7494.png,гимъ,гимъ
images_group_35_548_7495.png,причинамъ,причинамъ
images_group_35_548_7496.png,небудетъ,небудетъ
images_group_35_548_7497.png,исходатайствованіи,исходатайствованій
images_group_35_548_7498.png,на-,на-
images_group_35_548_7499.png,соотвѣтствовать,соотвѣтствовать
images_group_35_548_7500.png,своему,своему
images_group_35_548_7501.png,значенія,значенія
images_group_35_548_7502.png,отъ,отъ
images_group_35_548_7503.png,Правитель-,Правитель-
images_group_35_548_7504.png,назначенію;,назначенію;
images_group_35_548_7505.png,въ,въ
images_group_35_548_7506.png,Замѣнъ,Замѣнъ
images_group_35_548_7507.png,та,та
images_group_35_548_7508.png,"ства,","ства,"
images_group_35_548_7509.png,суммы,суммы
images_group_35_548_7510.png,на,на
images_group_35_548_7511.png,содержа,содержа
images_group_35_548_7512.png,"коваго,","коваго,"
images_group_35_548_7513.png,по,по
images_group_35_548_7514.png,личному,личному
images_group_35_548_7515.png,осмотру,осмотру
images_group_35_548_7516.png,ніе,ніе
images_group_35_548_7517.png,Классической,Классической
images_group_35_548_7518.png,Гимна,Гимна
images_group_35_548_7519.png,сколькихъ,сколькихъ
images_group_35_548_7520.png,зданій,зданій
images_group_35_548_7521.png,Генералъ,Генералъ
images_group_35_548_7522.png,зіи,зіи
images_group_35_548_7523.png,въ,въ
images_group_35_548_7524.png,г.,г.
images_group_35_548_7525.png,"Красноярскѣ,","Красноярскѣ,"
images_group_35_548_7526.png,Лейтенантъ,Лейтенантъ
images_group_35_548_7527.png,Карсаковъ,Карсаковъ
images_group_35_548_7528.png,из-,из-
images_group_35_548_7529.png,въ,въ
images_group_35_548_7530.png,размѣрахъ,размѣрахъ
images_group_35_548_7531.png,опредѣлен-,опредѣлен
images_group_35_548_7532.png,бралъ,бралъ
images_group_35_548_7533.png,Каменный,Каменный
images_group_35_548_7534.png,2,2
images_group_35_548_7535.png,этажный,этажный
images_group_35_548_7536.png,ныхъ,ныхъ
images_group_35_548_7537.png,общими,общими
images_group_35_548_7538.png,штата-,штата-
images_group_35_548_7539.png,домъ,домъ
images_group_35_548_7540.png,принадлежавшій,принадлежавшій
images_group_35_548_7541.png,Ку-,Ку-
images_group_35_548_7542.png,ми.,ми
images_group_35_548_7543.png,для,для
images_group_35_548_7544.png,Губернскихъ,Губернскихъ
images_group_35_548_7545.png,Сим-,Гим
images_group_35_548_7546.png,назій,назій
images_group_35_548_7547.png,и,и
images_group_35_548_7548.png,о,о
images_group_35_548_7549.png,разрѣшеніи,разрѣшеніи
images_group_35_548_7550.png,от,от
images_group_35_548_7551.png,крыть,крыть
images_group_35_548_7552.png,въ,въ
images_group_35_548_7553.png,наступающемъ,наступающемъ
images_group_35_548_7554.png,Секретарь,Секретарь
images_group_35_552_8038.png,53 об,53 об
images_group_35_552_8039.png,93.,93.
images_group_35_552_8040.png,54,54
images_group_35_552_8041.png,53.,53
images_group_35_552_8042.png,и,и
images_group_35_552_8043.png,Ачинскѣ,Ачинскѣ
images_group_35_552_8044.png,полицейскія,полицейскія
images_group_35_552_8045.png,коман,коман-
images_group_35_552_8046.png,94.,94.
images_group_35_552_8047.png,ды,ды
images_group_35_552_8048.png,сформированныя,сформированныя
images_group_35_552_8049.png,изъ,изъ
images_group_35_552_8050.png,д.),д.)
images_group_35_552_8051.png,Квартирная,Квартирная
images_group_35_552_8052.png,нижнихъ,нижнихъ
images_group_35_552_8053.png,воинскихъ,воинскихъ
images_group_35_552_8054.png,чиновъ.,чиновъ.
images_group_35_552_8055.png,повинность:,повинность.
images_group_35_552_8056.png,Квартирная,Квартирная
images_group_35_552_8057.png,повин.,повин-
images_group_35_552_8058.png,ность,ность
images_group_35_552_8059.png,въ,въ
images_group_35_552_8060.png,городахъ,городахъ
images_group_35_552_8061.png,Енисей,Енисей
images_group_35_552_8062.png,в),в)
images_group_35_552_8063.png,Пожарная,Пожарная
images_group_35_552_8064.png,ской,ской
images_group_35_552_8065.png,губерніи-,губерніи
images_group_35_552_8066.png,относится,относится
images_group_35_552_8067.png,часть.,часть.
images_group_35_552_8068.png,Предположеніе,Предположеніе
images_group_35_552_8069.png,объ,объ
images_group_35_552_8070.png,устрой,устрой-
images_group_35_552_8071.png,натурою.,натурою.
images_group_35_552_8072.png,Назначеніе,Назначеніе
images_group_35_552_8073.png,Квар-,Квар-
images_group_35_552_8074.png,ствѣ,ствѣ
images_group_35_552_8075.png,общественныхъ,общественныхъ
images_group_35_552_8076.png,"командъ,","командъ,"
images_group_35_552_8077.png,тиръ,тиръ
images_group_35_552_8078.png,производится,производится
images_group_35_552_8079.png,урав-,урав-
images_group_35_552_8080.png,какія,какія
images_group_35_552_8081.png,уже,уже
images_group_35_552_8082.png,существуютъ,существуютъ
images_group_35_552_8083.png,нительно,нительно
images_group_35_552_8084.png,по,по
images_group_35_552_8085.png,очереднымъ,очереднымъ
images_group_35_552_8086.png,въ,въ
images_group_35_552_8087.png,г.г.,г. г.
images_group_35_552_8088.png,Минусинскѣ,Минусинскѣ
images_group_35_552_8089.png,и,и
images_group_35_552_8090.png,Кан-,Кан-
images_group_35_552_8091.png,книгамъ.,книгамъ.
images_group_35_552_8092.png,скѣ-,скѣ-
images_group_35_552_8093.png,и,и
images_group_35_552_8094.png,въ,въ
images_group_35_552_8095.png,гг.,гг.
images_group_35_552_8096.png,"Красноярскѣ,","Красноярскѣ,"
images_group_35_552_8097.png,Жалобъ,Жалобъ
images_group_35_552_8098.png,на,на
images_group_35_552_8099.png,неуровни-,неуровни-
images_group_35_552_8100.png,Енисейскѣ,Енисейскѣ
images_group_35_552_8101.png,и,и
images_group_35_552_8102.png,Ачинскѣ,Ачинскѣ
images_group_35_552_8103.png,въ,въ
images_group_35_552_8104.png,за,за
images_group_35_552_8105.png,тельное,тельное
images_group_35_552_8106.png,раздѣленіе,раздѣленіе
images_group_35_552_8107.png,"постоя,","постоя,"
images_group_35_552_8108.png,мѣнъ,мѣнъ
images_group_35_552_8109.png,прежнихъ,прежнихъ
images_group_35_552_8110.png,пожарныхъ,пожарныхъ
images_group_35_552_8111.png,1865,1865
images_group_35_552_8112.png,небыло.,небыло.
images_group_35_552_8113.png,командъ,командъ
images_group_35_552_8114.png,сформированныхъ,сформированныхъ
images_group_35_552_8115.png,изъ,изъ
images_group_35_552_8116.png,нижнихъ,нижнихъ
images_group_35_552_8117.png,воинскихъ,воинскихъ
images_group_35_552_8118.png,чи-,чи-
images_group_35_552_8119.png,е.),е.)
images_group_35_552_8120.png,Земская,Земская
images_group_35_552_8121.png,"новъ,","новъ,"
images_group_35_552_8122.png,одобрено,одобрено
images_group_35_552_8123.png,и,и
images_group_35_552_8124.png,имѣетъ,имѣетъ
images_group_35_552_8125.png,быть,быть
images_group_35_552_8126.png,Полиція.,Полиція.
images_group_35_552_8127.png,Дѣлопроизводство,Дѣлопроизводство
images_group_35_552_8128.png,по,по
images_group_35_552_8129.png,приведено,приведено
images_group_35_552_8130.png,въ,въ
images_group_35_552_8131.png,исполненіе.,"исполненіе,"
images_group_35_552_8132.png,Земскимъ,Земскимъ
images_group_35_552_8133.png,Судамъ,Судамъ
images_group_35_552_8134.png,въ,въ
images_group_35_552_8135.png,тече-,тече-
images_group_35_552_8136.png,Вообще,Вообще
images_group_35_552_8137.png,пожарная,пожарная
images_group_35_552_8138.png,часть,часть
images_group_35_552_8139.png,ніе,ніе
images_group_35_552_8140.png,1865,1865
images_group_35_552_8141.png,"года,","года,"
images_group_35_552_8142.png,шло,шло
images_group_35_552_8143.png,удовле-,удовле-
images_group_35_552_8144.png,"содержится,","содержится,"
images_group_35_552_8145.png,по,по
images_group_35_552_8146.png,"возможности,","возможности,"
images_group_35_552_8147.png,творительно;,творительно;
images_group_35_552_8148.png,противъ,противъ
images_group_35_552_8149.png,въ,въ
images_group_35_552_8150.png,удовлетворительномъ,удовлетворительномъ
images_group_35_552_8151.png,со-,со-
images_group_35_552_8152.png,1864,1864
images_group_35_552_8153.png,года,года
images_group_35_552_8154.png,осталось:,осталось:
images_group_35_552_8155.png,не,не
images_group_35_552_8156.png,рѣ,рѣ-
images_group_35_552_8157.png,"стояніи,",стояніи.
images_group_35_552_8158.png,шенныхъ,шенныхъ
images_group_35_552_8159.png,дѣлъ,Дѣлъ
images_group_35_552_8160.png,менѣе,менѣе
images_group_35_552_8161.png,"53,","53,"
images_group_35_552_8162.png,а,а
images_group_35_552_8163.png,неисполненныхъ,неисполненныхъ
images_group_35_552_8164.png,бумагъ,бумагъ
images_group_35_552_8165.png,болѣе,болѣе
images_group_35_552_8166.png,Совѣтникъ,Совѣтникъ
images_group_35_556_8597.png,59,59
images_group_35_556_8598.png,58,58
images_group_35_556_8599.png,57 об,57 об
images_group_35_556_8600.png,101.,101.
images_group_35_556_8601.png,шеній,шеній
images_group_35_556_8602.png,человѣкъ.,человѣкъ.
images_group_35_556_8603.png,102.,102.
images_group_35_556_8604.png,Виды,Виды
images_group_35_556_8605.png,предпо-,предпо-
images_group_35_556_8606.png,помѣщенія,помѣщенія
images_group_35_556_8607.png,для,для
images_group_35_556_8608.png,Начальни,Начальни
images_group_35_556_8609.png,ложенія:,ложенія:
images_group_35_556_8610.png,Въ,Въ
images_group_35_556_8611.png,представлены,представлены
images_group_35_556_8612.png,ка,ка
images_group_35_556_8613.png,Губерніи,Губерніи
images_group_35_556_8614.png,(х),(х)
images_group_35_556_8615.png,предположенія:,предположенія:
images_group_35_556_8616.png,Сверхъ,Сверхъ
images_group_35_556_8617.png,того,того
images_group_35_556_8618.png,предположе-,предположе-
images_group_35_556_8619.png,1.),1.)
images_group_35_556_8620.png,Объ,Объ
images_group_35_556_8621.png,упраздненіи,упраздненіи
images_group_35_556_8622.png,Туру-,Туру-
images_group_35_556_8623.png,но:,но:
images_group_35_556_8624.png,ханскаго,ханскаго
images_group_35_556_8625.png,Отдѣльнаго,Отдѣльнаго
images_group_35_556_8626.png,Управле-,Управле-
images_group_35_556_8627.png,а),а)
images_group_35_556_8628.png,Покупка,Покупка
images_group_35_556_8629.png,отъ,отъ
images_group_35_556_8630.png,Наслѣд-,Наслѣд-
images_group_35_556_8631.png,нія,нія
images_group_35_556_8632.png,и,и
images_group_35_556_8633.png,присоединеніи,присоединеніи
images_group_35_556_8634.png,Турухан-,Турухан-
images_group_35_556_8635.png,никовъ,никовъ
images_group_35_556_8636.png,Мясниковыхъ,Мясниковыхъ
images_group_35_556_8637.png,скаго,скаго
images_group_35_556_8638.png,края,края
images_group_35_556_8639.png,ко,ко
images_group_35_556_8640.png,2-му,2-му
images_group_35_556_8641.png,участку,участку
images_group_35_556_8642.png,меннаго,меннаго
images_group_35_556_8643.png,2-х,2-х
images_group_35_556_8644.png,этажнаго,этажнаго
images_group_35_556_8645.png,до-,до-
images_group_35_556_8646.png,Енисейскаго,Енисейскаго
images_group_35_556_8647.png,"Округа,","Округа,"
images_group_35_556_8648.png,съ,съ
images_group_35_556_8649.png,опредѣ-,опредѣ-
images_group_35_556_8650.png,ма,ма
images_group_35_556_8651.png,съ,съ
images_group_35_556_8652.png,"флигелями,","флигелями,"
images_group_35_556_8653.png,служ-,служ-
images_group_35_556_8654.png,леніемъ,леніемъ
images_group_35_556_8655.png,къ,къ
images_group_35_556_8656.png,Засѣдателю,Засѣдателю
images_group_35_556_8657.png,онаго,онаго
images_group_35_556_8658.png,бами,бами
images_group_35_556_8659.png,и,и
images_group_35_556_8660.png,землею,землею
images_group_35_556_8661.png,за,за
images_group_35_556_8662.png,39т.,30/т.
images_group_35_556_8663.png,Помощникахъ,Помощника. (х)
images_group_35_556_8664.png,руб.,руб.
images_group_35_556_8665.png,для,для
images_group_35_556_8666.png,времяннаго,времяннаго
images_group_35_556_8667.png,по-,по-
images_group_35_556_8668.png,2.),2.)
images_group_35_556_8669.png,О пріобрѣтеніи,О пріобрѣтеніи
images_group_35_556_8670.png,отъ,отъ
images_group_35_556_8671.png,мѣщенія,мѣщенія
images_group_35_556_8672.png,Красноярской,Красноярской
images_group_35_556_8673.png,купца,купца
images_group_35_556_8674.png,"Сажина,","Сажина,"
images_group_35_556_8675.png,вновь,вновь
images_group_35_556_8676.png,выстро-,выстро-
images_group_35_556_8677.png,Гражданской,Гражданской
images_group_35_556_8678.png,больницы,больницы
images_group_35_556_8679.png,еннаго,еннаго
images_group_35_556_8680.png,на,на
images_group_35_556_8681.png,Красноярской,Красноярской
images_group_35_556_8682.png,Ново,Ново
images_group_35_556_8683.png,съ,съ
images_group_35_556_8684.png,Военнымъ,Военнымъ
images_group_35_556_8685.png,отдѣлені,отдѣлені-
images_group_35_556_8686.png,соборной,соборной
images_group_35_556_8687.png,"площади,","площади,"
images_group_35_556_8688.png,Каменнаго,Каменнаго
images_group_35_556_8689.png,емъ,емъ
images_group_35_556_8690.png,2-х,2-х
images_group_35_556_8691.png,этажнаго,этажнаго
images_group_35_556_8692.png,"дома,","дома,"
images_group_35_556_8693.png,со,со
images_group_35_556_8694.png,служ-,служ-
images_group_35_556_8695.png,б),б)
images_group_35_556_8696.png,Отправленіе,Отправленіе
images_group_35_556_8697.png,въ,въ
images_group_35_556_8698.png,Ту-,Ту-
images_group_35_556_8699.png,бами,бами
images_group_35_556_8700.png,и,и
images_group_35_556_8701.png,землею-,землею-
images_group_35_556_8702.png,За,За
images_group_35_556_8703.png,29 п.,20/т.
images_group_35_556_8704.png,руб.,руб.
images_group_35_556_8705.png,руханскій,руханскій
images_group_35_556_8706.png,"край,","край,"
images_group_35_556_8707.png,команди,команди
images_group_35_556_8708.png,для,для
images_group_35_556_8709.png,устройства,устройства
images_group_35_556_8710.png,казеннаго,казеннаго
images_group_35_556_8711.png,рованнаго,рованнаго
images_group_35_556_8712.png,отъ,отъ
images_group_35_556_8713.png,Импера,Импера
images_group_35_556_8714.png,торской,торской
images_group_35_556_8715.png,Академіи,Академіи
images_group_35_556_8716.png,наукъ,наукъ
images_group_35_556_8717.png,(х),(х)
images_group_35_556_8718.png,Представлено,Представлено
images_group_35_556_8719.png,Генералъ,Генералъ
images_group_35_556_8720.png,(х),(х)
images_group_35_556_8721.png,Представлено,Представлено
images_group_35_556_8722.png,Генералъ,Генералъ
images_group_35_556_8723.png,Губернатору,Губернатору
images_group_35_556_8724.png,Восточной,Восточной
images_group_35_556_8725.png,Сибири,Сибири
images_group_35_556_8726.png,24,24
images_group_35_556_8727.png,Февраля,Февраля
images_group_35_556_8728.png,No3024.,No3024.
images_group_35_556_8729.png,Губернатору,Губернатору
images_group_35_556_8730.png,Восточной,Восточной
images_group_35_556_8731.png,Сибири,Сибири
images_group_35_556_8732.png,28,28
images_group_35_556_8733.png,Января,Января
images_group_35_556_8734.png,No 1398.-,No 1398.
images_group_35_556_8735.png,Секретарь,Секретарь
images_group_35_558_8871.png,105.,105.
images_group_35_558_8872.png,60,60
images_group_35_558_8873.png,59,59
images_group_35_558_8874.png,собственномъ,собственномъ
images_group_35_558_8875.png,Капиталѣр,Капиталѣ
images_group_35_558_8876.png,106.,106.
images_group_35_558_8877.png,Приказа,Приказа
images_group_35_558_8878.png,оказалось,оказалось
images_group_35_558_8879.png,прибы-,прибы-
images_group_35_558_8880.png,жительства,жительства
images_group_35_558_8881.png,и,и
images_group_35_558_8882.png,за,за
images_group_35_558_8883.png,неспо-,неспо-
images_group_35_558_8884.png,ли-,ли-
images_group_35_558_8885.png,216 р.,216 р.
images_group_35_558_8886.png,88 3/4,88 3/4
images_group_35_558_8887.png,коп.,коп.
images_group_35_558_8888.png,собностію,собностію
images_group_35_558_8889.png,къ,къ
images_group_35_558_8890.png,работамъ-,работамъ
images_group_35_558_8891.png,Изъ,Изъ
images_group_35_558_8892.png,податной,податной
images_group_35_558_8893.png,недоимки-,недоимки
images_group_35_558_8894.png,о,о
images_group_35_558_8895.png,чемъ,чемъ
images_group_35_558_8896.png,дѣлается,дѣлается
images_group_35_558_8897.png,посто,посто
images_group_35_558_8898.png,въ,въ
images_group_35_558_8899.png,количествѣ,количествѣ
images_group_35_558_8900.png,169580 р.,169580 р.
images_group_35_558_8901.png,54 3/7 к.-,54 3/4 к.-
images_group_35_558_8902.png,янно,янно
images_group_35_558_8903.png,"распоряженіе,","распоряженіе,"
images_group_35_558_8904.png,по,по
images_group_35_558_8905.png,числящаяся,числящаяся
images_group_35_558_8906.png,на,на
images_group_35_558_8907.png,мѣщанахъ,мѣщанахъ
images_group_35_558_8908.png,мѣрѣ,мѣрѣ
images_group_35_558_8909.png,разсмотрѣнія,разсмотрѣнія
images_group_35_558_8910.png,города,города
images_group_35_558_8911.png,Туруханска-,Туруханска-
images_group_35_558_8912.png,немог,не мог-
images_group_35_558_8913.png,собираемыхъ,собираемыхъ
images_group_35_558_8914.png,свѣденій.,свѣденій.
images_group_35_558_8915.png,ла,ла
images_group_35_558_8916.png,быть,быть
images_group_35_558_8917.png,пополнена,пополнена
images_group_35_558_8918.png,пото-,пото-
images_group_35_558_8919.png,Слабая,Слабая
images_group_35_558_8920.png,сторона,сторона
images_group_35_558_8921.png,Управ-,Управ-
images_group_35_558_8922.png,му,му
images_group_35_558_8923.png,"единственно,","единственно,"
images_group_35_558_8924.png,что,что
images_group_35_558_8925.png,они,они
images_group_35_558_8926.png,ленія,ленія
images_group_35_558_8927.png,Енисейскою,Енисейскою
images_group_35_558_8928.png,губерніею,губерніею
images_group_35_558_8929.png,по,по
images_group_35_558_8930.png,бѣдности,бѣдности
images_group_35_558_8931.png,"своей,","своей,"
images_group_35_558_8932.png,завися.,завися.
images_group_35_558_8933.png,заключается:,заключается:
images_group_35_558_8934.png,а.),а.)
images_group_35_558_8935.png,въ,въ
images_group_35_558_8936.png,насто-,насто-
images_group_35_558_8937.png,щей,щей
images_group_35_558_8938.png,отъ,отъ
images_group_35_558_8939.png,положенія,положенія
images_group_35_558_8940.png,та,та-
images_group_35_558_8941.png,ятельной,ятельной
images_group_35_558_8942.png,и,и
images_group_35_558_8943.png,всѣми,всѣми
images_group_35_558_8944.png,мѣст-,мѣст-
images_group_35_558_8945.png,мошняго,мошняго
images_group_35_558_8946.png,"края,","края,"
images_group_35_558_8947.png,съ,съ
images_group_35_558_8948.png,трудомъ,трудомъ
images_group_35_558_8949.png,ными,ными
images_group_35_558_8950.png,обывателями,обывателями
images_group_35_558_8951.png,со-,со-
images_group_35_558_8952.png,оплачиваютъ,оплачиваютъ
images_group_35_558_8953.png,государствен-,государствен-
images_group_35_558_8954.png,знанной,знанной
images_group_35_558_8955.png,потребности,потребности
images_group_35_558_8956.png,ныя,ныя
images_group_35_558_8957.png,подати,подати
images_group_35_558_8958.png,и,и
images_group_35_558_8959.png,снискиваютъ,снискиваютъ
images_group_35_558_8960.png,учрежденія,учрежденія
images_group_35_558_8961.png,въ,въ
images_group_35_558_8962.png,городѣ,городѣ
images_group_35_558_8963.png,Красно-,Красно-
images_group_35_558_8964.png,себѣ,себѣ
images_group_35_558_8965.png,пропитаніе;,пропитаніе;
images_group_35_558_8966.png,большая,большая
images_group_35_558_8967.png,ярскѣ,ярскѣ
images_group_35_558_8968.png,Губернской,Губернской
images_group_35_558_8969.png,Класси,Класси
images_group_35_558_8970.png,часть,часть
images_group_35_558_8971.png,"недоимки,","недоимки,"
images_group_35_558_8972.png,числящахся,числящаяся
images_group_35_558_8973.png,ческой,ческой
images_group_35_558_8974.png,Гимназіи,Гимназіи
images_group_35_558_8975.png,неоткры-,неоткры-
images_group_35_558_8976.png,на,на
images_group_35_558_8977.png,крестьянахъ,крестьянахъ
images_group_35_558_8978.png,изъ,изъ
images_group_35_558_8979.png,ссыльно-,ссыльно-
images_group_35_558_8980.png,той,той
images_group_35_558_8981.png,и,и
images_group_35_558_8982.png,до,до
images_group_35_558_8983.png,настоящаго,настоящаго
images_group_35_558_8984.png,вре,вре-
images_group_35_558_8985.png,поселенцевъ,поселенцевъ
images_group_35_558_8986.png,и,и
images_group_35_558_8987.png,"поселенцахъ,","поселенцахъ,"
images_group_35_558_8988.png,мени,мени
images_group_35_558_8989.png,къ,къ
images_group_35_558_8990.png,прискорбію,прискорбію
images_group_35_558_8991.png,мно-,мно-
images_group_35_558_8992.png,вся,вся
images_group_35_558_8993.png,почти,почти
images_group_35_558_8994.png,подлежитъ,подлежитъ
images_group_35_558_8995.png,сло-,сло-
images_group_35_558_8996.png,гихъ,гихъ
images_group_35_558_8997.png,бѣдныхъ,бѣдныхъ
images_group_35_558_8998.png,родителей,родителей
images_group_35_558_8999.png,женію,женію
images_group_35_558_9000.png,со,со
images_group_35_558_9001.png,"счетовъ,","счетовъ,"
images_group_35_558_9002.png,по,по
images_group_35_558_9003.png,случаю,случаю
images_group_35_558_9004.png,преимущественно,преимущественно
images_group_35_558_9005.png,изъ,изъ
images_group_35_558_9006.png,Мѣст-,мѣст
images_group_35_558_9007.png,смерти,смерти
images_group_35_558_9008.png,"платильщиковъ,","платильщиковъ,"
images_group_35_558_9009.png,ныхъ,ныхъ
images_group_35_558_9010.png,служащихъ,служащихъ
images_group_35_558_9011.png,чинов-,чинов-
images_group_35_558_9012.png,выбытія,выбытія
images_group_35_558_9013.png,ихъ,ихъ
images_group_35_558_9014.png,изъ,изъ
images_group_35_558_9015.png,мѣстъ,мѣстъ
images_group_35_558_9016.png,никовъ,никовъ
images_group_35_558_9017.png,вынужденныхъ,вынужденныхъ
images_group_35_558_9018.png,отправлять,отправлять
images_group_35_558_9019.png,дѣтей,дѣтей
images_group_35_558_9020.png,своихъ,своихъ
images_group_35_558_9021.png,Комарта,Комарта
images_group_35_5371_9296.png,въ,въ
images_group_35_5371_9297.png,и,и
images_group_35_5371_9298.png,Гражданскій,Гражданскій
images_group_35_5371_9300.png,а,с
images_group_35_5375_9362.png,въ,въ
images_group_35_5375_9363.png,на,на
images_group_35_5375_9364.png,основаніи,основаніи
images_group_35_5375_9366.png,и,и
images_group_35_5375_9367.png,зд,зд
images_group_35_5375_9368.png,1857 г.,1857 г.
images_group_35_5375_9369.png,въ,въ
images_group_35_5375_9370.png,на,на
images_group_35_5375_9371.png,на,на
images_group_35_5376_9378.png,ма,ма
images_group_35_5376_9379.png,1,1
images_group_35_5376_9380.png,1,1
images_group_35_5376_9381.png,1,1
images_group_35_5376_9382.png,1,1
images_group_35_5376_9383.png,1.,1
images_group_35_5376_9384.png,1.,1.
images_group_35_5376_9385.png,1.,1
images_group_35_5376_9386.png,381.,381.
images_group_35_5376_9387.png,396,396.
images_group_35_5376_9388.png,310.,300.
images_group_35_5376_9389.png,23.,23.
images_group_35_5376_9390.png,17.,17.
images_group_35_5376_9391.png,65.,65.
images_group_35_5376_9392.png,80,80
images_group_35_5376_9393.png,109.,109.
images_group_35_5376_9394.png,41.,41.
images_group_35_5376_9395.png,7.,7.
images_group_35_5376_9396.png,6.,6.
images_group_35_5376_9397.png,1642,4642
images_group_35_5376_9398.png,2908,2968.
images_group_35_5376_9399.png,3593,5693
images_group_35_5376_9400.png,3230,3230
images_group_35_5376_9401.png,16 3/4,16 3/4
images_group_35_5376_9402.png,8.,8.
images_group_35_5376_9403.png,Г.,4.
images_group_35_5376_9404.png,73 1/2,73 1/2
images_group_35_5376_9405.png,4325,4326
images_group_35_5376_9406.png,2881,2881
images_group_35_5376_9407.png,"36,8",3678
images_group_35_5376_9408.png,2825,2825
images_group_35_5376_9409.png,63 2/4,63 3/4
images_group_35_5376_9410.png,94 3/4,94 3/4
images_group_35_5376_9411.png,71 3/4,71 3/4
images_group_35_5376_9412.png,95 1/4,95 1/4
images_group_35_5376_9413.png,573,57 1/2
images_group_35_5376_9414.png,46 1/2,46 1/2
images_group_35_5376_9415.png,67.,67.
images_group_35_5376_9416.png,71 1/4,71 1/4
images_group_35_5376_9417.png,1894,1894
images_group_35_5376_9418.png,1695,1695
images_group_35_5376_9419.png,6%,67
images_group_35_5376_9420.png,71 у,70 1/4
images_group_35_5376_9421.png,и,и
images_group_35_5376_9422.png,и,до
images_group_35_5376_9423.png,въ,въ
images_group_35_5376_9424.png,гражданскій,Гражданскій
images_group_35_5385_9902.png,деревянный,деревянный
images_group_35_5385_9903.png,2.,2.
images_group_35_5385_9904.png,1.,1
images_group_35_5385_9905.png,камен-,камен-
images_group_35_5385_9906.png,диновъ ей,домовъ об
images_group_35_5385_9907.png,шествен,щественн
images_group_35_5385_9908.png,лищъ,лищъ
images_group_35_5385_9909.png,1,1
images_group_35_5385_9910.png,1,1.
images_group_35_5385_9911.png,1.,1.
images_group_35_5385_9912.png,6.,6
images_group_35_5385_9913.png,1,1
images_group_35_5385_9914.png,2.,2.
images_group_35_5385_9915.png,2,2
images_group_35_5385_9916.png,14,14
images_group_35_5385_9917.png,916.,916
images_group_35_5385_9918.png,120,120
images_group_35_5385_9920.png,58.,2
images_group_35_5385_9921.png,1,1
images_group_35_5403_10206.png,171.,171.
images_group_35_5403_10222.png,2,2.
images_group_35_5403_10223.png,9.,9.
images_group_35_5403_10224.png,9.,9.
images_group_35_5403_10225.png,6.,6.
images_group_35_5403_10226.png,7,7
images_group_35_5403_10227.png,13.,3.
images_group_35_5403_10228.png,3.,3.
images_group_35_5403_10229.png,1,1
images_group_35_5403_10230.png,1,1.
images_group_35_5403_10231.png,въ,Въ
images_group_35_5403_10232.png,скую,скун
images_group_35_5403_10233.png,и,Гу
images_group_35_5403_10234.png,берній,берніи.
images_group_35_5423_11121.png,28,28
images_group_35_5423_11122.png,34,34
images_group_35_5423_11123.png,человѣка,человѣка
images_group_35_5423_11124.png,суду,суду
images_group_35_5423_11125.png,а,а
images_group_35_5423_11126.png,1,1
images_group_35_5423_11127.png,ви-,ви-
images_group_35_5423_11128.png,а,а
images_group_35_5423_11129.png,2,2
images_group_35_5423_11130.png,По,По
images_group_35_5423_11131.png,1,1
images_group_35_5423_11132.png,и,а
images_group_35_5423_11133.png,2,2
images_group_35_5423_11134.png,пос,пос
images_group_35_5423_11135.png,По,По
images_group_35_5423_11136.png,1,1
images_group_35_5423_11137.png,пре,пре
images_group_35_5423_11138.png,по,по
images_group_35_5423_11139.png,3,3
images_group_35_5423_11140.png,55,55
images_group_35_5423_11141.png,по,по
images_group_35_5423_11142.png,3,3
images_group_35_5423_11143.png,5,5
images_group_35_5423_11144.png,человѣкъ,человѣкъ
images_group_35_5423_11145.png,лицамъ,лицамъ
images_group_35_5423_11146.png,влас,влас
images_group_35_5436_11757.png,семъ,силѣ
images_group_35_5436_11758.png,по,по
images_group_35_5438_11763.png,и,и
images_group_35_544_11785.png,к.,к.
images_group_35_544_11786.png,100 р,100р
images_group_35_544_11787.png,Въ,Въ
images_group_35_544_11788.png,отъ,отъ
images_group_35_544_11789.png,126 р.,126 р.
images_group_35_548_11832.png,какъ,какъ
images_group_35_548_11833.png,"года,","года,"
images_group_35_548_11834.png,и,и
images_group_35_548_11835.png,49,49
images_group_35_552_12054.png,7.,7.
images_group_35_552_12055.png,54,54
images_group_35_552_12056.png,55,55
images_group_35_552_12057.png,въ,въ
images_group_35_552_12058.png,"году,","году,"
images_group_35_556_12092.png,58,58
images_group_35_556_12093.png,37,57
images_group_35_556_12094.png,1865,1865
images_group_35_556_12095.png,году,году
images_group_35_556_12096.png,Ка,Ка
images_group_35_556_12097.png,5.,5
images_group_35_558_12102.png,61,61
images_group_35_558_12103.png,60,60
images_group_35_558_12104.png,52 об,59 об.
images_group_35_558_12105.png,же,же
images_group_35_540_12125.png,На,На
images_group_35_540_12126.png,ло,ло
images_group_28_3795_1677.png,Копія.,Копія.
images_group_28_3795_1694.png,Самоубійствъ,Самоубійствъ
images_group_28_3795_1695.png,26,26
images_group_28_3795_1696.png,Въ,Въ
images_group_28_3795_1697.png,этомъ,этомъ
images_group_28_3795_1698.png,числѣ,числѣ
images_group_28_3795_1699.png,линине-,лишили
images_group_28_3795_1700.png,себя,себя
images_group_28_3795_1701.png,жизни,жизни
images_group_28_3795_1702.png,въ,въ
images_group_28_3795_1703.png,припад-,припад-
images_group_28_3795_1704.png,кѣ,кѣ
images_group_28_3795_1705.png,помѣшательства,помѣшательства
images_group_28_3795_1706.png,ума,ума
images_group_28_3795_1707.png,"1,","1,"
images_group_28_3795_1708.png,отъ,отъ
images_group_28_3795_1709.png,пьянства,пьянства
images_group_28_3795_1710.png,10,10
images_group_28_3795_1711.png,отъ,отъ
images_group_28_3795_1712.png,неизвѣ,неизвѣ
images_group_28_3795_1713.png,отныхъ,отныхъ
images_group_28_3795_1714.png,причинъ,причинъ
images_group_28_3795_1715.png,15,15.
images_group_28_3795_1716.png,Убійствъ,Убійствъ.
images_group_28_3795_1717.png,26,26
images_group_28_3795_1718.png,По,По
images_group_28_3795_1719.png,23,23
images_group_28_3795_1720.png,дѣламъ,дѣламъ
images_group_28_3795_1721.png,винов-,винов-
images_group_28_3795_1722.png,нихъ,ныхъ
images_group_28_3795_1723.png,открыто,открыто
images_group_28_3795_1724.png,"45,","45,"
images_group_28_3795_1725.png,ко-,ко-
images_group_28_3795_1726.png,торые,торые
images_group_28_3795_1727.png,и,и
images_group_28_3795_1728.png,пряданы,преданы
images_group_28_3795_1729.png,"суду,","суду,"
images_group_28_3795_1730.png,но,по
images_group_28_3795_1731.png,дѣламъ,дѣламъ
images_group_28_3795_1732.png,слѣдствія,слѣдствія
images_group_28_3795_1733.png,"окончены,","окончены,"
images_group_28_3795_1734.png,виновныхъ,виновныхъ
images_group_28_3795_1735.png,открыто.,открыто.
images_group_28_3795_1736.png,Намѣреніе,Намѣреніе
images_group_28_3795_1737.png,къ,къ
images_group_28_3795_1738.png,самоубійству.,самоубійству.
images_group_28_3795_1739.png,2,2
images_group_28_3795_1740.png,"Причинъ,","Причинъ,"
images_group_28_3795_1741.png,побудившихъ,побудившихъ
images_group_28_3795_1742.png,къ,къ
images_group_28_3795_1743.png,самоубійству,самоубійству
images_group_28_3795_1744.png,не,не
images_group_28_3795_1745.png,"открыто,","открыто,"
images_group_28_3795_1746.png,виновные же,выновные же
images_group_28_3795_1747.png,въ,въ
images_group_28_3795_1748.png,этомъ,этомъ
images_group_28_3795_1749.png,преданы,преданы
images_group_28_3795_1750.png,суду.,суду.
images_group_28_3795_1751.png,Переводъ,Переводъ
images_group_28_3795_1752.png,фаль-,фаль-
images_group_28_3795_1753.png,шивыхъ,шивыхъ
images_group_28_3795_1754.png,кредит-,кредит-
images_group_28_3795_1755.png,ныхъ,ныхъ
images_group_28_3795_1756.png,билетовъ,билетовъ
images_group_28_3795_1757.png,2,2
images_group_28_3795_1758.png,По,По
images_group_28_3795_1759.png,1-му,1-му
images_group_28_3795_1760.png,дѣлу,дѣлу
images_group_28_3795_1761.png,слѣд-,слѣд-
images_group_28_3795_1762.png,въ 50 р.,въ 50 р.
images_group_28_3795_1763.png,достоинство,достоинства
images_group_28_3795_1764.png,ствіе,ствіе
images_group_28_3795_1765.png,"окончено,","окончено,"
images_group_28_3795_1766.png,ныхъ,ныхъ
images_group_28_3795_1767.png,"не открыто,","не открыто,"
images_group_28_3795_1768.png,а по,и по
images_group_28_3795_1769.png,другому,другому
images_group_28_3795_1770.png,дѣлу,дѣлу
images_group_28_3795_1771.png,еще,еще
images_group_28_3795_1772.png,произ-,произ-
images_group_28_3795_1773.png,водится,водится
images_group_28_3795_1774.png,"слѣдствіе,","слѣдствіе,"
images_group_28_3795_1775.png,Пристанодержа,Пристанодержа
images_group_28_3795_1776.png,По,По
images_group_28_3795_1777.png,4-м,4-м
images_group_28_3795_1778.png,дѣламъ,дѣламъ
images_group_28_3795_1779.png,виновныхъ,виновныхъ
images_group_28_3795_1780.png,тельствъ,тельствъ
images_group_28_3795_1781.png,открыто,открыто
images_group_28_3795_1782.png,"4 человѣка,","4 человѣка,"
images_group_28_3795_1783.png,которые,которые
images_group_28_3795_1784.png,и преданы судут,"и преданы суду,"
images_group_28_38_2057.png,52.,52.
images_group_28_38_2058.png,58.,53.
images_group_28_38_2059.png,Изъ,Изъ
images_group_28_38_2060.png,никъ,нихъ
images_group_28_38_2061.png,23 вели,23 вели
images_group_28_38_2062.png,себя,себя
images_group_28_38_2063.png,"хорошо,","хорошо,"
images_group_28_38_2064.png,Въ губернскомъ.,Въ губернскомъ
images_group_28_38_2065.png,городѣ,городѣ
images_group_28_38_2066.png,Красно,Красно
images_group_28_38_2067.png,ярскѣ.,ярскѣ.
images_group_28_38_2068.png,5.,5.
images_group_28_38_2069.png,"39 порядочно,","39 порядочно,"
images_group_28_38_2070.png,3,3
images_group_28_38_2071.png,"неодобрительно,","неодобрительно,"
images_group_28_38_2072.png,Въ,Въ
images_group_28_38_2073.png,Округиныхъ,Окружныхъ
images_group_28_38_2074.png,городахъ,городахъ
images_group_28_38_2075.png,оповеденіи,оповеденіи
images_group_28_38_2076.png,2- (поведеніи,2-оповеденіи
images_group_28_38_2077.png,2 неиз-,2) неиз-
images_group_28_38_2078.png,и,и
images_group_28_38_2079.png,округахъ,округахъ
images_group_28_38_2080.png,вѣстно,вѣстно
images_group_28_38_2081.png,за,за
images_group_28_38_2082.png,выбытіемъ,выбытиемъ
images_group_28_38_2083.png,ихъ,ихъ
images_group_28_38_2084.png,изъ,изъ
images_group_28_38_2085.png,На,На
images_group_28_38_2086.png,частныхъ,частныхъ
images_group_28_38_2087.png,золотыхъ,золотыхъ
images_group_28_38_2088.png,Енисейской,Енисейской
images_group_28_38_2089.png,губерніи,губерніи
images_group_28_38_2090.png,а,а
images_group_28_38_2091.png,3,3-
images_group_28_38_2092.png,умерли.,умерли.
images_group_28_38_2093.png,промыслахъ,промыслахъ
images_group_28_38_2094.png,5.,5.
images_group_28_38_2095.png,Кромѣ,Кромѣ
images_group_28_38_2096.png,"того,","того,"
images_group_28_38_2097.png,въ,въ
images_group_28_38_2098.png,1863 году въ,1863 году въ
images_group_28_38_2099.png,Вально практикующихъ,Военно практикующихъ
images_group_28_38_2100.png,губерніи,губерніи
images_group_28_38_2101.png,находилось,находилось
images_group_28_38_2102.png,45,45
images_group_28_38_2103.png,человѣкъ,человѣкъ
images_group_28_38_2104.png,Городовые,Городовые
images_group_28_38_2105.png,Врачи,Врачи
images_group_28_38_2106.png,находят,находят
images_group_28_38_2107.png,политическихъ,политическихъ
images_group_28_38_2108.png,преступниковъ.,преступниковъ.
images_group_28_38_2109.png,ся,ся
images_group_28_38_2110.png,въ,въ
images_group_28_38_2111.png,городахъ:,городахъ:
images_group_28_38_2112.png,Краснояр-,Краснояр-
images_group_28_38_2113.png,Изъ,Изъ
images_group_28_38_2114.png,нихъ,нихъ
images_group_28_38_2115.png,2-вели,2-вели
images_group_28_38_2116.png,себя,себя
images_group_28_38_2117.png,хоро-,хоро-
images_group_28_38_2118.png,"скѣ,","скѣ,"
images_group_28_38_2119.png,"Енисейскѣ,","Енисейскѣ,"
images_group_28_38_2120.png,Канскѣ,Канскѣ
images_group_28_38_2121.png,и,и
images_group_28_38_2122.png,"шо,","шо,"
images_group_28_38_2123.png,"3 порядочно,","3-порядочно,"
images_group_28_38_2124.png,поведеніе,поведеніе
images_group_28_38_2126.png,Минусинскѣ.,Минусинскѣ.
images_group_28_38_2127.png,остальныхъ,остальныхъ
images_group_28_38_2128.png,40 неизвѣстно,40 неизвѣстно
images_group_28_38_2129.png,по,по
images_group_28_38_2130.png,Предположеніе,Предположеніе
images_group_28_38_2131.png,назначе,о назначе-
images_group_28_38_2132.png,недавнему,Недавнему
images_group_28_38_2133.png,ихъ,ихъ
images_group_28_38_2134.png,прибытію,прибытію
images_group_28_38_2135.png,въ,въ
images_group_28_38_2136.png,ній,ніи
images_group_28_38_2137.png,въ,въ
images_group_28_38_2138.png,Ачинскъ,Ачинскъ
images_group_28_38_2139.png,особаго,особаго
images_group_28_38_2140.png,Сибирь.,Сибирь.
images_group_28_38_2141.png,Городоваго,городоваго
images_group_28_38_2142.png,врачи-,врача
images_group_28_38_2143.png,находит-,находит-
images_group_28_38_2144.png,Отводовъ,Отводовъ
images_group_28_38_2145.png,казенныхъ,казенныхъ
images_group_28_38_2146.png,земли,земель
images_group_28_38_2147.png,ся,ся
images_group_28_38_2148.png,въ,въ
images_group_28_38_2149.png,разсмотрѣніи,разсмотрѣніи
images_group_28_38_2150.png,Мини-,Мини-
images_group_28_38_2151.png,15-ги,15-ти
images_group_28_38_2152.png,десятинной,десятинной
images_group_28_38_2153.png,"пропорціи,","пропорціи,"
images_group_28_38_2154.png,по-,по
images_group_28_38_2155.png,стерства,стерства
images_group_28_38_2156.png,Внутреннихъ,Внутреннихъ
images_group_28_38_2157.png,литическимъ,литическихъ
images_group_28_38_2158.png,"преступникамъ,","преступникамъ,"
images_group_28_38_2159.png,дѣлъ.,дѣлъ.
images_group_28_38_2160.png,въ 1863 году,въ 1863 году
images_group_28_38_2161.png,дѣланіе,дѣланно
images_group_28_38_2162.png,небыло.,небыло.
images_group_28_38_2163.png,Казенныхъ,Казенныхъ
images_group_28_38_2164.png,аптекъ,аптекъ
images_group_28_38_2165.png,въ,въ
images_group_28_38_2166.png,"б.,","б.,"
images_group_28_38_2167.png,Аптеки.,Аптеки.
images_group_28_38_2168.png,"16,","VI,"
images_group_28_38_2169.png,Народное,Народное
images_group_28_38_2170.png,губерніи,губерніи
images_group_28_38_2171.png,нѣтъ.,нѣтъ.
images_group_28_38_2172.png,частныхъ,частныхъ
images_group_28_38_2173.png,днѣ,двѣ-
images_group_28_38_2174.png,одна,одна
images_group_28_38_2175.png,въ,въ
images_group_28_38_2176.png,Красноярскѣ,Красноярскѣ
images_group_28_38_2177.png,зеравіе.,здравіе.
images_group_28_38_2178.png,"ав,","а.,"
images_group_28_38_2179.png,Враж,Врачи
images_group_28_38_2180.png,Врачей,Врачей
images_group_28_38_2181.png,въ губерніи,въ губерніи
images_group_28_38_2182.png,всего-,всего-
images_group_28_38_2183.png,21.,21.
images_group_28_38_2184.png,а,а
images_group_28_38_2185.png,другая,другая
images_group_28_38_2186.png,.,въ
images_group_28_38_2187.png,Енисейскѣ.,Енисейскѣ.
images_group_28_38_2188.png,Изъ,Изъ
images_group_28_38_2189.png,нихъ,нихъ
images_group_28_38_2190.png,на,на
images_group_28_38_2191.png,службѣ,службѣ
images_group_28_38_2192.png,посодержа,посодержа-
images_group_28_38_2193.png,Въ,Въ
images_group_28_38_2194.png,томъ,томъ
images_group_28_38_2195.png,числѣ:,числѣ:
images_group_28_381_2854.png,71,71.
images_group_28_381_2855.png,96.,96.
images_group_28_381_2874.png,1849,1849
images_group_28_381_2875.png,"года,","года,"
images_group_28_381_2876.png,"состоявшемуся,","состоявшемуся,"
images_group_28_381_2877.png,денегъ,денегъ
images_group_28_381_2878.png,на,на
images_group_28_381_2879.png,чиновниковъ,чиновниковъ
images_group_28_381_2880.png,"Скрябина,","Скрябина,"
images_group_28_381_2881.png,Киеловскаго,Кисловскаго
images_group_28_381_2882.png,которыхъ,которыхъ
images_group_28_381_2883.png,бывшихъ,бывшихъ
images_group_28_381_2884.png,членовъ,членовъ
images_group_28_381_2885.png,Енисейскаго,Енисейскаго
images_group_28_381_2886.png,Губернскаго,Губернскаго
images_group_28_381_2887.png,"Совѣта, посилѣ","Совѣта, посилѣ"
images_group_28_381_2888.png,Всемилости-,Всемилости-
images_group_28_381_2889.png,вѣйшаго,вѣйшаго
images_group_28_381_2890.png,Манифеста,Манифеста
images_group_28_381_2891.png,въ,въ
images_group_28_381_2892.png,26 день,26 день
images_group_28_381_2893.png,Августа,Августа
images_group_28_381_2894.png,1856,1856
images_group_28_381_2895.png,года,года
images_group_28_381_2896.png,"дарованнаго,","дарованнаго,"
images_group_28_381_2897.png,должно,должно
images_group_28_381_2898.png,подлежать,подлежать
images_group_28_381_2899.png,"къ сложенію,","къ сложенію,"
images_group_28_381_2900.png,то,то
images_group_28_381_2901.png,по,по
images_group_28_381_2902.png,этому,этому
images_group_28_381_2903.png,и,и
images_group_28_381_2904.png,собирются,собирются
images_group_28_381_2905.png,1852,1852
images_group_28_381_2906.png,нужныя,нужныя
images_group_28_381_2907.png,изъ дѣла,изъ дѣла
images_group_28_381_2908.png,справки.-,справки.-
images_group_28_381_2909.png,Апрѣля,Апрѣля
images_group_28_381_2910.png,102.,102.
images_group_28_381_2911.png,106.,106.
images_group_28_381_2912.png,29,29
images_group_28_381_2913.png,О хлѣбной,Охлѣбной
images_group_28_381_2914.png,недоимкѣ,недоимкѣ
images_group_28_381_2915.png,числя,числя-
images_group_28_381_2916.png,Дѣло,Дѣло
images_group_28_381_2917.png,это,это
images_group_28_381_2918.png,остается,остается
images_group_28_381_2919.png,въ,въ
images_group_28_381_2920.png,"нерѣшеніи,","нерѣшеніи,"
images_group_28_381_2921.png,занеполу-,за неполу-
images_group_28_381_2922.png,щейся,щейся
images_group_28_381_2923.png,за,за
images_group_28_381_2924.png,разными,разными
images_group_28_381_2925.png,лицами,лицами
images_group_28_381_2926.png,ченіемъ,ченіемъ
images_group_28_381_2927.png,свѣдѣній,свѣдѣній
images_group_28_381_2928.png,затребованныхъ,затребованныхъ
images_group_28_381_2929.png,отъ Енисей,отъ Енисей
images_group_28_381_2930.png,по,по 
images_group_28_381_2931.png,Мироѣдинскому,Мироѣдинскому
images_group_28_381_2932.png,и,и
images_group_28_381_2933.png,Костин-,Костин
images_group_28_381_2934.png,скаго,скаго
images_group_28_381_2935.png,Земскаго,Земскаго
images_group_28_381_2936.png,Суда ватребованныхъ,Суда [затребованныхъ]
images_group_28_381_2937.png,скому,скому
images_group_28_381_2938.png,запаснымъ,запаснымъ
images_group_28_381_2939.png,Магазинамъ,Магазинамъ
images_group_28_381_2940.png,Губернскаго,Губернскаго
images_group_28_381_2941.png,"Правленія,","Правленія,"
images_group_28_381_2942.png,отъ,отъ
images_group_28_381_2943.png,24,24
images_group_28_381_2944.png,Апрѣля 1858,Апрѣля 1858
images_group_28_381_2945.png,года за,года за
images_group_28_381_2946.png,"No 1907, 0","No 1907, о"
images_group_28_381_2947.png,скорѣйшемъ,скорѣйшемъ
images_group_28_381_2948.png,представленіи,представленіи
images_group_28_381_2949.png,"коихъ,","коихъ,"
images_group_28_381_2950.png,въ,въ
images_group_28_381_2951.png,послѣдній,послѣдній
images_group_28_381_2952.png,разъ,разъ
images_group_28_381_2953.png,подтверждено,подтверждено
images_group_28_381_2954.png,27-го,27-го
images_group_28_381_2955.png,1853,1853
images_group_28_381_2956.png,февраля,февраля
images_group_28_381_2957.png,года за No954.,года за No 954.
images_group_28_381_2958.png,Марта,Марта
images_group_28_381_2959.png,103.,103.
images_group_28_381_2960.png,107.,107.
images_group_28_381_2961.png,3.,3.
images_group_28_381_2962.png,О хлѣбной,О хлѣбной
images_group_28_381_2963.png,недоимкѣ,недоимкѣ
images_group_28_381_2964.png,счита,счита
images_group_28_381_2965.png,За неполученіемъ,За неполученіемъ
images_group_28_381_2966.png,затребованныхъ,затребованныхъ
images_group_28_381_2967.png,Ени-,Ени-
images_group_28_381_2968.png,ющейся на,ющейся на
images_group_28_381_2969.png,перечисленномъ изъ,перечисленномъ изъ
images_group_28_381_2970.png,сейскаго,сейскаго
images_group_28_381_2971.png,Земскаго,Земскаго
images_group_28_381_2972.png,Суда,Суда
images_group_28_381_2973.png,"свѣдѣній,","свѣдѣній,"
images_group_28_381_2974.png,которо,котора-
images_group_28_381_2975.png,Туруханскаго,Туруханскаго
images_group_28_381_2976.png,края,края
images_group_28_381_2977.png,въ,въ
images_group_28_381_2978.png,Енисейскій,Енисейскій
images_group_28_381_2979.png,му о,му о
images_group_28_381_2980.png,скорѣйшемъ,скорѣйшемъ
images_group_28_381_2981.png,представленіи,представленіи
images_group_28_381_2982.png,округъ,округъ
images_group_28_381_2983.png,поселенцѣ,поселенцѣ
images_group_28_381_2984.png,Федоре,Федоре
images_group_28_381_2985.png,Ан-,Ан-
images_group_28_381_2986.png,"ковыхъ,","ковыхъ,"
images_group_28_381_2987.png,сдѣланы,сдѣланы
images_group_28_381_2988.png,въ послѣдній разъ,въ послѣдній разъ
images_group_28_381_2989.png,под-,под-
images_group_28_381_2990.png,дрѣевѣ.,дрѣевѣ.
images_group_28_381_2991.png,"твержденія,","твержденія,"
images_group_28_381_2992.png,17 Января,17 Января
images_group_28_381_2993.png,и 26,и 26
images_group_28_381_2994.png,февраля,февраля
images_group_28_381_2995.png,1859 года,1859 года
images_group_28_381_2996.png,за No190,За No 190
images_group_28_381_2997.png,и,и
images_group_28_381_2998.png,892.-,892.-
images_group_28_39_4156.png,нію.,нію
images_group_28_39_4157.png,Аптенъ,Аптекъ
images_group_28_39_4158.png,въ 1063 году необна,въ 1865 году необна-
images_group_28_39_4159.png,появилась,появилась
images_group_28_39_4160.png,Тифозная,Тифозная
images_group_28_39_4161.png,горячка,горячка
images_group_28_39_4163.png,/:,/:
images_group_28_39_4165.png,которого,которою
images_group_28_39_4166.png,заболѣло,заболѣло
images_group_28_39_4167.png,32,32
images_group_28_39_4168.png,человѣка;,человѣка;
images_group_28_39_4169.png,изъ,изъ
images_group_28_39_4170.png,нихъ,нихъ
images_group_28_39_4171.png,выздоро,выздоро
images_group_28_39_4172.png,вело-,вело
images_group_28_39_4173.png,31.,"31,"
images_group_28_39_4174.png,умеръ,умеръ
images_group_28_39_4175.png,1.,1.
images_group_28_39_4176.png,Болѣзнь,Болѣзнь
images_group_28_39_4177.png,пре-,пре-
images_group_28_39_4178.png,"6, Оспориви","в., Оспоприви-"
images_group_28_39_4179.png,кращена,кращена
images_group_28_39_4180.png,къ,къ
images_group_28_39_4181.png,24,24
images_group_28_39_4182.png,Мая,Мая.
images_group_28_39_4183.png,Въ се-,Въ се-
images_group_28_39_4184.png,виніе.,ваніе.
images_group_28_39_4185.png,Оспопрививаніе,Оспопрививаніе
images_group_28_39_4186.png,въ 1863 году,въ 1863 году
images_group_28_39_4187.png,лѣ,лѣ
images_group_28_39_4189.png,съ,съ
images_group_28_39_4190.png,8 Октя-,8 Октя
images_group_28_39_4191.png,"производилось,","производилось,"
images_group_28_39_4192.png,подъ,подъ
images_group_28_39_4193.png,наблюдені-,наблюдені-
images_group_28_39_4194.png,"вря,","бря,"
images_group_28_39_4195.png,сперва,сперва
images_group_28_39_4196.png,"на дѣтяхъ,","на дѣтяхъ,"
images_group_28_39_4197.png,а,а
images_group_28_39_4198.png,емъ,емъ
images_group_28_39_4199.png,городовыхъ,городовыхъ
images_group_28_39_4200.png,и,и
images_group_28_39_4201.png,окружныхъ,окружныхъ
images_group_28_39_4202.png,потомъ,потомъ
images_group_28_39_4203.png,на,на
images_group_28_39_4204.png,взрослыхъ.,взрослыхъ.
images_group_28_39_4205.png,поя,поя
images_group_28_39_4206.png,"Врачей,","Врачей,"
images_group_28_39_4207.png,оспенными,оспенными
images_group_28_39_4208.png,ученика,ученика
images_group_28_39_4209.png,билась,вилась
images_group_28_39_4210.png,натуральная,натуральная
images_group_28_39_4211.png,оспа,оспа
images_group_28_39_4212.png,"ми,","ми,"
images_group_28_39_4213.png,коихъ,коихъ
images_group_28_39_4214.png,считалось,считалось
images_group_28_39_4215.png,65 чело-,65 чело-
images_group_28_39_4216.png,/:,1:
images_group_28_39_4218.png,занесенная,занесенная
images_group_28_39_4219.png,сюда,сюда
images_group_28_39_4220.png,"вѣкъ,","вѣкъ,"
images_group_28_39_4221.png,съ должною,съ должною
images_group_28_39_4222.png,дѣятельное-,дѣятельнос-
images_group_28_39_4223.png,переселенцами,переселенцами
images_group_28_39_4224.png,изъ,изъ
images_group_28_39_4225.png,Першской,Пермской
images_group_28_39_4226.png,тію,тію
images_group_28_39_4227.png,успѣхомъ.,успѣхомъ.
images_group_28_39_4228.png,"губерніи,","губерніи,"
images_group_28_39_4229.png,смертныхъ,смертныхъ
images_group_28_39_4230.png,исяо-,исхо-
images_group_28_39_4231.png,Въ,Въ
images_group_28_39_4232.png,1863 году,1863 году
images_group_28_39_4233.png,привита,привита
images_group_28_39_4234.png,довъ,довъ
images_group_28_39_4235.png,было,было
images_group_28_39_4236.png,только,только
images_group_28_39_4237.png,"2,",2
images_group_28_39_4238.png,но,но
images_group_28_39_4239.png,80,80
images_group_28_39_4240.png,9319,9319
images_group_28_39_4241.png,"младенцамъ,","младенцамъ,"
images_group_28_39_4242.png,противъ 1862,противъ 1862
images_group_28_39_4243.png,лѣзнь,лѣзнь
images_group_28_39_4244.png,еще,еще
images_group_28_39_4245.png,непрекратилась,непрекратилась
images_group_28_39_4246.png,года,года
images_group_28_39_4247.png,менѣе,менѣе
images_group_28_39_4248.png,913,913
images_group_28_39_4249.png,младенцамъ.,младенцамъ.
images_group_28_39_4250.png,Канскаго,Канскаго
images_group_28_39_4251.png,"Округа,","Округа,"
images_group_28_39_4252.png,въ,въ
images_group_28_39_4253.png,нѣе,нѣе
images_group_28_39_4254.png,кольскихъ,кольскихъ
images_group_28_39_4255.png,селеніяхъ,селеніяхъ
images_group_28_39_4256.png,тин-,тин-
images_group_28_39_4257.png,ской,ской
images_group_28_39_4258.png,"волости,","волости,"
images_group_28_39_4259.png,24,24
images_group_28_39_4260.png,Августа,Августа
images_group_28_39_4261.png,появилась,появилась
images_group_28_39_4262.png,тифозная,тифозная
images_group_28_39_4263.png,го,го-
images_group_28_39_4264.png,"г, Заразитель","г., Заразителитель-"
images_group_28_39_4265.png,рячка /:,рячка /:
images_group_28_39_4267.png,которой,которой
images_group_28_39_4268.png,за,за-
images_group_28_39_4269.png,ныя,ныя
images_group_28_39_4270.png,болѣзни.,болѣзни.
images_group_28_39_4271.png,Въ,Въ
images_group_28_39_4272.png,теченіи,теченіе
images_group_28_39_4273.png,1863 года,1863 года
images_group_28_39_4274.png,эпиди,эпиди
images_group_28_39_4275.png,болѣело,больно
images_group_28_39_4276.png,67,67
images_group_28_39_4277.png,человѣкъ.,человѣкъ.
images_group_28_39_4278.png,Изъ нихъ,Изъ нихъ
images_group_28_39_4279.png,мическимъ,мическимъ
images_group_28_39_4280.png,болѣзнямъ,болѣзнямъ
images_group_28_39_4281.png,подыр-,подвер-
images_group_28_39_4282.png,выздоровало,выздоровѣло
images_group_28_39_4283.png,64,64.
images_group_28_39_4284.png,умерло,умерло
images_group_28_39_4285.png,3.,3.
images_group_28_39_4286.png,Бо,Бо-
images_group_28_39_4287.png,"гались,","гались,"
images_group_28_39_4288.png,незначительный,незначительный
images_group_28_39_4289.png,слѣзнь,лѣзнь
images_group_28_39_4290.png,прекращена,прекращена
images_group_28_39_4291.png,въ пер-,въ пер-
images_group_28_39_4292.png,"пени,","пени,"
images_group_28_39_4293.png,два,два
images_group_28_39_4294.png,округа,округа
images_group_28_39_4295.png,выхъ,выхъ
images_group_28_39_4297.png,Октября,Октября
images_group_28_39_4298.png,Красноярскаго,Красноярскаго
images_group_28_39_4299.png,Округа,Округа
images_group_28_39_4300.png,Исполненіе,Исполненіе
images_group_28_39_4301.png,мѣро,мѣро
images_group_28_39_4302.png,пред-,пред-
images_group_28_39_4303.png,деревнѣ,Деревнѣ
images_group_28_39_4304.png,"Абакшиной,","Абаканской,"
images_group_28_39_4305.png,30 Апрѣля,30 Апрѣля
images_group_28_391_4457.png,82.,"82,"
images_group_28_391_4580.png,397,397.
images_group_28_391_4581.png,386.,386.
images_group_28_391_4582.png,11.,11.
images_group_28_391_4583.png,43.,43.
images_group_28_391_4584.png,517.,517.
images_group_28_391_4585.png,531.,531.
images_group_28_391_4586.png,10.,10.
images_group_28_391_4587.png,29.,29.
images_group_28_391_4595.png,341.,341.
images_group_28_391_4596.png,299.,299.
images_group_28_391_4597.png,42.,42.
images_group_28_391_4598.png,70.,70.
images_group_28_391_4599.png,891.,891.
images_group_28_391_4600.png,45.,45.
images_group_28_391_4601.png,904.,904.
images_group_28_391_4602.png,20.,20.
images_group_28_391_4603.png,57.,57.
images_group_28_391_4607.png,26.,26.
images_group_28_391_4608.png,26.,26.
images_group_28_391_4609.png,2.,2.
images_group_28_391_4610.png,10.,10.
images_group_28_391_4611.png,9.,9.
images_group_28_391_4612.png,1.,1.
images_group_28_391_4613.png,3.,3.
images_group_28_391_4617.png,387,387.
images_group_28_391_4618.png,387,387.
images_group_28_391_4619.png,228.,228.
images_group_28_391_4620.png,1889,1889.
images_group_28_391_4621.png,523.,523.
images_group_28_391_4622.png,1975.,1975.
images_group_28_391_4623.png,434.,434.
images_group_28_391_4624.png,142.,142.
images_group_28_391_4626.png,1151.,1151.
images_group_28_391_4627.png,1098.,1098.
images_group_28_391_4628.png,53.,53.
images_group_28_391_4629.png,343.,343.
images_group_28_391_4630.png,3307.,3307.
images_group_28_391_4631.png,568,568.
images_group_28_391_4632.png,3419.,3419.
images_group_28_391_4633.png,465.,465.
images_group_28_391_4634.png,231.,231.
images_group_28_391_4635.png,3650 р,3650
images_group_28_391_4636.png,Итого,Итого
images_group_28_391_4637.png,въ,въ
images_group_28_391_4638.png,1858,1858
images_group_28_391_4639.png,году,году
images_group_28_391_4640.png,въ,въ
images_group_28_391_4641.png,Губерніи,Губерніи
images_group_28_391_4642.png,арестантовъ,арестантовъ
images_group_28_391_4643.png,3875.,3875.
images_group_28_391_4644.png,Примѣчаніе:,Примѣчаніе:
images_group_28_391_4645.png,Изъ числа,Изъ числа
images_group_28_391_4646.png,29,29
images_group_28_391_4647.png,арестантовъ,арестантовъ
images_group_28_391_4648.png,показанныхъ,показанныхъ
images_group_28_391_4649.png,оставшимися,оставшимися
images_group_28_391_4650.png,по,по
images_group_28_391_4651.png,уголовной,уголовной
images_group_28_391_4652.png,части,части
images_group_28_391_4653.png,дѣла,дѣла
images_group_28_391_4654.png,о,о
images_group_28_391_4655.png,представлены,представлены
images_group_28_391_4656.png,въ,въ
images_group_28_391_4657.png,Правительствующій,Правительствующій
images_group_28_391_4658.png,"Сенатъ,","Сенатъ,"
images_group_28_391_4659.png,09,о 9
images_group_28_391_4660.png,къ,къ
images_group_28_391_4661.png,Начальнику,Начальнику
images_group_28_391_4662.png,Гу-,Гу-
images_group_28_391_4663.png,берніи,берніи
images_group_28_391_4664.png,и,и
images_group_28_391_4665.png,о,о
images_group_28_391_4666.png,востаются,6 остаются
images_group_28_391_4667.png,неоконченными,неоконченными
images_group_28_391_4668.png,засправками,за справками
images_group_28_391_4669.png,и,и
images_group_28_391_4670.png,другими,другими
images_group_28_391_4671.png,причина-,причина-
images_group_28_391_4672.png,ми отъ,ми отъ
images_group_28_391_4673.png,распоряженій,распоряженій
images_group_28_391_4674.png,Губернскаго,Губернскаго
images_group_28_391_4675.png,Суда,Суда
images_group_28_391_4676.png,независящими.,независящими.
images_group_28_391_4677.png,свидѣтельствую,свидѣтельствую
images_group_28_391_4678.png,Гражданскій,Гражданскій
images_group_28_391_4679.png,Губернаторъ,Губернаторъ
images_group_28_395_5049.png,"86,","86,"
images_group_28_395_5050.png,24.,24.
images_group_28_395_5051.png,Федоръ,Федоръ
images_group_28_395_5052.png,Матвѣевъ,Матвѣевъ
images_group_28_395_5053.png,Въ,Въ
images_group_28_395_5054.png,горо-,горо-
images_group_28_395_5055.png,Занимается хо-,Занимается хо-
images_group_28_395_5056.png,29.,29.
images_group_28_395_5057.png,Степанъ,Степанъ
images_group_28_395_5058.png,Ивановъ,Ивановъ
images_group_28_395_5059.png,Въ г.,Въ г.
images_group_28_395_5060.png,Енисейскѣ,Енисейскѣ
images_group_28_395_5061.png,Занимается,Занимается
images_group_28_395_5062.png,хо-,хо-
images_group_28_395_5063.png,Кочневъ,Кочневъ.
images_group_28_395_5064.png,зяйствомъ.,зяйствомъ
images_group_28_395_5065.png,Пихтинъ.,Пихтинъ.
images_group_28_395_5066.png,зяйствомъ.,зяйствомъ.
images_group_28_395_5067.png,Изъ,Изъ
images_group_28_395_5068.png,Енисейскаго,Енисейскаго
images_group_28_395_5069.png,Изъ,Изъ
images_group_28_395_5070.png,Сибирскаго,Сибирскаго
images_group_28_395_5071.png,Внутренняго Гар-,Внутренняго Гар-
images_group_28_395_5072.png,Линейнаго,Линейнаго
images_group_28_395_5073.png,No6,No6
images_group_28_395_5074.png,Баталіона.,Баталіона.
images_group_28_395_5075.png,низоннагобаталіо-,низоннаго баталіо-
images_group_28_395_5076.png,Въ,Въ
images_group_28_395_5077.png,горо-,горо-
images_group_28_395_5078.png,на.,на.
images_group_28_395_5079.png,25.,25.
images_group_28_395_5080.png,Унтеръ,Унтеръ
images_group_28_395_5081.png,Офицеръ,Офицеръ
images_group_28_395_5082.png,Занимается,Занимается
images_group_28_395_5083.png,30.,30.
images_group_28_395_5084.png,Рядовой,Рядовой
images_group_28_395_5085.png,Николай,Николай
images_group_28_395_5086.png,Николай,Николай
images_group_28_395_5087.png,Алек-,Алек-
images_group_28_395_5088.png,Занимаются,Занимаются
images_group_28_395_5089.png,слѣсарнымъ,слѣсарнымъ
images_group_28_395_5090.png,ма,ма
images_group_28_395_5091.png,сѣевъ,сѣевъ
images_group_28_395_5092.png,Шадринъ.,Шадринъ.
images_group_28_395_5093.png,Кирьяновъ,Кирьяновъ
images_group_28_395_5095.png,стерствомъ,стерствомъ
images_group_28_395_5096.png,ковъ.,ковъ.
images_group_28_395_5097.png,Изъ,Изъ
images_group_28_395_5098.png,Сибирскаго,сибирскаго
images_group_28_395_5099.png,Изъ,Изъ
images_group_28_395_5100.png,Сибирскаго,Сибирскаго
images_group_28_395_5101.png,Линейнаго,Линейнаго
images_group_28_395_5102.png,No13,No13
images_group_28_395_5103.png,Линейнаго,Линейнаго
images_group_28_395_5104.png,No11.,No11.
images_group_28_395_5105.png,крестьянскими,крестьянскими
images_group_28_395_5106.png,Баталіона.,Баталіона.
images_group_28_395_5107.png,Баталіона.,Баталіона.
images_group_28_395_5108.png,26.,26.
images_group_28_395_5109.png,Рядовой,Рядовой
images_group_28_395_5110.png,Иванъ,Иванъ
images_group_28_395_5111.png,Се-,Се-
images_group_28_395_5112.png,дѣ,дѣ
images_group_28_395_5113.png,Ени-,Ени-
images_group_28_395_5114.png,Занимается,Занимается
images_group_28_395_5115.png,пор-,пор-
images_group_28_395_5116.png,31.,31.
images_group_28_395_5117.png,Фельдфебель,Фельдфебель
images_group_28_395_5118.png,Да-,Да-
images_group_28_395_5119.png,дѣ,дѣ
images_group_28_395_5120.png,Ачин-,Ачин-
images_group_28_395_5121.png,меновъ,меновъ
images_group_28_395_5122.png,Скорняковъ.,Скорняковъ.
images_group_28_395_5123.png,тнымъ,тнымъ
images_group_28_395_5124.png,мастерствомъ,мастерствомъ
images_group_28_395_5125.png,ніилъ,ніилъ
images_group_28_395_5126.png,Никитинъ,Никитинъ
images_group_28_395_5127.png,Климовскій.,Климовскій.
images_group_28_395_5128.png,работами.,работами.
images_group_28_395_5129.png,Изъ,Изъ
images_group_28_395_5130.png,Лейбъ,Лейбъ
images_group_28_395_5131.png,Бородин-,Бородин-
images_group_28_395_5132.png,32.,32.
images_group_28_395_5133.png,Рядовой,Рядовой
images_group_28_395_5134.png,Евгеній,Евгеній
images_group_28_395_5135.png,Алек-,Алек-
images_group_28_395_5136.png,Занимается,Занимается
images_group_28_395_5137.png,сапож-,сапож-
images_group_28_395_5138.png,скаго,скаго
images_group_28_395_5139.png,Его Величества,Его Величества
images_group_28_395_5140.png,сѣевъ,сѣевъ
images_group_28_395_5141.png,Хворостовъ.,Хворостовъ.
images_group_28_395_5142.png,нымъ,нымъ
images_group_28_395_5143.png,мастерствомъ,мастерствомъ.
images_group_28_395_5144.png,пѣхотнаго,пѣхотнаго
images_group_28_395_5145.png,полка,полка
images_group_28_395_5146.png,27.,27.
images_group_28_395_5147.png,Рядовой,Рядовой
images_group_28_395_5148.png,Рафаилъ,Рафаилъ
images_group_28_395_5149.png,Изъ,Изъ
images_group_28_395_5150.png,Сибирскаго,Сибирскаго
images_group_28_395_5151.png,Занимается,Занимается
images_group_28_395_5152.png,хо-,хо-
images_group_28_395_5153.png,Линейнаго,Линейнаго
images_group_28_395_5154.png,No16.,No16
images_group_28_395_5155.png,Осиповъ,Осиповъ
images_group_28_395_5156.png,Третьяковъ,Третьяковъ
images_group_28_395_5157.png,зяйствомъ.,зяйствомъ.
images_group_28_395_5158.png,Баталіона.,Баталіона.
images_group_28_395_5159.png,Изъ,Изъ
images_group_28_395_5160.png,Бутырскаго,Бутырскаго
images_group_28_395_5161.png,33.,33.
images_group_28_395_5162.png,Рядовой,Рядовой
images_group_28_395_5163.png,Алексѣй,Алексѣй
images_group_28_395_5164.png,пѣхотнаго,пѣхотнаго
images_group_28_395_5165.png,полка.,полка.
images_group_28_395_5166.png,Занимается кресть,Занимается кресть-
images_group_28_395_5167.png,Петровъ,Петровъ
images_group_28_395_5168.png,Пет-,Пет-
images_group_28_395_5169.png,янскими,янскими
images_group_28_395_5170.png,работа,работа
images_group_28_395_5171.png,Рядовые:,Рядовые:
images_group_28_395_5172.png,ровъ.,ровъ.
images_group_28_395_5173.png,скѣ.,скѣ.
images_group_28_395_5174.png,28.,28.
images_group_28_395_5175.png,Осипъ,Осипъ
images_group_28_395_5176.png,Васильевъ,Васильевъ
images_group_28_395_5177.png,сейскѣ,сейскѣ
images_group_28_395_5178.png,Занимается,Занимается
images_group_28_395_5179.png,сапож-,сапож-
images_group_28_395_5180.png,ми.,ми.
images_group_28_395_5181.png,Богомоловъ.,Богомоловъ.
images_group_28_395_5182.png,нымъ,нымъ
images_group_28_395_5183.png,мастерствомъ.,мастерствомъ.
images_group_28_400_6032.png,21,91.
images_group_28_400_6033.png,таліона.,таліона.
images_group_28_400_6034.png,Изъ,Изъ
images_group_28_400_6035.png,Сибирскаго,Сибирскаго
images_group_28_400_6036.png,81.,81.
images_group_28_400_6037.png,Унтеръ,Унтеръ
images_group_28_400_6038.png,офицеръ,офицеръ
images_group_28_400_6039.png,Погорѣльской,Погорѣльской
images_group_28_400_6040.png,Занимаются,Занимаются
images_group_28_400_6041.png,Линейнаго,Линейнаго
images_group_28_400_6042.png,No4,No4
images_group_28_400_6043.png,Авдей,Авдей
images_group_28_400_6044.png,Федоровъ,Федоровъ
images_group_28_400_6045.png,Ши-,Ши-
images_group_28_400_6046.png,волости,волости
images_group_28_400_6047.png,въ с.,въ с.
images_group_28_400_6048.png,Баталіона.,Баталіона.
images_group_28_400_6049.png,мохинъ.,мохинъ.
images_group_28_400_6050.png,Устюжскомъ,Устюжскомъ
images_group_28_400_6051.png,87.,87.
images_group_28_400_6052.png,Рядовой,Рядовой
images_group_28_400_6053.png,Логинъ,Логинъ
images_group_28_400_6054.png,Еловской,Еловской
images_group_28_400_6055.png,во-,во-
images_group_28_400_6056.png,Занимаются,Занимаются
images_group_28_400_6057.png,Герасимовъ,Герасимовъ
images_group_28_400_6058.png,Черныхъ,Черныхъ
images_group_28_400_6059.png,лости,лости
images_group_28_400_6060.png,въ с.,въ с.
images_group_28_400_6061.png,82.,82.
images_group_28_400_6062.png,Рядовой,Рядовой
images_group_28_400_6063.png,Михайло,Михайло
images_group_28_400_6064.png,Заледѣевской,Заледѣевской
images_group_28_400_6065.png,Подъемскомъ.,Подъемскомъ.
images_group_28_400_6066.png,Федоровъ,Федоровъ
images_group_28_400_6067.png,Иконниковъ.,Иконниковъ.
images_group_28_400_6068.png,волости въ д.,волости въ д.
images_group_28_400_6069.png,Шуваевой.,Шуваевой.
images_group_28_400_6070.png,Изъ,Изъ
images_group_28_400_6071.png,Сибирскаго,Сибирскаго
images_group_28_400_6072.png,разными,разными
images_group_28_400_6073.png,Линейнаго,Линейнаго
images_group_28_400_6074.png,No5,No5
images_group_28_400_6075.png,Изъ,Изъ
images_group_28_400_6076.png,Сибирскаго,Сибирскаго
images_group_28_400_6077.png,Ли-,Ли-
images_group_28_400_6078.png,Баталіона.,Баталіона.
images_group_28_400_6079.png,нейнаго,нейнаго
images_group_28_400_6080.png,No2 Баталіо,No2 Баталіо-
images_group_28_400_6081.png,на.,на.
images_group_28_400_6082.png,88.,88.
images_group_28_400_6083.png,Унтеръ-,Унтеръ-
images_group_28_400_6084.png,офицеръ,офицеръ
images_group_28_400_6085.png,Ладейской,Ладейской
images_group_28_400_6086.png,хлѣбопашествомъ,хлѣбопашествомъ
images_group_28_400_6087.png,Унтеръ-,Унтеръ-
images_group_28_400_6088.png,Офицеры:,офицеры:
images_group_28_400_6089.png,Михайло,Михайло
images_group_28_400_6090.png,Лав-,Лав-
images_group_28_400_6091.png,волости,волости
images_group_28_400_6092.png,въ д.,въ д.
images_group_28_400_6093.png,рентьевъ,рентьевъ
images_group_28_400_6094.png,Аксеновъ,Аксеновъ
images_group_28_400_6095.png,Кускунской.,Кускунской.
images_group_28_400_6096.png,83.,83.
images_group_28_400_6097.png,Андрей,Андрей
images_group_28_400_6098.png,Савельевъ,Савельевъ
images_group_28_400_6099.png,Ладейской во-,Ладейской во-
images_group_28_400_6100.png,лости въ д.,лостивъ въ д.
images_group_28_400_6101.png,Патрушевъ.,Патрушевъ.
images_group_28_400_6102.png,Изъ,Изъ
images_group_28_400_6103.png,Сибирскаго,Сибирскаго
images_group_28_400_6104.png,Денисовой.,Денисовой.
images_group_28_400_6105.png,Линейнаго No7,Линейнаго No7
images_group_28_400_6106.png,84.,84.
images_group_28_400_6107.png,Андрей,Андрей
images_group_28_400_6108.png,Ивановъ,Ивановъ
images_group_28_400_6109.png,Погорѣльской,Погорѣльской
images_group_28_400_6110.png,Баталіона.,Баталіона.
images_group_28_400_6111.png,крестьянскими,крестьянскими
images_group_28_400_6112.png,волости,волости
images_group_28_400_6113.png,въ с.,въ с.
images_group_28_400_6114.png,Чупровъ.,Чупровъ.
images_group_28_400_6115.png,Устюжскомъ.,Устюжскомъ.
images_group_28_400_6116.png,Рядовые:,Рядовые:
images_group_28_400_6117.png,и,и
images_group_28_400_6118.png,скотовод-,скотовод-
images_group_28_400_6119.png,Баталіонный,Баталіонный
images_group_28_400_6120.png,89.,89.
images_group_28_400_6121.png,Кононъ,Кононъ
images_group_28_400_6122.png,Якимовъ,Якимовъ
images_group_28_400_6123.png,той же,той же
images_group_28_400_6124.png,воло-,воло-
images_group_28_400_6125.png,барабанщикъ,барабанщикъ
images_group_28_400_6126.png,сти,сти
images_group_28_400_6127.png,въ,въ
images_group_28_400_6128.png,с. Ла-,с. Ла-
images_group_28_400_6129.png,Перовъ,Перовъ
images_group_28_400_6130.png,85.,85.
images_group_28_400_6131.png,Козьма,Козьма
images_group_28_400_6132.png,Ивановъ,Ивановъ
images_group_28_400_6133.png,Ладейской,Ладейской
images_group_28_400_6134.png,дейскомъ.,дейскомъ.
images_group_28_400_6135.png,волости,волости
images_group_28_400_6136.png,въ,въ
images_group_28_400_6137.png,Потылищинъ.,Потылицинъ.
images_group_28_400_6138.png,с. Ладейскомъ.,с. Ладейскомъ.
images_group_28_400_6139.png,Рядовой,Рядовой
images_group_28_400_6140.png,90.,90.
images_group_28_400_6141.png,Никонъ,Никонъ
images_group_28_400_6142.png,Степановъ,Степановъ
images_group_28_400_6143.png,Той же,той же
images_group_28_400_6144.png,во-,во-
images_group_28_400_6145.png,Никифоровъ.,Никифоровъ.
images_group_28_400_6146.png,лости,лости
images_group_28_400_6147.png,въ д.,въ д.
images_group_28_400_6148.png,86.,86.
images_group_28_400_6149.png,Гурій,Гурій
images_group_28_400_6150.png,Тимофѣевъ,Тимофѣевъ
images_group_28_400_6151.png,Заледѣевской,Заледѣевской
images_group_28_400_6152.png,Маганской.,Маганской.
images_group_28_400_6153.png,ствомъ.,ствомъ.
images_group_28_400_6154.png,волости въ д.,волости въ д.
images_group_28_400_6155.png,Алексѣевъ.,Алексѣевъ.
images_group_28_400_6156.png,Малокем-,Малокем-
images_group_28_400_6157.png,Изъ,Изъ
images_group_28_400_6158.png,Сибирскаго,Сибирскаго
images_group_28_400_6159.png,чурской.,чурской.
images_group_28_400_6160.png,работами,работами
images_group_28_403_6486.png,"94,","94,"
images_group_28_403_6487.png,120.,120.
images_group_28_403_6488.png,Дмитрій,Дмитрій
images_group_28_403_6489.png,Андре-,Андре-
images_group_28_403_6490.png,Заледѣевской,Заледѣевской
images_group_28_403_6491.png,Занимают-,Занимают-
images_group_28_403_6492.png,128.,128.
images_group_28_403_6493.png,Ефимъ,Ефимъ
images_group_28_403_6494.png,Павловъ,Павловъ
images_group_28_403_6495.png,Еловской,Еловской
images_group_28_403_6496.png,Занимаются,Занимаются
images_group_28_403_6497.png,волости,волости
images_group_28_403_6498.png,въ,въ
images_group_28_403_6499.png,евъ,евъ
images_group_28_403_6500.png,Рачковскій.,Рачковскій.
images_group_28_403_6501.png,де Емельяновой,д. Емельяновой
images_group_28_403_6502.png,волости,волости
images_group_28_403_6503.png,въ,въ
images_group_28_403_6504.png,Солдатовъ.,Солдатовъ.
images_group_28_403_6505.png,д.,д.
images_group_28_403_6506.png,Солдатовой.,Солдатовой.
images_group_28_403_6507.png,121.,121.
images_group_28_403_6508.png,Иванъ,Иванъ
images_group_28_403_6509.png,Яковлевъ,Яковлевъ
images_group_28_403_6510.png,Ладейской,Ладейской
images_group_28_403_6511.png,129.,129.
images_group_28_403_6512.png,Тимофѣй,Тимофѣй
images_group_28_403_6513.png,Ива-,Ива-
images_group_28_403_6514.png,Ладейской,Ладейской
images_group_28_403_6515.png,волости,волости
images_group_28_403_6516.png,въ,въ
images_group_28_403_6517.png,Галкинъ.,Галкинъ.
images_group_28_403_6518.png,новъ,новъ
images_group_28_403_6519.png,Злобинъ.,Злобинъ.
images_group_28_403_6520.png,волости,волости
images_group_28_403_6521.png,въ,въ
images_group_28_403_6522.png,с.,с.
images_group_28_403_6523.png,Ладейскомъ,Ладейскомъ
images_group_28_403_6524.png,д. Злобиной.,д. Злобиной.
images_group_28_403_6525.png,122.,122.
images_group_28_403_6526.png,Максимъ,Максимъ
images_group_28_403_6527.png,Ва-,Ва-
images_group_28_403_6528.png,той же во-,той же во-
images_group_28_403_6529.png,130.,130.
images_group_28_403_6530.png,Федоръ,Федоръ
images_group_28_403_6531.png,Осиповъ,Осиповъ
images_group_28_403_6532.png,той же,той же
images_group_28_403_6533.png,во,во
images_group_28_403_6534.png,сильевъ,сильевъ
images_group_28_403_6535.png,Степановъ.,Степановъ.
images_group_28_403_6536.png,лости,лости
images_group_28_403_6537.png,въ,въ
images_group_28_403_6538.png,лости,лости
images_group_28_403_6539.png,въ,въ
images_group_28_403_6540.png,д.,д.
images_group_28_403_6541.png,Колмогоровъ.,Колмогоровъ.
images_group_28_403_6542.png,Шумковой.,Шумковой.
images_group_28_403_6543.png,д.,д.
images_group_28_403_6544.png,Киндяковой.,Киндяковой
images_group_28_403_6545.png,крестьянскими,крестьянскими
images_group_28_403_6546.png,Гарнистъ.,Гарнистъ.
images_group_28_403_6547.png,123.,123.
images_group_28_403_6548.png,Феофанъ,Феофанъ
images_group_28_403_6549.png,Марты,Марты
images_group_28_403_6550.png,Погорѣльской,Погорѣльской
images_group_28_403_6551.png,ся,ся
images_group_28_403_6552.png,разными,разными
images_group_28_403_6553.png,131.,131.
images_group_28_403_6554.png,Иванъ,Иванъ
images_group_28_403_6555.png,Петровъ,Петровъ
images_group_28_403_6556.png,Заледѣевской,Заледѣевской
images_group_28_403_6557.png,волости,волости
images_group_28_403_6558.png,новъ,новъ
images_group_28_403_6559.png,Богдашинъ.,Богдашинъ.
images_group_28_403_6560.png,Гляденской.,Гляденской.
images_group_28_403_6561.png,волости,волости
images_group_28_403_6562.png,въ,въ
images_group_28_403_6563.png,Голощаповъ,Голощаповъ
images_group_28_403_6564.png,д. Установой.,д. Установой.
images_group_28_403_6565.png,Ложники:,Ложники:
images_group_28_403_6566.png,124.,124.
images_group_28_403_6567.png,Аксентій,Аксентій
images_group_28_403_6568.png,Ильинъ,Ильинъ
images_group_28_403_6569.png,Ладейской,Ладейской
images_group_28_403_6570.png,Рядовые:,Рядовые:
images_group_28_403_6571.png,волости,волости
images_group_28_403_6572.png,въ,въ
images_group_28_403_6573.png,Злобинъ.,Злобинъ.
images_group_28_403_6574.png,д.,д.
images_group_28_403_6575.png,Каменской.,Каменской.
images_group_28_403_6576.png,132.,132.
images_group_28_403_6577.png,Яковъ,Яковъ
images_group_28_403_6578.png,Ивановъ,Ивановъ
images_group_28_403_6579.png,Погорѣльской,Погорѣльской
images_group_28_403_6580.png,волости,волости
images_group_28_403_6581.png,въ д.,въ д.
images_group_28_403_6582.png,Толстихинъ.,Толстихинъ.
images_group_28_403_6583.png,Бадаговой.,Бадаговой.
images_group_28_403_6584.png,работами.,работами.
images_group_28_403_6585.png,125.,125.
images_group_28_403_6586.png,Прокопій,Прокопій
images_group_28_403_6587.png,Николаевъ,Николаевъ
images_group_28_403_6588.png,Заледѣевской,Заледѣевской
images_group_28_403_6589.png,волости,волости
images_group_28_403_6590.png,въ,въ
images_group_28_403_6591.png,Потылицинъ.,Потылицинъ.
images_group_28_403_6592.png,станицѣ,станицѣ
images_group_28_403_6593.png,133.,133.
images_group_28_403_6594.png,Павелъ,Павелъ
images_group_28_403_6595.png,Никитинъ,Никитинъ
images_group_28_403_6596.png,Еловской,Еловской
images_group_28_403_6597.png,во,во
images_group_28_403_6598.png,Занимается,Занимается
images_group_28_403_6599.png,сапож-,сапож-
images_group_28_403_6600.png,Дрокиной.,Дрокиной.
images_group_28_403_6601.png,Вертикуловъ.,Вертикуловъ.
images_group_28_403_6602.png,лости,лости
images_group_28_403_6603.png,въ,въ
images_group_28_403_6604.png,С.,с.
images_group_28_403_6605.png,нымъ,нымъ
images_group_28_403_6606.png,мастерствомъ.,мастерствомъ.
images_group_28_403_6607.png,Барабанщикъ,Барабанщикъ
images_group_28_403_6608.png,крестьянски-,крестьянски-
images_group_28_403_6609.png,Кекурскомъ.,Кекурскомъ.
images_group_28_403_6610.png,126.,126.
images_group_28_403_6611.png,Еремей,Еремей
images_group_28_403_6612.png,Андреевъ,Андреевъ
images_group_28_403_6613.png,сухобузим-,сухобузим-
images_group_28_403_6614.png,ской,ской
images_group_28_403_6615.png,волости,волости
images_group_28_403_6616.png,Изъ,Изъ
images_group_28_403_6617.png,Забайкаль-,Забайкаль-
images_group_28_403_6618.png,Казачихинъ.,Казачихинъ.
images_group_28_403_6619.png,въ д.,въ д.
images_group_28_403_6620.png,Седѣль-,Седѣль-
images_group_28_403_6621.png,никовой.,никовой.
images_group_28_403_6622.png,скаго,скаго
images_group_28_403_6623.png,Внутрен-,Внутрен-
images_group_28_403_6624.png,няго Гарнизоннаго,няго Гарнизоннаго
images_group_28_403_6625.png,Изъ,Изъ
images_group_28_403_6626.png,Сибирскаго,Сибирскаго
images_group_28_403_6627.png,No54,No54
images_group_28_403_6628.png,полубаталіона.,Полубаталіона.
images_group_28_403_6629.png,Линейнаго,Линейнаго
images_group_28_403_6630.png,No16,No16
images_group_28_403_6631.png,Баталіона.,Баталіона.
images_group_28_403_6632.png,134.,134.
images_group_28_403_6633.png,Рядовой,Рядовой
images_group_28_403_6634.png,Лаврен,Лаврен-
images_group_28_403_6635.png,Заледѣевской,Заледѣевской
images_group_28_403_6636.png,Занимается,Занимается
images_group_28_403_6637.png,кресть-,кресть-
images_group_28_403_6638.png,Унтеръ-,Унтеръ-
images_group_28_403_6639.png,Офицеры:,Офицеры:
images_group_28_403_6640.png,тій,тій
images_group_28_403_6641.png,Степановъ,Степановъ
images_group_28_403_6642.png,волости,волости
images_group_28_403_6643.png,въ д.,въ д.
images_group_28_403_6644.png,янскими,янскими
images_group_28_403_6645.png,рабо-,рабо-
images_group_28_403_6646.png,127.,127.
images_group_28_403_6647.png,Иванъ,Иванъ
images_group_28_403_6648.png,Михайловъ,Михайловъ
images_group_28_403_6649.png,Погорѣльской,Погорѣльской
images_group_28_403_6650.png,3обковъ.,Зобковъ.
images_group_28_403_6651.png,Заледѣевой.,Заледѣевой.
images_group_28_403_6652.png,тами.,тами.
images_group_28_403_6653.png,волости,волости
images_group_28_403_6654.png,въ д,въ д.
images_group_28_403_6655.png,ми-,Минусинскаго
images_group_28_403_6656.png,Муромцовъ,Муромцовъ
images_group_28_403_6657.png,ндирлинской,ндирлинской
images_group_28_403_6658.png,ми,ми
images_group_28_403_6659.png,работами.,работами.
images_group_28_41_7498.png,еще,еще
images_group_28_41_7499.png,"в., Больницы","б, Больницы"
images_group_28_41_7500.png,Больничныя,Больничные
images_group_28_41_7501.png,зданія,зданія
images_group_28_41_7502.png,въ го,въ го-
images_group_28_41_7503.png,непрекратились,непрекратилась
images_group_28_41_7504.png,родахъ,родахъ
images_group_28_41_7505.png,енисейской,Енисейской
images_group_28_41_7506.png,губерніи,губерніи
images_group_28_41_7507.png,Вѣдомость,Вѣдомость
images_group_28_41_7508.png,тадемѣ,о падежѣ
images_group_28_41_7509.png,скота,скота
images_group_28_41_7510.png,понепрочности,по непрочности
images_group_28_41_7511.png,своей,свой
images_group_28_41_7512.png,и,и
images_group_28_41_7513.png,не,не
images_group_28_41_7514.png,приложена,приложена
images_group_28_41_7515.png,подъ,подъ
images_group_28_41_7516.png,No 10,No10.
images_group_28_41_7517.png,удобству.,удобству
images_group_28_41_7518.png,"помѣщеній,",помѣщеній
images_group_28_41_7519.png,не соот,не соот-
images_group_28_41_7520.png,вѣтствуютъ,вѣтствуютъ
images_group_28_41_7521.png,своему,своему
images_group_28_41_7522.png,назна,назна
images_group_28_41_7524.png,Въ,Въ
images_group_28_41_7525.png,1863,1863
images_group_28_41_7526.png,году,году
images_group_28_41_7528.png,Обществен,Обществен-
images_group_28_41_7529.png,вались,вались
images_group_28_41_7530.png,онѣ,онѣ
images_group_28_41_7531.png,необходимыми,необходимыми
images_group_28_41_7532.png,Призрѣніе,Призрѣніе
images_group_28_41_7533.png,Общественное,Общественнаго
images_group_28_41_7534.png,призрѣніе,призрѣніе
images_group_28_41_7535.png,хозяйственными,хозяйственными
images_group_28_41_7536.png,исправленіе,исправлені
images_group_28_41_7537.png,лежитъ,лежитъ
images_group_28_41_7538.png,на,на
images_group_28_41_7539.png,обязанности При-,обязанности При-
images_group_28_41_7540.png,ями,ями
images_group_28_41_7541.png,что,что
images_group_28_41_7542.png,употреблено:,употреблено:
images_group_28_41_7543.png,каза:,каза.
images_group_28_41_7544.png,Въ,Въ
images_group_28_41_7545.png,Красноярскѣ.,Красноярскѣ.
images_group_28_41_7546.png,64 р. Ю.,64 р. 70 к.
images_group_28_41_7547.png,Вѣдомость,Вѣдомость
images_group_28_41_7548.png,No дока-,No8 пока-
images_group_28_41_7549.png,и,и
images_group_28_41_7550.png,отпущено,отпущено
images_group_28_41_7551.png,на,на
images_group_28_41_7552.png,капи,капи
images_group_28_41_7553.png,"зываетъ,",зываетъ
images_group_28_41_7554.png,что,что
images_group_28_41_7555.png,оборотъ,оборотъ
images_group_28_41_7556.png,тальныя,тальныя
images_group_28_41_7557.png,исправленія,исправленія
images_group_28_41_7558.png,339,339
images_group_28_41_7559.png,67,6/2
images_group_28_41_7560.png,суммъ,суммъ
images_group_28_41_7561.png,Въ,Въ
images_group_28_41_7562.png,Ачинскѣ,Ачинскѣ.
images_group_28_41_7563.png,7-50.,7 50.
images_group_28_41_7564.png,уменьшился,уменьшился
images_group_28_41_7565.png,Канскѣ,Канскѣ
images_group_28_41_7566.png,номъ,намъ
images_group_28_41_7567.png,капиталъ,капиталѣ
images_group_28_41_7568.png,Приказа,Приказа
images_group_28_41_7569.png,Минусинскѣ,Минусинскѣ
images_group_28_41_7570.png,81,81-
images_group_28_41_7571.png,оказалось,оказалось
images_group_28_41_7572.png,1211 р.,1211 р.
images_group_28_41_7573.png,36 р/ к.,36 1/2 р.
images_group_28_41_7574.png,Капитали,Капиталы
images_group_28_41_7575.png,Приказа вы-,Приказа вы-
images_group_28_41_7576.png,числу,числу
images_group_28_41_7577.png,сего,сего
images_group_28_41_7578.png,рода,рода
images_group_28_41_7579.png,заведе-,заведе-
images_group_28_41_7580.png,даваемы,даваемы
images_group_28_41_7581.png,были въ,были въ
images_group_28_41_7582.png,ссудусъ съ соб-,ссуду съ соб-
images_group_28_41_7583.png,ній,ній
images_group_28_41_7584.png,слѣдуеть,слѣдуетъ
images_group_28_41_7585.png,стнести,отнести
images_group_28_41_7586.png,и,и
images_group_28_41_7587.png,люденіемъ,люденіемъ
images_group_28_41_7588.png,установленныхъ,установленныхъ
images_group_28_41_7589.png,новоучреждаемую,новоучреждаемую
images_group_28_41_7590.png,въ,въ
images_group_28_41_7591.png,городѣ,городѣ
images_group_28_41_7592.png,правилъ,правилъ
images_group_28_41_7593.png,Красноярскѣ,Красноярскѣ
images_group_28_41_7594.png,народную,народную
images_group_28_41_7595.png,лечеб-,леиб-
images_group_28_41_7596.png,Замедленія,Замедленія
images_group_28_41_7597.png,платежий по,платежей по
images_group_28_41_7598.png,ницу,ницу
images_group_28_41_7599.png,для,для
images_group_28_41_7600.png,безвозмезднаго,безвозмезднаго
images_group_28_41_7602.png,зависимъ,займамъ
images_group_28_41_7603.png,въ 1863 году,въ 1863 году
images_group_28_41_7604.png,небыло.,небыло.
images_group_28_41_7605.png,зованія,зования
images_group_28_41_7606.png,приходящихъ,приходящихъ
images_group_28_41_7607.png,больныѣ,больныхъ
images_group_28_41_7608.png,всѣхъ,всѣхъ
images_group_28_41_7609.png,"сословій,","сословіи,"
images_group_28_41_7610.png,съ родильнымъ,съ родильнымъ
images_group_28_41_7611.png,отдѣленіемъ,отдѣленіемъ
images_group_28_410_7612.png,"101,","101,"
images_group_28_410_7613.png,201.,201.
images_group_28_410_7614.png,Степанъ,Степанъ
images_group_28_410_7615.png,Ивановъ,Ивановъ
images_group_28_410_7616.png,Казачинской,Казачинской
images_group_28_410_7617.png,Занимаются,Занимаются
images_group_28_410_7618.png,208.,208.
images_group_28_410_7619.png,Митрофанъ,Митрофанъ
images_group_28_410_7620.png,Федо-,Федо-
images_group_28_410_7621.png,Анцыферовской,Анцыферовской
images_group_28_410_7622.png,Занимается,Занимается
images_group_28_410_7623.png,сапож-,сапож
images_group_28_410_7624.png,волости,волости
images_group_28_410_7625.png,въ с.,въ с.
images_group_28_410_7626.png,ровъ,ровъ
images_group_28_410_7627.png,Паршинъ.,Паршинъ.
images_group_28_410_7628.png,волости,волости
images_group_28_410_7630.png,въ д.,въ д.
images_group_28_410_7631.png,нымъ,нымъ
images_group_28_410_7632.png,мастерствомъ.,мастерствомъ.
images_group_28_410_7633.png,Помаскинъ.,Помаскинъ.
images_group_28_410_7634.png,Казачинскомъ.,Казачинскомъ.
images_group_28_410_7635.png,Изъ,Изъ
images_group_28_410_7636.png,подвѣдомствен-,подвѣдомствен-
images_group_28_410_7637.png,202,202.
images_group_28_410_7638.png,Афонасій,Афонасій
images_group_28_410_7639.png,Андреевъ,Андреевъ
images_group_28_410_7640.png,тамъ же,тамъ же
images_group_28_410_7641.png,ной,ной
images_group_28_410_7642.png,Оренбургскому,Оренбургскому
images_group_28_410_7643.png,Серебряковъ.,Серебряковъ.
images_group_28_410_7644.png,Линейному,Линейному
images_group_28_410_7645.png,No10,No10
images_group_28_410_7646.png,Ба-,Ба-
images_group_28_410_7647.png,таліону,таліону
images_group_28_410_7648.png,стерли-,стерли-
images_group_28_410_7649.png,203.,203.
images_group_28_410_7650.png,Никонъ,Никонъ
images_group_28_410_7651.png,Степа-,Степа-
images_group_28_410_7652.png,тамъ же,тамъ же
images_group_28_410_7653.png,тамакской,тамакской
images_group_28_410_7654.png,инва-,Инва-
images_group_28_410_7655.png,новъ,новъ
images_group_28_410_7656.png,Серебряковъ,Серебряковъ.
images_group_28_410_7657.png,лидной,лидной
images_group_28_410_7658.png,команды.,команды.
images_group_28_410_7659.png,209.,209.
images_group_28_410_7660.png,Рядовой,Рядовой
images_group_28_410_7661.png,Федоръ,Федоръ
images_group_28_410_7662.png,Казачинской,Казачинской
images_group_28_410_7663.png,Занимаются,Занимаются
images_group_28_410_7664.png,204.,204.
images_group_28_410_7665.png,Павелъ,Павелъ
images_group_28_410_7666.png,Семеновъ,Семеновъ
images_group_28_410_7667.png,той,той
images_group_28_410_7668.png,же,же
images_group_28_410_7669.png,во-,во-
images_group_28_410_7670.png,волости,волости
images_group_28_410_7671.png,въ д.,въ д.
images_group_28_410_7672.png,Григорьевъ,Григорьевъ
images_group_28_410_7673.png,Стрѣловъ,Стрѣловъ
images_group_28_410_7674.png,Мысовской.,Мысовской.
images_group_28_410_7675.png,лости,лости
images_group_28_410_7676.png,въ д.,въ д.
images_group_28_410_7677.png,Селимановичъ.,Селимановичъ.
images_group_28_410_7678.png,Заледѣевой.,Заледѣевой.
images_group_28_410_7679.png,Изъ,Изъ
images_group_28_410_7680.png,Оренбургскаго,Оренбургскаго
images_group_28_410_7681.png,205.,205.
images_group_28_410_7682.png,Максимъ,Максимъ
images_group_28_410_7683.png,Михай-,Михай-
images_group_28_410_7684.png,той же,тои же
images_group_28_410_7685.png,во-,во-
images_group_28_410_7686.png,крестьянски-,крестьянски-
images_group_28_410_7687.png,Линейнаго,Линейнаго
images_group_28_410_7688.png,No14-го,No14-го
images_group_28_410_7689.png,лости,лости
images_group_28_410_7690.png,въ д.,въ д.
images_group_28_410_7691.png,ловъ,ловъ
images_group_28_410_7692.png,Новоселовъ.,Новоселовъ.
images_group_28_410_7693.png,Ледешевой.,Ледешевой.
images_group_28_410_7694.png,Баталіона.,Баталіона.
images_group_28_410_7695.png,210.,210.
images_group_28_410_7696.png,Рядовой,Рядовой
images_group_28_410_7697.png,Сафронъ,Сафронъ
images_group_28_410_7698.png,Бѣльской,Бѣльской
images_group_28_410_7699.png,волости,волости
images_group_28_410_7700.png,въ с.,въ с.
images_group_28_410_7701.png,Игнатьевъ,Игнатьевъ
images_group_28_410_7702.png,Козловъ,Козловъ
images_group_28_410_7703.png,Пировскомъ.,Пировскомъ.
images_group_28_410_7704.png,крестьянски-,крестьянски-
images_group_28_410_7705.png,206.,206.
images_group_28_410_7706.png,Егоръ,Егоръ
images_group_28_410_7707.png,Васильевъ,Васильевъ
images_group_28_410_7708.png,той же,той же
images_group_28_410_7709.png,во-,во-
images_group_28_410_7710.png,лости,лости
images_group_28_410_7711.png,въ,въ
images_group_28_410_7712.png,д.,д.
images_group_28_410_7713.png,Кузнецовъ.,Кузнецовъ.
images_group_28_410_7714.png,широковой.,Широковой.
images_group_28_410_7715.png,Изъ,Изъ
images_group_28_410_7716.png,Сибирскаго,Сибирскаго
images_group_28_410_7717.png,Линейнаго,Линейнаго
images_group_28_410_7718.png,4,4
images_group_28_410_7719.png,Изъ,Изъ
images_group_28_410_7720.png,Оренбургска-,Оренбургска-
images_group_28_410_7721.png,Баталіона.,Баталіона.
images_group_28_410_7722.png,го,го
images_group_28_410_7723.png,Линейнаго,Линейнаго
images_group_28_410_7724.png,No,No
images_group_28_410_7725.png,211.,211.
images_group_28_410_7726.png,Унтеръ-,Унтеръ-
images_group_28_410_7727.png,офицеръ,Офицеръ
images_group_28_410_7728.png,Кежемской,Кежемской
images_group_28_410_7729.png,10,10
images_group_28_410_7730.png,Баталіона.,Баталіона:
images_group_28_410_7731.png,Никита,Никита
images_group_28_410_7732.png,Григорьевъ,Григорьевъ
images_group_28_410_7733.png,волости,волости
images_group_28_410_7734.png,въ,въ
images_group_28_410_7735.png,Рядовые:,Рядовые:
images_group_28_410_7736.png,д. Ковинской.,д. Ковинской.
images_group_28_410_7737.png,ми,ми
images_group_28_410_7738.png,работами.,работами.
images_group_28_410_7739.png,Пановъ.,Пановъ.
images_group_28_410_7740.png,Герасимъ,Герасимъ
images_group_28_410_7741.png,Алексѣевъ,Алексѣевъ
images_group_28_410_7742.png,Бѣльской,Бѣльской
images_group_28_410_7743.png,во-,во-
images_group_28_410_7744.png,Ситниковъ.,Ситниковъ.
images_group_28_410_7745.png,лости въ С.,лости въ с.
images_group_28_410_7746.png,ми работами.,ми работами.
images_group_28_413_8041.png,"104,","104,"
images_group_28_413_8042.png,Изъ,Изъ
images_group_28_413_8043.png,Сибирскаго,Сибирскаго
images_group_28_413_8044.png,Изъ,Изъ
images_group_28_413_8045.png,Сибирскаго,Сибирскаго
images_group_28_413_8046.png,Линейнаго,Линейнаго
images_group_28_413_8047.png,No14,No14
images_group_28_413_8048.png,Линейнаго No16,Линейнаго No16
images_group_28_413_8049.png,Баталіона.,Баталіона.
images_group_28_413_8050.png,Баталіо на.,Баталіона.
images_group_28_413_8051.png,Унтеръ-,Унтеръ-
images_group_28_413_8052.png,офицеры:,Офицеры:
images_group_28_413_8053.png,Унтеръ-,Унтеръ-
images_group_28_413_8054.png,офицеры.,Офицеры:
images_group_28_413_8055.png,237.,237.
images_group_28_413_8056.png,Федоръ,Федоръ
images_group_28_413_8057.png,Львовъ,Львовъ
images_group_28_413_8058.png,Ма-,Ма-
images_group_28_413_8059.png,Яланской,Яланской
images_group_28_413_8060.png,Занимаются,Занимаются
images_group_28_413_8061.png,243.,243.
images_group_28_413_8062.png,Савва,Савва
images_group_28_413_8063.png,Николаевъ,Николаевъ
images_group_28_413_8064.png,Бѣльской во-,Бѣльской во-
images_group_28_413_8065.png,Занимаются,Занимаются
images_group_28_413_8066.png,волости,волости
images_group_28_413_8067.png,въ д.,въ д.
images_group_28_413_8068.png,ксимовъ.,ксимовъ.
images_group_28_413_8069.png,лости,лости
images_group_28_413_8070.png,въ с.,въ с.
images_group_28_413_8071.png,Александровъ.,Александровъ.
images_group_28_413_8072.png,Бѣльскомъ.,Бѣльскомъ.
images_group_28_413_8073.png,Лосиноборской.,Лосиноборской.
images_group_28_413_8074.png,238.,238.
images_group_28_413_8075.png,Василій,Василій
images_group_28_413_8076.png,Василь-,Василь-
images_group_28_413_8077.png,Казачинской,Казачинской
images_group_28_413_8078.png,244.,244.
images_group_28_413_8079.png,Михайло,Михайло
images_group_28_413_8080.png,Василь-,Василь-
images_group_28_413_8081.png,Анцыферов-,Анцыферов-
images_group_28_413_8082.png,хлѣбопаше=,хлѣбопаше-
images_group_28_413_8083.png,волости,волости
images_group_28_413_8084.png,въ,въ
images_group_28_413_8085.png,евъ,евъ
images_group_28_413_8086.png,Лыткинъ.,Лыткинъ.
images_group_28_413_8087.png,с. Казачинскомъ.,с. Казачинскомъ
images_group_28_413_8088.png,ской,ской
images_group_28_413_8089.png,волости,волости
images_group_28_413_8090.png,евъ,евъ
images_group_28_413_8091.png,Жарниковъ.,Жарниковъ.
images_group_28_413_8092.png,въ д.,въ д.
images_group_28_413_8093.png,Савиной.,Савиной.
images_group_28_413_8094.png,Рядовые:,Рядовые:
images_group_28_413_8095.png,245.,245.
images_group_28_413_8096.png,Макаръ,Макаръ
images_group_28_413_8097.png,Петровъ,Петровъ
images_group_28_413_8098.png,Той же во-,той же во-
images_group_28_413_8099.png,ствомъ,ствомъ
images_group_28_413_8100.png,и,и
images_group_28_413_8101.png,239.,239.
images_group_28_413_8102.png,Егоръ,Егоръ
images_group_28_413_8103.png,Парфеновъ,Парфеновъ
images_group_28_413_8104.png,Анцыферовской,Анцыферовской
images_group_28_413_8105.png,246.,246.
images_group_28_413_8106.png,Василій,Василій
images_group_28_413_8107.png,Пиме-,Пиме-
images_group_28_413_8108.png,пинчугской,пинчугской
images_group_28_413_8109.png,лости въ д.,лостис въ д.
images_group_28_413_8110.png,Пономаревъ.,Пономаревъ.
images_group_28_413_8111.png,Пономаревой.,Пономаревой.
images_group_28_413_8112.png,волости въ д.,волости въ д.
images_group_28_413_8113.png,Высотинъ.,Высотинъ.
images_group_28_413_8114.png,Никулиной.,Никулиной.
images_group_28_413_8115.png,разными,разными
images_group_28_413_8116.png,кресть-,кресть-
images_group_28_413_8117.png,крестьянски-,крестьянски-
images_group_28_413_8118.png,240.,240.
images_group_28_413_8119.png,Иванъ,Иванъ
images_group_28_413_8120.png,Степановъ,Степановъ
images_group_28_413_8121.png,Пинчугской,Пинчугской
images_group_28_413_8122.png,волости въ д.,волости въ д.
images_group_28_413_8123.png,волости,волости
images_group_28_413_8124.png,въ,въ
images_group_28_413_8125.png,Брюхиновъ.,Брюхановъ.
images_group_28_413_8126.png,новъ,новъ
images_group_28_413_8127.png,Рукосуевъ.,Рукосуевъ.
images_group_28_413_8128.png,Бузыкановой.,Бузыкановой.
images_group_28_413_8129.png,янскими работами,янскими работами
images_group_28_413_8130.png,д. Бидѣйской.,д. бидѣйской.
images_group_28_413_8131.png,Рядовые:,Рядовые:
images_group_28_413_8132.png,241.,241.
images_group_28_413_8133.png,Андрей,Андрей
images_group_28_413_8134.png,Евсевоевъ,Евсевьевъ
images_group_28_413_8135.png,Кежемской,Кажемской
images_group_28_413_8136.png,247.,247.
images_group_28_413_8137.png,Семенъ,Семенъ
images_group_28_413_8138.png,Филатовъ,Филатовъ
images_group_28_413_8139.png,Бѣльской,Бѣльской
images_group_28_413_8140.png,Занимается,Занимается
images_group_28_413_8141.png,порт-,порт-
images_group_28_413_8142.png,волости,волости
images_group_28_413_8143.png,въ д.,въ д.
images_group_28_413_8144.png,Брюхановъ.,Брюхановъ.
images_group_28_413_8145.png,Тургенева,Тургенева
images_group_28_413_8146.png,волости,волости
images_group_28_413_8147.png,въ с.,въ с.
images_group_28_413_8148.png,Сидоровъ.,Сидоровъ.
images_group_28_413_8149.png,острова.,острова.
images_group_28_413_8150.png,вер-,Вер-
images_group_28_413_8151.png,Бѣльскомъ.,Бѣльскомъ.
images_group_28_413_8152.png,нымъ мастерствомъ,нымъ мастерствомъ
images_group_28_413_8153.png,хней,хней
images_group_28_413_8154.png,Изолови,Изголови.
images_group_28_413_8155.png,248,248
images_group_28_413_8156.png,Егоръ,Егоръ
images_group_28_413_8157.png,Григорьевъ,Григорьевъ
images_group_28_413_8158.png,Той же во-,той же во-
images_group_28_413_8159.png,Занимается,Занимается
images_group_28_413_8160.png,242.,242.
images_group_28_413_8161.png,Алексѣй Лаврентъ,Алексѣй Лавренть-
images_group_28_413_8162.png,Тамъ,Тамъ
images_group_28_413_8163.png,же,же
images_group_28_413_8164.png,Верещагинъ.,Верещагинъ.
images_group_28_413_8165.png,лости въ,лости въ
images_group_28_413_8166.png,въ Нижней,въ Нижней
images_group_28_413_8167.png,разными,разными
images_group_28_413_8168.png,кресть-,кресть-
images_group_28_413_8169.png,евъ,евъ
images_group_28_413_8170.png,Пановъ.,Пановъ.
images_group_28_413_8171.png,д.,д.
images_group_28_413_8172.png,Черкат,Черкат
images_group_28_413_8173.png,Изголови.,Изголови.
images_group_28_413_8174.png,ми,ми
images_group_28_413_8175.png,работами.,работами.
images_group_28_413_8176.png,ской.,ской.
images_group_28_413_8177.png,янскими,янскими
images_group_28_413_8178.png,работами.,работами.
images_group_28_418_8657.png,"109,",109.
images_group_28_418_8658.png,Рядовые:,Рядовые:
images_group_28_418_8659.png,297.,297.
images_group_28_418_8660.png,Василій,Василій
images_group_28_418_8661.png,Леонть-,Леонть-
images_group_28_418_8662.png,Въ,Въ
images_group_28_418_8663.png,деревнѣ,деревнѣ
images_group_28_418_8664.png,Занимаются,Занимаются
images_group_28_418_8665.png,евъ,евъ
images_group_28_418_8666.png,Еремѣевъ.,Еремѣевъ.
images_group_28_418_8667.png,Кадатской.,Кадатской.
images_group_28_418_8668.png,289.,289.
images_group_28_418_8669.png,Ефремъ,Ефремъ
images_group_28_418_8670.png,Андреевъ,Андреевъ
images_group_28_418_8671.png,Въ д.,Въ д.
images_group_28_418_8672.png,Березовкѣ,Березовкѣ
images_group_28_418_8673.png,Занимаются,Занимаются
images_group_28_418_8674.png,Губенко.,Губенко.
images_group_28_418_8675.png,298.,298.
images_group_28_418_8676.png,Михайло,Михайло
images_group_28_418_8677.png,Арсенть-,Арсенть-
images_group_28_418_8678.png,Въ,Въ
images_group_28_418_8679.png,селѣ Ба-,селѣ Ба-
images_group_28_418_8680.png,евъ,евъ
images_group_28_418_8681.png,Лопатинъ.,Лопатинъ.
images_group_28_418_8682.png,лахтинскомъ.,лахтинскомъ.
images_group_28_418_8683.png,290.,290.
images_group_28_418_8684.png,Сосипатръ,Сосипатръ
images_group_28_418_8685.png,Павловъ,Павловъ
images_group_28_418_8686.png,Въ,Въ
images_group_28_418_8687.png,деревнѣ,деревнѣ
images_group_28_418_8688.png,Сучковъ.,Сучковъ.
images_group_28_418_8689.png,Сучковой.,Сучковой.
images_group_28_418_8690.png,299.,299.
images_group_28_418_8691.png,Захаръ,Захаръ
images_group_28_418_8692.png,Лавренть-,Лавренть-
images_group_28_418_8693.png,Въ деревнѣ,Въ деревнѣ
images_group_28_418_8694.png,291.,291.
images_group_28_418_8695.png,Леонтій,Леонтій
images_group_28_418_8696.png,Андреевъ,Андреевъ
images_group_28_418_8697.png,Въ деревнѣ,Въ деревнѣ
images_group_28_418_8698.png,евъ,евъ
images_group_28_418_8699.png,Метелкинъ.,Метелкинъ.
images_group_28_418_8700.png,Еловской.,Еловской.
images_group_28_418_8701.png,Пестеровъ,Пестеровъ.
images_group_28_418_8702.png,Шуточкиной.,Шуточкиной.
images_group_28_418_8703.png,300.,300.
images_group_28_418_8704.png,Никита,Никита
images_group_28_418_8705.png,Тимо-,Тимо-
images_group_28_418_8706.png,Въ деревнѣ,Въ деревнѣ
images_group_28_418_8707.png,292.,292.
images_group_28_418_8708.png,Григорій,Григорій
images_group_28_418_8709.png,Михай-,Михай-
images_group_28_418_8710.png,Въ,Въ
images_group_28_418_8711.png,деревнѣ,деревнѣ
images_group_28_418_8712.png,крестьянскими,крестьянскими
images_group_28_418_8713.png,фѣевъ,фѣевъ
images_group_28_418_8714.png,Кряжевъ.,Кряжевъ.
images_group_28_418_8715.png,Езагашинской,Езагашинской.
images_group_28_418_8716.png,ловъ,ловъ
images_group_28_418_8717.png,Колмаковъ.,Колмаковъ.
images_group_28_418_8718.png,Шадриной.,Шадриной.
images_group_28_418_8719.png,Изъ,Изъ
images_group_28_418_8720.png,Оренбургскаго,Оренбургскаго
images_group_28_418_8721.png,293,293
images_group_28_418_8722.png,Евдокимъ,Евдокимъ
images_group_28_418_8723.png,Петровъ,Петровъ
images_group_28_418_8724.png,Въ деревнѣ,Въ деревнѣ
images_group_28_418_8725.png,крестьянскими,крестьянскими
images_group_28_418_8726.png,Линейнаго,Линейнаго
images_group_28_418_8727.png,No8,No8
images_group_28_418_8728.png,Ба-,Ба-
images_group_28_418_8729.png,Бѣлошапкинъ.,Бѣлошапкинъ.
images_group_28_418_8730.png,Дютинской.,Сютинской.
images_group_28_418_8731.png,таліона.,таліона.
images_group_28_418_8732.png,Рядовые:,Рядовые:
images_group_28_418_8733.png,301.,301.
images_group_28_418_8734.png,Николай,Николай
images_group_28_418_8735.png,Петровъ,Петровъ
images_group_28_418_8736.png,Въ деревнѣ,Въ деревнѣ
images_group_28_418_8737.png,294.,294.
images_group_28_418_8738.png,Лука,Лука
images_group_28_418_8739.png,Трофимовъ,Трофимовъ
images_group_28_418_8740.png,Въ селѣ,Въ селѣ
images_group_28_418_8741.png,Губинъ.,Губинъ.
images_group_28_418_8742.png,Кольцовой.,Кольцовой.
images_group_28_418_8743.png,Раменскій.,Раменскій.
images_group_28_418_8744.png,Подсосинскомъ.,Подсосинскомъ.
images_group_28_418_8745.png,302.,302.
images_group_28_418_8746.png,Спиридонъ,Спиридонъ
images_group_28_418_8747.png,Харито-,Харито-
images_group_28_418_8748.png,Изын,Изын-
images_group_28_418_8749.png,295.,295.
images_group_28_418_8750.png,Иванъ,Иванъ
images_group_28_418_8751.png,марковъ,марковъ
images_group_28_418_8752.png,Въ,Въ
images_group_28_418_8753.png,селѣ,селѣ
images_group_28_418_8754.png,Изын-,Изын-
images_group_28_418_8755.png,новъ,новъ
images_group_28_418_8756.png,Дружининъ.,Дружининъ.
images_group_28_418_8757.png,жульскомъ.,жульскомъ.
images_group_28_418_8758.png,работами.,работами.
images_group_28_418_8759.png,Перепрыгинъ.,Перепрыгинъ.
images_group_28_418_8760.png,жульскомъ.,Жульскомъ.
images_group_28_418_8761.png,303.,303.
images_group_28_418_8762.png,Иванъ,Иванъ
images_group_28_418_8763.png,Григорьевъ,Григорьевъ
images_group_28_418_8764.png,Въ деревнѣ,Въ деревнѣ
images_group_28_418_8765.png,Занимается,Занимается
images_group_28_418_8766.png,сапож-,сапож-
images_group_28_418_8767.png,Сучковъ.,Сучковъ.
images_group_28_418_8768.png,Дороховой,Дороховой
images_group_28_418_8769.png,нымъ,нымъ
images_group_28_418_8770.png,мастерствомъ.,мастерствомъ.
images_group_28_418_8771.png,296.,296.
images_group_28_418_8772.png,Иванъ,Иванъ
images_group_28_418_8773.png,Дмитріевъ,Дмитріевъ
images_group_28_418_8774.png,Въ,Въ
images_group_28_418_8775.png,деревнѣ,деревнѣ
images_group_28_418_8776.png,Казанцевъ.,Казанцевъ.
images_group_28_418_8777.png,Сережской.,Сережской.
images_group_28_418_8778.png,работами.,работами.
images_group_28_418_8779.png,304.,304.
images_group_28_418_8780.png,Антонъ,Антонъ
images_group_28_418_8781.png,Леонть-,Леонть-
images_group_28_418_8782.png,Въ селѣ,Въ селѣ
images_group_28_418_8783.png,Ша-,Ша-
images_group_28_418_8784.png,Занимается,Занимается
images_group_28_418_8785.png,кресть-,кресть-
images_group_28_418_8786.png,евъ,евъ
images_group_28_418_8787.png,Мазуровъ.,Мазуровъ.
images_group_28_418_8788.png,рыповскомъ.,рыповскомъ.
images_group_28_418_8789.png,янскими работами,янскими работами
images_group_28_419_8790.png,110.,110.
images_group_28_419_8791.png,Изъ,Изъ
images_group_28_419_8792.png,Оренбургскаго,Оренбургскаго
images_group_28_419_8793.png,Баталіона,Баталіона.
images_group_28_419_8794.png,Линейнаго,Линейнаго
images_group_28_419_8795.png,No9,No9
images_group_28_419_8796.png,309.,309.
images_group_28_419_8797.png,Унтеръ,Унтеръ
images_group_28_419_8798.png,-офицеръ,офицеръ
images_group_28_419_8799.png,Въ деревнѣ,Въ деревнѣ
images_group_28_419_8800.png,Занимаются,Занимаются
images_group_28_419_8801.png,Баталіона.,Баталіона.
images_group_28_419_8802.png,Василій,Василій
images_group_28_419_8803.png,Филиповъ,Филиповъ
images_group_28_419_8804.png,Еловской.,Еловской.
images_group_28_419_8805.png,Рядовые:,Рядовые:
images_group_28_419_8806.png,Ефремовъ.,Ефремовъ.
images_group_28_419_8807.png,305.,305.
images_group_28_419_8808.png,Иванъ,Иванъ
images_group_28_419_8809.png,Матвѣевъ,Матвѣевъ
images_group_28_419_8810.png,Въ деревнѣ,Въ деревнѣ
images_group_28_419_8811.png,Занимаются,Занимаются
images_group_28_419_8812.png,Изъ,Изъ
images_group_28_419_8813.png,Сибирскаго Ли-,Сибирскаго Ли-
images_group_28_419_8814.png,Тихановъ,Тихановъ.
images_group_28_419_8815.png,Березовской.,Березовской.
images_group_28_419_8816.png,нейнаго,нейнаго
images_group_28_419_8817.png,No4,No4
images_group_28_419_8818.png,Бата-,Бата-
images_group_28_419_8819.png,306.,306.
images_group_28_419_8820.png,Маркъ,Маркъ
images_group_28_419_8821.png,Алексѣевъ,Алексѣевъ
images_group_28_419_8822.png,Въ,Въ
images_group_28_419_8823.png,селѣ,селѣ
images_group_28_419_8824.png,ліона.,ліона.
images_group_28_419_8825.png,Похабовъ.,Похабовъ.
images_group_28_419_8826.png,Солгонскомъ.,Солгонскомъ.
images_group_28_419_8827.png,Унтеръ,Унтеръ
images_group_28_419_8828.png,офицеры:,офицеры:
images_group_28_419_8829.png,Изъ,Изъ
images_group_28_419_8830.png,Оренбургскаго,Оренбургскаго
images_group_28_419_8831.png,310.,310.
images_group_28_419_8832.png,Иванъ,Иванъ
images_group_28_419_8833.png,Андреевъ,Андреевъ
images_group_28_419_8834.png,Въ,Въ
images_group_28_419_8835.png,деревнѣ,деревнѣ
images_group_28_419_8836.png,Линейнаго,Линейнаго
images_group_28_419_8837.png,No10 Ба,No10 Ба
images_group_28_419_8838.png,Полежаевъ.,Полежаевъ.
images_group_28_419_8839.png,Малосырской.,Малосырской.
images_group_28_419_8840.png,таліона.,таліона.
images_group_28_419_8841.png,крестьянскими,крестьянскими
images_group_28_419_8842.png,311.,311.
images_group_28_419_8843.png,Алексѣй,Алексѣй
images_group_28_419_8844.png,Созоновъ,Созоновъ
images_group_28_419_8845.png,Въ,Въ
images_group_28_419_8846.png,селѣ,селѣ
images_group_28_419_8847.png,307,307
images_group_28_419_8848.png,Рядовой,Рядовой
images_group_28_419_8849.png,Василій,Василій
images_group_28_419_8850.png,Въ,Въ
images_group_28_419_8851.png,селѣ,селѣ
images_group_28_419_8852.png,крестьянскими,крестьянскими
images_group_28_419_8853.png,Спиринъ.,Спиринъ.
images_group_28_419_8854.png,Балантин-,Балахтин-
images_group_28_419_8855.png,Харитоновъ,Харитоновъ
images_group_28_419_8856.png,Весел-,Весел-
images_group_28_419_8857.png,Балахтин-,Балахтин-
images_group_28_419_8858.png,скомъ.,скомъ.
images_group_28_419_8859.png,ковъ.,ковъ.
images_group_28_419_8860.png,скомъ.,скомъ.
images_group_28_419_8861.png,312,312
images_group_28_419_8862.png,Рядовой,Рядовой
images_group_28_419_8863.png,Иванъ Гри-,Иванъ Гри-
images_group_28_419_8864.png,Въ деревнѣ,Въ деревнѣ
images_group_28_419_8865.png,Изъ,Изъ
images_group_28_419_8866.png,Сибирскаго ли-,Сибирскаго Ли-
images_group_28_419_8867.png,горьевъ,горьевъ
images_group_28_419_8868.png,Тихановъ.,Тихановъ.
images_group_28_419_8869.png,Березовой.,Березовой.
images_group_28_419_8870.png,нейнаго,нейнаго
images_group_28_419_8871.png,No2,No2
images_group_28_419_8872.png,Ба-,Ба-
images_group_28_419_8873.png,таліона.,таліона.
images_group_28_419_8874.png,Изъ,Изъ
images_group_28_419_8875.png,сибирскаго Ли-,сибирскагоЛи-
images_group_28_419_8876.png,нейнаго,нейнаго
images_group_28_419_8877.png,No5 Бата-,No5 Бата-
images_group_28_419_8878.png,308.,308.
images_group_28_419_8879.png,Рядовой,Рядовой
images_group_28_419_8880.png,Арефій,Арефій
images_group_28_419_8881.png,Въ,Въ
images_group_28_419_8882.png,деревнѣ,деревнѣ
images_group_28_419_8883.png,Мона.,ліона.
images_group_28_419_8884.png,Харламовъ,Харламовъ
images_group_28_419_8885.png,Лыткинъ.,Лыткинъ.
images_group_28_419_8886.png,Мосиной.,Мосиной.
images_group_28_419_8887.png,работами.,работами.
images_group_28_419_8888.png,313.,313.
images_group_28_419_8889.png,Унтеръ-офицеръ,Унтеръ-офицеръ
images_group_28_419_8890.png,Въ деревнѣ,Въ деревнѣ
images_group_28_419_8891.png,Изъ,Изъ
images_group_28_419_8892.png,Сибирскаго,Сибирскаго
images_group_28_419_8893.png,Федоръ,Федоръ
images_group_28_419_8894.png,Павловъ,Павловъ
images_group_28_419_8895.png,Тарханской.,Тарханской.
images_group_28_419_8896.png,работами.,работами.
images_group_28_419_8897.png,Линейнаго,Линейнаго
images_group_28_419_8898.png,No3,No3
images_group_28_419_8899.png,Пахабовъ,Пахабовъ
images_group_28_430_10467.png,Изъ,Изъ
images_group_28_430_10468.png,Днѣпровскаго,Днѣпровскаго
images_group_28_430_10469.png,434.,434.
images_group_28_430_10470.png,Тимофѣй,Тимофѣй
images_group_28_430_10471.png,Ефре-,Ефре-
images_group_28_430_10472.png,Въ селѣ,Въ селѣ
images_group_28_430_10473.png,Занимаются,Занимаются
images_group_28_430_10474.png,пѣхотнаго,пѣхотнаго
images_group_28_430_10475.png,полка.,полка.
images_group_28_430_10476.png,мовъ,мовъ
images_group_28_430_10477.png,Поповъ.,Поповъ.
images_group_28_430_10478.png,Озерскомъ.,Озерскомъ.
images_group_28_430_10479.png,хлѣбопашествомъ,Хлѣбопашествомъ
images_group_28_430_10480.png,439.,439.
images_group_28_430_10481.png,Рядовой,Рядовой
images_group_28_430_10482.png,митро-,митро-
images_group_28_430_10483.png,Въ деревнѣ,Въ деревнѣ
images_group_28_430_10484.png,Занимаются,Занимаются
images_group_28_430_10485.png,"121,",121.
images_group_28_430_10486.png,435.,435.
images_group_28_430_10487.png,Прокопій,Прокопій
images_group_28_430_10488.png,Петровъ,Петровъ
images_group_28_430_10489.png,въ дер. Мир-,водер. Мир-
images_group_28_430_10490.png,фанъ,фанъ
images_group_28_430_10491.png,Семеновъ,Семеновъ
images_group_28_430_10492.png,Енисейской,Енисейской
images_group_28_430_10493.png,Милетинъ,Милетинъ
images_group_28_430_10494.png,гиневой.,гиневой.
images_group_28_430_10495.png,и,и
images_group_28_430_10496.png,скотоводствомъ.,скотоводствомъ.
images_group_28_430_10497.png,Марковъ.,Марковъ.
images_group_28_430_10498.png,Изъ,Изъ
images_group_28_430_10499.png,7 запаснаго Ба-,7 Запаснаго Ба-
images_group_28_430_10500.png,Изъ,Изъ
images_group_28_430_10501.png,одескаго,обескаго
images_group_28_430_10502.png,нѣ-,пѣ-
images_group_28_430_10503.png,таліона,таліона
images_group_28_430_10504.png,пѣютнаго,пѣхотнаго
images_group_28_430_10505.png,хотнаго,хотнаго
images_group_28_430_10506.png,полка,полка
images_group_28_430_10507.png,Генералъ,Генералъ
images_group_28_430_10508.png,Фельдмар,Фельдмар
images_group_28_430_10509.png,Рядовые:,Рядовые:
images_group_28_430_10510.png,шала,шала
images_group_28_430_10511.png,Графа дибича,Графадибича
images_group_28_430_10512.png,440.,440.
images_group_28_430_10513.png,Ефимъ,Ефимъ
images_group_28_430_10514.png,Алексѣевъ,Алексѣевъ
images_group_28_430_10515.png,Въ,Въ
images_group_28_430_10516.png,сел.,сел.
images_group_28_430_10517.png,Кан-,Кан-
images_group_28_430_10518.png,Забалканскаго полка,Забалканскаго полка
images_group_28_430_10519.png,Солдатовъ.,Солдатовъ.
images_group_28_430_10520.png,торскомъ,торскомъ
images_group_28_430_10521.png,436.,436.
images_group_28_430_10522.png,Унтеръ,Унтеръ
images_group_28_430_10523.png,офицеръ,офицеръ
images_group_28_430_10524.png,они-,они-
images_group_28_430_10525.png,въ деревнѣ,въ деревнѣ
images_group_28_430_10526.png,Служитъ,Служитъ
images_group_28_430_10527.png,разсыль-,разсыль-
images_group_28_430_10528.png,симъ,симь
images_group_28_430_10529.png,Алексѣевъ,Алексѣевъ
images_group_28_430_10530.png,Мурмин-,Мурмин-
images_group_28_430_10531.png,нымъ,нымъ
images_group_28_430_10532.png,понайму при,понайму при
images_group_28_430_10533.png,441.,441.
images_group_28_430_10534.png,Василій,Василій
images_group_28_430_10535.png,Никола-,Никола-
images_group_28_430_10536.png,въ с.,въ с.
images_group_28_430_10537.png,Ирбей-,Иребей-
images_group_28_430_10538.png,ской.,ской.
images_group_28_430_10539.png,Канскомъ,Канскомъ
images_group_28_430_10540.png,Земскомъ,Земскомъ
images_group_28_430_10541.png,Судѣ.,Судѣ.
images_group_28_430_10542.png,Тороповъ.,Тороповъ.
images_group_28_430_10543.png,евъ,евъ
images_group_28_430_10544.png,Агафоновъ.,Агафоновъ.
images_group_28_430_10545.png,скомъ.,скомъ.
images_group_28_430_10546.png,крестьянскими,крестьянскими
images_group_28_430_10547.png,Изъ,Изъ
images_group_28_430_10548.png,Екатеринбург-,Екатеринбург-
images_group_28_430_10549.png,Изъ,Изъ
images_group_28_430_10550.png,Лейбъ,Лейбъ
images_group_28_430_10551.png,гвардіи,гвардіи
images_group_28_430_10552.png,скаго пѣхотнаго,скаго пѣхотнаго
images_group_28_430_10553.png,Гренадерскаго полка,Гренадерскаго полка
images_group_28_430_10554.png,полка,полка
images_group_28_430_10555.png,442.,442.
images_group_28_430_10556.png,Рядовой,Рядовой
images_group_28_430_10557.png,Тихонъ,Тихонъ
images_group_28_430_10558.png,въ д.,въ д.
images_group_28_430_10559.png,Бѣлогр-,бѣлогр-
images_group_28_430_10560.png,437.,437.
images_group_28_430_10561.png,Рядовой,Рядовой
images_group_28_430_10562.png,Осипъ,Осипъ
images_group_28_430_10563.png,хри,хри-
images_group_28_430_10564.png,въ дер.,въ дер.
images_group_28_430_10565.png,Рах-,Реих-
images_group_28_430_10566.png,Занимается,Занимается
images_group_28_430_10568.png,Степановъ,Степановъ
images_group_28_430_10569.png,бога-,Бога-
images_group_28_430_10570.png,ской.,ской.
images_group_28_430_10571.png,стофоровъ,стофоровъ
images_group_28_430_10572.png,Лыковъ.,лыковъ
images_group_28_430_10573.png,мановой.,мановой.
images_group_28_430_10574.png,пашествомъ.,пашествомъ.
images_group_28_430_10575.png,левъ.,левъ.
images_group_28_430_10576.png,Изъ,Изъ
images_group_28_430_10577.png,Углицкаго,Углицкаго
images_group_28_430_10578.png,Изъ,Изъ
images_group_28_430_10579.png,Лейбъ-гвардіи,Лейбъ-гвардіи
images_group_28_430_10580.png,пѣхотнаго,пѣхотнаго
images_group_28_430_10581.png,пол,пол
images_group_28_430_10582.png,Финляндскаго,Финляндскаго
images_group_28_430_10583.png,полка.,полка.
images_group_28_430_10584.png,ка.,ка.
images_group_28_430_10585.png,438.,438.
images_group_28_430_10586.png,Рядовой,Рядовой
images_group_28_430_10587.png,Григорій,Григорій
images_group_28_430_10588.png,Алек-,Алек-
images_group_28_430_10589.png,Въ д.,Въ д.
images_group_28_430_10590.png,Подъян-,Подъян-
images_group_28_430_10591.png,Занимается,Занимается
images_group_28_430_10593.png,г,г
images_group_28_430_10594.png,443.,443.
images_group_28_430_10595.png,Рядовой,Рядовой
images_group_28_430_10596.png,Арсентій,Арсентій
images_group_28_430_10597.png,Въ сел.,Въ сел.
images_group_28_430_10598.png,Илан-,Илан-
images_group_28_430_10599.png,сандровъ,сандровъ
images_group_28_430_10600.png,Анцыферовъ,Анцыферовъ
images_group_28_430_10601.png,динской.,динской.
images_group_28_430_10602.png,ничны,ничнь
images_group_28_430_10603.png,имъ,ешь
images_group_28_430_10604.png,мастерствомъ,мастерствомъ
images_group_28_430_10605.png,Васильевъ,Васильевъ
images_group_28_430_10606.png,Марковъ.,Марковъ.
images_group_28_430_10607.png,скомъ.,скомъ.
images_group_28_430_10608.png,работами.,работами.
images_group_28_3795_12178.png,149,149
images_group_28_3795_12180.png,5,5
images_group_28_3795_12181.png,и,и
images_group_28_3795_12183.png,3,3
images_group_28_3795_12184.png,но,на
images_group_28_3795_12185.png,не,не
images_group_28_3795_12186.png,но,не
images_group_28_3795_12187.png,винов.,винов-
images_group_28_38_12223.png,8.,8.
images_group_28_38_12224.png,- 5.,-5.
images_group_28_38_12225.png,г.,г.
images_group_28_38_12226.png,Безпорядковъ,Безпорядковъ
images_group_28_381_12409.png,взысканіе,взысканіе
images_group_28_381_12410.png,и нѣ,и нѣ-
images_group_28_381_12411.png,указомъ,указомъ
images_group_28_381_12412.png,сего,сего
images_group_28_381_12413.png,та-,та-
images_group_28_381_12414.png,отъ,отъ
images_group_28_39_12453.png,и,и
images_group_28_39_12454.png,оспа,оспа
images_group_28_39_12455.png,сте,сте-
images_group_28_39_12456.png,только,только
images_group_28_39_12457.png,въ,въ
images_group_28_39_12458.png,съ,въ
images_group_28_391_12493.png,14,14
images_group_28_391_12494.png,-,-
images_group_28_391_12495.png,-,-
images_group_28_391_12496.png,-,-
images_group_28_391_12497.png,-,-
images_group_28_391_12498.png,-,-
images_group_28_391_12499.png,-,-
images_group_28_391_12500.png,-,-
images_group_28_391_12501.png,-,-
images_group_28_391_12502.png,-,-
images_group_28_391_12503.png,-,-
images_group_28_391_12504.png,-,-
images_group_28_391_12505.png,-,-
images_group_28_391_12506.png,-,-
images_group_28_391_12507.png,-,-
images_group_28_391_12508.png,-,-
images_group_28_391_12509.png,-,-
images_group_28_391_12510.png,-,-
images_group_28_391_12511.png,-,-
images_group_28_391_12512.png,-,-
images_group_28_391_12513.png,-,-
images_group_28_391_12514.png,-,-
images_group_28_391_12515.png,-,-
images_group_28_391_12516.png,-,-
images_group_28_391_12517.png,-,-
images_group_28_391_12518.png,-,-
images_group_28_391_12519.png,-,-
images_group_28_391_12520.png,-,-
images_group_28_391_12521.png,-,-
images_group_28_391_12522.png,-,-
images_group_28_391_12523.png,-,-
images_group_28_391_12524.png,-,-
images_group_28_391_12525.png,-,-
images_group_28_391_12526.png,-,-
images_group_28_391_12527.png,-,-
images_group_28_391_12528.png,-,-
images_group_28_391_12529.png,-,-
images_group_28_391_12530.png,-,-
images_group_28_41_12552.png,подъ,подъ
images_group_28_41_12553.png,общій,общій
images_group_28_41_12554.png,Приказа,Приказа
images_group_28_41_12555.png,въ 1863 году,въ 1863 году
images_group_28_41_12556.png,до 8% а въ собствен,до 8% а въ собствен
images_group_28_41_12557.png,убыли,убыли
images_group_28_41_12558.png,до 2:,до 2%
images_group_28_41_12559.png,"эной,","оной,"
images_group_28_41_12560.png,но болѣзнь,но болѣзнь
images_group_28_41_12561.png,Къ,Къ
images_group_28_41_12562.png,на,на
images_group_28_41_12563.png,"а.,","а.,"
images_group_28_41_12564.png,нас,ное
images_group_28_41_12565.png,219-10.,219-10
images_group_28_410_12566.png,No,No
images_group_28_410_12567.png,207.,207.
images_group_28_410_12568.png,Бѣльскомъ.,Бѣльскомъ.
images_group_28_418_12570.png,Въ селѣ,Въ селѣ
images_group_12_1320_0.png,154,154
images_group_12_1320_1.png,Красноярскаго,Красноярскаго
images_group_12_1320_2.png,942,942
images_group_12_1320_3.png,Яковъ,Яковъ
images_group_12_1320_4.png,Жиляевъ.,Жиляевъ.
images_group_12_1320_5.png,въ с.,въ с.
images_group_12_1320_6.png,Еловскомъ.,Еловскомъ.
images_group_12_1320_7.png,950,950
images_group_12_1320_8.png,Полуэктъ,Полужтъ
images_group_12_1320_9.png,Козуль-,Козуль-
images_group_12_1320_10.png,У родственниковъ,У родственниковъ
images_group_12_1320_11.png,Холмогорской,Холмогорской
images_group_12_1320_12.png,Кравченко.,Кравченко.
images_group_12_1320_13.png,ской,ской
images_group_12_1320_14.png,943.,943.
images_group_12_1320_15.png,Тимофей,Тимофей
images_group_12_1320_16.png,Ереме,Ереме
images_group_12_1320_17.png,въ,въ
images_group_12_1320_18.png,Симбирскаго,Симбирскаго
images_group_12_1320_19.png,евъ.,евъ.
images_group_12_1320_20.png,скомъ.,скомъ.
images_group_12_1320_21.png,951,951.
images_group_12_1320_22.png,Арсеній,Арсеній
images_group_12_1320_23.png,Харитоновъ въ с.,Харитоновъ въ с.
images_group_12_1320_24.png,Кизын,Кизын
images_group_12_1320_25.png,Щигринской,Щигринской
images_group_12_1320_26.png,Корниловъ.,Корниловъ.
images_group_12_1320_27.png,жульскомъ,жульскомъ.
images_group_12_1320_28.png,944.,944.
images_group_12_1320_29.png,Василій,Василій
images_group_12_1320_30.png,Никитинъ,Никитинъ
images_group_12_1320_31.png,въ д.,въ д.
images_group_12_1320_32.png,когуль-,когуль-
images_group_12_1320_33.png,Уфимскаго,Уфимскаго
images_group_12_1320_34.png,Шлыковъ,Шлыковъ
images_group_12_1320_35.png,ской.,ской.
images_group_12_1320_36.png,952,952
images_group_12_1320_37.png,Лкимъ,Лкимъ
images_group_12_1320_38.png,Ефимовъ,Ефимовъ
images_group_12_1320_39.png,тюль,Тюль
images_group_12_1320_40.png,въ д.,въ д.
images_group_12_1320_41.png,Потапо-,Потапо-
images_group_12_1320_42.png,Изъ,Изъ
images_group_12_1320_43.png,губернскихъ,Губернскихъ
images_group_12_1320_44.png,ковъ,ковъ
images_group_12_1320_45.png,вой.,вой.
images_group_12_1320_46.png,Баталіоновъ,Баталіоновъ
images_group_12_1320_47.png,Изъ,Изъ
images_group_12_1320_48.png,резервныхъ,резервныхъ
images_group_12_1320_49.png,Ба,ва
images_group_12_1320_50.png,Томскаго,Томскаго
images_group_12_1320_51.png,тамоновъ,тамоновъ
images_group_12_1320_52.png,945,945
images_group_12_1320_53.png,Маркъ,Маркъ
images_group_12_1320_54.png,Тимофеевъ,Тимофеевъ
images_group_12_1320_55.png,въ д.,въ д.
images_group_12_1320_56.png,Рыбной,Рыбной
images_group_12_1320_57.png,крестьянскими,крестьянскими
images_group_12_1320_58.png,19-го,19-го
images_group_12_1320_59.png,Киричевъ.,Киричевъ
images_group_12_1320_60.png,953,953
images_group_12_1320_61.png,Андрей,Андрей
images_group_12_1320_62.png,Васильевъ,Васильевъ
images_group_12_1320_63.png,Вологодскаго,Вологодскаго
images_group_12_1320_64.png,Зыковъ,Зыковъ
images_group_12_1320_65.png,скомъ,скомъ
images_group_12_1320_66.png,946.,946.
images_group_12_1320_67.png,Козьма,Козьма
images_group_12_1320_68.png,Похабовъ,Похабовъ
images_group_12_1320_69.png,въ д.,въ д.
images_group_12_1320_70.png,Мосиной,Мосиной
images_group_12_1320_71.png,23-го,23-го
images_group_12_1320_72.png,947.,947.
images_group_12_1320_73.png,Говъ,Iовъ
images_group_12_1320_74.png,Денисовъ,Денисовъ
images_group_12_1320_75.png,Лозиц-,Лозиц-
images_group_12_1320_76.png,въ д.,въ д.
images_group_12_1320_77.png,Трясу-,Трясу-
images_group_12_1320_78.png,унтеръ,унтеръ
images_group_12_1320_79.png,офицеръ,офицеръ
images_group_12_1320_80.png,кій.,кій.
images_group_12_1320_81.png,чинской.,чинской.
images_group_12_1320_82.png,Петровъ,Петровъ
images_group_12_1320_83.png,имы,Имы
images_group_12_1320_84.png,Самарскаго,Самарскаго
images_group_12_1320_85.png,яновъ.,яновъ.
images_group_12_1320_86.png,шенской.,шенской.
images_group_12_1320_87.png,948.,948.
images_group_12_1320_88.png,Андреянъ,Андреянъ
images_group_12_1320_89.png,Степановъ,Степановъ
images_group_12_1320_90.png,въ,въ
images_group_12_1320_91.png,с.,с.
images_group_12_1320_92.png,Назаров-,Назаров-
images_group_12_1320_93.png,рядовые:,рядовые:
images_group_12_1320_94.png,Патюковъ.,Патюковъ.
images_group_12_1320_95.png,скомъ.,скомъ.
images_group_12_1320_96.png,25-го,25-го
images_group_12_1320_97.png,949,949
images_group_12_1320_98.png,Кирило,Кирило
images_group_12_1320_99.png,Михайловъ,Михайловъ
images_group_12_1320_100.png,въ,въ
images_group_12_1320_101.png,д.,д.
images_group_12_1320_102.png,Больше,Больше
images_group_12_1320_103.png,955.,955.
images_group_12_1320_104.png,Семенъ,Семенъ
images_group_12_1320_105.png,9.,д.
images_group_12_1320_106.png,Локши-,Локши-
images_group_12_1320_107.png,работами,работами.
images_group_12_1320_108.png,Шляховъ.,Шляховъ.
images_group_12_1320_109.png,сырской.,сырской.
images_group_12_1320_110.png,работами.,работами.
images_group_12_1320_111.png,Скоробагатовъ,Скоробагатовъ
images_group_12_1320_112.png,ной.,ной.
images_group_12_1321_114.png,155,155
images_group_12_1321_115.png,8-го,8-го
images_group_12_1321_116.png,Эстляндскаго,Эстляндскаго
images_group_12_1321_117.png,39-го,39-го
images_group_12_1321_118.png,956.,956.
images_group_12_1321_119.png,Платонъ,Платонъ
images_group_12_1321_120.png,Никифо-,Никифо-
images_group_12_1321_121.png,въ с,въ с
images_group_12_1321_122.png,Чернорѣ-,Чернорѣ-
images_group_12_1321_123.png,Уродственниковъ,У родственниковъ
images_group_12_1321_124.png,кресть-,кресть-
images_group_12_1321_125.png,962,962
images_group_12_1321_126.png,Ѳедоръ,Федоръ
images_group_12_1321_127.png,Терентьевъ,Терентьевъ
images_group_12_1321_128.png,въ д.,въ д.
images_group_12_1321_129.png,7 родственниковъ,У родственниковъ
images_group_12_1321_130.png,ровъ,ровъ
images_group_12_1321_131.png,Мокѣевъ.,Мокѣевъ.
images_group_12_1321_132.png,чинскомъ,чинскомъ
images_group_12_1321_133.png,янскими работами,янскими работами.
images_group_12_1321_134.png,Дрянныхъ.,Дрянныхъ.
images_group_12_1321_135.png,шенской.,шенской.
images_group_12_1321_136.png,13-го,13-го
images_group_12_1321_137.png,41-го,41-го
images_group_12_1321_138.png,957,957
images_group_12_1321_139.png,Венедиктъ,Венедиктъ
images_group_12_1321_140.png,Семеновъ,Семеновъ
images_group_12_1321_141.png,въ,въ
images_group_12_1321_142.png,д,д
images_group_12_1321_143.png,Сапожнымъ,Сапожнымъ
images_group_12_1321_144.png,мастерствомъ.,мастерствомъ.
images_group_12_1321_145.png,унтеръ,унтеръ
images_group_12_1321_146.png,офицеры:,офицеры:
images_group_12_1321_147.png,Путинцевъ.,Путинцевъ.
images_group_12_1321_148.png,чульской.,чульской.
images_group_12_1321_149.png,963.,963.
images_group_12_1321_150.png,Михаило,Михаило
images_group_12_1321_151.png,Вальковъ.,Вальковъ.
images_group_12_1321_152.png,въ д.,въ д.
images_group_12_1321_153.png,Усть-березов-,Усть-березов-
images_group_12_1321_154.png,50-го,50-го
images_group_12_1321_155.png,ской.,ской.
images_group_12_1321_156.png,958.,958.
images_group_12_1321_157.png,Андрей,Андрей
images_group_12_1321_158.png,Давыдовъ,Давыдовъ
images_group_12_1321_159.png,въ д.,въ д.
images_group_12_1321_160.png,Малосыр,Малосыр
images_group_12_1321_161.png,964,964.
images_group_12_1321_162.png,Никита,Никита
images_group_12_1321_163.png,Герасимовъ,Герасимовъ
images_group_12_1321_164.png,въ д.,въ д.
images_group_12_1321_165.png,Шадриной,Шадриной
images_group_12_1321_166.png,Кожеленистовъ.,Кожеленистовъ.
images_group_12_1321_167.png,ской.,ской.
images_group_12_1321_168.png,Вяжевъ.,Вяжевъ.
images_group_12_1321_169.png,Изъ,Изъ
images_group_12_1321_170.png,9-го,9-го
images_group_12_1321_171.png,Каптенармусъ,Каптенармусъ
images_group_12_1321_172.png,Резервнаго,Резервнаго
images_group_12_1321_173.png,Бата-,Бата-
images_group_12_1321_174.png,965,965
images_group_12_1321_175.png,Андрей,Андрей
images_group_12_1321_176.png,д.,д.
images_group_12_1321_178.png,крестьянскими,крестьянскими
images_group_12_1321_179.png,мона,мона
images_group_12_1321_180.png,вкоробогатовъ.,Скоробогатовъ.
images_group_12_1321_181.png,татской.,татской.
images_group_12_1321_182.png,959.,959.
images_group_12_1321_183.png,Степанъ,Степанъ
images_group_12_1321_184.png,Михайловъ,Михайловъ
images_group_12_1321_185.png,въ с.,въ с.
images_group_12_1321_186.png,подсосен,Подсосен
images_group_12_1321_187.png,рядовые,рядовые
images_group_12_1321_188.png,Раменскій.,Раменскій.
images_group_12_1321_189.png,скомъ,скомъ.
images_group_12_1321_190.png,крестьянскими,крестьянскими
images_group_12_1321_191.png,966.,966.
images_group_12_1321_192.png,Госифъ,Iосифъ
images_group_12_1321_193.png,Тимофеевъ,Тимофеевъ
images_group_12_1321_194.png,въ д.,въ д.
images_group_12_1321_195.png,Скоробога,Скоробоча
images_group_12_1321_196.png,Изъ,Изъ
images_group_12_1321_197.png,Бурмакинъ.,Бурмакинъ.
images_group_12_1321_198.png,товой.,товой.
images_group_12_1321_199.png,хотныхъ,хотныхъ
images_group_12_1321_200.png,полковъ,полковъ
images_group_12_1321_201.png,967.,967.
images_group_12_1321_202.png,Сидоръ,Сидоръ
images_group_12_1321_203.png,Филиповъ,Филиповъ
images_group_12_1321_204.png,въ с.,въ с.
images_group_12_1321_205.png,подсосен,подсосен
images_group_12_1321_206.png,2-го,2-го
images_group_12_1321_207.png,Софійскаго,Софійскаго
images_group_12_1321_208.png,Елизарьевъ.,Елизарьевъ.
images_group_12_1321_209.png,скомъ,скомъ.
images_group_12_1321_210.png,960.,960.
images_group_12_1321_211.png,Петръ,Петръ
images_group_12_1321_212.png,Емельяновъ,Емельяновъ
images_group_12_1321_213.png,въ д.,въ д.
images_group_12_1321_214.png,Гудковой.,Гудковой.
images_group_12_1321_215.png,968.,968.
images_group_12_1321_216.png,Гаврило,Гаврило
images_group_12_1321_217.png,Игнатьевъ,Игнатьевъ
images_group_12_1321_218.png,въ с.,въ с.
images_group_12_1321_219.png,Даур-,Даур-
images_group_12_1321_220.png,Альковъ,Альковъ
images_group_12_1321_221.png,Старцевъ,Старцевъ
images_group_12_1321_222.png,скомъ,скомъ
images_group_12_1321_223.png,961,961
images_group_12_1321_224.png,Алексѣй,Алексѣй
images_group_12_1321_225.png,Ивановъ,Ивановъ
images_group_12_1321_226.png,въ с.,въ с.
images_group_12_1321_227.png,подсосен,подсосен
images_group_12_1321_228.png,работами.,работами.
images_group_12_1321_229.png,969,969
images_group_12_1321_230.png,Прокопій,Прокопій
images_group_12_1321_231.png,Алексѣевъ,Алексѣевъ
images_group_12_1321_232.png,въ с.,въ с.
images_group_12_1321_234.png,работами,работами
images_group_12_1321_235.png,Качаевъ,Качаевъ
images_group_12_1321_236.png,скомъ.,скомъ.
images_group_12_1321_237.png,Ассесоръ,Ассесоръ
images_group_12_1330_1468.png,No8,No8.
images_group_12_1330_1469.png,164,164
images_group_12_1330_1470.png,Копія.,Копія.
images_group_12_1330_1472.png,за 1867 годъ,за 1867 годъ
images_group_12_1330_1481.png,"2,","2,"
images_group_12_1330_1482.png,Опекъ,Опекъ
images_group_12_1330_1483.png,по,по
images_group_12_1330_1484.png,особому,особому
images_group_12_1330_1485.png,Высочайшему,Высочайшему
images_group_12_1330_1486.png,по-,по-
images_group_12_1330_1487.png,велѣнію,велѣнію
images_group_12_1330_1488.png,нѣтъ.,нѣтъ.
images_group_12_1330_1489.png,На,Ува
images_group_12_1330_1490.png,серебро.,серебро.
images_group_12_1330_1493.png,"3.,","3.,"
images_group_12_1330_1494.png,Попечительствъ,Попечительствъ
images_group_12_1330_1495.png,надъ,надъ
images_group_12_1330_1496.png,несовершенно-,несовершенно-
images_group_12_1330_1497.png,Состояло.,Состояло.
images_group_12_1330_1498.png,прибыло,прибыло
images_group_12_1330_1499.png,Убыло.,Убыло.
images_group_12_1330_1500.png,Состоитъ,Состоитъ
images_group_12_1330_1501.png,"лѣтними,","лѣтними,"
images_group_12_1330_1502.png,досташими,достигшими
images_group_12_1330_1503.png,14-ти,14-ти
images_group_12_1330_1504.png,и,и
images_group_12_1330_1505.png,17ти,17-ти
images_group_12_1330_1506.png,Руз,Руб
images_group_12_1330_1507.png,коп.,коп.
images_group_12_1330_1508.png,руб,руб
images_group_12_1330_1509.png,коп,коп
images_group_12_1330_1510.png,руб,руб
images_group_12_1330_1511.png,коп,коп
images_group_12_1330_1512.png,руб,руб
images_group_12_1330_1513.png,коп.,коп.
images_group_12_1330_1514.png,лѣтняго,лѣтняго
images_group_12_1330_1515.png,возроста,возроста
images_group_12_1330_1516.png,учребидено,учреждено
images_group_12_1330_1517.png,въ,въ
images_group_12_1330_1518.png,1867 го-,1867 го-
images_group_12_1330_1519.png,"1.,","1.,"
images_group_12_1330_1520.png,Принадлежащихъ,Принадлежащихъ
images_group_12_1330_1521.png,собственно,собственно
images_group_12_1330_1523.png,14.,14.
images_group_12_1330_1524.png,Приказу.,Приказу.
images_group_12_1330_1525.png,105362,105362
images_group_12_1330_1526.png,97 3/4,97 3/4
images_group_12_1330_1527.png,30.736,30.736
images_group_12_1330_1528.png,7.,7.
images_group_12_1330_1529.png,41.074.,41.074.
images_group_12_1330_1530.png,82 1/4. 95.024.,82 1/4. 95.024.
images_group_12_1330_1531.png,22 1/2,22 1/2
images_group_12_1330_1532.png,4.),4.)
images_group_12_1330_1533.png,Въ,Въ
images_group_12_1330_1534.png,числѣ,числѣ
images_group_12_1330_1535.png,показанныхъ,показанныхъ
images_group_12_1330_1536.png,по,по
images_group_12_1330_1537.png,вѣдомости,вѣдомости
images_group_12_1330_1538.png,а),а)
images_group_12_1330_1539.png,наросло,наросло
images_group_12_1330_1540.png,процентовъ,процентовъ
images_group_12_1330_1541.png,11.194 р.,11.194 р.
images_group_12_1330_1542.png,опекъ,опекъ
images_group_12_1330_1543.png,надъ,надъ
images_group_12_1330_1544.png,"малолѣтними,","малолѣтними,"
images_group_12_1330_1545.png,въ,въ
images_group_12_1330_1546.png,1867,1867
images_group_12_1330_1547.png,году,году
images_group_12_1330_1548.png,"71 к.,","71 к.,"
images_group_12_1330_1549.png,пріобрѣтено,пріобрѣтено
images_group_12_1330_1550.png,пользы,пользы
images_group_12_1330_1551.png,отъ,отъ
images_group_12_1330_1552.png,учреждено:,учреждено:
images_group_12_1330_1553.png,дворянскихъ - 2,дворянскихъ - 2
images_group_12_1330_1554.png,и,и
images_group_12_1330_1555.png,городскихъ - 12.,городскихъ - 12.
images_group_12_1330_1556.png,хозяйственныхъ,хозяйственныхъ
images_group_12_1330_1557.png,заведеній-,заведеній-
images_group_12_1330_1558.png,15865,15865
images_group_12_1330_1559.png,Свидѣтельствую:,Свидѣтельствую:
images_group_12_1330_1560.png,р.,р
images_group_12_1330_1561.png,17 1/4,17 1/4
images_group_12_1330_1562.png,"к.,","к.,"
images_group_12_1330_1563.png,отъ,отъ
images_group_12_1330_1564.png,продажи,продажи
images_group_12_1330_1565.png,иг-,иг-
images_group_12_1330_1566.png,Управляющій,Управляющій
images_group_12_1330_1567.png,губерніею,губерніею
images_group_12_1330_1568.png,Алексѣй,Алексѣй
images_group_12_1330_1570.png,ральныхъ,ральныхъ
images_group_12_1330_1571.png,картъ,картъ
images_group_12_1330_1572.png,211 р.,211 р.
images_group_12_1330_1573.png,44 1/4,44 1/4
images_group_12_1330_1574.png,"к.,","к.,"
images_group_12_1330_1575.png,пенныхъ,пенныхъ
images_group_12_1330_1576.png,и,и
images_group_12_1330_1577.png,шитрафныхъ,штрафныхъ
images_group_12_1330_1578.png,384 р,384 р
images_group_12_1330_1579.png,"63 1/4 к.,","63/4 к.,"
images_group_12_1330_1580.png,изъ,изъ
images_group_12_1330_1581.png,казны,казны
images_group_12_1330_1582.png,въ,въ
images_group_12_1330_1583.png,возна-,возна-
images_group_12_1330_1584.png,гражденіе,гражденіе
images_group_12_1330_1585.png,уменьшенныхъ,уменьшенныхъ
images_group_12_1330_1586.png,процентовъ,процентовъ
images_group_12_1330_1587.png,на,на
images_group_12_1330_1588.png,капиталъ,капиталъ
images_group_12_1330_1589.png,Приказа,Приказа
images_group_12_1330_1590.png,277 р.,277 р.
images_group_12_1330_1591.png,14 1/4 к.,14/4 к.
images_group_12_1330_1592.png,и,и
images_group_12_1330_1593.png,про-,про-
images_group_12_1330_1594.png,чихъ,чихъ
images_group_12_1330_1595.png,случайныхъ,случайныхъ
images_group_12_1330_1596.png,доходовъ,доходовъ
images_group_12_1330_1597.png,-2802 р.,-2802 р.
images_group_12_1330_1598.png,97 к.,97 к.
images_group_12_1330_1599.png,б),б)
images_group_12_1330_1600.png,израсходовано,израсходовано
images_group_12_1330_1601.png,на,на
images_group_12_1330_1602.png,содержа-,содержа-
images_group_12_1330_1603.png,Съѣдникнымъ,Съ подлиннымъ
images_group_12_1330_1604.png,вѣрно:,вѣрно:
images_group_12_1330_1605.png,ніе:,ніе:
images_group_12_1330_1606.png,канцеляріи,канцеляріи
images_group_12_1330_1607.png,приказа,приказа
images_group_12_1330_1608.png,Чиновникъ,Чиновника
images_group_12_1330_1609.png,Особыръ,Особыръ
images_group_12_1330_1610.png,Порученій,Порученій
images_group_12_1330_1611.png,Е. Моврустукій,Е. Мокрушукій
images_group_12_1330_1612.png,3649 р.,3649 р.
images_group_12_1330_1613.png,98 1/2,98 1/2
images_group_12_1330_1614.png,"к.,","к.,"
images_group_12_1330_1615.png,Богородныхъ,Богородныхъ
images_group_12_1344_3863.png,Соляная,Соляная
images_group_12_1344_3864.png,лавочка,лавочка
images_group_12_1344_3865.png,дерев.,дерев.
images_group_12_1344_3866.png,1.,1.
images_group_12_1344_3867.png,177,171
images_group_12_1344_3868.png,Еврейская,Еврейская
images_group_12_1344_3869.png,молитвенная,молитвенная
images_group_12_1344_3870.png,Мясной,Мясной
images_group_12_1344_3871.png,рядъ,рядъ
images_group_12_1344_3872.png,дерев.,дерев.
images_group_12_1344_3873.png,школа,школа
images_group_12_1344_3874.png,деревянная,деревянная
images_group_12_1344_3875.png,Гостинныхъ,Гостинныхъ
images_group_12_1344_3876.png,дворовъ,дворовъ
images_group_12_1344_3877.png,кам.,кам.
images_group_12_1344_3878.png,домовъ,домовъ
images_group_12_1344_3879.png,Каменныхъ,Каменныхъ
images_group_12_1344_3880.png,2.,2.
images_group_12_1344_3881.png,Учи-,Учи-
images_group_12_1344_3882.png,каменныхъ.,каменныхъ.
images_group_12_1344_3883.png,церковныхъ,церковныхъ
images_group_12_1344_3884.png,деревянныхъ.,деревянныхъ.
images_group_12_1344_3885.png,2,2.
images_group_12_1344_3886.png,лицъ,лицъ
images_group_12_1344_3887.png,деревянныхъ,деревянныхъ
images_group_12_1344_3888.png,домовъ,домовъ
images_group_12_1344_3889.png,об-,об-
images_group_12_1344_3890.png,камен.,камен.
images_group_12_1344_3891.png,2.,2.
images_group_12_1344_3892.png,Острогъ,Острогъ
images_group_12_1344_3893.png,каменный.,каменный.
images_group_12_1344_3894.png,щественныхъ,щественныхъ
images_group_12_1344_3895.png,деревянн.,деревянн.
images_group_12_1344_3896.png,10.,10.
images_group_12_1344_3897.png,Пороховой,Пороховой
images_group_12_1344_3898.png,погребъ,погребъ
images_group_12_1344_3899.png,камен.,камен.
images_group_12_1344_3900.png,1.,1.
images_group_12_1344_3901.png,Богадѣльня,Богадѣльня
images_group_12_1344_3902.png,каменна.,каменнаг.
images_group_12_1344_3903.png,Больницъ,Больницъ
images_group_12_1344_3904.png,каменныхъ,каменныхъ
images_group_12_1344_3905.png,2.,2.
images_group_12_1344_3906.png,Кладовыя,Кладовыя
images_group_12_1344_3907.png,губернскаго,Губернскаго
images_group_12_1344_3908.png,Домъ,Домъ
images_group_12_1344_3909.png,умалишенныхъ,умалишенныхъ
images_group_12_1344_3910.png,кам.,кам.
images_group_12_1344_3911.png,Казначейства,Казначейства
images_group_12_1344_3912.png,каменных.,Каменныхъ
images_group_12_1344_3913.png,2,2.
images_group_12_1344_3914.png,Анатомическій,Анатомическій
images_group_12_1344_3915.png,театръ,театръ
images_group_12_1344_3916.png,дерев..,дерев..
images_group_12_1344_3917.png,1.,1.
images_group_12_1344_3918.png,Корпусовъ,Корпусовъ
images_group_12_1344_3919.png,принадлежащихъ,принадлежащихъ
images_group_12_1344_3920.png,Военных сборных,Военныя сборных
images_group_12_1344_3921.png,дерев.,дерев.
images_group_12_1344_3922.png,2.,2.
images_group_12_1344_3923.png,военному,военному
images_group_12_1344_3924.png,"вѣдомству,","вѣдомству,"
images_group_12_1344_3925.png,дерев.,дерев.
images_group_12_1344_3926.png,8.,8.
images_group_12_1344_3927.png,куз-,куз-
images_group_12_1344_3928.png,каменная.,каменная.
images_group_12_1344_3929.png,1.,1.
images_group_12_1344_3930.png,заво-,заво-
images_group_12_1344_3931.png,кожевенныхъ,кожевенныхъ
images_group_12_1344_3932.png,6.,6.
images_group_12_1344_3933.png,ницъ,ницъ
images_group_12_1344_3934.png,деревянныхъ,деревянныхъ
images_group_12_1344_3935.png,20.,20.
images_group_12_1344_3936.png,мыловаренныхъ,мыловаренныхъ
images_group_12_1344_3937.png,Питейныхъ,Питейныхъ
images_group_12_1344_3938.png,домовъ,домовъ
images_group_12_1344_3939.png,дерев.,дерев.
images_group_12_1344_3940.png,113.,113.
images_group_12_1344_3941.png,довъ и,довъ и
images_group_12_1344_3942.png,Солотопенныхъ.,Солотопенныхъ.
images_group_12_1344_3943.png,3.,3.
images_group_12_1344_3944.png,Каменныхъ.,Каменныхъ.
images_group_12_1344_3945.png,30.,30.
images_group_12_1344_3946.png,Итого,Итого
images_group_12_1344_3947.png,Деревянныхъ,Деревянныхъ
images_group_12_1344_3948.png,190.,190.
images_group_12_1344_3949.png,Воскобитильный,Воскобитильный
images_group_12_1344_3950.png,Всего.,Всего.
images_group_12_1344_3951.png,220.,220.
images_group_12_1344_3952.png,фабрикъ,фабрикъ
images_group_12_1344_3953.png,Маслобойный,Маслобойный
images_group_12_1344_3954.png,Кирпичныхъ,Кирпичныхъ
images_group_12_1344_3955.png,Въ,Въ
images_group_12_1344_3956.png,Енисейскѣ.,Енисейскѣ.
images_group_12_1344_3957.png,7,7.
images_group_12_1344_3958.png,11.,11.
images_group_12_1344_3959.png,22.,22.
images_group_12_1344_3960.png,1100.,1100.
images_group_12_1344_3961.png,115.,115.
images_group_12_1344_3962.png,167.,167.
images_group_12_1344_3963.png,Церквей,Церквей
images_group_12_1344_3964.png,Православныхъ,Православныхъ
images_group_12_1344_3965.png,деревн,деревен
images_group_12_1344_3966.png,Гончарный.,Гончарный.
images_group_12_1344_3967.png,каменныхъ,каменныхъ
images_group_12_1344_3968.png,Экипажный,Экипажный
images_group_12_1344_3969.png,дасо-,Часо-
images_group_12_1344_3970.png,Каменная,Каменная
images_group_12_1344_3971.png,ныхъ,ныхъ
images_group_12_1344_3972.png,Пивоварный,Пивоварный
images_group_12_1344_3973.png,вень,вень
images_group_12_1344_3974.png,деревянная,деревянная
images_group_12_1344_3975.png,Толчей,Толчей
images_group_12_1344_3976.png,для,для
images_group_12_1344_3977.png,дуба.,дуба.
images_group_12_1344_3978.png,1.,1.
images_group_12_1344_3979.png,Монастырей,Монастырей
images_group_12_1344_3980.png,каменныхъ.,каменныхъ.
images_group_12_1344_3981.png,2.,2.
images_group_12_1344_3982.png,Мельница,Мельница
images_group_12_1344_3983.png,водяннаг.,водянная.
images_group_12_1344_3984.png,Еврейская,Еврейская
images_group_12_1344_3985.png,молитвенная,молитвенная
images_group_12_1344_3986.png,ма-,ма-
images_group_12_1344_3987.png,Провіантскихъ,Провіантскихъ.
images_group_12_1344_3988.png,гази,гази
images_group_12_1344_3989.png,Соляной.,Соляной.
images_group_12_1344_3990.png,школа,школа
images_group_12_1344_3991.png,деревянная.,деревянная.
images_group_12_1344_3992.png,домовъ,домовъ
images_group_12_1344_3993.png,каменныхъ,каменныхъ
images_group_12_1344_3994.png,Хлѣбный,Хлѣбный
images_group_12_1344_3995.png,церковы,церковн
images_group_12_1344_3996.png,деревянныхъ,деревянныхъ
images_group_12_1344_3997.png,новъ,новъ
images_group_12_1344_3998.png,Винныхъ,Винныхъ
images_group_12_1344_3999.png,2,2.
images_group_12_1344_4000.png,вѣрно:,вѣрно:
images_group_12_1345_4001.png,Куз-,Куз-
images_group_12_1345_4002.png,каменная,каменная
images_group_12_1345_4003.png,179,178
images_group_12_1345_4004.png,Домовъ,Домовъ
images_group_12_1345_4005.png,каменныхъ,каменныхъ
images_group_12_1345_4006.png,в.,в.
images_group_12_1345_4007.png,ницъ,ницъ
images_group_12_1345_4008.png,деревянныхъ,деревянныхъ
images_group_12_1345_4009.png,32,32
images_group_12_1345_4010.png,обществ..,обществ.
images_group_12_1345_4011.png,деревянныхъ,деревянныхъ
images_group_12_1345_4012.png,Будокъ,Будокъ
images_group_12_1345_4013.png,деревянныхъ,деревянныхъ
images_group_12_1345_4014.png,8.,8.
images_group_12_1345_4015.png,Кладовая,Кладовая
images_group_12_1345_4016.png,Окружнаго,Окружнаго
images_group_12_1345_4017.png,Каз-,каз-
images_group_12_1345_4018.png,Питейныхъ,Питейныхъ
images_group_12_1345_4019.png,домовъ,домовъ
images_group_12_1345_4020.png,деревян.,деревян.
images_group_12_1345_4021.png,93.,93.
images_group_12_1345_4022.png,каменныхъ,каменныхъ
images_group_12_1345_4023.png,31,31
images_group_12_1345_4024.png,начейства,начейства
images_group_12_1345_4025.png,каменнаг.,каменнаг.
images_group_12_1345_4026.png,Итого.,Итого.
images_group_12_1345_4027.png,деревянныхъ.,деревянныхъ.
images_group_12_1345_4028.png,179,179
images_group_12_1345_4029.png,богадѣльня,Богадѣльня
images_group_12_1345_4030.png,каменная.,каменная.
images_group_12_1345_4031.png,Всего.,Всего.
images_group_12_1345_4032.png,210.,210.
images_group_12_1345_4033.png,Заводовъ,Заводовъ
images_group_12_1345_4034.png,Кожевенныхъ.,кожевенныхъ.
images_group_12_1345_4035.png,3.,3.
images_group_12_1345_4036.png,Мыловаренный,Мыловаренный
images_group_12_1345_4037.png,Въ,Въ
images_group_12_1345_4038.png,Ачинскѣ,Ачинскѣ
images_group_12_1345_4039.png,8.,8.
images_group_12_1345_4040.png,508.,508.
images_group_12_1345_4041.png,508.,508.
images_group_12_1345_4042.png,80,80
images_group_12_1345_4043.png,80.,80.
images_group_12_1345_4044.png,Церквей,Церквей
images_group_12_1345_4045.png,православныхъ,православныхъ
images_group_12_1345_4046.png,и фабрикъ,и фабрикъ
images_group_12_1345_4047.png,Маелобойный,Маслобойный
images_group_12_1345_4048.png,каменныхъ,каменныхъ
images_group_12_1345_4049.png,2.,2.
images_group_12_1345_4050.png,Канатныхъ,Канатныхъ
images_group_12_1345_4051.png,деревянныхъ.,деревянныхъ.
images_group_12_1345_4052.png,деревян,деревян
images_group_12_1345_4053.png,Кирпичныхъ,Кирпичныхъ
images_group_12_1345_4054.png,3.,3.
images_group_12_1345_4055.png,Часовня,Часовня
images_group_12_1345_4056.png,деревянная,деревянная
images_group_12_1345_4057.png,Еврейская,Еврейская
images_group_12_1345_4058.png,молитвенная,молитвенная
images_group_12_1345_4059.png,Солотопенный,Солотопенный
images_group_12_1345_4060.png,школа,школа
images_group_12_1345_4061.png,деревянная.,деревянная.
images_group_12_1345_4062.png,1.,1.
images_group_12_1345_4063.png,ныхъ.,ныхъ.
images_group_12_1345_4064.png,Экипажный,Экипажный
images_group_12_1345_4065.png,Домъ,Домъ
images_group_12_1345_4066.png,церковный,церковный
images_group_12_1345_4067.png,дерев.,дерев.
images_group_12_1345_4068.png,Театръ,Театръ
images_group_12_1345_4069.png,деревянный.,деревянный.
images_group_12_1345_4070.png,Домовъ,Домовъ
images_group_12_1345_4071.png,общественныхъ,общественныхъ
images_group_12_1345_4072.png,провіантскій.,провіантскій.
images_group_12_1345_4073.png,деревянныхъ.,деревянныхъ.
images_group_12_1345_4074.png,магази,магази
images_group_12_1345_4075.png,Соляной,Соляной
images_group_12_1345_4076.png,Богадѣльня,Богадѣльня
images_group_12_1345_4077.png,деревянная,деревянная
images_group_12_1345_4078.png,новъ.,новъ.
images_group_12_1345_4079.png,Винныхъ,Винныхъ
images_group_12_1345_4080.png,Кладовая,Кладовая
images_group_12_1345_4081.png,Окружнаго,Окружнаго
images_group_12_1345_4082.png,Каз-,Каз-
images_group_12_1345_4083.png,Хлѣбный.,Хлѣбный.
images_group_12_1345_4084.png,начейства,начейства
images_group_12_1345_4085.png,каменная.,каменная.
images_group_12_1345_4086.png,Гостинный,Гостинный
images_group_12_1345_4087.png,дворъ,дворъ
images_group_12_1345_4088.png,камен.,камен.
images_group_12_1345_4089.png,Заводовъ,Заводовъ
images_group_12_1345_4090.png,деревянныхъ,деревянныхъ
images_group_12_1345_4091.png,ко-,ко-
images_group_12_1345_4092.png,Мясной,Мясной
images_group_12_1345_4093.png,рядъ,рядъ
images_group_12_1345_4094.png,дерев.,дерев.
images_group_12_1345_4095.png,жевенныхъ,жевенныхъ
images_group_12_1345_4096.png,уш,учи
images_group_12_1345_4097.png,Каменное,Каменное.
images_group_12_1345_4098.png,Мель-,Мель-
images_group_12_1345_4099.png,водянныхъ,водянныхъ
images_group_12_1345_4100.png,лицъ,лищъ
images_group_12_1345_4101.png,деревянныхъ,деревянныхъ
images_group_12_1345_4102.png,2,2
images_group_12_1345_4103.png,ницъ,ницъ
images_group_12_1345_4104.png,вѣтренная.,вѣтренная.
images_group_12_1345_4105.png,1.,1.
images_group_12_1345_4106.png,Острогъ,Острогъ
images_group_12_1345_4107.png,каменный.,каменный.
images_group_12_1345_4108.png,Провіантскій,Провіантскій
images_group_12_1345_4109.png,Пороховой,Пороховой
images_group_12_1345_4110.png,погребъ,погребъ
images_group_12_1345_4111.png,камен.,камен.
images_group_12_1345_4112.png,Магази,Магази
images_group_12_1345_4113.png,Соляной.,Соляной.
images_group_12_1345_4114.png,Больница,Больница
images_group_12_1345_4115.png,каменная,каменная
images_group_12_1345_4116.png,новъ.,но въ.
images_group_12_1345_4117.png,Хлѣбныхъ,Хлѣбныхъ
images_group_12_1345_4118.png,2,2.
images_group_12_1345_4119.png,Военная,Военная
images_group_12_1345_4120.png,сборня,сборня
images_group_12_1345_4121.png,деревян.,деревян.
images_group_12_1345_4122.png,Винныхъ.,Винныхъ.
images_group_12_1345_4123.png,4.,4.
images_group_12_1348_4384.png,181,181
images_group_12_1348_4385.png,Число,Число
images_group_12_1348_4386.png,войскъ,войскъ
images_group_12_1348_4387.png,423,423
images_group_12_1348_4388.png,саж.,саж.
images_group_12_1348_4389.png,скотскаго,скотскаго
images_group_12_1348_4390.png,выпуска,выпуска
images_group_12_1348_4391.png,3950,3950
images_group_12_1348_4392.png,десят.,десят.
images_group_12_1348_4393.png,1205,1205
images_group_12_1348_4394.png,саж.,саж.
images_group_12_1348_4395.png,солонцевъ,солонцевъ
images_group_12_1348_4396.png,29680,29680
images_group_12_1348_4397.png,десят,десят.
images_group_12_1348_4398.png,1188 саж.,1188 саж.
images_group_12_1348_4399.png,Въ,Въ
images_group_12_1348_4400.png,губерніи,губерніи
images_group_12_1348_4401.png,находится,находится
images_group_12_1348_4402.png,Губернскаго,Губернскаго
images_group_12_1348_4403.png,Бата,Бата
images_group_12_1348_4404.png,"удобной,","удобной,"
images_group_12_1348_4405.png,но,но
images_group_12_1348_4406.png,не,не
images_group_12_1348_4407.png,обработанной,обработанной
images_group_12_1348_4408.png,293001,293001
images_group_12_1348_4409.png,десят.,десят.
images_group_12_1348_4410.png,849,849
images_group_12_1348_4411.png,саж.,саж.
images_group_12_1348_4412.png,-,-
images_group_12_1348_4413.png,неудобной,неудобной
images_group_12_1348_4414.png,418448,418.448
images_group_12_1348_4415.png,десят.,десят.
images_group_12_1348_4416.png,2154,2154
images_group_12_1348_4417.png,саж.,саж.
images_group_12_1348_4418.png,мона,мона
images_group_12_1348_4419.png,и,и
images_group_12_1348_4420.png,подвѣдомственныхъ,подвѣдомственныхъ
images_group_12_1348_4421.png,оному,оному
images_group_12_1348_4422.png,Командъ,Командъ
images_group_12_1348_4423.png,"2031,","2031,"
images_group_12_1348_4424.png,Енисейскаго,Енисейскаго
images_group_12_1348_4425.png,Казачьяго,Казачьяго
images_group_12_1348_4426.png,коннаго,коннаго
images_group_12_1348_4427.png,полка,полка
images_group_12_1348_4428.png,подъ,подъ
images_group_12_1348_4429.png,водами,водами
images_group_12_1348_4430.png,326.460,326.460
images_group_12_1348_4431.png,десят.,десят.
images_group_12_1348_4432.png,283 саж.,283 саж.
images_group_12_1348_4433.png,итого,итого
images_group_12_1348_4434.png,"6871,","6871,"
images_group_12_1348_4435.png,/,/.
images_group_12_1348_4436.png,въ,въ
images_group_12_1348_4437.png,томъ,томъ
images_group_12_1348_4438.png,числѣ,числѣ
images_group_12_1348_4439.png,въ,въ
images_group_12_1348_4440.png,строю,строю
images_group_12_1348_4441.png,1178,1178
images_group_12_1348_4442.png,.),.)
images_group_12_1348_4443.png,Кра,Кра
images_group_12_1348_4444.png,3.755603,3.755603
images_group_12_1348_4445.png,десят.,десят.
images_group_12_1348_4446.png,155,155
images_group_12_1348_4447.png,саж.,саж.
images_group_12_1348_4448.png,"Неизмѣренной,","Неизмѣренной,"
images_group_12_1348_4449.png,по,по
images_group_12_1348_4450.png,приблизительному,приблизительному
images_group_12_1348_4451.png,исчисленію,исчисленію
images_group_12_1348_4452.png,211.070.632,211.070.632
images_group_12_1348_4453.png,сноярской,сноярской
images_group_12_1348_4454.png,Жандармской,Жандармской
images_group_12_1348_4455.png,команды-,Команды-
images_group_12_1348_4456.png,35.,35.
images_group_12_1348_4457.png,десят.,десят.
images_group_12_1348_4458.png,434,434
images_group_12_1348_4459.png,саж.,саж.
images_group_12_1348_4460.png,а,а
images_group_12_1348_4461.png,всего,всего
images_group_12_1348_4462.png,214.825235,214.825235
images_group_12_1348_4463.png,десят.,десят.
images_group_12_1348_4464.png,Солдатскихъ,солдатскихъ
images_group_12_1348_4465.png,дѣтей,дѣтей
images_group_12_1348_4466.png,и,и
images_group_12_1348_4467.png,"Кантонистовъ-684,","кантонистовъ-684,"
images_group_12_1348_4468.png,безсрочно-,безсрочно-
images_group_12_1348_4469.png,отпускныхъ-,отпускныхъ-
images_group_12_1348_4470.png,"1083,","1083,"
images_group_12_1348_4471.png,отставныхъ,отставныхъ
images_group_12_1348_4472.png,500,500
images_group_12_1348_4473.png,саж.,саж.
images_group_12_1348_4474.png,казаковъ,казаковъ
images_group_12_1348_4475.png,и,и
images_group_12_1348_4476.png,нижнихъ,нижнихъ
images_group_12_1348_4477.png,воинскихъ,воинскихъ
images_group_12_1348_4478.png,чиновъ,чиновъ
images_group_12_1348_4479.png,Церкви,Церкви:
images_group_12_1348_4480.png,"1810,","1810,"
images_group_12_1348_4481.png,находящихся,находящихся
images_group_12_1348_4482.png,въ,въ
images_group_12_1348_4483.png,продолжитель-,продолжитель-
images_group_12_1348_4484.png,номъ,номъ
images_group_12_1348_4485.png,отпуску-,отпуску-
images_group_12_1348_4486.png,"325,","325,"
images_group_12_1348_4487.png,состоящихъ,состоящихъ
images_group_12_1348_4488.png,на ка-,на ка-
images_group_12_1348_4489.png,зенномъ,зенномъ
images_group_12_1348_4490.png,содержаніи-,содержаніи-
images_group_12_1348_4491.png,"29,","29,"
images_group_12_1348_4492.png,всего 12.,всего 12.
images_group_12_1348_4493.png,868,868
images_group_12_1348_4494.png,че-,че-
images_group_12_1348_4495.png,Въ,Въ
images_group_12_1348_4496.png,губерніи,губерніи
images_group_12_1348_4497.png,церквей,церквей
images_group_12_1348_4498.png,православныхъ: ка,православныхъ: ка
images_group_12_1348_4499.png,менныхъ,менныхъ
images_group_12_1348_4500.png,113.-,"11 3.-,"
images_group_12_1348_4501.png,деревянныхъ,деревянныхъ
images_group_12_1348_4502.png,94-,94-
images_group_12_1348_4503.png,Монасты,Монасты
images_group_12_1348_4504.png,ловѣкъ,ловѣкъ
images_group_12_1348_4505.png,рей,рей
images_group_12_1348_4506.png,каменныхъ,каменныхъ
images_group_12_1348_4507.png,"3,","3,"
images_group_12_1348_4508.png,часовень:,часовень:
images_group_12_1348_4509.png,каменныхъ,каменныхъ
images_group_12_1348_4510.png,Количество,Количество
images_group_12_1348_4511.png,земли,земли.
images_group_12_1348_4512.png,6-,"6-,"
images_group_12_1348_4513.png,деревянныхъ,деревянныхъ
images_group_12_1348_4514.png,"183,","183,"
images_group_12_1348_4515.png,всего,всего
images_group_12_1348_4516.png,399.,399.
images_group_12_1348_4517.png,Дру-,Дру-
images_group_12_1348_4518.png,гихъ,гихъ
images_group_12_1348_4519.png,исповѣданій:,исповѣданій:
images_group_12_1348_4520.png,Римско-,Римско-
images_group_12_1348_4521.png,котолическа,котолическа
images_group_12_1348_4522.png,церковь,церковь
images_group_12_1348_4523.png,деревянная,деревянная
images_group_12_1348_4524.png,"1,","1,"
images_group_12_1348_4525.png,Лютеранская,Лютеранская
images_group_12_1348_4526.png,Въ,Въ
images_group_12_1348_4527.png,губерніи,губерніи
images_group_12_1348_4528.png,состоитъ,состоитъ
images_group_12_1348_4529.png,земли:,земли:
images_group_12_1348_4530.png,Измѣрен,Измѣрен
images_group_12_1348_4531.png,ной:,ной:
images_group_12_1348_4532.png,подъ,подъ
images_group_12_1348_4533.png,"строеніями,","строеніями,"
images_group_12_1348_4534.png,усадьбами,усадьбами
images_group_12_1348_4535.png,и,и
images_group_12_1348_4536.png,вы,вы
images_group_12_1348_4537.png,каменная,каменная
images_group_12_1348_4538.png,"1,","1.,"
images_group_12_1348_4539.png,Еврейскихъ,Еврейскихъ
images_group_12_1348_4540.png,молитвен-,молитвен-
images_group_12_1348_4541.png,ныхъ,ныхъ
images_group_12_1348_4542.png,школъ,школъ
images_group_12_1348_4543.png,"4,","4,"
images_group_12_1348_4544.png,Идолопоклонническихъ,Идолопоклонническихъ
images_group_12_1348_4545.png,гонами,гонами
images_group_12_1348_4546.png,243.,243.
images_group_12_1348_4547.png,915,915
images_group_12_1348_4548.png,десят.,десят.
images_group_12_1348_4549.png,1342,1342
images_group_12_1348_4550.png,"саж., -","саж., -"
images_group_12_1348_4551.png,пашна,пашней
images_group_12_1348_4552.png,1.229.226,1.229.226
images_group_12_1348_4553.png,десят.,десят.
images_group_12_1348_4554.png,2006,2006
images_group_12_1348_4555.png,саж.,саж.
images_group_12_1348_4556.png,сѣнокосной,сѣнокосной
images_group_12_1348_4557.png,337022,337022
images_group_12_1348_4558.png,кумиренъ,кумирень
images_group_12_1348_4559.png,нѣтъ.,нѣтъ.
images_group_12_1348_4560.png,десят.,десят.
images_group_12_1348_4561.png,1315,1315
images_group_12_1348_4562.png,саж.,саж.
images_group_12_1348_4563.png,подъ,подъ
images_group_12_1348_4564.png,лѣсами,лѣсами
images_group_12_1348_4565.png,872,872
images_group_12_1348_4566.png,844,844
images_group_12_1348_4567.png,десят.,десят.
images_group_12_1353_5283.png,8.),8.)
images_group_12_1353_5284.png,Троицкая.,Троицкая.
images_group_12_1353_5285.png,въ селѣ,въ селѣ
images_group_12_1353_5286.png,Солгон,Солгон
images_group_12_1353_5287.png,3.),3)
images_group_12_1353_5288.png,Васильевская,Васильевская
images_group_12_1353_5289.png,въ,въ
images_group_12_1353_5290.png,селѣ,селѣ
images_group_12_1353_5291.png,Изын,Изын
images_group_12_1353_5292.png,"скомъ,","скомъ,"
images_group_12_1353_5293.png,въ,въ
images_group_12_1353_5294.png,празд-,празд-
images_group_12_1353_5295.png,жульскомъ,жульскомъ
images_group_12_1353_5296.png,съ,съ
images_group_12_1353_5297.png,1-го по,1-го по
images_group_12_1353_5298.png,4-я Января,4-е Января
images_group_12_1353_5299.png,Съѣзда,Съѣзда
images_group_12_1353_5300.png,никъ,никъ
images_group_12_1353_5301.png,Св.,Св.
images_group_12_1353_5302.png,трой,Трой
images_group_12_1353_5304.png,-3,-3
images_group_12_1353_5305.png,дня.,дня.
images_group_12_1353_5306.png,1080 р,1080 р
images_group_12_1353_5307.png,215 р,215 р
images_group_12_1353_5308.png,4),4)
images_group_12_1353_5309.png,Никольская.,Никольская.
images_group_12_1353_5310.png,тамъ же,Тамъ же
images_group_12_1353_5311.png,съ,съ
images_group_12_1353_5312.png,Чернорѣчинской,Чернорѣчинской
images_group_12_1353_5313.png,9-го полк-,9-го по 12-е
images_group_12_1353_5314.png,Мая,Мая
images_group_12_1353_5315.png,торговцевъ,торговцевъ
images_group_12_1353_5316.png,волости.,волости:
images_group_12_1353_5317.png,9,9.)
images_group_12_1353_5318.png,Михайловская.,Михайловская.
images_group_12_1353_5319.png,въ,въ
images_group_12_1353_5320.png,селѣ,селѣ
images_group_12_1353_5321.png,черно,черно
images_group_12_1353_5322.png,5),"5.),"
images_group_12_1353_5323.png,Троицкая.,Троицкая.
images_group_12_1353_5324.png,въ,въ
images_group_12_1353_5325.png,селѣ,селѣ
images_group_12_1353_5326.png,Наза-,Наза-
images_group_12_1353_5327.png,ровскомъ-въ,ровскомъ - въ
images_group_12_1353_5328.png,и,и
images_group_12_1353_5329.png,продажи,продажи
images_group_12_1353_5330.png,рѣчинскомъ,рѣчинскомъ
images_group_12_1353_5331.png,8-го,8-го
images_group_12_1353_5332.png,Ноября.,Ноября.
images_group_12_1353_5333.png,Съѣзда,Съѣзда
images_group_12_1353_5334.png,праздникъ,праздникъ
images_group_12_1353_5335.png,Св.,Св.
images_group_12_1353_5336.png,Троицы,Троицы
images_group_12_1353_5337.png,въ те,-въ те
images_group_12_1353_5338.png,10.),10.)
images_group_12_1353_5339.png,Ильинская.,Ильинская.
images_group_12_1353_5340.png,въ,въ
images_group_12_1353_5341.png,селѣ,селѣ
images_group_12_1353_5342.png,Но,Но
images_group_12_1353_5343.png,ченіи,ченіи
images_group_12_1353_5344.png,3,3
images_group_12_1353_5345.png,дней,дней.
images_group_12_1353_5346.png,небыло.,небыло.
images_group_12_1353_5347.png,воселовскомъ,воселовскомъ
images_group_12_1353_5348.png,20,20
images_group_12_1353_5349.png,Iюля,Iюля
images_group_12_1353_5350.png,и,и
images_group_12_1353_5351.png,продажи,продажи
images_group_12_1353_5352.png,Ужурской,Ужурской
images_group_12_1353_5353.png,волости.,волости.
images_group_12_1353_5354.png,6),6)
images_group_12_1353_5355.png,Петропавло,Петропавло
images_group_12_1353_5356.png,вская.,вская.
images_group_12_1353_5357.png,въ,въ
images_group_12_1353_5358.png,селѣ,селѣ
images_group_12_1353_5359.png,Ужур-,Ужур-
images_group_12_1353_5360.png,11.),11.)
images_group_12_1353_5361.png,Преображенская,Преображенская
images_group_12_1353_5362.png,въ,въ
images_group_12_1353_5363.png,селѣ,селѣ
images_group_12_1353_5364.png,ви,ви
images_group_12_1353_5365.png,скомъ,скомъ
images_group_12_1353_5366.png,29 Iюне,29 Iюне
images_group_12_1353_5367.png,по,по
images_group_12_1353_5368.png,1-е,1-е
images_group_12_1353_5369.png,Iюля.,Iюля.
images_group_12_1353_5370.png,15.150 р.,15.150 р.
images_group_12_1353_5371.png,3095 р,3095 р
images_group_12_1353_5372.png,рилюскомъ,рилюскомъ
images_group_12_1353_5373.png,6-го,6-го
images_group_12_1353_5374.png,Авгус-,Авгус-
images_group_12_1353_5375.png,небыло.,небыло.
images_group_12_1353_5376.png,7.,7.
images_group_12_1353_5377.png,Богоявленская,Богоявленская
images_group_12_1353_5378.png,въ селѣ,въ селѣ
images_group_12_1353_5379.png,Шары-,Шары-
images_group_12_1353_5380.png,та.,та.
images_group_12_1353_5382.png,съ,съ
images_group_12_1353_5383.png,6-го по,6-го по
images_group_12_1353_5384.png,9-е,9-е
images_group_12_1353_5385.png,Января.,Января.
images_group_12_1353_5386.png,1530 р.,1530 р.
images_group_12_1353_5387.png,200 р.,200 р.
images_group_12_1353_5388.png,Чиновникъ,Чиновникъ
images_group_12_1354_5389.png,16.),16.)
images_group_12_1354_5390.png,Богоявленская,Богоявленская.
images_group_12_1354_5391.png,въ,въ
images_group_12_1354_5392.png,селѣ,селѣ
images_group_12_1354_5393.png,Тасѣев-,Тасѣев-
images_group_12_1354_5394.png,187,187
images_group_12_1354_5395.png,Канскомъ,Канскомъ
images_group_12_1354_5396.png,скомъ,скомъ
images_group_12_1354_5397.png,съ,съ
images_group_12_1354_5398.png,6-го по,6-го по
images_group_12_1354_5399.png,12.),12.)
images_group_12_1354_5400.png,Михайловская,Михайловская
images_group_12_1354_5401.png,Рыбинской,Рыбинской
images_group_12_1354_5402.png,воло-,воло-
images_group_12_1354_5403.png,15-е,15-е
images_group_12_1354_5404.png,Января,Января
images_group_12_1354_5405.png,2600 р.,2600 р.
images_group_12_1354_5406.png,900 р,900 р
images_group_12_1354_5407.png,"сти,","сти,"
images_group_12_1354_5408.png,въ селѣ,въ селѣ
images_group_12_1354_5409.png,Ры,Ры
images_group_12_1354_5410.png,"бинскомъ,","бинскомъ,"
images_group_12_1354_5411.png,съ,съ
images_group_12_1354_5412.png,8-го,8-го
images_group_12_1354_5413.png,17.),17.)
images_group_12_1354_5414.png,Благовѣщенская,Благовѣщенская
images_group_12_1354_5415.png,Троицкомъ,Троицкомъ
images_group_12_1354_5416.png,Ноября,Ноября
images_group_12_1354_5417.png,по 8-е,по 8-е
images_group_12_1354_5418.png,Дека,Дека
images_group_12_1354_5419.png,Солеваренномъ,Солеваренномъ
images_group_12_1354_5420.png,за,за
images_group_12_1354_5421.png,бря.,бря.
images_group_12_1354_5422.png,6000 р,6000 р
images_group_12_1354_5423.png,2650 р.,2650 р.
images_group_12_1354_5424.png,водѣ,водѣ
images_group_12_1354_5425.png,съ 15-го,съ 15-го
images_group_12_1354_5426.png,Марта,Марта
images_group_12_1354_5427.png,по,по
images_group_12_1354_5428.png,1-е,1-е
images_group_12_1354_5429.png,Апрѣля,Апрѣля
images_group_12_1354_5430.png,Съѣзда,Съѣзда
images_group_12_1354_5431.png,13.),13.)
images_group_12_1354_5432.png,Петропавловская.,Петропавловская.
images_group_12_1354_5433.png,Уринской,Уринской
images_group_12_1354_5434.png,волос,волос
images_group_12_1354_5435.png,ти,ти
images_group_12_1354_5436.png,въ селѣ,въ селѣ
images_group_12_1354_5437.png,18.),18.)
images_group_12_1354_5438.png,Петровская,Петровская.
images_group_12_1354_5439.png,тамъ же,тамъ же
images_group_12_1354_5440.png,съ 15-го,съ 15-го
images_group_12_1354_5441.png,Амонашевскомъ,Амонашевскомъ
images_group_12_1354_5442.png,Сентября,Сентября
images_group_12_1354_5443.png,по 1-е,по 1-е
images_group_12_1354_5444.png,съ,съ
images_group_12_1354_5445.png,29-го,29-го
images_group_12_1354_5446.png,Iюня,Iюня
images_group_12_1354_5447.png,по,по
images_group_12_1354_5448.png,6-е,6-е
images_group_12_1354_5449.png,Октября,Октября
images_group_12_1354_5450.png,торговцевъ,торговцевъ
images_group_12_1354_5451.png,Iюля,Iюля.
images_group_12_1354_5452.png,5650 р,5650 р
images_group_12_1354_5453.png,1150 р.,1150 р.
images_group_12_1354_5454.png,Красноярскомъ,Красноярскомъ
images_group_12_1354_5455.png,Тасѣевской,Тасѣевской
images_group_12_1354_5456.png,19),19)
images_group_12_1354_5457.png,Нахвальская.,Нахвальская.
images_group_12_1354_5458.png,въ,въ
images_group_12_1354_5459.png,селѣ,селѣ
images_group_12_1354_5460.png,Нахваль-,Нахваль-
images_group_12_1354_5461.png,волости,волости
images_group_12_1354_5462.png,и,и
images_group_12_1354_5463.png,продажи,продажи
images_group_12_1354_5464.png,скомъ,скомъ
images_group_12_1354_5465.png,8 іюня.,8 Iюня.
images_group_12_1354_5466.png,14.),14.)
images_group_12_1354_5467.png,Покровская,Покровская
images_group_12_1354_5468.png,въ,въ
images_group_12_1354_5469.png,селѣ,селѣ
images_group_12_1354_5470.png,Тасѣев-,Тасѣев-
images_group_12_1354_5471.png,скомъ,скомъ
images_group_12_1354_5472.png,съ,съ
images_group_12_1354_5473.png,1-го по 15-е,1-го по 15-е
images_group_12_1354_5474.png,Минусинскомъ,Минусинскомъ
images_group_12_1354_5475.png,Октября.,Октября
images_group_12_1354_5476.png,3000 р,3000 р
images_group_12_1354_5477.png,600 р,600 р
images_group_12_1354_5478.png,20.),20.)
images_group_12_1354_5479.png,Спасская,Спасская
images_group_12_1354_5480.png,въ с.,въ с.
images_group_12_1354_5481.png,Абаканскомъ,Абаканскомъ
images_group_12_1354_5482.png,15.),15.)
images_group_12_1354_5483.png,Никольская,Никольская.
images_group_12_1354_5484.png,тамъ жесъ,тамъ же съ
images_group_12_1354_5485.png,6-го,6-го
images_group_12_1354_5486.png,съ,съ
images_group_12_1354_5487.png,1-го по 7 Августа,1-го по 7 Августа
images_group_12_1354_5488.png,небыло,небыло.
images_group_12_1354_5489.png,2000 р.,2000 р-
images_group_12_1354_5490.png,по 15,по 15
images_group_12_1354_5491.png,Декабря,Декабря
images_group_12_1354_5492.png,3400 р,3400 р
images_group_12_1354_5493.png,Особыхъ,Особыхъ
images_group_12_1369_8023.png,Копія,Копія
images_group_12_1369_8024.png,за,за
images_group_12_1369_8025.png,1867,1867  г.
images_group_12_1369_8026.png,годъ.,годъ.
images_group_12_1369_8027.png,вѣдомость,вѣдомость
images_group_12_1369_8028.png,201,201
images_group_12_1369_8035.png,Разность,Разность
images_group_12_1369_8036.png,между,между
images_group_12_1369_8039.png,Общее,Общее
images_group_12_1369_8040.png,число,число
images_group_12_1369_8041.png,Число,Число
images_group_12_1369_8042.png,родив-,родив-
images_group_12_1369_8043.png,число,число
images_group_12_1369_8044.png,умер,умер
images_group_12_1369_8045.png,числомъ,числомъ
images_group_12_1369_8046.png,родившихъ,родивших
images_group_12_1369_8047.png,шихъ.,шихъ.
images_group_12_1369_8049.png,умершихъ,умершихъ
images_group_12_1369_8050.png,браковъ.,браковъ.
images_group_12_1369_8051.png,Число,Число
images_group_12_1369_8052.png,муж.,муж.
images_group_12_1369_8053.png,жен.,жен.
images_group_12_1369_8054.png,муж.,муж.
images_group_12_1369_8055.png,жен,жен
images_group_12_1369_8056.png,муж.,Муж.
images_group_12_1369_8057.png,жен.,жен.
images_group_12_1369_8058.png,муж.,Муж.
images_group_12_1369_8059.png,жен.,жен.
images_group_12_1369_8060.png,жителей.,жителей.
images_group_12_1369_8061.png,шихся.,шихся.
images_group_12_1369_8062.png,No,и
images_group_12_1369_8063.png,округовъ.,округовъ.
images_group_12_1369_8064.png,3-6,264
images_group_12_1369_8065.png,Въ,Въ
images_group_12_1369_8066.png,Красноярскѣ,Красноярскѣ
images_group_12_1369_8067.png,6309.,6309.
images_group_12_1369_8068.png,4929.,4929.
images_group_12_1369_8069.png,183,183
images_group_12_1369_8070.png,201.,201.
images_group_12_1369_8071.png,687.,687.
images_group_12_1369_8072.png,277,277.
images_group_12_1369_8073.png,-,-
images_group_12_1369_8074.png,504. -,504. -
images_group_12_1369_8075.png,76.,76.
images_group_12_1369_8076.png,85.,85.
images_group_12_1369_8077.png,округѣ онаго,округѣ онаго
images_group_12_1369_8078.png,33729.,33729.
images_group_12_1369_8079.png,27.,27.
images_group_12_1369_8080.png,5-87,587.
images_group_12_1369_8081.png,1080.,1080.
images_group_12_1369_8082.png,1059.,1059.
images_group_12_1369_8083.png,1777,1777.
images_group_12_1369_8084.png,1364.,1364.
images_group_12_1369_8085.png,-,-
images_group_12_1369_8086.png,697.,697.
images_group_12_1369_8087.png,305.,305.
images_group_12_1369_8088.png,354.,354.
images_group_12_1369_8089.png,Енисейскѣ.,Енисейскѣ.
images_group_12_1369_8090.png,3692,3692
images_group_12_1369_8091.png,2952,2952
images_group_12_1369_8092.png,182.,182.
images_group_12_1369_8093.png,166,166
images_group_12_1369_8094.png,307.,307.
images_group_12_1369_8095.png,235,235
images_group_12_1369_8096.png,-,-
images_group_12_1369_8097.png,125. -,125. -
images_group_12_1369_8098.png,69,69
images_group_12_1369_8099.png,45.,45.
images_group_12_1369_8100.png,округѣ,округѣ
images_group_12_1369_8101.png,онаго,онаго
images_group_12_1369_8102.png,20341.,20341.
images_group_12_1369_8103.png,18.845.,18.845
images_group_12_1369_8104.png,1050.,1050.
images_group_12_1369_8105.png,1020.,1020.
images_group_12_1369_8106.png,1422,1422
images_group_12_1369_8107.png,1016.,1016.
images_group_12_1369_8108.png,-,-
images_group_12_1369_8109.png,372,372
images_group_12_1369_8110.png,+,+
images_group_12_1369_8111.png,4.,4.
images_group_12_1369_8112.png,340.,340.
images_group_12_1369_8113.png,Ачинскѣ.,Ачинскѣ.
images_group_12_1369_8114.png,1726.,1726.
images_group_12_1369_8115.png,1435.,1435.
images_group_12_1369_8116.png,70.,70.
images_group_12_1369_8117.png,46.,46.
images_group_12_1369_8118.png,175.,175.
images_group_12_1369_8119.png,84,84
images_group_12_1369_8120.png,105.,105.
images_group_12_1369_8121.png,38.,38.
images_group_12_1369_8122.png,28,28.
images_group_12_1369_8123.png,округѣ онаго,округѣ онаго
images_group_12_1369_8124.png,30.478.,30.478.
images_group_12_1369_8125.png,28987,28987
images_group_12_1369_8126.png,1517.,1517.
images_group_12_1369_8127.png,1388,1388
images_group_12_1369_8128.png,1368,1368
images_group_12_1369_8129.png,1034,1034
images_group_12_1369_8130.png,+,+
images_group_12_1369_8131.png,149,149
images_group_12_1369_8132.png,+,+
images_group_12_1369_8133.png,354.,354.
images_group_12_1369_8134.png,577,577.
images_group_12_1369_8135.png,Канскѣ.,Канскѣ.
images_group_12_1369_8136.png,1525.,1525.
images_group_12_1369_8137.png,1093,1093
images_group_12_1369_8138.png,62,62
images_group_12_1369_8139.png,в4.,64.
images_group_12_1369_8140.png,195.,195.
images_group_12_1369_8141.png,133.,133.
images_group_12_1369_8142.png,26.,26.
images_group_12_1369_8143.png,90,90
images_group_12_1369_8144.png,-,-
images_group_12_1369_8145.png,-,-
images_group_12_1369_8146.png,21.,21.
images_group_12_1369_8147.png,округѣ,округѣ
images_group_12_1369_8148.png,онаго,онаго
images_group_12_1369_8149.png,32.589.,32.589.
images_group_12_1369_8150.png,24.493.,24.493.
images_group_12_1369_8151.png,1075,1075
images_group_12_1369_8152.png,1095.,1095.
images_group_12_1369_8153.png,1370.,1370.
images_group_12_1369_8154.png,1134.,1134.
images_group_12_1369_8155.png,295.,295.
images_group_12_1369_8156.png,-,-
images_group_12_1369_8157.png,39.,39.
images_group_12_1369_8158.png,519.,519.
images_group_12_1369_8159.png,Минусинскѣ,Минусинскѣ
images_group_12_1369_8160.png,2 304.,2 304.
images_group_12_1369_8161.png,1850.,1850.
images_group_12_1369_8162.png,96.,96.
images_group_12_1369_8163.png,77,77
images_group_12_1369_8164.png,140.,140.
images_group_12_1369_8165.png,77,77
images_group_12_1369_8166.png,44.,44.
images_group_12_1369_8167.png,13.,13.
images_group_12_1369_8168.png,округѣ онаго,округѣ онаго
images_group_12_1369_8169.png,48.,48.
images_group_12_1369_8170.png,600,600
images_group_12_1369_8171.png,44.710.,44.710.
images_group_12_1369_8172.png,2412,2412
images_group_12_1369_8173.png,2208,2208
images_group_12_1369_8174.png,1578,1578
images_group_12_1369_8175.png,1360.,1360.
images_group_12_1369_8176.png,834.,834.
images_group_12_1369_8177.png,+,+
images_group_12_1369_8178.png,848,848
images_group_12_1369_8179.png,819.,819.
images_group_12_1369_8180.png,Туруханскомъ,Туруханскомъ
images_group_12_1369_8181.png,краѣ,краѣ
images_group_12_1369_8182.png,149.,149.
images_group_12_1369_8183.png,137.,137.
images_group_12_1369_8184.png,18.,18.
images_group_12_1369_8185.png,в.,6.
images_group_12_1369_8186.png,+,+
images_group_12_1369_8187.png,14.,14.
images_group_12_1369_8188.png,+,+
images_group_12_1369_8189.png,4.,4.
images_group_12_1369_8190.png,9.,9.
images_group_12_1369_8191.png,3896,3896
images_group_12_1369_8192.png,3230,3230
images_group_12_1369_8193.png,86,86
images_group_12_1369_8194.png,67.,67.
images_group_12_1369_8195.png,46.,46.
images_group_12_1369_8196.png,50.,50.
images_group_12_1369_8197.png,.р.,+
images_group_12_1369_8198.png,40,40
images_group_12_1369_8199.png,.,+
images_group_12_1369_8200.png,17,17.
images_group_12_1369_8201.png,25,25
images_group_12_1369_8202.png,4045,4045
images_group_12_1369_8203.png,3367,3367
images_group_12_1369_8204.png,104,104
images_group_12_1369_8205.png,73,73
images_group_12_1369_8206.png,50,50
images_group_12_1369_8207.png,52,52
images_group_12_1369_8208.png,34,34
images_group_12_1369_8209.png,Итого,Итого
images_group_12_1369_8210.png,3,5
images_group_12_1369_8211.png,185.338.,185.338.
images_group_12_1369_8212.png,160.248,160.248
images_group_12_1369_8213.png,7831.,7831
images_group_12_1369_8214.png,7397.,7397.
images_group_12_1369_8215.png,9069,9069
images_group_12_1369_8216.png,67-ез.,6723.
images_group_12_1369_8217.png,1238.,1238.
images_group_12_1369_8218.png,+,+
images_group_12_1369_8219.png,674,674
images_group_12_1369_8220.png,2835,2835
images_group_12_1369_8221.png,346. 297.,346.297.
images_group_12_1369_8222.png,15.,15.
images_group_12_1369_8223.png,228.,228.
images_group_12_1369_8224.png,15.,15.
images_group_12_1369_8225.png,792,792
images_group_12_1369_8226.png,-564.,-564.
images_group_12_1369_8227.png,345586,345586.
images_group_12_1369_8228.png,347586,345586
images_group_12_1369_8229.png,185 3 48,185338 160248
images_group_12_1369_8230.png,Сверхъ,Сверхъ
images_group_12_1369_8231.png,того,того
images_group_12_1369_8232.png,въ,въ
images_group_12_1369_8233.png,Троицкомъ,Троицкомъ
images_group_12_1369_8234.png,Солеваренномъ,Солеваренномъ
images_group_12_1369_8235.png,заводѣ,заводѣ
images_group_12_1369_8236.png,1340 м.,1340 м.
images_group_12_1369_8237.png,589 м.,589 м.
images_group_12_1369_8238.png,Канскаго,Канскаго
images_group_12_1369_8239.png,округа.,округа.
images_group_12_1369_8240.png,На,На
images_group_12_1369_8241.png,частныхъ,частныхъ
images_group_12_1369_8242.png,золотыхъ,золотыхъ
images_group_12_1369_8243.png,промыслахъ:,промыслахъ:
images_group_12_1369_8244.png,Енисейскаго,Енисейскаго
images_group_12_1369_8245.png,сѣверной,сѣверной
images_group_12_1369_8246.png,системы.,системы.
images_group_12_1369_8247.png,"1041 """,".1041 """
images_group_12_1369_8248.png,158 и,"158 """
images_group_12_1369_8249.png,округа.,округа.
images_group_12_1369_8250.png,34628 2/2,346297 5262
images_group_12_1369_8251.png,южной,южной
images_group_12_1369_8252.png,системы.,системы.
images_group_12_1369_8253.png,911,911
images_group_12_1369_8254.png,"235 ""","235 """
images_group_12_1369_8255.png,345586,345586
images_group_12_1369_8256.png,5262.,5262.
images_group_12_1369_8257.png,15418,154185
images_group_12_1369_8258.png,17.48.,179489
images_group_12_1369_8259.png,351 584,351559 564
images_group_12_1369_8260.png,3,3
images_group_12_1369_8261.png,56848,50848
images_group_12_1369_8262.png,3 36674,336674
images_group_12_1369_8263.png,35092 5,350995
images_group_12_1387_10916.png,213,218
images_group_12_1387_10917.png,земства,земства
images_group_12_1387_10918.png,дѣшшей,здѣшней
images_group_12_1387_10919.png,"губерніи,","губерніи,"
images_group_12_1387_10920.png,остат-,остат-
images_group_12_1387_10921.png,діи,діи
images_group_12_1387_10922.png,"6 руб.,","6 руб.,"
images_group_12_1387_10923.png,а,а
images_group_12_1387_10924.png,съ,съ
images_group_12_1387_10925.png,"мѣщанъ,","мѣщанъ,"
images_group_12_1387_10926.png,ковъ,ковъ
images_group_12_1387_10927.png,отъ,отъ
images_group_12_1387_10928.png,расходовъ,расходовъ
images_group_12_1387_10929.png,по,по
images_group_12_1387_10930.png,разнымъ,разнымъ
images_group_12_1387_10931.png,крестьянъ,крестьянъ
images_group_12_1387_10932.png,и,и
images_group_12_1387_10933.png,кочевыхъ,кочевыхъ
images_group_12_1387_10934.png,инород-,инород-
images_group_12_1387_10935.png,предметамъ,предметамъ
images_group_12_1387_10936.png,позаимствован-,позаимствован-
images_group_12_1387_10937.png,цевъ,цевъ
images_group_12_1387_10938.png,по,по
images_group_12_1387_10939.png,разрядамъ:,разрядамъ:
images_group_12_1387_10940.png,1го,1-го
images_group_12_1387_10941.png,по,по
images_group_12_1387_10942.png,"62 1/2 к.,","62 1/2 к.,"
images_group_12_1387_10943.png,ныхъ,ныхъ
images_group_12_1387_10944.png,суммъ,суммъ
images_group_12_1387_10945.png,изъ,изъ
images_group_12_1387_10946.png,губернскихъ,губернскихъ
images_group_12_1387_10947.png,2-го,2-го
images_group_12_1387_10948.png,по,по
images_group_12_1387_10949.png,"50 3/4 к.,","50 3/4 к.,"
images_group_12_1387_10950.png,3-го,3-го
images_group_12_1387_10951.png,по,по
images_group_12_1387_10952.png,36,36
images_group_12_1387_10953.png,коп,коп
images_group_12_1387_10954.png,и,и
images_group_12_1387_10955.png,4-го,4-го
images_group_12_1387_10956.png,земскихъ,земскихъ
images_group_12_1387_10957.png,повинностей,повинностей
images_group_12_1387_10958.png,изъ,изъ
images_group_12_1387_10959.png,об-,об-
images_group_12_1387_10960.png,39496.,39496.
images_group_12_1387_10961.png,58.,58.
images_group_12_1387_10962.png,по,по
images_group_12_1387_10963.png,22,22
images_group_12_1387_10964.png,коп.,коп.
images_group_12_1387_10965.png,щихъ,щихъ
images_group_12_1387_10966.png,доходовъ,доходовъ
images_group_12_1387_10967.png,дѣшней,здѣшней
images_group_12_1387_10968.png,губерніи,губерніи
images_group_12_1387_10969.png,Исключено,Исключено
images_group_12_1387_10970.png,за,за
images_group_12_1387_10971.png,поступлені-,поступлені-
images_group_12_1387_10972.png,175572 р,175572 р
images_group_12_1387_10973.png,39 3/4,39 3/4
images_group_12_1387_10974.png,и,и
images_group_12_1387_10975.png,разныхъ,разныхъ
images_group_12_1387_10976.png,суммъ-,суммъ-
images_group_12_1387_10977.png,емъ,емъ
images_group_12_1387_10978.png,въ,въ
images_group_12_1387_10979.png,1866,1866
images_group_12_1387_10980.png,году,году
images_group_12_1387_10981.png,и,и
images_group_12_1387_10982.png,съ,съ
images_group_12_1387_10983.png,убылыхъ,убылыхъ
images_group_12_1387_10984.png,Вышло,Вышло
images_group_12_1387_10985.png,въ,въ
images_group_12_1387_10986.png,1867,1867
images_group_12_1387_10987.png,году,году
images_group_12_1387_10988.png,въ,въ
images_group_12_1387_10989.png,расходъ,расходъ
images_group_12_1387_10990.png,по,по
images_group_12_1387_10991.png,11942.,11 942.
images_group_12_1387_10992.png,30 1/4,30 1/4
images_group_12_1387_10993.png,душъ,душъ
images_group_12_1387_10994.png,247675-6 3/4,247675 - 6 3/4
images_group_12_1387_10995.png,губерніи,губерніи
images_group_12_1387_10996.png,Поступило,Поступило
images_group_12_1387_10997.png,изъ,изъ
images_group_12_1387_10998.png,другихъ,другихъ
images_group_12_1387_10999.png,Къ,Къ
images_group_12_1387_11000.png,1868,1868
images_group_12_1387_11001.png,году,году
images_group_12_1387_11002.png,осталось,осталось
images_group_12_1387_11003.png,въ,въ
images_group_12_1387_11004.png,не-,не-
images_group_12_1387_11005.png,источниковъ,источниковъ
images_group_12_1387_11006.png,какъ,какъ
images_group_12_1387_11007.png,то:,то:
images_group_12_1387_11008.png,въ,въ
images_group_12_1387_11009.png,воз-,воз-
images_group_12_1387_11010.png,51586,51 586.
images_group_12_1387_11011.png,70 1/4,70 1/4
images_group_12_1387_11012.png,доимкѣ,доимкѣ
images_group_12_1387_11013.png,на,на
images_group_12_1387_11014.png,жителяхъ.,жителяхъ
images_group_12_1387_11015.png,вратъ,вратъ
images_group_12_1387_11016.png,суммъ,суммъ
images_group_12_1387_11017.png,позаимство-,позаимство-
images_group_12_1387_11018.png,ванныхъ,ванныхъ
images_group_12_1387_11019.png,изъ,изъ
images_group_12_1387_11020.png,сей,сеи
images_group_12_1387_11021.png,повинности,повинности
images_group_12_1387_11022.png,2.),2.)
images_group_12_1387_11023.png,Губернской,Губернской
images_group_12_1387_11024.png,земской,земской
images_group_12_1387_11025.png,по-,по-
images_group_12_1387_11026.png,въ,въ
images_group_12_1387_11027.png,государственный,государственный
images_group_12_1387_11028.png,земскій,земскій
images_group_12_1387_11029.png,винности.,винности.
images_group_12_1387_11030.png,"сборъ,","сборъ,"
images_group_12_1387_11031.png,отъ,отъ
images_group_12_1387_11032.png,суммъ,суммъ
images_group_12_1387_11033.png,отпущен-,отпущен-
images_group_12_1387_11034.png,Къ,Къ
images_group_12_1387_11035.png,1,1
images_group_12_1387_11036.png,Января,Января
images_group_12_1387_11037.png,1867,1867
images_group_12_1387_11038.png,года,года
images_group_12_1387_11039.png,оста-,оста-
images_group_12_1387_11040.png,ныхъ,ныхъ
images_group_12_1387_11041.png,на,на
images_group_12_1387_11042.png,мѣстные,мѣстные
images_group_12_1387_11043.png,"расходы,","расходы,"
images_group_12_1387_11044.png,валось,валось
images_group_12_1387_11045.png,въ,въ
images_group_12_1387_11046.png,недоимкѣ,недоимкѣ
images_group_12_1387_11047.png,на,на
images_group_12_1387_11048.png,жи-,жи-
images_group_12_1387_11049.png,"начетовъ,","начетовъ,"
images_group_12_1387_11050.png,разныхъ,разныхъ
images_group_12_1387_11051.png,взыска-,взыска-
images_group_12_1387_11052.png,23932,23932
images_group_12_1387_11053.png,45 1/2,45 1/2
images_group_12_1387_11054.png,теляхъ,теляхъ
images_group_12_1387_11055.png,ніи,ніи
images_group_12_1387_11056.png,по,по
images_group_12_1387_11057.png,разнымъ,разнымъ
images_group_12_1387_11058.png,предметамъ,предметамъ
images_group_12_1387_11059.png,Въ,Въ
images_group_12_1387_11060.png,1867,1867
images_group_12_1387_11061.png,году,году
images_group_12_1387_11062.png,слѣдовало,слѣдовало
images_group_12_1387_11063.png,всту-,всту-
images_group_12_1387_11064.png,и,и
images_group_12_1387_11065.png,другимъ,другимъ
images_group_12_1387_11066.png,случаямъ,случаямъ
images_group_12_1387_11067.png,посту-,посту-
images_group_12_1387_11068.png,пить,пить
images_group_12_1387_11069.png,сбора,сбора
images_group_12_1387_11070.png,съ,съ
images_group_12_1387_11071.png,жителей,жителей
images_group_12_1387_11072.png,со,со
images_group_12_1387_11073.png,23495.,23495.
images_group_12_1387_11074.png,60.,60.
images_group_12_1387_11075.png,пившихъ,пившихъ
images_group_12_1387_11076.png,включеніемъ,включеніемъ
images_group_12_1387_11077.png,причисленія-,причисленія-
images_group_12_1387_11078.png,68086,68086-
images_group_12_1387_11079.png,75 1/4,75 1/4
images_group_12_1387_11080.png,Вышло,Вышло
images_group_12_1387_11081.png,въ,въ
images_group_12_1387_11082.png,1867,1867
images_group_12_1387_11083.png,году,году
images_group_12_1387_11084.png,въ,въ
images_group_12_1387_11085.png,рас-,рас-
images_group_12_1387_11086.png,Въ,Въ
images_group_12_1387_11087.png,то,то
images_group_12_1387_11088.png,число,число
images_group_12_1387_11089.png,въ,въ
images_group_12_1387_11090.png,1867 году,1867 году
images_group_12_1387_11091.png,соб-,соб-
images_group_12_1387_11092.png,ходъ,ходъ
images_group_12_1387_11093.png,47415.,47415.
images_group_12_1387_11094.png,19 1/2,19 1/2
images_group_12_1387_11095.png,рано,рано
images_group_12_1387_11096.png,съ,съ
images_group_12_1387_11097.png,каждаго,каждаго
images_group_12_1387_11098.png,купеческаго,купеческаго
images_group_12_1387_11099.png,ка,ка
images_group_12_1387_11100.png,Къ,Къ
images_group_12_1387_11101.png,1868,1868
images_group_12_1387_11102.png,году,году
images_group_12_1387_11103.png,осталось,осталось
images_group_12_1387_11104.png,въ,въ
images_group_12_1387_11105.png,не-,не-
images_group_12_1387_11106.png,"питала,","питала,"
images_group_12_1387_11107.png,или,или
images_group_12_1387_11108.png,торговаго,торговаго
images_group_12_1387_11109.png,сви-,сви-
images_group_12_1387_11110.png,довелкѣ,довескѣ
images_group_12_1387_11111.png,на,на
images_group_12_1387_11112.png,жителяхъ,жителяхъ
images_group_12_1387_11113.png,40580.,40580.
images_group_12_1387_11114.png,32 1/2,32 1/2
images_group_12_1387_11115.png,дѣтельства,дѣтельства
images_group_12_1387_11116.png,поновому,по новому
images_group_12_1387_11117.png,положе-,положе-
images_group_12_1387_11118.png,3.),3.)
images_group_12_1387_11119.png,Ясака,Ясака
images_group_12_1387_11120.png,съ,съ
images_group_12_1387_11121.png,инородцевъ,инородцевъ
images_group_12_1387_11122.png,нію:,нію:
images_group_12_1387_11123.png,1-й,1-й
images_group_12_1387_11124.png,гильдіи - по,гильдіи-по
images_group_12_1387_11125.png,26 р,26 р
images_group_12_1387_11126.png,и,и
images_group_12_1387_11127.png,2-й гиль-,2-й числь
images_group_12_1387_11128.png,Къ,Къ
images_group_12_1387_11129.png,1867 году,1867 году
images_group_12_1387_11130.png,оставалось,оставалось
images_group_12_1387_11131.png,въ недоимкѣ,въ недоимкѣ
images_group_12_1387_11132.png,3097.,3097.
images_group_12_1387_11133.png,52.,52.
images_group_12_1387_11134.png,Севретара,Секретарь
images_group_12_1388_11135.png,219,219
images_group_12_1388_11136.png,5.),5.)
images_group_12_1388_11137.png,Общественнаго,Общественнаго
images_group_12_1388_11138.png,"сбора,","сбора,"
images_group_12_1388_11139.png,Слѣдовало,Слѣдовало
images_group_12_1388_11140.png,вступить,вступить
images_group_12_1388_11141.png,со,со
images_group_12_1388_11142.png,вклю-,вклю-
images_group_12_1388_11143.png,прежденазываемаго,прежденазываемаго
images_group_12_1388_11144.png,хозяй-,хозяй-
images_group_12_1388_11145.png,18555.,18555.
images_group_12_1388_11146.png,34 1/2,34 1/2
images_group_12_1388_11147.png,ченіемъ,ченіемъ
images_group_12_1388_11148.png,причисленія.,причисленія.
images_group_12_1388_11149.png,ственнымъ,ственнымъ
images_group_12_1388_11150.png,капиталомъ.,капиталомъ.
images_group_12_1388_11151.png,Исключено,Исключено
images_group_12_1388_11152.png,за,за
images_group_12_1388_11153.png,поступлениемъ,поступленіемъ
images_group_12_1388_11154.png,8.,8.
images_group_12_1388_11155.png,74 1/2,74 1/2
images_group_12_1388_11156.png,Къ,Къ
images_group_12_1388_11157.png,1,1
images_group_12_1388_11158.png,Января,Января
images_group_12_1388_11159.png,1867,1867
images_group_12_1388_11160.png,года,года
images_group_12_1388_11161.png,состоя-,состоя-
images_group_12_1388_11162.png,въ,въ
images_group_12_1388_11163.png,1866 году-,1866 году-
images_group_12_1388_11164.png,1133.,1133.
images_group_12_1388_11165.png,42.,42.
images_group_12_1388_11166.png,ло:,ло:
images_group_12_1388_11167.png,въ,въ
images_group_12_1388_11168.png,недоимкѣ,недоимкѣ
images_group_12_1388_11169.png,Исключено,Исключено
images_group_12_1388_11170.png,за,за
images_group_12_1388_11171.png,убылью,убылью
images_group_12_1388_11172.png,душъ -,душъ-
images_group_12_1388_11173.png,1407.,1407.
images_group_12_1388_11174.png,89 1/4,89 1/4
images_group_12_1388_11175.png,5244,5244.
images_group_12_1388_11176.png,73,73 1/2
images_group_12_1388_11177.png,долгу,долгу
images_group_12_1388_11178.png,Дѣйствительно,Дѣйствительно
images_group_12_1388_11179.png,вступи-,вступи-
images_group_12_1388_11180.png,Въ,Въ
images_group_12_1388_11181.png,1867,1867
images_group_12_1388_11182.png,году,году
images_group_12_1388_11183.png,слѣдовало,слѣдовало
images_group_12_1388_11184.png,соб-,соб-
images_group_12_1388_11185.png,14957,14957.
images_group_12_1388_11186.png,80 1/2,80 1/2
images_group_12_1388_11187.png,ло,ло
images_group_12_1388_11188.png,рать,рать
images_group_12_1388_11189.png,окладнаго,окладнаго
images_group_12_1388_11190.png,сбора,сбора
images_group_12_1388_11191.png,5960,5960
images_group_12_1388_11192.png,29,29
images_group_12_1388_11193.png,Поступило,Поступило
images_group_12_1388_11194.png,на,на
images_group_12_1388_11195.png,1868 годъ,1868 годъ
images_group_12_1388_11196.png,741.,741.
images_group_12_1388_11197.png,45.,45.
images_group_12_1388_11198.png,Выданныхъ,Выданныхъ
images_group_12_1388_11199.png,въ,въ
images_group_12_1388_11200.png,ссуду.,ссуду
images_group_12_1388_11201.png,5521.,5521.
images_group_12_1388_11202.png,91/2,91 1/2
images_group_12_1388_11203.png,За,За
images_group_12_1388_11204.png,тѣмъ,тѣмъ
images_group_12_1388_11205.png,осталось,осталось
images_group_12_1388_11206.png,въ,въ
images_group_12_1388_11207.png,не-,не-
images_group_12_1388_11208.png,Въ,Въ
images_group_12_1388_11209.png,то,то
images_group_12_1388_11210.png,число,число
images_group_12_1388_11211.png,собрано,собрано
images_group_12_1388_11212.png,сожите-,съжите
images_group_12_1388_11213.png,5278,5278.
images_group_12_1388_11214.png,42 1/4,42 1/4
images_group_12_1388_11215.png,доимкѣ,доимкѣ
images_group_12_1388_11216.png,лего,лего
images_group_12_1388_11217.png,пов коп.,по 6 коп.
images_group_12_1388_11218.png,5094,5094.
images_group_12_1388_11219.png,40 1/2,40 1/2
images_group_12_1388_11220.png,Исключено,Исключено
images_group_12_1388_11221.png,за,за
images_group_12_1388_11222.png,убылью,убылью
images_group_12_1388_11223.png,душъ -,душъ-
images_group_12_1388_11224.png,65.,65.
images_group_12_1388_11225.png,8 1/2,8 1/2
images_group_12_1388_11226.png,4.),4.)
images_group_12_1388_11227.png,Оброчной,Оброчной
images_group_12_1388_11228.png,подати,подати
images_group_12_1388_11229.png,съ,съ
images_group_12_1388_11230.png,Зачтено,Зачтено
images_group_12_1388_11231.png,вступившихъ,вступившихъ
images_group_12_1388_11232.png,въ,въ
images_group_12_1388_11233.png,нихъ,нихъ
images_group_12_1388_11234.png,же:,же:
images_group_12_1388_11235.png,1866,1866
images_group_12_1388_11236.png,году,году
images_group_12_1388_11237.png,въ,въ
images_group_12_1388_11238.png,счетъ,счетъ
images_group_12_1388_11239.png,окладнаго,окладнаго
images_group_12_1388_11240.png,сбо-,сбо-
images_group_12_1388_11241.png,Къ 1867,Къ 1867
images_group_12_1388_11242.png,году,году
images_group_12_1388_11243.png,оставалось,оставалось
images_group_12_1388_11244.png,въ,въ
images_group_12_1388_11245.png,ра,ра
images_group_12_1388_11246.png,1867 года,1867 года
images_group_12_1388_11247.png,63.,63.
images_group_12_1388_11248.png,66.,66.
images_group_12_1388_11249.png,1652.,1652.
images_group_12_1388_11250.png,3/4,3/4
images_group_12_1388_11251.png,недоимкѣ,недоимкѣ
images_group_12_1388_11252.png,Вступило,Вступило
images_group_12_1388_11253.png,въ,въ
images_group_12_1388_11254.png,счетъ,счетъ
images_group_12_1388_11255.png,окла-,окла-
images_group_12_1388_11256.png,Въ,Въ
images_group_12_1388_11257.png,этомъ,этомъ
images_group_12_1388_11258.png,году,году
images_group_12_1388_11259.png,слѣдовало,слѣдовало
images_group_12_1388_11260.png,да,да
images_group_12_1388_11261.png,1868 года,1868 года
images_group_12_1388_11262.png,20.,20.
images_group_12_1388_11263.png,45.,45.
images_group_12_1388_11264.png,вступить,вступить
images_group_12_1388_11265.png,совключеніемъ,со включеніемъ
images_group_12_1388_11266.png,при-,при-
images_group_12_1388_11267.png,5469.,5469.
images_group_12_1388_11268.png,21 1/2,21 1/4
images_group_12_1388_11269.png,получено,получено
images_group_12_1388_11270.png,долга,долга
images_group_12_1388_11271.png,213,213.
images_group_12_1388_11272.png,численія,численія
images_group_12_1388_11273.png,сборъ,Сборъ
images_group_12_1388_11274.png,сей,сей
images_group_12_1388_11275.png,причисленъ,причисленъ
images_group_12_1388_11276.png,къ,къ
images_group_12_1388_11277.png,Дѣйствительно,Дѣйствительно
images_group_12_1388_11278.png,встутило,вступило
images_group_12_1388_11279.png,4866,4866.
images_group_12_1388_11280.png,17,17 1/4
images_group_12_1388_11281.png,общимъ,общимъ
images_group_12_1388_11282.png,государственнымъ,государственнымъ
images_group_12_1388_11283.png,съ,съ
images_group_12_1388_11284.png,недоимкою,недоимкою
images_group_12_1388_11285.png,доходямъ,доходамъ
images_group_12_1388_11286.png,на,на
images_group_12_1388_11287.png,основаніи,основаніи
images_group_12_1388_11288.png,Высо-,Высо-
images_group_12_1388_11289.png,Исключено,Исключено
images_group_12_1388_11290.png,за,за
images_group_12_1388_11291.png,поступлені-,поступлені-
images_group_12_1388_11293.png,"повелѣнія,","повелѣнія,"
images_group_12_1388_11294.png,изложен-,изложен-
images_group_12_1388_11295.png,360.,360.
images_group_12_1388_11296.png,15.,15.
images_group_12_1388_11297.png,емъ,емъ
images_group_12_1388_11298.png,въ 1866 году-,въ 1866 году-
images_group_12_1388_11299.png,наго,наго
images_group_12_1388_11300.png,въ,въ
images_group_12_1388_11301.png,предписаніи,предписаніи
images_group_12_1388_11302.png,Г.,Г.
images_group_12_1388_11303.png,Предсѣ-,Предсѣ-
images_group_12_1388_11304.png,За,За
images_group_12_1388_11305.png,тѣмъ,тѣмъ
images_group_12_1388_11306.png,къ,къ
images_group_12_1388_11307.png,1868,1868
images_group_12_1388_11308.png,году,году
images_group_12_1388_11309.png,ес-,ос-
images_group_12_1388_11310.png,дательство,дательство
images_group_12_1388_11311.png,вавшаго,вавшаго
images_group_12_1388_11312.png,въ,въ
images_group_12_1388_11313.png,Совѣ-,Совѣ-
images_group_12_1388_11314.png,талось,талось
images_group_12_1388_11315.png,въ,въ
images_group_12_1388_11316.png,недоимкѣ,недоимкѣ
images_group_12_1388_11317.png,на жи-,на жи-
images_group_12_1388_11318.png,тѣ,тѣ
images_group_12_1388_11319.png,Главнаго,Главнаго
images_group_12_1388_11320.png,Управленія,Управленія
images_group_12_1388_11321.png,Вос-,Вос-
images_group_12_1388_11322.png,1894.,1894.
images_group_12_1388_11323.png,89 3/4,89 3/4
images_group_12_1388_11324.png,теляхъ,теляхъ
images_group_12_1388_11325.png,Статистическаго,Статистических
images_group_12_1392_11873.png,14,19
images_group_12_1392_11874.png,Августа,Августа
images_group_12_1392_11875.png,1868г,1868 г
images_group_12_1392_11876.png,223,223
images_group_12_1392_11877.png,57100,No142
images_group_12_1392_11879.png,Въ,Въ
images_group_12_1392_11880.png,IV,IV
images_group_12_1392_11881.png,Отдѣленіе,Отдѣленіе
images_group_12_1392_11882.png,Главнаго,Главнаго
images_group_12_1392_11883.png,Управленія,Управленія
images_group_12_1392_11884.png,Восто,Восто
images_group_12_1392_11885.png,начальника,начальника
images_group_12_1392_11886.png,ной,ной
images_group_12_1392_11887.png,Сибири.,Сибири.
images_group_12_1392_11894.png,На,На
images_group_12_1392_11895.png,отношеніе,отношеніе
images_group_12_1392_11896.png,отъ,отъ
images_group_12_1392_11897.png,27,27
images_group_12_1392_11898.png,7 истекшаго,7 истекшаго
images_group_12_1392_11899.png,Iюля,Iюля
images_group_12_1392_11900.png,Августа,Августа
images_group_12_1392_11901.png,7,7.
images_group_12_1392_11905.png,за,за
images_group_12_1392_11906.png,No,No
images_group_12_1392_11907.png,"672,","672,"
images_group_12_1392_11908.png,имѣю,имѣю
images_group_12_1392_11909.png,честь,честь
images_group_12_1392_11910.png,увѣдомить,увѣдомить
images_group_12_1392_11911.png,IV,IV
images_group_12_1392_11912.png,Отдѣленіе,Отдѣленіе
images_group_12_1392_11913.png,No,No
images_group_12_1392_11914.png,363.,363.
images_group_12_1392_11915.png,Главнаго,Главнаго
images_group_12_1392_11916.png,Управленія,Управленія
images_group_12_1392_11917.png,Восточной,Восточной
images_group_12_1392_11918.png,"Сибири,","Сибири,"
images_group_12_1392_11919.png,чта,что
images_group_12_1392_11920.png,копія,копія
images_group_12_1392_11921.png,со,со
images_group_12_1392_11922.png,всеподданнѣйшаго,всеподданнѣйшаго
images_group_12_1392_11923.png,отчета,отчета
images_group_12_1392_11924.png,о,о
images_group_12_1392_11925.png,состо-,состо-
images_group_12_1392_11926.png,яніи,янію
images_group_12_1392_11927.png,Енисейской,Енисейской
images_group_12_1392_11928.png,губерніи,губерніи
images_group_12_1392_11929.png,за,за
images_group_12_1392_11930.png,минувшій,минувшій
images_group_12_1392_11931.png,1867,1867
images_group_12_1392_11934.png,"годъ,","годъ,"
images_group_12_1392_11935.png,представлена,представлена
images_group_12_1392_11936.png,мною,мною
images_group_12_1392_11937.png,Господину,Господину
images_group_12_1392_11938.png,Генералъ-,Генералъ-
images_group_12_1392_11939.png,Губернатору,Губернатору
images_group_12_1392_11940.png,Восточной,Восточной
images_group_12_1392_11941.png,Сибири,Сибири
images_group_12_1392_11942.png,отъ,отъ
images_group_12_1392_11943.png,17,17
images_group_12_1392_11944.png,17 іюля,17 Iюля
images_group_12_1392_11945.png,за,за
images_group_12_1392_11946.png,No329,No329
images_group_12_1392_11947.png,и,и
images_group_12_1392_11948.png,объ,объ
images_group_12_1392_11949.png,этомъ,этомъ
images_group_12_1392_11950.png,я,я
images_group_12_1392_11951.png,имѣлъ,имѣлъ
images_group_12_1392_11952.png,честь,честь
images_group_12_1392_11953.png,донести,донеста
images_group_12_1392_11955.png,Господину,Господину
images_group_12_1392_11956.png,Предсѣдательствующему въ,Предсѣдательствующему въ
images_group_12_1392_11957.png,Совѣ,Совѣ
images_group_12_1392_11959.png,тѣ,тѣ
images_group_12_1392_11960.png,Главнаго,Главнаго
images_group_12_1392_11961.png,Управленія,Управленія
images_group_12_1392_11962.png,Восточной,Восточной
images_group_12_1392_11963.png,Сибири,Сибири
images_group_12_1392_11964.png,19,19
images_group_12_1392_11965.png,того,того
images_group_12_1392_11966.png,же,же
images_group_12_1392_11967.png,іюля,Iюля
images_group_12_1392_11968.png,за,за
images_group_12_1392_11969.png,No,No
images_group_12_1392_11970.png,"342,","342,"
images_group_12_1392_11971.png,въ,въ
images_group_12_1392_11972.png,исполненіе,исполненіе
images_group_12_1392_11973.png,предпи,предпи
images_group_12_1392_11974.png,санія,санія
images_group_12_1392_11975.png,Его,Его
images_group_12_1392_11976.png,Превосходительства,Превосходительства
images_group_12_1392_11977.png,за,за
images_group_12_1392_11978.png,No631.,No631.
images_group_12_1392_11979.png,И. д.,и.д.
images_group_12_1392_11980.png,Гражданскаго,Гражданскаго
images_group_12_1392_11981.png,Губернатора,Губернатора с
images_group_12_1392_11984.png,Чиновникъ,Чиновникъ
images_group_12_1392_11985.png,Особыхъ,Особыхъ
images_group_12_1392_11986.png,Порученій.,Порученій
images_group_12_1392_11987.png,Е.,Е.
images_group_12_1392_11989.png,667,667
images_group_12_140_12665.png,341 Димидъ,341 Демидъ
images_group_12_140_12666.png,Павловъ,Павловъ
images_group_12_140_12667.png,Аланской,Яланской
images_group_12_140_12668.png,Крестьянскими,Крестьянскими
images_group_12_140_12669.png,въ д.,10 2
images_group_12_140_12670.png,Зырян,Зырян
images_group_12_140_12671.png,работами.,работами.
images_group_12_140_12672.png,Чурукаевъ.,Чуруксаевъ
images_group_12_140_12673.png,Рядные:,Рядовые:
images_group_12_140_12674.png,Плад-,Плад.
images_group_12_140_12675.png,1353 Матвей,353. Матвѣй
images_group_12_140_12676.png,Дани Анцыре,Дани Янинъ
images_group_12_140_12677.png,бищанской,бищанской
images_group_12_140_12678.png,ловъ,ловъ
images_group_12_140_12679.png,Чепаловъ.,Чепаловъ.
images_group_12_140_12680.png,ровской,ровской
images_group_12_140_12681.png,368. Явовъ,346. Яковъ
images_group_12_140_12682.png,Якимовъ,Якимовъ
images_group_12_140_12683.png,Въ с.,Въ с.
images_group_12_140_12684.png,Ма,Ма
images_group_12_140_12685.png,волости,волости
images_group_12_140_12686.png,Вахрушевъ.,Вахрушевъ.
images_group_12_140_12687.png,кнскомъ.,ковскамъ.
images_group_12_140_12688.png,работа,работа
images_group_12_140_12690.png,Усть,Усть
images_group_12_140_12691.png,питской.,питской.
images_group_12_140_12692.png,No3-го,No3-го
images_group_12_140_12693.png,Унтеръ,Унтеръ
images_group_12_140_12694.png,офицеры:,офицеры:
images_group_12_140_12695.png,Казачинс,Казачинс
images_group_12_140_12696.png,Коноратій,Кондратій
images_group_12_140_12697.png,Ива-,Ива
images_group_12_140_12698.png,Въ д. Ни,Въ д. Ни
images_group_12_140_12699.png,кой,кой
images_group_12_140_12700.png,волости,волости
images_group_12_140_12701.png,новъ,новъ
images_group_12_140_12702.png,Васотинъ.,Висотинъ.
images_group_12_140_12704.png,349. Матвѣй,349. Матвй
images_group_12_140_12705.png,Василъ,Василь
images_group_12_140_12706.png,въ д.,въ д.
images_group_12_140_12707.png,Водо-,Водо-
images_group_12_140_12708.png,ми.,ми.
images_group_12_140_12709.png,160,евъ
images_group_12_140_12710.png,Новыхъ.,Новыхъ
images_group_12_140_12711.png,резовой.,резовой.
images_group_12_140_12712.png,Логинъ,Логинъ
images_group_12_140_12713.png,Доменть,Ременть
images_group_12_140_12714.png,Казачинс,Казачинс
images_group_12_140_12715.png,168,евъ
images_group_12_140_12716.png,Ячменевъ.,Ячменевъ
images_group_12_140_12717.png,кой,ной
images_group_12_140_12719.png,Ефимъ,Ефимъ
images_group_12_140_12720.png,Степанов,Степанов
images_group_12_140_12721.png,Въ д. Та-,Въ д. Та-
images_group_12_140_12722.png,хазбопашествомъ,Хлѣбопашествомъ
images_group_12_140_12723.png,въ с.,въ с.
images_group_12_140_12724.png,Мокру,Мокру
images_group_12_140_12725.png,шенскомъ-,женскомъ.
images_group_12_140_12726.png,Корелинъ.,Корелинъ.
images_group_12_140_12727.png,ловской.,ловской.
images_group_12_140_12728.png,Данило,Данило
images_group_12_140_12729.png,Федоровъ,Федоровъ
images_group_12_140_12731.png,351 с,351. с
images_group_12_140_12732.png,Леонтій,Леонтій
images_group_12_140_12733.png,Афонае,Афона
images_group_12_140_12734.png,Анцыфе,Анцыфе
images_group_12_140_12735.png,Сапожнымъ,Сапожнымъ
images_group_12_140_12736.png,ма,ма
images_group_12_140_12737.png,ской,ской
images_group_12_140_12738.png,волости,волости
images_group_12_140_12739.png,Коночкинъ.,Коночкинъ.
images_group_12_140_12740.png,въ д.,въ д.
images_group_12_140_12741.png,Гуди,Гуди
images_group_12_140_12743.png,фокинъ.,Фокинъ.
images_group_12_140_12744.png,ровской,ровской
images_group_12_140_12745.png,стерствомъ.,стерствомъ.
images_group_12_140_12746.png,ковой.,ковой.
images_group_12_140_12747.png,волости,волости
images_group_12_140_12748.png,No 4-го,No4-го
images_group_12_140_12749.png,въ с.,въ с.
images_group_12_140_12750.png,Нази-,Нази-
images_group_12_140_12751.png,мовскомъ.,мовскомъ.
images_group_12_140_12752.png,Рядовой:,Рядовой:
images_group_12_140_12753.png,357 Михайцо,357. Михайло
images_group_12_140_12754.png,Васи,Васи
images_group_12_140_12755.png,Казачинс,Казачинс
images_group_12_140_12756.png,352 Левъ,352 Левъ
images_group_12_140_12757.png,Тарасовъ,Тарасовъ
images_group_12_140_12759.png,Крестьянскими,Крестьянскими
images_group_12_140_12760.png,льевъ,льевъ
images_group_12_140_12761.png,Лыткинъ.,Лыткинъ.
images_group_12_140_12762.png,кой,кой
images_group_12_140_12763.png,волости,волости
images_group_12_140_12764.png,Безсоницынъ.,Безсоницынъ
images_group_12_140_12765.png,цовскомъ.,цовскомъ.
images_group_12_140_12766.png,работами.,работами
images_group_12_140_12767.png,ски.,ски.
images_group_12_140_12768.png,Секретарь,Секретарь
images_group_12_1408_13960.png,13.,13.
images_group_12_1408_13961.png,16,16
images_group_12_1408_13962.png,Скоропостижно,Скоропостижно
images_group_12_1408_13963.png,умеръ.,умеръ.
images_group_12_1408_13964.png,на,на
images_group_12_1408_13965.png,Южной,Южной
images_group_12_1408_13966.png,системѣ.,системѣ.
images_group_12_1408_13967.png,Преступленій,Преступленій
images_group_12_1408_13968.png,по,по
images_group_12_1408_13969.png,похищенію,похищенію
images_group_12_1408_13970.png,и,и
images_group_12_1408_13971.png,переводу,переводу
images_group_12_1408_13972.png,Ачинской,Ачинской
images_group_12_1408_13973.png,и,и
images_group_12_1408_13974.png,Минусинской,Минусинской
images_group_12_1408_13975.png,золота,золота
images_group_12_1408_13976.png,обнаружено,обнаружено
images_group_12_1408_13977.png,два:,два:
images_group_12_1408_13978.png,на,на
images_group_12_1408_13979.png,Южной,Южной
images_group_12_1408_13980.png,си-,си-
images_group_12_1408_13981.png,стемѣ,стемѣ
images_group_12_1408_13982.png,отобрано,отобрано
images_group_12_1408_13983.png,у,у
images_group_12_1408_13984.png,крестьянина,крестьянина
images_group_12_1408_13985.png,Жмаева,Жмаева
images_group_12_1408_13986.png,Всего,Всего
images_group_12_1408_13987.png,3,3
images_group_12_1408_13988.png,человѣка.,человѣка
images_group_12_1408_13989.png,краденнаго,краденнаго
images_group_12_1408_13990.png,золота,золота
images_group_12_1408_13991.png,6,6
images_group_12_1408_13992.png,зол.,зол.
images_group_12_1408_13993.png,24,24
images_group_12_1408_13994.png,дол.,дол.
images_group_12_1408_13995.png,и,и
images_group_12_1408_13996.png,на,на
images_group_12_1408_13997.png,Сверхъ,Сверхъ
images_group_12_1408_13998.png,"медиковъ,","медиковъ,"
images_group_12_1408_13999.png,на,на
images_group_12_1408_14000.png,обѣихъ,обѣихъ
images_group_12_1408_14001.png,систе-,систе-
images_group_12_1408_14002.png,Ачинской,Ачинской
images_group_12_1408_14003.png,системѣ,системѣ
images_group_12_1408_14004.png,караульный,караульный
images_group_12_1408_14005.png,не рабо-,не рабо-
images_group_12_1408_14006.png,махъ,махъ
images_group_12_1408_14007.png,Енисейскаго,Енисейскаго
images_group_12_1408_14008.png,"округа,","округа,"
images_group_12_1408_14009.png,какъ,какъ
images_group_12_1408_14010.png,мно-,мно-
images_group_12_1408_14011.png,тавшагося,тавшагося
images_group_12_1408_14012.png,Успенскаго,Успенскаго
images_group_12_1408_14013.png,пріиска,пріиска
images_group_12_1408_14014.png,крестья-,крестья-
images_group_12_1408_14015.png,"голюднѣйшихъ,","голюднѣйшихъ,"
images_group_12_1408_14016.png,находилось,находилось
images_group_12_1408_14017.png,по,по
images_group_12_1408_14018.png,одной,одной
images_group_12_1408_14019.png,нинъ,нинъ
images_group_12_1408_14020.png,"Красильниковъ,","Красильниковъ,"
images_group_12_1408_14021.png,съ,съ
images_group_12_1408_14022.png,3 мя,3-мя
images_group_12_1408_14023.png,"товарищами,","товарищами,"
images_group_12_1408_14024.png,повивальной,повивальной
images_group_12_1408_14025.png,бабкѣ.,бабкѣ.
images_group_12_1408_14026.png,намылъ,намылъ
images_group_12_1408_14027.png,и,и
images_group_12_1408_14028.png,передалъ,передалъ
images_group_12_1408_14029.png,управляющему,управляющему
images_group_12_1408_14030.png,пріи-,пріи-
images_group_12_1408_14031.png,Въ,Въ
images_group_12_1408_14032.png,продолженіе,продолженіе
images_group_12_1408_14033.png,лѣтнихъ,лѣтнихъ
images_group_12_1408_14034.png,"работъ,","работъ,"
images_group_12_1408_14035.png,сками,сками
images_group_12_1408_14036.png,купца,купца
images_group_12_1408_14037.png,Цыбульскаго-,Цыбульскаго-
images_group_12_1408_14038.png,Иваницко-,Иваницко-
images_group_12_1408_14039.png,съ,съ
images_group_12_1408_14040.png,1-го,1-го
images_group_12_1408_14041.png,Мая,Мая
images_group_12_1408_14042.png,по,по
images_group_12_1408_14043.png,10-е,10-е
images_group_12_1408_14044.png,"Сентября,","Сентября,"
images_group_12_1408_14045.png,на,на
images_group_12_1408_14046.png,пріи-,пріи-
images_group_12_1408_14047.png,му-,му-
images_group_12_1408_14048.png,11,11
images_group_12_1408_14049.png,зол.,зол.
images_group_12_1408_14050.png,8,8
images_group_12_1408_14051.png,дол.,дол.
images_group_12_1408_14052.png,золота.,золота.
images_group_12_1408_14053.png,скахъ,скахъ
images_group_12_1408_14054.png,На,На
images_group_12_1408_14055.png,"пріискахъ,","пріискахъ,"
images_group_12_1408_14056.png,заисключеніемъ,заисключеніемъ
images_group_12_1408_14057.png,весьма,весьма
images_group_12_1408_14058.png,Больныхъ,Больныхъ
images_group_12_1408_14059.png,Выздо-,Выздо-
images_group_12_1408_14060.png,Умерло:,Умерло:
images_group_12_1408_14061.png,было:,было:
images_group_12_1408_14062.png,ровѣло:,ровѣло:
images_group_12_1408_14063.png,"немногихъ,","немногихъ,"
images_group_12_1408_14064.png,всѣхъ,всѣхъ
images_group_12_1408_14065.png,системъ,системъ
images_group_12_1408_14066.png,Енисейской,Енисейской
images_group_12_1408_14067.png,губерніи,губерніи
images_group_12_1408_14068.png,устроены,устроены
images_group_12_1408_14069.png,золотопромышлен-,золотопромышлен-
images_group_12_1408_14070.png,2-й,2-й
images_group_12_1408_14071.png,1-й,1-й
images_group_12_1408_14072.png,системы,системы
images_group_12_1408_14073.png,391.,391.
images_group_12_1408_14074.png,352.,352.
images_group_12_1408_14075.png,39.,39.
images_group_12_1408_14076.png,никами,никами
images_group_12_1408_14077.png,больницы,больницы
images_group_12_1408_14078.png,и,и
images_group_12_1408_14079.png,при,при
images_group_12_1408_14080.png,оныхъ,оныхъ
images_group_12_1408_14081.png,ап-,ап-
images_group_12_1408_14082.png,922.,922.
images_group_12_1408_14083.png,886.,886.
images_group_12_1408_14084.png,36.,36.
images_group_12_1408_14085.png,теки.,теки.
images_group_12_1408_14086.png,Во,Во
images_group_12_1408_14087.png,всѣхъ,всѣхъ
images_group_12_1408_14088.png,больницахъ,больницахъ
images_group_12_1408_14089.png,рабоіе,рабочіе
images_group_12_1408_14090.png,3-й,3-й
images_group_12_1408_14091.png,180.,180.
images_group_12_1408_14092.png,174.,174.
images_group_12_1408_14093.png,6.,6.
images_group_12_1408_14094.png,7.,7.
images_group_12_1408_14095.png,пользуются,пользуются
images_group_12_1408_14096.png,безвозмездно.,безвозмездно.
images_group_12_1408_14097.png,При,При
images_group_12_1408_14098.png,каждой,каждой
images_group_12_1408_14099.png,4-й,4-й
images_group_12_1408_14100.png,225.,225.
images_group_12_1408_14101.png,218,218.
images_group_12_1408_14102.png,5-й,5-й
images_group_12_1408_14103.png,263,263
images_group_12_1408_14104.png,2.,2.
images_group_12_1408_14105.png,больницѣ,больницѣ
images_group_12_1408_14106.png,находится,находится
images_group_12_1408_14107.png,"фельдшеръ,","фельдшеръ,"
images_group_12_1408_14108.png,а,а
images_group_12_1408_14109.png,за-,за-
images_group_12_1408_14110.png,261,261.
images_group_12_1408_14111.png,вѣдываніе,вѣдываніе
images_group_12_1408_14112.png,оными,оными
images_group_12_1408_14113.png,лежитъ,лежитъ
images_group_12_1408_14114.png,на,на
images_group_12_1408_14115.png,обязан,обязан
images_group_12_1408_14116.png,ности,ности
images_group_12_1408_14117.png,особыхъ,особыхъ
images_group_12_1408_14118.png,промысловыхъ,промысловыхъ
images_group_12_1408_14119.png,меди-,меди-
images_group_12_1408_14120.png,Всего,Всего-
images_group_12_1408_14121.png,1981.,1981.
images_group_12_1408_14122.png,1891,1891
images_group_12_1408_14123.png,90.,90.
images_group_12_1408_14124.png,"ковъ,","ковъ,"
images_group_12_1408_14125.png,коихъ,коихъ
images_group_12_1408_14126.png,въ,въ
images_group_12_1408_14127.png,1868,1868
images_group_12_1408_14128.png,году,году
images_group_12_1408_14129.png,состояло:,состояло:
images_group_12_1408_14130.png,Число,Число
images_group_12_1408_14131.png,умершихъ,умершихъ
images_group_12_1408_14132.png,относилось,относилось
images_group_12_1408_14133.png,къ,къ
images_group_12_1408_14134.png,об-,об-
images_group_12_1408_14135.png,на,на
images_group_12_1408_14136.png,Сѣверной,Сѣверной
images_group_12_1408_14137.png,системѣ,системѣ
images_group_12_1408_14138.png,щему,щему
images_group_12_1408_14139.png,числу,числу
images_group_12_1408_14140.png,рабочихъ:,рабочихъ:
images_group_12_1320_14411.png,У,у
images_group_12_1320_14412.png,родственниковъ,родственниковъ
images_group_12_1320_14413.png,Устиновъ,Устиновъ
images_group_12_1320_14414.png,въ,въ
images_group_12_1320_14415.png,д.,д.
images_group_12_1320_14416.png,Бѣлояр-,Бѣлояр-
images_group_12_1320_14417.png,с.,с.
images_group_12_1320_14418.png,крестьянскими,крестьянскими
images_group_12_1320_14419.png,въ с. Балахстин,въ с. Балахрин
images_group_12_1320_14420.png,954.,954.
images_group_12_1320_14421.png,Яковъ,Яковъ
images_group_12_1320_14422.png,Лукь-,Лукь-
images_group_12_1320_14423.png,въ д.,въ д.
images_group_12_1320_14424.png,Александровъ,Александровъ
images_group_12_1320_14425.png,въ,въ
images_group_12_1321_14426.png,Уродственниковъ,У родственниковъ
images_group_12_1321_14427.png,Армейскихъ,Армейскихъ
images_group_12_1321_14428.png,пѣ,пѣ
images_group_12_1321_14429.png,Злотниковъ,Злотниковъ
images_group_12_1321_14430.png,Малоимы,Малоимы
images_group_12_1321_14431.png,Бѣлозерскаго,Бѣлозерскаго
images_group_12_1321_14432.png,Усть изык,Усть изык
images_group_12_1321_14433.png,стрѣлковаго,стрѣлковаго
images_group_12_1321_14434.png,Максимовъ,Максимовъ
images_group_12_1321_14435.png,въ,въ
images_group_12_1330_14466.png,и,и
images_group_12_1344_14490.png,1.,1.
images_group_12_1344_14491.png,2.,2.
images_group_12_1344_14492.png,1.,1.
images_group_12_1344_14493.png,1.,1.
images_group_12_1344_14494.png,4.,4.
images_group_12_1344_14495.png,1.,1.
images_group_12_1344_14496.png,1.,1.
images_group_12_1344_14497.png,1.,1.
images_group_12_1344_14498.png,1.,1.
images_group_12_1344_14499.png,2.,2.
images_group_12_1344_14500.png,1.,1.
images_group_12_1344_14501.png,1.,1.
images_group_12_1344_14502.png,1.,1.
images_group_12_1344_14503.png,-,{
images_group_12_1344_14504.png,1,{
images_group_12_1344_14505.png,1.,1.
images_group_12_1344_14506.png,2,2.
images_group_12_1344_14507.png,3.,3.
images_group_12_1344_14508.png,1.,1.
images_group_12_1344_14509.png,1.,1.
images_group_12_1344_14510.png,1.,1.
images_group_12_1344_14511.png,1,{
images_group_12_1344_14512.png,{,{
images_group_12_1344_14513.png,1,{
images_group_12_1344_14514.png,11,11
images_group_12_1344_14515.png,1.,1.
images_group_12_1344_14516.png,1.,1.
images_group_12_1344_14517.png,1.,1.
images_group_12_1344_14518.png,4.,4.
images_group_12_1344_14519.png,11.,11.
images_group_12_1344_14520.png,(,{
images_group_12_1344_14521.png,{,{
images_group_12_1345_14522.png,6.,6.
images_group_12_1345_14523.png,1.,1.
images_group_12_1345_14524.png,1.,1.
images_group_12_1345_14525.png,1.,1.
images_group_12_1345_14526.png,1.,1.
images_group_12_1345_14527.png,3.,3.
images_group_12_1345_14528.png,1.,1.
images_group_12_1345_14529.png,1.,1.
images_group_12_1345_14530.png,1.,1.
images_group_12_1345_14531.png,1.,1.
images_group_12_1345_14532.png,1.,1.
images_group_12_1345_14533.png,6.,6.
images_group_12_1345_14534.png,1.,1.
images_group_12_1345_14535.png,1.,1.
images_group_12_1345_14536.png,1.,1.
images_group_12_1345_14537.png,1.,1.
images_group_12_1345_14538.png,{,{
images_group_12_1345_14539.png,1.,1.
images_group_12_1345_14540.png,1.,1.
images_group_12_1345_14541.png,1.,1.
images_group_12_1345_14542.png,1.,1.
images_group_12_1345_14543.png,-,{
images_group_12_1345_14544.png,1.,1.
images_group_12_1345_14545.png,2.,2.
images_group_12_1345_14546.png,1.,1.
images_group_12_1345_14547.png,1.,1.
images_group_12_1345_14548.png,11.,11.
images_group_12_1345_14549.png,1.,1.
images_group_12_1345_14550.png,1.,1.
images_group_12_1345_14551.png,2.,2.
images_group_12_1345_14552.png,4.,4.
images_group_12_1345_14553.png,1.,1.
images_group_12_1345_14554.png,1.,1.
images_group_12_1345_14555.png,{,{
images_group_12_1353_14621.png,186,186
images_group_12_1354_14622.png,въ,въ
images_group_12_1369_14730.png,+,+
images_group_12_1369_14731.png,-,-
images_group_12_1369_14732.png,-,-
images_group_12_1369_14733.png,4,4
images_group_12_1369_14734.png,2,2
images_group_12_1369_14735.png,-,-
images_group_12_1387_14782.png,по,по
images_group_12_140_14809.png,Крестьянскими,крестьянскими
images_group_12_140_14810.png,350,350.
images_group_12_140_14811.png,354,354
images_group_12_140_14812.png,355,355.
images_group_12_140_14813.png,356.,356
images_group_12_140_14814.png,волости,волости
images_group_12_1408_14829.png,17.,17.
images_group_12_1408_14830.png,1.,1.
images_group_12_1408_14831.png,1.,1.
images_group_12_1408_14832.png,1.,1.
images_group_12_1408_14833.png,1.,1.
images_group_15_1600_762.png,1843,1843
images_group_15_1600_763.png,Марта,Марта
images_group_15_1600_764.png,8-го,8-го.
images_group_15_1600_765.png,О ревизіи,О ревизіи
images_group_15_1600_766.png,отчетности,отчетности
images_group_15_1600_767.png,хлѣб,хлѣб
images_group_15_1600_768.png,Дѣло,"Дѣло,"
images_group_15_1600_769.png,о ревизіи,о ревизіи
images_group_15_1600_770.png,отчетности,отчетности
images_group_15_1600_771.png,остается,остается
images_group_15_1600_772.png,56.,56.
images_group_15_1600_773.png,57,57
images_group_15_1600_774.png,наго,наго
images_group_15_1600_775.png,запаснаго,запаснаго
images_group_15_1600_776.png,капитале,капитало
images_group_15_1600_777.png,неоконченнымъ,неоконченнымъ
images_group_15_1600_778.png,за,за
images_group_15_1600_780.png,съ,съ
images_group_15_1600_781.png,1840,1840
images_group_15_1600_782.png,по,по
images_group_15_1600_783.png,1848,1848
images_group_15_1600_784.png,годъ,годъ
images_group_15_1600_785.png,какъ,какъ
images_group_15_1600_786.png,Енисейскою,Енисейскою
images_group_15_1600_787.png,Контрольною,Контрольною
images_group_15_1600_788.png,Палатою,Палатою
images_group_15_1600_789.png,Енисейскою,Енисейскою
images_group_15_1600_790.png,Казенною,Казенною
images_group_15_1600_791.png,книгъ,книгъ
images_group_15_1600_792.png,и документовъ. с,и документовъ. с
images_group_15_1600_794.png,дѣло,дѣло
images_group_15_1600_795.png,объ,объ
images_group_15_1600_796.png,"Палатою,","Палатою,"
images_group_15_1600_797.png,такъ,такъ
images_group_15_1600_798.png,и,и
images_group_15_1600_799.png,учрея,учреж
images_group_15_1600_800.png,отожестихъ,отошедшихъ
images_group_15_1600_801.png,подъ,подъ
images_group_15_1600_802.png,золотые,золотые
images_group_15_1600_803.png,про-,про-
images_group_15_1600_804.png,денною,денною
images_group_15_1600_805.png,Комписіею,Коммисію
images_group_15_1600_806.png,Для,Для
images_group_15_1600_807.png,мысла,мысла
images_group_15_1600_808.png,инородческихъ,инородческихъ
images_group_15_1600_809.png,"земляхъ,","земляхъ,"
images_group_15_1600_810.png,окончено,окончено
images_group_15_1600_811.png,30 Июня,30 Iюня
images_group_15_1600_812.png,1869 года.,1869 года.
images_group_15_1600_813.png,приведеніе,приведеніе
images_group_15_1600_814.png,въ,въ
images_group_15_1600_815.png,поря-,поря-
images_group_15_1600_816.png,докъ,докъ
images_group_15_1600_817.png,дѣлъ,дѣль
images_group_15_1600_818.png,по,по
images_group_15_1600_819.png,этому,этому
images_group_15_1600_820.png,капитаму;,капиталу;
images_group_15_1600_821.png,равно,равно
images_group_15_1600_822.png,объ,объ
images_group_15_1600_823.png,отсшедшихъ,отошедшихъ
images_group_15_1600_824.png,инород,инород
images_group_15_1600_825.png,ческихъ,ческихъ
images_group_15_1600_826.png,земляхъ,земляхъ
images_group_15_1600_827.png,подъ,подъ
images_group_15_1600_828.png,золотые,золотые
images_group_15_1600_829.png,промысла,промысла
images_group_15_1600_830.png,Енисейскомъ,Енисейскомъ
images_group_15_1600_831.png,кругѣ.,округѣ.
images_group_15_1600_832.png,читель,житель
images_group_15_1602_957.png,1854,1854
images_group_15_1602_958.png,За неполученіемъ,За неполученіемъ
images_group_15_1602_959.png,исполнительнаго,исполнительнаго
images_group_15_1602_960.png,донесе-,донеса
images_group_15_1602_961.png,Января,Января
images_group_15_1602_962.png,29.,29
images_group_15_1602_963.png,О производствѣ,Опроизводствѣ
images_group_15_1602_964.png,слѣдствія,слѣдствія
images_group_15_1602_965.png,надъ,надъ
images_group_15_1602_966.png,Казакомъ,казакомъ
images_group_15_1602_968.png,нія,нія
images_group_15_1602_969.png,отъ,отъ
images_group_15_1602_970.png,Томскаго,Томскаго
images_group_15_1602_971.png,Городскаго,Городскаго
images_group_15_1602_972.png,Поли,Поли
images_group_15_1602_973.png,58,58
images_group_15_1602_974.png,59,59
images_group_15_1602_975.png,"вымъ, о","вымъ, о"
images_group_15_1602_976.png,незаписанномъ,незаписанномъ
images_group_15_1602_977.png,цейскаго Управленія,цейскаго Управленія
images_group_15_1602_978.png,на,на
images_group_15_1602_979.png,предписаніе,предписаніе
images_group_15_1602_980.png,на,на
images_group_15_1602_981.png,приходъ,приходъ
images_group_15_1602_982.png,хлѣбѣ,"хлѣбѣ,"
images_group_15_1602_983.png,въ,въ
images_group_15_1602_984.png,Губернскаго,Губернскаго
images_group_15_1602_985.png,Правленія,Правленія
images_group_15_1602_986.png,отъ,отъ
images_group_15_1602_987.png,27 Ан,27 Ян
images_group_15_1602_988.png,бытность,бытность
images_group_15_1602_989.png,его,его
images_group_15_1602_990.png,Вахте,Вахте
images_group_15_1602_991.png,варя,варя
images_group_15_1602_992.png,1869,1869
images_group_15_1602_993.png,года,года
images_group_15_1602_994.png,Зас,Зас
images_group_15_1602_995.png,1206.,1206.
images_group_15_1602_996.png,О попуж-,О понуж-
images_group_15_1602_997.png,деніи,деніи
images_group_15_1602_998.png,которое,которое
images_group_15_1602_999.png,къ,къ
images_group_15_1602_1000.png,Скорѣйшему,скорѣйшему
images_group_15_1602_1001.png,вы,вы
images_group_15_1602_1002.png,ремъ,ромъ
images_group_15_1602_1003.png,Песковскаго,Песковскаго
images_group_15_1602_1004.png,ма-,ма-
images_group_15_1602_1005.png,полненію,полненію
images_group_15_1602_1006.png,"онаго,","онаго,"
images_group_15_1602_1007.png,сообщено,сообщено
images_group_15_1602_1008.png,6,6
images_group_15_1602_1009.png,Фев-,Фев
images_group_15_1602_1010.png,рама,раля
images_group_15_1602_1011.png,за,зас
images_group_15_1602_1012.png,"No273,","No273,"
images_group_15_1602_1013.png,въ,въ
images_group_15_1602_1014.png,Темское,Томское
images_group_15_1602_1015.png,Гу-,Гу-
images_group_15_1602_1016.png,газина.,газина.
images_group_15_1602_1017.png,бернское,"бернское,"
images_group_15_1602_1018.png,"Правленіе,","Правленіе,"
images_group_15_1602_1019.png,"которое,","которое,"
images_group_15_1602_1020.png,за,за
images_group_15_1602_1021.png,многократными,многократными
images_group_15_1602_1022.png,напоминанія,напоминанія
images_group_15_1602_1023.png,"ми,","ми,"
images_group_15_1602_1024.png,отношеніемъ,отношеніемъ
images_group_15_1602_1025.png,отъ,отъ
images_group_15_1602_1026.png,15,15
images_group_15_1602_1027.png,Декас,Декаб
images_group_15_1602_1028.png,ря,ря
images_group_15_1602_1029.png,1869 г.,1869 г.
images_group_15_1602_1030.png,"за No6635,","за No6635,"
images_group_15_1602_1031.png,"увѣдомимо,","увѣдомило,"
images_group_15_1602_1032.png,что,что
images_group_15_1602_1033.png,о,о
images_group_15_1602_1034.png,понужденій,понужденіи
images_group_15_1602_1035.png,Тоиское,Томское
images_group_15_1602_1036.png,Городское,Городское
images_group_15_1602_1037.png,Полицейское,Полицейское
images_group_15_1602_1038.png,"Управленіе,","Управленіе,"
images_group_15_1602_1039.png,тѣмъ,тѣмъ
images_group_15_1602_1040.png,Правленіемъ,Правленіемъ
images_group_15_1602_1041.png,представлены,представлено
images_group_15_1602_1042.png,Гу-,гну
images_group_15_1602_1043.png,Томскому,Томскому
images_group_15_1602_1044.png,о,С
images_group_15_1602_1045.png,Губернатору.,Губернатору.
images_group_15_1607_1517.png,No 7.,No7
images_group_15_1607_1518.png,Копія,Копія
images_group_15_1607_1519.png,85,80
images_group_15_1607_1530.png,По,По
images_group_15_1607_1531.png,малолѣтству,малолѣтству
images_group_15_1607_1532.png,по,по
images_group_15_1607_1533.png,ва,въ
images_group_15_1607_1534.png,умѣ,умѣ.
images_group_15_1607_1535.png,глухонѣмотѣ,глухонемотѣ.
images_group_15_1607_1536.png,по,по
images_group_15_1607_1537.png,наслѣ,наслѣд
images_group_15_1607_1538.png,по,по
images_group_15_1607_1539.png,спорамъ,спорамъ
images_group_15_1607_1540.png,никовъ,никовъ
images_group_15_1607_1541.png,неявки,неявки
images_group_15_1607_1542.png,по,по
images_group_15_1607_1543.png,ихъ.,ихь.
images_group_15_1607_1544.png,Надъ,Надъ
images_group_15_1607_1545.png,ніемъ,ніемъ
images_group_15_1607_1546.png,имѣ,имъ
images_group_15_1607_1547.png,не,не
images_group_15_1607_1548.png,осторожны,осторожны
images_group_15_1607_1549.png,никовъ,никовъ
images_group_15_1607_1550.png,безвѣстному,безвѣстному
images_group_15_1607_1551.png,по,по
images_group_15_1607_1552.png,отсутствію,отсутствію
images_group_15_1607_1553.png,расточительное,расточительность
images_group_15_1607_1554.png,за,"за,"
images_group_15_1607_1555.png,злоупотребленію,злоупотребленію
images_group_15_1607_1556.png,по,по
images_group_15_1607_1557.png,помѣщичьей,помѣщичьей
images_group_15_1607_1558.png,вности,влости
images_group_15_1607_1559.png,по,по
images_group_15_1607_1560.png,правы,правы
images_group_15_1607_1561.png,лишенію,лишенію
images_group_15_1607_1562.png,Дворянства,Дворянства
images_group_15_1607_1563.png,отступленію,отступленію
images_group_15_1607_1564.png,по,по
images_group_15_1607_1565.png,православія,православія
images_group_15_1607_1566.png,отъ,отъ
images_group_15_1607_1567.png,Въ,Въ
images_group_15_1607_1568.png,Красноярскѣ:,Красноярскѣ:
images_group_15_1607_1569.png,по,по
images_group_15_1607_1570.png,Дворянской,Дворянской
images_group_15_1607_1571.png,опекѣ.,опекѣ.
images_group_15_1607_1572.png,5,5
images_group_15_1607_1573.png,2,2
images_group_15_1607_1574.png,городской,городской
images_group_15_1607_1575.png,38,38
images_group_15_1607_1576.png,Въ,Въ
images_group_15_1607_1577.png,Енисейскѣ.,Енисейскѣ.
images_group_15_1607_1578.png,по,по
images_group_15_1607_1579.png,Дворянской,Дворянской
images_group_15_1607_1580.png,опекѣ,опекѣ
images_group_15_1607_1581.png,2,2
images_group_15_1607_1582.png,32,32
images_group_15_1607_1583.png,2,2
images_group_15_1607_1584.png,Городской,Городской
images_group_15_1607_1585.png,Въ,Въ
images_group_15_1607_1586.png,Ачинскѣ:,Ачинскѣ:
images_group_15_1607_1587.png,по,по
images_group_15_1607_1588.png,Дворянской,Дворянской
images_group_15_1607_1589.png,опекѣ,опекѣ
images_group_15_1607_1590.png,городской,городской
images_group_15_1607_1591.png,Въ,Въ
images_group_15_1607_1592.png,Канскѣ.,Канскѣ
images_group_15_1607_1593.png,по,по
images_group_15_1607_1594.png,Дворянской,Дворянской
images_group_15_1607_1595.png,опекѣ,опекѣ
images_group_15_1607_1596.png,2,2
images_group_15_1607_1597.png,Городской,Городской
images_group_15_1607_1598.png,въ,въ
images_group_15_1607_1599.png,Минусинскѣ:,Минусинскѣ
images_group_15_1607_1600.png,По,По
images_group_15_1607_1601.png,Дворянской,Дворянской
images_group_15_1607_1602.png,опекѣ,опекѣ
images_group_15_1607_1603.png,Городской,Городской
images_group_15_1607_1604.png,10,10
images_group_15_1607_1605.png,2.,2.
images_group_15_1607_1606.png,Итого,Итого
images_group_15_1607_1607.png,95.,95.
images_group_15_1607_1608.png,2,2
images_group_15_1607_1609.png,2,2
images_group_15_1607_1610.png,3,3
images_group_15_1607_1611.png,Примѣчаніе:,Примѣчаніе:
images_group_15_1607_1612.png,1),1)
images_group_15_1607_1613.png,Въ,Въ
images_group_15_1607_1614.png,казенномъ,казенномъ
images_group_15_1607_1615.png,присмотрѣ,присмотрѣ
images_group_15_1607_1616.png,имуществъ,имуществъ
images_group_15_1607_1617.png,непла,непва
images_group_15_1607_1618.png,тежъ,тежъ
images_group_15_1607_1619.png,денегъ,денегъ
images_group_15_1607_1620.png,ненаходится.,ненаходится.
images_group_15_1607_1621.png,2) Опекъ,2) Опекъ
images_group_15_1607_1622.png,по,по
images_group_15_1607_1623.png,особому,особому
images_group_15_1607_1624.png,Высочайшему,Высочайшему
images_group_15_1607_1625.png,повелѣнію,повелѣнію
images_group_15_1607_1626.png,нѣтъ,нѣтъ
images_group_15_1611_2098.png,83,83
images_group_15_1611_2099.png,Копія,Копія
images_group_15_1611_2101.png,No9,No9
images_group_15_1611_2102.png,за,за
images_group_15_1611_2103.png,1869 годъ.,1869 годъ
images_group_15_1611_2104.png,о,о
images_group_15_1611_2105.png,заведеніяхъ,заведеніяхъ
images_group_15_1611_2106.png,Енисейскаго,Енисейскаго
images_group_15_1611_2107.png,Приказа,Приказа
images_group_15_1611_2112.png,призрѣваемыхъ,призрѣваемыхъ
images_group_15_1611_2115.png,заведеній,заведеній
images_group_15_1611_2116.png,число,число
images_group_15_1611_2117.png,въ,въ
images_group_15_1611_2118.png,Сколько,Сколько
images_group_15_1611_2119.png,муж,скуд
images_group_15_1611_2120.png,пола,пола
images_group_15_1611_2121.png,содержалось,содержалось
images_group_15_1611_2122.png,теченіе,теченіе
images_group_15_1611_2124.png,жен.,дин.
images_group_15_1611_2125.png,человѣкъ,человѣ
images_group_15_1611_2126.png,года,года 
images_group_15_1611_2127.png,приходу,приходу
images_group_15_1611_2128.png,руб.,руб.
images_group_15_1611_2129.png,Въ,Въ
images_group_15_1611_2130.png,истекшемъ,истекшемъ
images_group_15_1611_2131.png,коп.,коп.
images_group_15_1611_2132.png,было.,было.
images_group_15_1611_2133.png,заведеніем,заведеніем
images_group_15_1611_2134.png,руб.,руб.
images_group_15_1611_2135.png,расходу,расходу
images_group_15_1611_2136.png,кой,кѣй
images_group_15_1611_2137.png,году,году
images_group_15_1611_2138.png,Названіе,Названіе
images_group_15_1611_2139.png,заведеній.,заведеній.
images_group_15_1611_2140.png,Больницъ,Больницъ:
images_group_15_1611_2141.png,въ,въ
images_group_15_1611_2142.png,губернскомъ,губернскомъ
images_group_15_1611_2143.png,городѣ,городѣ
images_group_15_1611_2144.png,Красноярскѣ,Красноярскѣ
images_group_15_1611_2145.png,/,1
images_group_15_1611_2146.png,1807.,1807.
images_group_15_1611_2147.png,136,136
images_group_15_1611_2148.png,17752,17752
images_group_15_1611_2149.png,97,97
images_group_15_1611_2150.png,17680,17680
images_group_15_1611_2151.png,23.,23
images_group_15_1611_2152.png,въ,въ
images_group_15_1611_2153.png,окружныхъ,окружныхъ
images_group_15_1611_2154.png,городахъ:,городахъ:
images_group_15_1611_2155.png,Енисейскѣ,Енисейскѣ
images_group_15_1611_2156.png,1.,1.
images_group_15_1611_2157.png,457.,457.
images_group_15_1611_2158.png,68,68
images_group_15_1611_2159.png,7444.,7444.
images_group_15_1611_2160.png,99.,99.
images_group_15_1611_2161.png,7278,7278
images_group_15_1611_2162.png,27,27
images_group_15_1611_2163.png,Ачинскѣ,Ачинскѣ
images_group_15_1611_2164.png,1.,1.
images_group_15_1611_2165.png,240.,240.
images_group_15_1611_2166.png,26.,26.
images_group_15_1611_2167.png,5700,5700
images_group_15_1611_2168.png,53.,53.
images_group_15_1611_2169.png,5585,5585
images_group_15_1611_2170.png,40,40
images_group_15_1611_2171.png,Канскѣ,Канскѣ
images_group_15_1611_2172.png,1.,1.
images_group_15_1611_2173.png,440.,440.
images_group_15_1611_2174.png,31.,31.
images_group_15_1611_2175.png,13892,13892
images_group_15_1611_2176.png,44,44
images_group_15_1611_2177.png,8571,8571
images_group_15_1611_2178.png,49,49
images_group_15_1611_2179.png,1.,1.
images_group_15_1611_2180.png,379.,379.
images_group_15_1611_2181.png,49.,49.
images_group_15_1611_2182.png,6929.,6929.
images_group_15_1611_2183.png,14.,14.
images_group_15_1611_2184.png,6768,6768
images_group_15_1611_2185.png,59,59
images_group_15_1611_2186.png,Богадѣльня,Богадѣльня
images_group_15_1611_2187.png,въ,въ
images_group_15_1611_2188.png,губернскомъ,губернскомъ
images_group_15_1611_2189.png,горо,горо
images_group_15_1611_2190.png,дѣ,дѣ
images_group_15_1611_2191.png,Красноярскѣ,Красноярскѣ
images_group_15_1611_2192.png,1.,1.
images_group_15_1611_2193.png,18,18
images_group_15_1611_2194.png,8.,8.
images_group_15_1611_2195.png,1405,1405
images_group_15_1611_2196.png,58,58
images_group_15_1611_2197.png,1392,1392
images_group_15_1611_2198.png,4 1/2,4 1/2
images_group_15_1611_2199.png,Домъ,Домъ
images_group_15_1611_2200.png,умалишенныхъ,умалишенныхъ
images_group_15_1611_2201.png,1.,1.
images_group_15_1611_2202.png,17.,17.
images_group_15_1611_2203.png,8,8
images_group_15_1611_2204.png,1602,1602
images_group_15_1611_2205.png,19,19
images_group_15_1611_2206.png,1585,1585
images_group_15_1611_2207.png,46,46
images_group_15_1611_2208.png,Смирительныхъ,Смирительныхъ
images_group_15_1611_2209.png,рабочихъ,рабочихъ
images_group_15_1611_2210.png,до,до
images_group_15_1611_2211.png,мовъ,мовъ
images_group_15_1611_2212.png,въ,въ
images_group_15_1611_2213.png,вѣдомствѣ,вѣдомствѣ
images_group_15_1611_2214.png,Приказа,Приказа
images_group_15_1611_2215.png,нѣтъ,нѣтъ
images_group_15_1611_2216.png,Примѣчаніе:,Примѣчаніе:
images_group_15_1611_2217.png,1),1)
images_group_15_1611_2218.png,Больницъ,Больницъ
images_group_15_1611_2219.png,и,и
images_group_15_1611_2220.png,другихъ,другихъ
images_group_15_1611_2221.png,Богоугодныхъ,Богоугодныхъ
images_group_15_1611_2222.png,заведе-,заведе-
images_group_15_1611_2223.png,ній,ній
images_group_15_1611_2224.png,гражданскаго,гражданскаго
images_group_15_1611_2225.png,вѣдомства,вѣдомства
images_group_15_1611_2226.png,подвѣдом-,подвѣдом-
images_group_15_1611_2227.png,ственныхъ,ственныхъ
images_group_15_1611_2228.png,приказу.,приказу.
images_group_15_1611_2229.png,Общественнаго,Общественнаго
images_group_15_1611_2230.png,При-,При-
images_group_15_1611_2231.png,зрѣнія,зрѣнія
images_group_15_1611_2232.png,несуществуетъ,несуществуетъ.
images_group_15_1612_2233.png,84,84
images_group_15_1612_2234.png,Копія,Копія
images_group_15_1612_2235.png,No 10,No 10
images_group_15_1612_2237.png,за,за
images_group_15_1612_2238.png,1869 годъ,1869 годъ.
images_group_15_1612_2245.png,2),2)
images_group_15_1612_2246.png,Содержаніе,Содержаніе
images_group_15_1612_2247.png,существующей,существующей
images_group_15_1612_2248.png,въ,въ
images_group_15_1612_2249.png,городѣ,городѣ
images_group_15_1612_2250.png,Ачин,Ачин
images_group_15_1612_2251.png,скѣ,скѣ
images_group_15_1612_2252.png,на,на
images_group_15_1612_2253.png,счетъ,счетъ
images_group_15_1612_2254.png,городскихъ,городскихъ
images_group_15_1612_2255.png,доходовъ,доходовъ
images_group_15_1612_2256.png,боги-,боги-
images_group_15_1612_2257.png,дѣльни,дѣльни
images_group_15_1612_2258.png,обошлось,обошлось
images_group_15_1612_2259.png,обществу,обществу
images_group_15_1612_2260.png,въ,въ
images_group_15_1612_2261.png,78 р.,78 р.
images_group_15_1612_2262.png,"15 к,","15 к,"
images_group_15_1612_2263.png,въ,въ
images_group_15_1612_2264.png,Количество,Количество
images_group_15_1612_2265.png,Названіе,Названіе
images_group_15_1612_2266.png,наличнаго,наличнаго
images_group_15_1612_2267.png,Забо-,Забо-
images_group_15_1612_2268.png,Выздо,Выздо
images_group_15_1612_2269.png,Осталось,Осталось
images_group_15_1612_2270.png,теченіе,теченіе
images_group_15_1612_2271.png,1869,1869
images_group_15_1612_2272.png,года,года
images_group_15_1612_2273.png,призрѣно,призрѣно
images_group_15_1612_2274.png,7,7
images_group_15_1612_2275.png,человѣкъ,человѣкъ
images_group_15_1612_2276.png,скота,скота
images_group_15_1612_2277.png,въ,въ
images_group_15_1612_2278.png,пало,пало
images_group_15_1612_2279.png,ро,ро
images_group_15_1612_2280.png,обоего,обоего
images_group_15_1612_2281.png,пола.,пола.
images_group_15_1612_2285.png,мѣстахъ,мѣстахъ
images_group_15_1612_2286.png,лѣло.,лѣло.
images_group_15_1612_2287.png,вѣло,вѣло
images_group_15_1612_2288.png,больных,больных
images_group_15_1612_2290.png,3) Въ,3) Въ
images_group_15_1612_2291.png,построенной,построенной
images_group_15_1612_2292.png,въ,въ
images_group_15_1612_2293.png,селѣ,селѣ
images_group_15_1612_2294.png,Казачинскомъ,Казачинскомъ
images_group_15_1612_2295.png,падежа.,падежа.
images_group_15_1612_2296.png,Енисейскаго,Енисейскаго
images_group_15_1612_2297.png,"округа,","округа,"
images_group_15_1612_2298.png,въ,въ
images_group_15_1612_2299.png,"1861 году,","1861 году,"
images_group_15_1612_2300.png,крестья-,крестья-
images_group_15_1612_2301.png,ниномъ,ниномъ
images_group_15_1612_2302.png,Серебряковымъ,Серебряковымъ
images_group_15_1612_2303.png,богадѣльнѣ,богадѣльнѣ
images_group_15_1612_2304.png,при-,при-
images_group_15_1612_2305.png,Въ,Въ
images_group_15_1612_2306.png,Красноярскѣ,Красноярскѣ
images_group_15_1612_2307.png,1067,1067.
images_group_15_1612_2308.png,256,256
images_group_15_1612_2309.png,114,114
images_group_15_1612_2310.png,142,142
images_group_15_1612_2311.png,зрѣвалось,зрѣвалось
images_group_15_1612_2312.png,на,на
images_group_15_1612_2313.png,счетъ,счетъ
images_group_15_1612_2314.png,общества,общества
images_group_15_1612_2315.png,6,6
images_group_15_1612_2316.png,человѣкъ,человѣкъ
images_group_15_1612_2317.png,4) Въ,4) Въ
images_group_15_1612_2318.png,селахъ,селахъ
images_group_15_1612_2319.png,Абаканскомъ,Абаканскомъ
images_group_15_1612_2320.png,и,и
images_group_15_1612_2321.png,Шушенскомъ,Шушенскомъ
images_group_15_1612_2322.png,округѣ,округѣ
images_group_15_1612_2323.png,онаго,онаго
images_group_15_1612_2324.png,13105,13105
images_group_15_1612_2325.png,2840,2840
images_group_15_1612_2326.png,2604,2604
images_group_15_1612_2327.png,184,184
images_group_15_1612_2328.png,52,52
images_group_15_1612_2329.png,Минусинскаго,Минусинскаго
images_group_15_1612_2330.png,округа,округа
images_group_15_1612_2331.png,2,2
images_group_15_1612_2332.png,"богадѣльни,","богадѣльни,"
images_group_15_1612_2333.png,по-,по-
images_group_15_1612_2334.png,Енисейскѣ,Енисейскѣ
images_group_15_1612_2335.png,820,820
images_group_15_1612_2336.png,387,387.
images_group_15_1612_2337.png,357,357
images_group_15_1612_2338.png,30,30
images_group_15_1612_2339.png,строенныя,строенныя
images_group_15_1612_2340.png,"крестьянами,","крестьянами,"
images_group_15_1612_2341.png,содержатся,содержатся
images_group_15_1612_2342.png,на,на
images_group_15_1612_2343.png,счетъ,счетъ
images_group_15_1612_2344.png,крестьянъ,крестьянъ
images_group_15_1612_2345.png,благотворителей,благотворителей
images_group_15_1612_2346.png,округѣ,округѣ
images_group_15_1612_2347.png,онаго,онаго
images_group_15_1612_2348.png,3814,3814
images_group_15_1612_2349.png,1350,1350
images_group_15_1612_2350.png,1253,1253
images_group_15_1612_2351.png,97,97
images_group_15_1612_2352.png,Ачинскѣ,Ачинскѣ
images_group_15_1612_2353.png,590,590
images_group_15_1612_2354.png,204,204
images_group_15_1612_2355.png,204,204
images_group_15_1612_2356.png,Вѣрно:,Вѣрно:
images_group_15_1612_2357.png,Гражданскій,Гражданскій
images_group_15_1612_2358.png,Губернаторъ,Губернаторъ
images_group_15_1612_2359.png,округѣ,округѣ
images_group_15_1612_2360.png,онаго,онаго
images_group_15_1612_2361.png,3391,3391
images_group_15_1612_2362.png,912,912
images_group_15_1612_2363.png,746,746
images_group_15_1612_2364.png,156,156
images_group_15_1612_2365.png,10.,10.
images_group_15_1612_2366.png,Канскѣ,Канскѣ
images_group_15_1612_2367.png,округѣ,округѣ
images_group_15_1612_2368.png,онаго,онаго
images_group_15_1612_2369.png,2000,2000
images_group_15_1612_2370.png,1259,1259
images_group_15_1612_2371.png,697,697
images_group_15_1612_2372.png,562,562
images_group_15_1612_2373.png,Минусинскѣ,Минусинскѣ
images_group_15_1612_2374.png,округѣ,округѣ
images_group_15_1612_2375.png,онаго,онаго
images_group_15_1612_2376.png,1275,1275
images_group_15_1612_2377.png,1000.,1000.
images_group_15_1612_2378.png,476,476
images_group_15_1612_2379.png,524,524
images_group_15_1612_2380.png,Итого.,Итого..
images_group_15_1612_2381.png,26062,26062
images_group_15_1612_2382.png,8208.,8208.
images_group_15_1612_2383.png,6451,6451
images_group_15_1612_2384.png,1695,1695
images_group_15_1612_2385.png,62,62
images_group_15_1612_2386.png,Примѣчаніе.,Примѣчаніе:
images_group_15_1612_2387.png,1-е,1-е
images_group_15_1612_2388.png,Падемъ,Падежъ
images_group_15_1612_2389.png,скота,скота
images_group_15_1612_2390.png,былъ,былъ
images_group_15_1612_2391.png,а),а)
images_group_15_1612_2392.png,въ г.,въ г.
images_group_15_1612_2393.png,Красноярскѣ,Красноярскѣ
images_group_15_1612_2394.png,на,на
images_group_15_1612_2395.png,рогатомъ,рогатомъ
images_group_15_1612_2396.png,скотѣ,скотѣ
images_group_15_1612_2397.png,чума,чума
images_group_15_1612_2398.png,Реб ій,Pestіs
images_group_15_1612_2399.png,Возит,"Borum,"
images_group_15_1612_2401.png,Исповняющий,Исправляющій
images_group_15_1612_2402.png,довленость,доверенность
images_group_15_1612_2403.png,Секретарь,Секретарь
images_group_15_1615_2764.png,86,86.
images_group_15_1615_2765.png,Копія,Копія
images_group_15_1615_2766.png,No11,No11
images_group_15_1615_2767.png,за 1869 годъ.,за 1869 годъ.
images_group_15_1619_3451.png,90,90
images_group_15_1619_3452.png,Копія,Копія
images_group_15_1619_3453.png,No13,No13
images_group_15_1619_3455.png,10,10
images_group_15_1619_3456.png,63,63
images_group_15_1619_3457.png,3.,3.
images_group_15_1619_3458.png,3.,3.
images_group_15_1619_3459.png,29,29
images_group_15_1619_3460.png,обошлась,обошлась
images_group_15_1619_3461.png,11.,11.
images_group_15_1619_3462.png,5.,5.
images_group_15_1619_3463.png,4,4
images_group_15_1619_3464.png,54.,54
images_group_15_1619_3465.png,мѣщанъ,мѣщанъ
images_group_15_1619_3466.png,1869 годъ,1869 годъ
images_group_15_1619_3467.png,дешевле,дешевле
images_group_15_1619_3468.png,отъ,отъ
images_group_15_1619_3469.png,уменьшенія,уменьшенія
images_group_15_1619_3470.png,взно,взно
images_group_15_1619_3476.png,са,са
images_group_15_1619_3477.png,въ,въ
images_group_15_1619_3478.png,казну,казну
images_group_15_1619_3479.png,на,на
images_group_15_1619_3480.png,провіантъ,провіантъ
images_group_15_1619_3481.png,де,де
images_group_15_1619_3482.png,Остатокъ,Остатокъ
images_group_15_1619_3483.png,и,и
images_group_15_1619_3484.png,Остатокъ,Остатокъ
images_group_15_1619_3485.png,Приходъ,Приходъ
images_group_15_1619_3486.png,Расходъ,Расходъ
images_group_15_1619_3487.png,передержка,передержка
images_group_15_1619_3488.png,Осталось,Осталось
images_group_15_1619_3489.png,негъ,негъ
images_group_15_1619_3492.png,за,за
images_group_15_1619_3493.png,противъ,противъ
images_group_15_1619_3494.png,года,годо
images_group_15_1619_3495.png,всего,всего
images_group_15_1619_3496.png,отъ,отъ
images_group_15_1619_3497.png,прошед-,прошед-
images_group_15_1619_3498.png,годовъ,годовъ
images_group_15_1619_3499.png,1869 год.,1869 год.
images_group_15_1619_3500.png,за,за
images_group_15_1619_3501.png,1869 год.,1869 год.
images_group_15_1619_3502.png,къ,къ
images_group_15_1619_3503.png,1870,1870
images_group_15_1619_3504.png,год.,год.
images_group_15_1619_3505.png,шихъ,шихъ
images_group_15_1619_3506.png,ваго,ваго
images_group_15_1619_3507.png,дохода.,дохода.
images_group_15_1619_3508.png,Канскаго,Канскаго
images_group_15_1619_3509.png,Государственнаго,Государственнаго
images_group_15_1619_3510.png,11.,11.
images_group_15_1619_3511.png,5.,5.
images_group_15_1619_3512.png,4,4
images_group_15_1619_3513.png,54.,54.
images_group_15_1619_3514.png,12,12
images_group_15_1619_3515.png,3,3
images_group_15_1619_3516.png,30.,30.
images_group_15_1619_3517.png,59,59
images_group_15_1619_3518.png,Этимъ,этимъ
images_group_15_1619_3519.png,участь,участ-
images_group_15_1619_3520.png,камъ,камъ
images_group_15_1619_3521.png,сдача,сдача
images_group_15_1619_3522.png,ре,ре
images_group_15_1619_3523.png,Въ,Въ
images_group_15_1619_3524.png,Красноярскѣ,Красноярскѣ
images_group_15_1619_3525.png,8029,8029
images_group_15_1619_3526.png,7723,7723
images_group_15_1619_3527.png,11767-,11767-
images_group_15_1619_3528.png,69.,69.
images_group_15_1619_3529.png,4044,4044
images_group_15_1619_3530.png,-21 3/4,-21 3/4
images_group_15_1619_3531.png,3985,3985
images_group_15_1619_3532.png,мѣщанъ,мѣщанъ
images_group_15_1619_3533.png,11.,11.
images_group_15_1619_3534.png,5.,5.
images_group_15_1619_3535.png,4,4
images_group_15_1619_3536.png,54,54
images_group_15_1619_3537.png,2,2
images_group_15_1619_3538.png,92%,92 1/2
images_group_15_1619_3539.png,3,3
images_group_15_1619_3540.png,21,21
images_group_15_1619_3541.png,51 2/7,51 1/2
images_group_15_1619_3542.png,противу,противу
images_group_15_1619_3543.png,бывшаго,бывшаго
images_group_15_1619_3544.png,"набора,","набора,"
images_group_15_1619_3545.png,94045.,94045
images_group_15_1619_3546.png,12320,12320
images_group_15_1619_3547.png,92 1/4,92 1/4
images_group_15_1619_3548.png,15905,15905
images_group_15_1619_3549.png,-3584,-3584
images_group_15_1619_3550.png,12 3/4,12 3/4
images_group_15_1619_3551.png,90461,90461
images_group_15_1619_3552.png,-22 1/4,-22 1/4
images_group_15_1619_3553.png,Енисейскѣ,Енисейскѣ
images_group_15_1619_3554.png,обошлась,обошлась
images_group_15_1619_3555.png,дешевы,дешевке
images_group_15_1619_3556.png,Ачинскѣ,Ачинскѣ
images_group_15_1619_3557.png,28034-,28034-
images_group_15_1619_3558.png,13 3/4,13 3/4.
images_group_15_1619_3559.png,7300,7300
images_group_15_1619_3560.png,6 3/4,-6 3/4
images_group_15_1619_3561.png,7923,7923
images_group_15_1619_3562.png,623,623
images_group_15_1619_3563.png,-83 3/4,-83 3/4
images_group_15_1619_3564.png,27410,27410
images_group_15_1619_3565.png,30.,30.
images_group_15_1619_3566.png,послучаю,послучаю
images_group_15_1619_3567.png,пони,пони
images_group_15_1619_3568.png,Минусинскаго.,Минусинскаго.
images_group_15_1619_3569.png,Государственнаго,Государственнаго
images_group_15_1619_3570.png,11.,11.
images_group_15_1619_3571.png,5.,5.
images_group_15_1619_3572.png,4,4
images_group_15_1619_3573.png,54.,54.
images_group_15_1619_3574.png,12.,12.
images_group_15_1619_3575.png,5.,5.
images_group_15_1619_3576.png,3.,3.
images_group_15_1619_3577.png,50.,50.
images_group_15_1619_3578.png,31,31
images_group_15_1619_3579.png,14.,14.
images_group_15_1619_3580.png,цѣнъ,цѣнъ
images_group_15_1619_3581.png,"провіанъ,","провіантъ,"
images_group_15_1619_3582.png,Канскѣ,Канскѣ
images_group_15_1619_3583.png,19719,19719
images_group_15_1619_3584.png,10505,10505
images_group_15_1619_3585.png,8319,8319
images_group_15_1619_3586.png,+2186,+2186
images_group_15_1619_3587.png,72 1/2,72 1/2
images_group_15_1619_3588.png,21906,21906-
images_group_15_1619_3589.png,-70 1/2,-70 1/2
images_group_15_1619_3590.png,провозъ,провозъ
images_group_15_1619_3591.png,и,и
images_group_15_1619_3592.png,содер-,содер-
images_group_15_1619_3593.png,Минусинскѣ,Минусинскѣ
images_group_15_1619_3594.png,28439,28439
images_group_15_1619_3595.png,7079.,7079
images_group_15_1619_3596.png,5909,5909
images_group_15_1619_3597.png,10 1/4,10 1/4
images_group_15_1619_3598.png,67 1/4,67 1/4
images_group_15_1619_3599.png,29610,29610
images_group_15_1619_3600.png,мѣщанъ,мѣщанъ
images_group_15_1619_3601.png,11.,11.
images_group_15_1619_3602.png,5.,5.
images_group_15_1619_3603.png,4,4
images_group_15_1619_3604.png,54.,54.
images_group_15_1619_3605.png,18,18
images_group_15_1619_3606.png,жаніе,жаніе
images_group_15_1619_3607.png,рекрутъ.,рекрутъ.
images_group_15_1619_3608.png,Итого,Итого
images_group_15_1619_3609.png,178268,178268
images_group_15_1619_3610.png,44930,44930
images_group_15_1619_3611.png,49824,49824
images_group_15_1619_3612.png,88 1/4,-88 1/4
images_group_15_1619_3613.png,-4894,-4894
images_group_15_1619_3614.png,-78 1/2,-78 1/2
images_group_15_1619_3615.png,173373,173373
images_group_15_1619_3616.png,-44.,-44.
images_group_15_1619_3617.png,Примѣчаніе:,Примѣчаніе:
images_group_15_1619_3618.png,1-е),1-е)
images_group_15_1619_3619.png,Сверхъ,Сверхъ
images_group_15_1619_3620.png,суммъ,суммъ
images_group_15_1619_3621.png,исчисленныхъ,исчисленныхъ
images_group_15_1619_3622.png,въ,въ
images_group_15_1619_3623.png,сей,сей
images_group_15_1619_3624.png,вѣдомости,вѣдомости
images_group_15_1619_3625.png,внесено,внесено
images_group_15_1619_3626.png,обществами,обществами
images_group_15_1619_3627.png,мѣ-,мѣ
images_group_15_1619_3628.png,Примѣчаніе:,Примѣчаніе:
images_group_15_1619_3629.png,1),1)
images_group_15_1619_3630.png,Недоимки,Недоимки
images_group_15_1619_3631.png,къ,къ
images_group_15_1619_3632.png,1870,1870
images_group_15_1619_3633.png,году,году
images_group_15_1619_3634.png,осталось,осталось
images_group_15_1619_3635.png,по,по
images_group_15_1619_3636.png,городамъ:,городамъ.
images_group_15_1619_3637.png,щанъ,щанъ
images_group_15_1619_3638.png,всѣхъ,всѣхъ
images_group_15_1619_3639.png,городовъ,городовъ
images_group_15_1619_3640.png,и,и
images_group_15_1619_3641.png,крестьянъ-,крестьянъ-
images_group_15_1619_3642.png,Красноярску,Красноярску
images_group_15_1619_3643.png,6105 р.,6105 р.
images_group_15_1619_3644.png,"61 3/4 к.,","61 3/4 к.,"
images_group_15_1619_3645.png,Енисейску-,Енисейску-
images_group_15_1619_3646.png,2026 р.,2026 р.
images_group_15_1619_3647.png,"50 3/4 к.,","50 3/4 к.,"
images_group_15_1619_3648.png,округовъ,округовъ-
images_group_15_1619_3649.png,по,по
images_group_15_1619_3650.png,2 р,2 р
images_group_15_1619_3651.png,за,за
images_group_15_1619_3652.png,каждаго,каждаго
images_group_15_1619_3653.png,рекрута,рекрута
images_group_15_1619_3654.png,Ачинску-,Ачинску-
images_group_15_1619_3655.png,4872 р.,4872 р.
images_group_15_1619_3656.png,"84 3/4 к,","84 3/4 к,"
images_group_15_1619_3657.png,Канску,Канску
images_group_15_1619_3658.png,5865 р.,5865 р.
images_group_15_1619_3659.png,83 3/4,83 3/4
images_group_15_1619_3660.png,к,к
images_group_15_1619_3661.png,и,и
images_group_15_1619_3662.png,въ,въ
images_group_15_1619_3663.png,бывшій,бывшій
images_group_15_1619_3664.png,вспомогательный,вспомогательный
images_group_15_1619_3665.png,капиталъ,капиталъ
images_group_15_1619_3666.png,Минусинску,Минусинску
images_group_15_1619_3667.png,5299 р,5299 р
images_group_15_1619_3668.png,84 к,84 к
images_group_15_1619_3669.png,нижнихъ,нижнихъ
images_group_15_1619_3670.png,воинскихъ,воинскихъ
images_group_15_1619_3671.png,чиновъ.,чиновъ.
images_group_15_1619_3672.png,2),2)
images_group_15_1619_3673.png,Въ,Въ
images_group_15_1619_3674.png,числѣ,числѣ
images_group_15_1619_3675.png,денежныхъ,денежныхъ
images_group_15_1619_3676.png,"капиталовъ,","капиталовъ,"
images_group_15_1619_3677.png,принадле-,принадле-
images_group_15_1619_3678.png,2.,2.
images_group_15_1619_3679.png,Вообще,Вообще
images_group_15_1619_3680.png,сдача,сдача
images_group_15_1619_3681.png,рекрутъ,рекрутъ
images_group_15_1619_3682.png,по,по
images_group_15_1619_3683.png,Енисейской,Енисейской
images_group_15_1619_3684.png,губерніи,губерніи
images_group_15_1619_3685.png,стоила,стоила
images_group_15_1619_3686.png,деньгами,деньгами
images_group_15_1619_3687.png,5837 р. 81 к.,5837 р. 81к.
images_group_15_1619_3688.png,жащихъ,жащихъ
images_group_15_1619_3689.png,"городамъ,","городамъ,"
images_group_15_1619_3690.png,заключается:,заключается:
images_group_15_1619_3691.png,неприкосно,неприкосно
images_group_15_1619_3692.png,венныхъ,венныхъ
images_group_15_1619_3693.png,по,по
images_group_15_1619_3694.png,Красноярску,Красноярску
images_group_15_1619_3695.png,16913 р.,16913 р.
images_group_15_1619_3696.png,6 1/2 к.,6 1/2 к.
images_group_15_1619_3697.png,и,и
images_group_15_1619_3698.png,пен-,пен-
images_group_15_1619_3699.png,Вѣрно.,Вѣрно.
images_group_15_1619_3700.png,Гражданскій,Гражданскій
images_group_15_1619_3701.png,Губернаторъ,Губернаторъ
images_group_15_1619_3702.png,сіоннаго,сіоннаго
images_group_15_1619_3703.png,по,по
images_group_15_1619_3704.png,Енисейску,Енисейску
images_group_15_1619_3705.png,1472 р.,1472 р.
images_group_15_1619_3706.png,"20 3/4 к,","20 3/4 к,"
images_group_15_1619_3707.png,Ачинску-,Ачинску-
images_group_15_1619_3708.png,640 р.,640 р.
images_group_15_1619_3709.png,"18 к.,","18 к.,"
images_group_15_1619_3710.png,Канску-,Канску-
images_group_15_1619_3711.png,489 р.,489 р.
images_group_15_1619_3712.png,70 к,70 к
images_group_15_1619_3713.png,и,и
images_group_15_1619_3714.png,Минусинску,Минусинску
images_group_15_1619_3715.png,184 р.,184 р.
images_group_15_1619_3716.png,3 1/4 к,3 1/4 к
images_group_15_1619_3717.png,Вѣрно.,Вѣрно:
images_group_15_1619_3718.png,Гражданскій,Гражданскій
images_group_15_1619_3719.png,Губернаторъ,Губернаторъ
images_group_15_1619_3720.png,Сворон.,Своровъ
images_group_15_1619_3721.png,исправляющий,исправляющій
images_group_15_1619_3722.png,довысш отъ,доверенность
images_group_15_1619_3723.png,Секретаря,Секретарь
images_group_15_1619_3728.png,исправляющій,Исправляющий
images_group_15_1619_3729.png,довысил отъ,доверенность
images_group_15_1619_3730.png,Секретарн,Секретарь
images_group_15_1640_7711.png,110,110
images_group_15_1640_7712.png,Копія,Копія
images_group_15_1640_7722.png,Общее,Общее
images_group_15_1640_7723.png,число,число
images_group_15_1640_7724.png,Число,Число
images_group_15_1640_7725.png,родив,родив
images_group_15_1640_7726.png,Число,Число
images_group_15_1640_7727.png,умер,умер
images_group_15_1640_7728.png,Разность междъ,Разность между
images_group_15_1640_7729.png,Число,Число
images_group_15_1640_7731.png,жителей,жителей
images_group_15_1640_7732.png,шихся,шихся
images_group_15_1640_7733.png,ширъ,шихъ
images_group_15_1640_7734.png,шихся,шихся
images_group_15_1640_7735.png,числомъ,числомъ
images_group_15_1640_7736.png,родив,родив
images_group_15_1640_7737.png,и,и
images_group_15_1640_7738.png,умершихъ,умершихъ
images_group_15_1640_7739.png,бра,бра
images_group_15_1640_7742.png,муж,муж
images_group_15_1640_7743.png,жен.,жен.
images_group_15_1640_7744.png,муж.,муж.
images_group_15_1640_7745.png,жен,жен
images_group_15_1640_7746.png,муж.,Муж.
images_group_15_1640_7747.png,жен.,жен.
images_group_15_1640_7748.png,муж,муж
images_group_15_1640_7749.png,жен.,жен.
images_group_15_1640_7750.png,ковъ,ковъ.
images_group_15_1640_7751.png,Въ,Въ
images_group_15_1640_7752.png,Красноярскѣ,Красноярскѣ
images_group_15_1640_7753.png,1307.,7307.
images_group_15_1640_7754.png,5225.,5225.
images_group_15_1640_7755.png,238,238
images_group_15_1640_7756.png,220.,220.
images_group_15_1640_7757.png,350.,350.
images_group_15_1640_7758.png,211,211
images_group_15_1640_7759.png,112,112 +
images_group_15_1640_7760.png,9.,9.
images_group_15_1640_7761.png,82,82
images_group_15_1640_7762.png,округѣ,округѣ
images_group_15_1640_7763.png,онаго,онаго
images_group_15_1640_7764.png,35893.,35893.
images_group_15_1640_7765.png,28860,28860
images_group_15_1640_7766.png,1477.,1477.
images_group_15_1640_7767.png,1368,1368
images_group_15_1640_7768.png,1234,1234
images_group_15_1640_7769.png,1038,1038
images_group_15_1640_7770.png,243,243
images_group_15_1640_7771.png,1330,+330
images_group_15_1640_7772.png,475.,475.
images_group_15_1640_7773.png,Енисейскѣ,Енисейскѣ
images_group_15_1640_7774.png,1634,1634
images_group_15_1640_7775.png,1413.,1413.
images_group_15_1640_7776.png,75,75
images_group_15_1640_7777.png,79.,79.
images_group_15_1640_7778.png,124.,124.
images_group_15_1640_7779.png,98,98
images_group_15_1640_7780.png,49,49
images_group_15_1640_7781.png,19,19
images_group_15_1640_7782.png,24.,24.
images_group_15_1640_7783.png,округѣ,округѣ
images_group_15_1640_7784.png,онаго,онаго
images_group_15_1640_7785.png,21684,21684
images_group_15_1640_7786.png,19699,19699
images_group_15_1640_7787.png,1126.,1126.
images_group_15_1640_7788.png,1134.,1134.
images_group_15_1640_7789.png,938,938
images_group_15_1640_7790.png,752,752
images_group_15_1640_7791.png,188,188
images_group_15_1640_7792.png,1-382,+382
images_group_15_1640_7793.png,350,350
images_group_15_1640_7794.png,Ачинскѣ,Ачинскѣ
images_group_15_1640_7795.png,1969.,1969.
images_group_15_1640_7796.png,1735.,1735.
images_group_15_1640_7797.png,66.,66.
images_group_15_1640_7798.png,58,58.
images_group_15_1640_7799.png,105.,105.
images_group_15_1640_7800.png,56.,56.
images_group_15_1640_7801.png,-39.,-39.
images_group_15_1640_7802.png,2.,2.
images_group_15_1640_7803.png,15.,15.
images_group_15_1640_7804.png,округѣ,округѣ
images_group_15_1640_7805.png,онаго,онаго
images_group_15_1640_7806.png,30591.,30591.
images_group_15_1640_7807.png,29290.,29290.
images_group_15_1640_7808.png,1740.,1740.
images_group_15_1640_7809.png,1638,1638
images_group_15_1640_7810.png,1181,1181
images_group_15_1640_7811.png,1000.,1000.
images_group_15_1640_7812.png,1559.,+559.
images_group_15_1640_7813.png,638,638
images_group_15_1640_7814.png,660.,660.
images_group_15_1640_7815.png,Канскѣ,Канскѣ
images_group_15_1640_7816.png,1432,1432.
images_group_15_1640_7817.png,1043.,1043.
images_group_15_1640_7818.png,62,62
images_group_15_1640_7819.png,65.,65.
images_group_15_1640_7820.png,111.,111.
images_group_15_1640_7821.png,46.,46.
images_group_15_1640_7822.png,-49.,-49.
images_group_15_1640_7823.png,19.,19.
images_group_15_1640_7824.png,16.,16.
images_group_15_1640_7825.png,округѣ,округѣ
images_group_15_1640_7826.png,онаго.,онаго.
images_group_15_1640_7827.png,32055.,32055.
images_group_15_1640_7828.png,24933.,24933.
images_group_15_1640_7829.png,1513.,1513.
images_group_15_1640_7830.png,1429.,1429.
images_group_15_1640_7831.png,1069.,1069.
images_group_15_1640_7832.png,918,918.
images_group_15_1640_7833.png,-444,+444.
images_group_15_1640_7834.png,1511.,+511.
images_group_15_1640_7835.png,566.,566
images_group_15_1640_7836.png,Минусинскѣ,Минусинскѣ
images_group_15_1640_7837.png,2170,2170
images_group_15_1640_7838.png,1942,1942.
images_group_15_1640_7839.png,132,132
images_group_15_1640_7840.png,87.,87.
images_group_15_1640_7841.png,126.,126.
images_group_15_1640_7842.png,75.,75.
images_group_15_1640_7843.png,+,+
images_group_15_1640_7844.png,6.,6.
images_group_15_1640_7845.png,+,+
images_group_15_1640_7846.png,12,12
images_group_15_1640_7847.png,49.,49.
images_group_15_1640_7848.png,округѣ,округѣ
images_group_15_1640_7849.png,онаго,онаго
images_group_15_1640_7850.png,49982,49982
images_group_15_1640_7851.png,46299,46299.
images_group_15_1640_7852.png,2836.,2836.
images_group_15_1640_7853.png,2767.,2767.
images_group_15_1640_7854.png,1665,1665
images_group_15_1640_7855.png,1430.,1430.
images_group_15_1640_7856.png,11171.,+1171.
images_group_15_1640_7857.png,1-317,+1337.
images_group_15_1640_7858.png,909.,909.
images_group_15_1640_7859.png,Туруханскомъ,Туруханскомъ
images_group_15_1640_7860.png,краѣ,краѣ
images_group_15_1640_7861.png,3988,3988
images_group_15_1640_7862.png,145,145
images_group_15_1640_7863.png,3426,3426
images_group_15_1640_7864.png,138,138
images_group_15_1640_7865.png,26,6/90.
images_group_15_1640_7866.png,6/3,6/63
images_group_15_1640_7867.png,2,2
images_group_15_1640_7868.png,22,22
images_group_15_1640_7869.png,4-64,4/61.
images_group_15_1640_7870.png,7 5/7,5/41
images_group_15_1640_7871.png,56.,1/56.
images_group_15_1640_7872.png,29,29
images_group_15_1640_7873.png,41,41
images_group_15_1640_7874.png,33,33
images_group_15_1640_7875.png,3564,3564
images_group_15_1640_7876.png,96,96
images_group_15_1640_7877.png,69,69
images_group_15_1640_7878.png,31,31
images_group_15_1640_7879.png,23,23
images_group_15_1640_7880.png,57,57
images_group_15_1640_7881.png,Итого,Итого
images_group_15_1640_7882.png,въ,въ
images_group_15_1640_7883.png,губернія 188850.,губерніи 188850.
images_group_15_1640_7884.png,164003.,164003
images_group_15_1640_7885.png,9361.,9361.
images_group_15_1640_7886.png,8914.,8914.
images_group_15_1640_7887.png,6934,6934
images_group_15_1640_7888.png,5647,5647
images_group_15_1640_7889.png,-2427,+2427
images_group_15_1640_7890.png,13267,+3267
images_group_15_1640_7891.png,3203.,3203.
images_group_15_1640_7892.png,352853.,352853.
images_group_15_1640_7893.png,18275,18275.
images_group_15_1640_7894.png,12581.,12581.
images_group_15_1640_7895.png,15694,+ 5694.
images_group_15_1640_7896.png,Сверхъ,Сверхъ
images_group_15_1640_7897.png,того:,того:
images_group_15_1640_7898.png,въ,въ
images_group_15_1640_7899.png,Троицкомъ,Троицкомъ
images_group_15_1640_7900.png,солеваренномъ,солеваренномъ
images_group_15_1640_7901.png,заводѣ,заводѣ
images_group_15_1643_8298.png,143,113
images_group_15_1643_8299.png,ствіемъ,ствіемъ.
images_group_15_1643_8300.png,припадкихъ,припадкахъ
images_group_15_1643_8301.png,раздражитель,раздражитель
images_group_15_1643_8302.png,"ности,","ности,"
images_group_15_1643_8303.png,1,1-
images_group_15_1643_8304.png,изъ,изъ
images_group_15_1643_8305.png,"ненависти,","ненависти,"
images_group_15_1643_8306.png,1,1
images_group_15_1643_8307.png,завиняемый,Завиняемый
images_group_15_1643_8308.png,подъ,подъ
images_group_15_1643_8309.png,слѣдствіемъ,слѣдствіемъ
images_group_15_1643_8310.png,Изнасилованіе,Изнасилованіе
images_group_15_1643_8311.png,11-,11-
images_group_15_1643_8312.png,въ дракѣ,въ дракѣ
images_group_15_1643_8313.png,19,19
images_group_15_1643_8314.png,по,по
images_group_15_1643_8315.png,причинамъ,причинамъ
images_group_15_1643_8316.png,"неизвѣстнымъ,","неизвѣстнымъ,"
images_group_15_1643_8317.png,35,35
images_group_15_1643_8318.png,по,по
images_group_15_1643_8319.png,при,при
images_group_15_1643_8320.png,2,2
images_group_15_1643_8321.png,виновныя,виновные
images_group_15_1643_8322.png,преданы,преданы
images_group_15_1643_8323.png,суду.,суду.
images_group_15_1643_8324.png,по,по
images_group_15_1643_8325.png,3.,3.
images_group_15_1643_8326.png,Скрытій,Скрытій
images_group_15_1643_8327.png,младенцевъ,младенцевъ
images_group_15_1643_8328.png,чинамъ,чинамъ
images_group_15_1643_8329.png,неоткрытымъ,неоткрытымъ
images_group_15_1643_8330.png,будительная,будительная
images_group_15_1643_8331.png,причина,причина
images_group_15_1643_8332.png,къ,къ
images_group_15_1643_8333.png,Убійцы,Убійцы
images_group_15_1643_8334.png,61,61
images_group_15_1643_8335.png,человѣкъ,человѣкъ
images_group_15_1643_8336.png,преда,преда
images_group_15_1643_8337.png,преступленіямъ-,преступленіямъ-
images_group_15_1643_8338.png,стыдъ.,стыдъ.
images_group_15_1643_8339.png,ны,ны
images_group_15_1643_8340.png,"суду,","суду,"
images_group_15_1643_8341.png,28,28
images_group_15_1643_8342.png,завиняемыхъ,завиняемыхъ
images_group_15_1643_8343.png,по,По
images_group_15_1643_8344.png,1 дѣлу,1 дѣлу
images_group_15_1643_8345.png,виновныхъ,виновныхъ
images_group_15_1643_8346.png,не от,не от
images_group_15_1643_8347.png,подъ,подъ
images_group_15_1643_8348.png,"слѣдствіемъ,","слѣдствіемъ,"
images_group_15_1643_8349.png,по,по
images_group_15_1643_8350.png,23,23
images_group_15_1643_8351.png,дѣ-,дѣ-
images_group_15_1643_8352.png,крыто.,крыто.
images_group_15_1643_8353.png,ламъ,ламъ
images_group_15_1643_8354.png,виновныхъ,виновныхъ
images_group_15_1643_8355.png,неоткры,неоткры
images_group_15_1643_8356.png,то,то.
images_group_15_1643_8357.png,Удушеніе,Удушеніе
images_group_15_1643_8358.png,родившаго,родившаго
images_group_15_1643_8359.png,2,2
images_group_15_1643_8360.png,виновныхъ,виновныхъ
images_group_15_1643_8361.png,преданы,преданы
images_group_15_1643_8362.png,суду,суду
images_group_15_1643_8363.png,Покушеніе,Покушеніе
images_group_15_1643_8364.png,на,на
images_group_15_1643_8365.png,убійство,убійство
images_group_15_1643_8366.png,Виновный,Виновный
images_group_15_1643_8367.png,преданъ,преданъ
images_group_15_1643_8368.png,суду.,суду.
images_group_15_1643_8369.png,ся,ся
images_group_15_1643_8370.png,ребенка.,ребенка.
images_group_15_1643_8371.png,Нанесеніе,Нанесеніе
images_group_15_1643_8372.png,"побоевъ,","побоевъ,"
images_group_15_1643_8373.png,По,по
images_group_15_1643_8374.png,14,14
images_group_15_1643_8375.png,дѣламъ,дѣламъ
images_group_15_1643_8376.png,22,22
images_group_15_1643_8377.png,виновныхъ,виновныхъ
images_group_15_1643_8378.png,32.,32.
images_group_15_1643_8379.png,по,по
images_group_15_1643_8380.png,32,32
images_group_15_1643_8381.png,дѣламъ,дѣламъ
images_group_15_1643_8382.png,59,-59
images_group_15_1643_8383.png,виновныхъ,виновныхъ
images_group_15_1643_8384.png,грабежей,грабетий
images_group_15_1643_8385.png,56.,56.
images_group_15_1643_8386.png,ранъ,ранъ
images_group_15_1643_8387.png,и,и
images_group_15_1643_8388.png,увѣчья,увѣчья
images_group_15_1643_8389.png,преданы,преданы
images_group_15_1643_8390.png,"суду,","суду,"
images_group_15_1643_8391.png,по,по
images_group_15_1643_8392.png,3,3
images_group_15_1643_8393.png,дѣламъ,дѣламъ
images_group_15_1643_8394.png,преданы,преданы
images_group_15_1643_8395.png,"суду,","суду,"
images_group_15_1643_8396.png,по,по
images_group_15_1643_8397.png,8,8
images_group_15_1643_8398.png,дѣламъ,дѣламъ
images_group_15_1643_8399.png,3 завиняемыхъ,завиняемыхъ
images_group_15_1643_8400.png,подъ,подъ
images_group_15_1643_8401.png,слѣд,слѣд
images_group_15_1643_8402.png,9,9
images_group_15_1643_8403.png,д завиняемыхъ,завиняемыхъ
images_group_15_1643_8404.png,подъ,подъ
images_group_15_1643_8405.png,слѣд-,слѣд-
images_group_15_1643_8406.png,"ствіемъ,","ствіемъ,"
images_group_15_1643_8407.png,по,по
images_group_15_1643_8408.png,15,15
images_group_15_1643_8409.png,дѣламъ,дѣламъ
images_group_15_1643_8410.png,ви,ви
images_group_15_1643_8411.png,"ствіемъ,","ствіемъ,"
images_group_15_1643_8412.png,по,по
images_group_15_1643_8413.png,16,16
images_group_15_1643_8414.png,дѣламъ,дѣламъ
images_group_15_1643_8415.png,ви-,ви-
images_group_15_1643_8416.png,новныхъ,новныхъ
images_group_15_1643_8417.png,не,не
images_group_15_1643_8418.png,открыто.,открыто.
images_group_15_1643_8419.png,новныхъ,новныхъ
images_group_15_1643_8420.png,неоткрыто.,неоткрыто.
images_group_15_1643_8421.png,Виновные,Виновные
images_group_15_1643_8422.png,6,6
images_group_15_1643_8423.png,человѣкъ,человѣкъ
images_group_15_1643_8424.png,пре,пре
images_group_15_1643_8425.png,Разбой,Разбой
images_group_15_1643_8426.png,Воровствъ,Воровствъ
images_group_15_1643_8427.png,кражъ,кражъ
images_group_15_1643_8428.png,и,и
images_group_15_1643_8429.png,даны,даны
images_group_15_1643_8430.png,суду.,суду.
images_group_15_1643_8431.png,воровствъ,воровствъ
images_group_15_1643_8432.png,мошенни,мошенни
images_group_15_1643_8433.png,чествъ,читвъ
images_group_15_1643_8434.png,204.,204.
images_group_15_1643_8435.png,По,По
images_group_15_1643_8436.png,144,144
images_group_15_1643_8437.png,дѣламъ,дѣламъ
images_group_15_1643_8438.png,213,213
images_group_15_1643_8439.png,винов-,винов-
images_group_15_1643_8440.png,по,по
images_group_15_1643_8441.png,2,2
images_group_15_1643_8442.png,дѣламъ,дѣламъ
images_group_15_1643_8443.png,2,2
images_group_15_1643_8444.png,обвиняемых,обвиняемыхъ
images_group_15_1643_8445.png,4.,4.
images_group_15_1643_8446.png,ныхъ,ныхъ
images_group_15_1643_8447.png,преданы,преданы
images_group_15_1643_8448.png,"суду,","суду,"
images_group_15_1643_8449.png,по,по
images_group_15_1643_8450.png,18,18
images_group_15_1643_8451.png,дѣ-,дѣ-
images_group_15_1643_8452.png,Подмоговъ,Поджоговъ
images_group_15_1643_8453.png,находятся,находятся
images_group_15_1643_8454.png,подъ,подъ
images_group_15_1643_8455.png,слѣдствіемъ,слѣдствіемъ
images_group_15_1643_8456.png,ламъ,ламъ
images_group_15_1643_8457.png,45,45
images_group_15_1643_8458.png,завиняемыхъ,завиняемыхъ
images_group_15_1643_8459.png,подъ,подъ
images_group_15_1643_8460.png,по 2,по 2
images_group_15_1643_8461.png,дѣламъ,дѣламъ
images_group_15_1643_8462.png,виновныхъ,виновныхъ
images_group_15_1643_8463.png,"слѣдствіемъ,","слѣдствіемъ,"
images_group_15_1643_8464.png,по,по
images_group_15_1643_8465.png,42,42
images_group_15_1643_8466.png,дѣламъ,дѣламъ
images_group_15_1643_8467.png,неоткрыто.,неоткрыто.
images_group_15_1643_8468.png,виновныхъ,виновныхъ
images_group_15_1643_8469.png,неоткрыто.,неоткрыто.
images_group_15_1643_8470.png,2,2
images_group_15_1643_8471.png,1-виновный,1 виновный
images_group_15_1643_8472.png,преданъ,преданъ
images_group_15_1643_8473.png,"суду,","суду,"
images_group_15_1643_8474.png,Подлоговъ,Подлоговъ
images_group_15_1643_8475.png,6.,6.
images_group_15_1643_8476.png,Осуждены,Осуждены
images_group_15_1643_8477.png,9,9
images_group_15_1643_8478.png,виновныхъ,виновныхъ
images_group_15_1643_8479.png,Растленій,Растленій
images_group_15_1643_8480.png,1 завиняемый,завиняемый
images_group_15_1643_8481.png,подъ,подъ
images_group_15_1643_8482.png,слѣд-,слѣд-
images_group_15_1645_8664.png,сосланныхъ,сосланныхъ
images_group_15_1645_8665.png,на,на
images_group_15_1645_8666.png,водвореніе,водвореніе
images_group_15_1645_8667.png,"79,","79,"
images_group_15_1645_8668.png,ссыльно-,ссыльно-
images_group_15_1645_8669.png,по,по
images_group_15_1645_8670.png,4,4
images_group_15_1645_8671.png,дѣламъ,дѣламъ
images_group_15_1645_8672.png,производятся,производятся
images_group_15_1645_8673.png,поселенцевъ,поселенцевъ
images_group_15_1645_8674.png,468,468
images_group_15_1645_8675.png,ссыльно,ссыльно
images_group_15_1645_8676.png,каторжныхъ,каторжныхъ
images_group_15_1645_8677.png,слѣдствія.,слѣдствія.
images_group_15_1645_8678.png,"94,","94,"
images_group_15_1645_8679.png,политическихъ,политическихъ
images_group_15_1645_8680.png,преступниковъ,преступниковъ
images_group_15_1645_8681.png,-3),-3;
images_group_15_1645_8682.png,итого,итого
images_group_15_1645_8683.png,1104,1104
images_group_15_1645_8684.png,"муж.,","Муж:,"
images_group_15_1645_8685.png,126,126
images_group_15_1645_8686.png,жен.,жен.
images_group_15_1645_8687.png,п.,п.
images_group_15_1645_8688.png,Всего,Всего
images_group_15_1645_8689.png,1830,1230
images_group_15_1645_8690.png,че-,че-
images_group_15_1645_8691.png,6,6
images_group_15_1645_8692.png,виновныхъ,виновныхъ
images_group_15_1645_8693.png,преданы,преданы
images_group_15_1645_8694.png,суду,суду
images_group_15_1645_8695.png,5,5
images_group_15_1645_8696.png,Упускъ,Упускъ
images_group_15_1645_8697.png,арестантовъ,арестантовъ
images_group_15_1645_8698.png,ловѣкъ.,ловѣкъ.
images_group_15_1645_8699.png,Изъ,Изъ
images_group_15_1645_8700.png,Этого,этаго
images_group_15_1645_8701.png,общаго,общаго
images_group_15_1645_8702.png,числа,числа
images_group_15_1645_8703.png,при,при
images_group_15_1645_8704.png,ходится:,ходится:
images_group_15_1645_8705.png,на,на
images_group_15_1645_8706.png,города,города
images_group_15_1645_8707.png,459,459
images_group_15_1645_8708.png,"муж.,","муж.,"
images_group_15_1645_8709.png,14,14
images_group_15_1645_8710.png,жен.,жен.
images_group_15_1645_8711.png,и,и
images_group_15_1645_8712.png,Виновныхъ,Виновныхъ
images_group_15_1645_8713.png,18,18
images_group_15_1645_8714.png,"человѣкъ,","человѣкъ,"
images_group_15_1645_8715.png,побѣговъ,побѣговъ
images_group_15_1645_8716.png,изъ,изъ
images_group_15_1645_8717.png,тюрьмъ,тюрьмъ
images_group_15_1645_8718.png,12,12
images_group_15_1645_8719.png,на,на
images_group_15_1645_8720.png,округа,округа
images_group_15_1645_8721.png,645,645
images_group_15_1645_8722.png,муж.,муж.
images_group_15_1645_8723.png,и,и
images_group_15_1645_8724.png,112,112
images_group_15_1645_8725.png,женщинъ,женщинъ
images_group_15_1645_8726.png,изъ,изъ
images_group_15_1645_8727.png,нихъ,нихъ
images_group_15_1645_8728.png,12,12
images_group_15_1645_8729.png,пойманы,пойманы
images_group_15_1645_8730.png,и,и
images_group_15_1645_8731.png,"осуждены,","осуждены,"
images_group_15_1645_8732.png,6,6
images_group_15_1645_8733.png,человѣкъ,человѣкъ
images_group_15_1645_8734.png,не,не
images_group_15_1645_8735.png,Вѣрно.,Вѣрно.
images_group_15_1645_8736.png,Гражданскій,Гражданскій
images_group_15_1645_8737.png,Губернаторъ,Губернаторъ
images_group_15_1645_8738.png,отыскано.,отыскано.
images_group_15_1645_8739.png,перемѣна,Перемѣна
images_group_15_1645_8740.png,фами-,фами-
images_group_15_1645_8741.png,ми,ми
images_group_15_1645_8742.png,и,и
images_group_15_1645_8743.png,мѣчется,мѣста
images_group_15_1645_8744.png,ссыл,ссыл
images_group_15_1645_8745.png,Виновный,Виновный
images_group_15_1645_8746.png,осужденъ,нужденъ.
images_group_15_1645_8747.png,ки.,ки.
images_group_15_1645_8748.png,Нарушеній,Нарушеній
images_group_15_1645_8749.png,устава,устава
images_group_15_1645_8750.png,о,О
images_group_15_1645_8751.png,питейномъ,питеиномъ
images_group_15_1645_8752.png,сбо-,сбо-
images_group_15_1645_8753.png,30,30
images_group_15_1645_8754.png,виновныхъ,виновныхъ
images_group_15_1645_8755.png,подвергну-,подвергну-
images_group_15_1645_8756.png,30.,30.
images_group_15_1645_8757.png,рѣ,рѣ
images_group_15_1645_8758.png,ты,ты
images_group_15_1645_8759.png,штрафу.,штрафу.
images_group_15_1645_8760.png,Примѣчаніе:,Примѣчаніе:
images_group_15_1645_8761.png,по,по
images_group_15_1645_8762.png,состоянію,состоянію
images_group_15_1645_8763.png,и,и
images_group_15_1645_8764.png,званію,званію
images_group_15_1645_8765.png,обнаруженные,обнаруженные
images_group_15_1645_8766.png,преступники,преступники
images_group_15_1645_8767.png,и,и
images_group_15_1645_8768.png,завиняемые,завиняемые
images_group_15_1645_8769.png,въ,въ
images_group_15_1645_8770.png,пре-,пре-
images_group_15_1645_8771.png,ступленіяхъ,ступленіяхъ
images_group_15_1645_8772.png,были.,были.
images_group_15_1645_8773.png,дворянъ,дворянъ
images_group_15_1645_8774.png,"8,","8,"
images_group_15_1645_8775.png,чинов-,чинов-
images_group_15_1645_8776.png,никовъ,никовъ
images_group_15_1645_8777.png,"13,","13,"
images_group_15_1645_8778.png,купцовъ,купцовъ
images_group_15_1645_8779.png,"19,","19,"
images_group_15_1645_8780.png,мѣщанъ,мѣщанъ
images_group_15_1645_8781.png,"102,","102,"
images_group_15_1645_8782.png,раз-,раз-
images_group_15_1645_8783.png,ночинцевъ,ночинцевъ
images_group_15_1645_8784.png,"49,","49,"
images_group_15_1645_8785.png,нижнихъ,нижнихъ
images_group_15_1645_8786.png,чиновъ,чиновъ
images_group_15_1645_8787.png,состоя,состоя
images_group_15_1645_8788.png,щихъ,щихъ
images_group_15_1645_8789.png,на,на
images_group_15_1645_8790.png,службѣ,службѣ
images_group_15_1645_8791.png,"48,","48,"
images_group_15_1645_8792.png,отставныхъ,отставныхъ
images_group_15_1645_8793.png,сол,сол
images_group_15_1645_8794.png,датъ,датъ
images_group_15_1645_8795.png,"7,","-7,"
images_group_15_1645_8796.png,казаковъ,казаковъ
images_group_15_1645_8797.png,"22,","22,"
images_group_15_1645_8798.png,уволенныхъ,уволенныхъ
images_group_15_1645_8799.png,изъ,изъ
images_group_15_1645_8800.png,военнаго,военнаго
images_group_15_1645_8801.png,вѣдомства,вѣдомства
images_group_15_1645_8802.png,"1,","1,"
images_group_15_1645_8803.png,крестьянъ,крестьянъ
images_group_15_1645_8804.png,"226,","226,"
images_group_15_1645_8805.png,инородцевъ,инородцевъ
images_group_15_1645_8806.png,"41,","41,"
images_group_15_1645_8807.png,неоткрывшихъ,неоткрывшихъ
images_group_15_1645_8808.png,"званіе-50,","званіе-50,"
images_group_15_1647_8824.png,117,117
images_group_15_1647_8825.png,Пріемнющихъ,Пріемлющихъ
images_group_15_1647_8826.png,Безпоповщичных,Безпоповщичных
images_group_15_1647_8827.png,сектъ,сектъ
images_group_15_1647_8828.png,"Мазакановъ,","Маликановъ,"
images_group_15_1647_8829.png,Ду,Ду
images_group_15_1647_8830.png,Суббятниковъ,Субботниковъ
images_group_15_1647_8831.png,"Скопцовъ,","Скопцовъ,"
images_group_15_1647_8832.png,Хлыстов,Хлыстов
images_group_15_1647_8833.png,Шалапутовъ,Шалапутовъ
images_group_15_1647_8834.png,и,и
images_group_15_1647_8835.png,Итого,Итого
images_group_15_1647_8836.png,Всего,Всего
images_group_15_1647_8837.png,священство,священство
images_group_15_1647_8838.png,прихрающихъ,признающихъ
images_group_15_1647_8839.png,непризнающих,непризнающих
images_group_15_1647_8840.png,хоборцевъ,хоборцевъ
images_group_15_1647_8841.png,и,и
images_group_15_1647_8842.png,или,или
images_group_15_1647_8845.png,Iудействующихъ,Iудействующих
images_group_15_1647_8846.png,придержи,придержи
images_group_15_1647_8847.png,браковъ,браковъ
images_group_15_1647_8848.png,скопчествъ,скопчества
images_group_15_1647_8849.png,браки,браки
images_group_15_1647_8851.png,и,и
images_group_15_1647_8853.png,м,М
images_group_15_1647_8854.png,и,п
images_group_15_1647_8855.png,ж н.,ж. п.
images_group_15_1647_8857.png,ж.п.,ж. п.
images_group_15_1647_8859.png,ж,ж.
images_group_15_1647_8860.png,п.,п.
images_group_15_1647_8861.png,м.,М
images_group_15_1647_8862.png,п.,п.
images_group_15_1647_8863.png,ж.,ж.
images_group_15_1647_8864.png,ж.,ж.
images_group_15_1647_8865.png,М,М
images_group_15_1647_8866.png,п.,п.
images_group_15_1647_8867.png,ж. п.,ж. п.
images_group_15_1647_8868.png,ли,М
images_group_15_1647_8869.png,п.,п.
images_group_15_1647_8870.png,ж р.,ж. п.
images_group_15_1647_8871.png,жѣ,ж. п.
images_group_15_1647_8872.png,3,3
images_group_15_1647_8873.png,11,11
images_group_15_1647_8874.png,10,10
images_group_15_1647_8875.png,21,21
images_group_15_1647_8876.png,8,8
images_group_15_1647_8877.png,10,10
images_group_15_1647_8878.png,Въ,Въ
images_group_15_1647_8879.png,Красноярскѣ,Красноярскѣ
images_group_15_1647_8880.png,23.,23.
images_group_15_1647_8881.png,6.,6.
images_group_15_1647_8882.png,107,107
images_group_15_1647_8883.png,71,71
images_group_15_1647_8884.png,178,178.
images_group_15_1647_8885.png,округѣ,округѣ
images_group_15_1647_8886.png,онаго,онаго
images_group_15_1647_8887.png,17.,17.
images_group_15_1647_8888.png,13.,13.
images_group_15_1647_8889.png,8.,8
images_group_15_1647_8890.png,4,4
images_group_15_1647_8891.png,30.,30.
images_group_15_1647_8892.png,33.,33.
images_group_15_1647_8893.png,29.,29.
images_group_15_1647_8894.png,15,15
images_group_15_1647_8895.png,2.,2.
images_group_15_1647_8896.png,2,2
images_group_15_1647_8897.png,2,2
images_group_15_1647_8898.png,Енисейскѣ,Енисейскѣ
images_group_15_1647_8899.png,9.,9.
images_group_15_1647_8900.png,4,4
images_group_15_1647_8901.png,13,13.
images_group_15_1647_8902.png,2,2
images_group_15_1647_8903.png,5,5
images_group_15_1647_8904.png,3,3
images_group_15_1647_8905.png,/,/
images_group_15_1647_8906.png,округѣ,округѣ
images_group_15_1647_8907.png,онаго,онаго
images_group_15_1647_8908.png,Ачинскѣ,Ачинскѣ
images_group_15_1647_8909.png,2,2
images_group_15_1647_8910.png,1.,1.
images_group_15_1647_8911.png,196.,196.
images_group_15_1647_8912.png,149,149
images_group_15_1647_8913.png,345.,345.
images_group_15_1647_8914.png,округѣ,округѣ
images_group_15_1647_8915.png,онаго,онаго
images_group_15_1647_8916.png,174,174
images_group_15_1647_8917.png,133,133
images_group_15_1647_8918.png,16,16
images_group_15_1647_8919.png,15,15
images_group_15_1647_8920.png,4,4
images_group_15_1647_8921.png,2,2
images_group_15_1647_8922.png,/,/
images_group_15_1647_8923.png,2,2
images_group_15_1647_8924.png,/,1
images_group_15_1647_8925.png,3.,3.
images_group_15_1647_8926.png,Канскѣ,Канскѣ
images_group_15_1647_8927.png,округѣ,округѣ
images_group_15_1647_8928.png,онаго,онаго
images_group_15_1647_8929.png,12,12
images_group_15_1647_8930.png,6,6
images_group_15_1647_8931.png,10,10
images_group_15_1647_8932.png,2,2
images_group_15_1647_8933.png,/,/
images_group_15_1647_8934.png,4.,4.
images_group_15_1647_8935.png,12,12
images_group_15_1647_8936.png,4,4
images_group_15_1647_8937.png,38,38
images_group_15_1647_8938.png,14,14
images_group_15_1647_8939.png,52,52
images_group_15_1647_8940.png,8.,8
images_group_15_1647_8941.png,4,4
images_group_15_1647_8942.png,37.,37.
images_group_15_1647_8943.png,38,38
images_group_15_1647_8944.png,75.,75.
images_group_15_1647_8945.png,Минусинскѣ,Минусинскѣ
images_group_15_1647_8946.png,23,23
images_group_15_1647_8947.png,30.,30.
images_group_15_1647_8948.png,6,6
images_group_15_1647_8949.png,4,4
images_group_15_1647_8950.png,44.,44.
images_group_15_1647_8951.png,28,28.
images_group_15_1647_8952.png,949.,949.
images_group_15_1647_8953.png,904.,904.
images_group_15_1647_8954.png,1853,1853
images_group_15_1647_8955.png,102.,102.
images_group_15_1647_8956.png,86,86.
images_group_15_1647_8957.png,304,304
images_group_15_1647_8958.png,296,296
images_group_15_1647_8959.png,округѣ,округѣ
images_group_15_1647_8960.png,онаго,онаго
images_group_15_1647_8961.png,337.,337.
images_group_15_1647_8962.png,330,330
images_group_15_1647_8963.png,140,140
images_group_15_1647_8964.png,139.,139.
images_group_15_1647_8965.png,22,22
images_group_15_1647_8966.png,25,25
images_group_15_1647_8967.png,19.,19.
images_group_15_1647_8968.png,11.,11.
images_group_15_1647_8969.png,24.,24.
images_group_15_1647_8970.png,15,15
images_group_15_1647_8971.png,39.,39.
images_group_15_1647_8972.png,4,4
images_group_15_1647_8973.png,4,4
images_group_15_1647_8974.png,1.,1.
images_group_15_1647_8975.png,Туруханскомъ,Туруханскомъ
images_group_15_1647_8976.png,краѣ:,краѣ.
images_group_15_1647_8977.png,304.,304.
images_group_15_1647_8978.png,297.,297.
images_group_15_1647_8979.png,115.,115.
images_group_15_1647_8980.png,56.,56.
images_group_15_1647_8981.png,1376,1376.
images_group_15_1647_8982.png,1206,1206
images_group_15_1647_8983.png,2581.,2581.
images_group_15_1647_8984.png,Итого,Итого
images_group_15_1647_8985.png,по,по
images_group_15_1647_8986.png,всей,всей
images_group_15_1647_8987.png,губерніи,губерніи
images_group_15_1647_8988.png,572,572
images_group_15_1647_8989.png,522,522.
images_group_15_1647_8990.png,186.,186.
images_group_15_1647_8991.png,168,168.
images_group_15_1647_8992.png,61.,61.
images_group_15_1647_8993.png,62,62
images_group_15_1647_8994.png,137.,137.
images_group_15_1647_8995.png,101.,101.
images_group_15_1647_8996.png,Примѣчаніе:,Примѣчаніе:
images_group_15_1647_8997.png,Въ,Въ
images_group_15_1647_8998.png,теченіе,теченіе
images_group_15_1647_8999.png,1869,1869
images_group_15_1647_9000.png,года,года
images_group_15_1647_9001.png,обратилось,обратилось
images_group_15_1647_9002.png,къ,къ
images_group_15_1647_9003.png,Ев,Ев
images_group_15_1647_9004.png,Православной,Православной
images_group_15_1647_9005.png,церкви,церкви
images_group_15_1647_9006.png,изъ,-изъ
images_group_15_1647_9007.png,сектъ,сектъ:
images_group_15_1647_9008.png,Безпоповщинской,Безпоповщинской
images_group_15_1647_9009.png,2 м,2 м.
images_group_15_1647_9010.png,и 2 ж.,и 2 ж.
images_group_15_1647_9011.png,и,и
images_group_15_1647_9012.png,изъ,изъ
images_group_15_1647_9013.png,Малаканской,Малаканской
images_group_15_1647_9014.png,1 муж.,1 муж.
images_group_15_1647_9015.png,Вѣрно:,Вѣрно:
images_group_15_1647_9016.png,Гражданскій,Гражданскій
images_group_15_1647_9017.png,Губернаторъ,Губернаторъ
images_group_15_1647_9019.png,исправляющій,исправляющій
images_group_15_1647_9020.png,довольствомъ,довѣренность
images_group_15_1647_9021.png,Секретарь,Секретарь
images_group_15_1652_9752.png,122,122
images_group_15_1652_9753.png,ныхъ,ныхъ
images_group_15_1652_9754.png,смертныхъ,смертныхъ
images_group_15_1652_9755.png,случаевъ,случаевъ
images_group_15_1652_9756.png,взяты,взяты
images_group_15_1652_9757.png,послѣ,послѣ
images_group_15_1652_9758.png,в) въ,в) въ
images_group_15_1652_9759.png,Енисейскомъ,Енисейскомъ
images_group_15_1652_9760.png,округѣ,округѣ
images_group_15_1652_9761.png,15,15
images_group_15_1652_9762.png,"домовъ,","домовъ,"
images_group_15_1652_9763.png,2,2
images_group_15_1652_9764.png,"мельницы,","мельницы,"
images_group_15_1652_9765.png,пожара,пожара
images_group_15_1652_9766.png,27,27
images_group_15_1652_9767.png,"Августа,","Августа,"
images_group_15_1652_9768.png,раньше,раньше
images_group_15_1652_9769.png,собранныя,собранныя
images_group_15_1652_9770.png,"1 кузница,","1 кузница,"
images_group_15_1652_9771.png,"5 овиновъ,","5 овиновъ,"
images_group_15_1652_9772.png,винокуренный,винокуренный
images_group_15_1652_9773.png,"заводъ,","заводъ,"
images_group_15_1652_9774.png,2,2
images_group_15_1652_9775.png,гумно,гумна
images_group_15_1652_9776.png,свѣденія,свѣденія
images_group_15_1652_9777.png,сгорѣли.,сгорѣли.
images_group_15_1652_9778.png,и,и
images_group_15_1652_9779.png,хлѣбъ,хлѣбъ
images_group_15_1652_9780.png,въ,въ
images_group_15_1652_9781.png,клади;,клади;
images_group_15_1652_9782.png,у),у
images_group_15_1652_9783.png,въ,въ
images_group_15_1652_9784.png,Ачинскомъ,Ачинскомъ
images_group_15_1652_9785.png,округѣ,округѣ
images_group_15_1652_9786.png,29,29
images_group_15_1652_9787.png,до-,до-
images_group_15_1652_9788.png,Вѣрно:,Вѣрно:
images_group_15_1652_9789.png,Гражданскій,гражданскій
images_group_15_1652_9790.png,Губернаторъ,Губернаторъ
images_group_15_1652_9791.png,мовъ,мовъ
images_group_15_1652_9792.png,съ,съ
images_group_15_1652_9793.png,"пристройками,","пристроиками,"
images_group_15_1652_9794.png,"амбаръ,","амбаръ,"
images_group_15_1652_9795.png,сѣно,сѣно
images_group_15_1652_9796.png,въ,въ
images_group_15_1652_9797.png,полѣ,полѣ
images_group_15_1652_9798.png,"мельница,","мельница,"
images_group_15_1652_9799.png,овинъ,овинъ
images_group_15_1652_9800.png,съ,съ
images_group_15_1652_9801.png,"хлѣбомъ,","хлѣбомъ,"
images_group_15_1652_9802.png,д) въ,;д) въ
images_group_15_1652_9803.png,г.,2.
images_group_15_1652_9804.png,Канскѣ,Канскѣ
images_group_15_1652_9805.png,баня,баня
images_group_15_1652_9806.png,и,и
images_group_15_1652_9807.png,"сарай,","сарай,"
images_group_15_1652_9808.png,е),у
images_group_15_1652_9809.png,въ,въ
images_group_15_1652_9810.png,округѣ,округѣ
images_group_15_1652_9811.png,онаго,онаго
images_group_15_1652_9812.png,4 дома,4 дома
images_group_15_1652_9813.png,съ,съ
images_group_15_1652_9814.png,пристройками,пристроиками
images_group_15_1652_9815.png,и,и
images_group_15_1652_9816.png,сѣно,сѣно
images_group_15_1652_9817.png,въ,въ
images_group_15_1652_9818.png,"зародахъ,","зародахъ,"
images_group_15_1652_9819.png,ж.,"ж,)"
images_group_15_1652_9820.png,въ,въ
images_group_15_1652_9821.png,г.,г.
images_group_15_1652_9822.png,Минусинскѣ,Минусинскѣ
images_group_15_1652_9823.png,5 лавокъ,5 лавокъ
images_group_15_1652_9824.png,съ,съ
images_group_15_1652_9825.png,товарами,товарами
images_group_15_1652_9826.png,и,и
images_group_15_1652_9827.png,сѣно,сѣно
images_group_15_1652_9828.png,на,на
images_group_15_1652_9829.png,дворѣ;,дворѣ;
images_group_15_1652_9830.png,3),3)
images_group_15_1652_9831.png,въ округѣ,въ округѣ
images_group_15_1652_9832.png,онаго,онаго
images_group_15_1652_9833.png,"домовъ,","6 домовъ,"
images_group_15_1652_9834.png,3 мельни,Змельни
images_group_15_1652_9835.png,"цы,","цы,"
images_group_15_1652_9836.png,3,3
images_group_15_1652_9837.png,овина,овина
images_group_15_1652_9838.png,съ,съ
images_group_15_1652_9839.png,"хлѣбомъ,","хлѣбомъ,"
images_group_15_1652_9840.png,гумно,гумно
images_group_15_1652_9841.png,съ,съ
images_group_15_1652_9842.png,"соломой,","соломой,"
images_group_15_1652_9843.png,амбаръ,амбаръ
images_group_15_1652_9844.png,съ,съ
images_group_15_1652_9845.png,имуществомъ,имуществомъ
images_group_15_1652_9846.png,и,и
images_group_15_1652_9847.png,дворомъ.,дворомъ.
images_group_15_1652_9848.png,3),3)
images_group_15_1652_9849.png,Отъ,Отъ
images_group_15_1652_9850.png,бывшихъ,бывшихъ
images_group_15_1652_9851.png,въ,въ
images_group_15_1652_9852.png,теченіе,теченіе
images_group_15_1652_9853.png,лѣта,лѣта
images_group_15_1652_9854.png,градобитій,градобитій
images_group_15_1652_9855.png,и бурь,и бурь
images_group_15_1652_9856.png,повреждено,повреждено
images_group_15_1652_9857.png,разнаго,разнаго
images_group_15_1652_9858.png,рода,рода
images_group_15_1652_9859.png,хлѣба,хлѣба
images_group_15_1652_9860.png,въ,въ
images_group_15_1652_9861.png,Минусинскомъ,Минусинскомъ
images_group_15_1652_9862.png,округѣ,округѣ
images_group_15_1652_9863.png,на,на
images_group_15_1652_9864.png,73,73
images_group_15_1652_9865.png,"десятинахъ,","десятинахъ,"
images_group_15_1652_9866.png,въ,въ
images_group_15_1652_9867.png,Канскомъ,Канскомъ
images_group_15_1652_9868.png,на,на
images_group_15_1652_9869.png,2410 3/4,2410 3/4
images_group_15_1652_9870.png,десятинахъ,десятинахъ
images_group_15_1652_9871.png,и,и
images_group_15_1652_9872.png,въ,въ
images_group_15_1652_9873.png,Енисей,Енисей
images_group_15_1652_9874.png,скомъ,скомъ
images_group_15_1652_9875.png,5456,5456
images_group_15_1652_9876.png,"десятинахъ,","десятинахъ,"
images_group_15_1652_9877.png,убытку,убытку
images_group_15_1652_9878.png,понесено,понесено
images_group_15_1652_9879.png,на,на
images_group_15_1652_9880.png,134243,134243
images_group_15_1652_9881.png,р.,р.
images_group_15_1652_9882.png,80 коп.,80 коп.
images_group_15_1652_9883.png,У,4)
images_group_15_1652_9884.png,Въ,Въ
images_group_15_1652_9885.png,Сентябрѣ,Сентябрѣ
images_group_15_1652_9886.png,мѣсяцѣ,мѣсяцѣ
images_group_15_1652_9887.png,1869,1869
images_group_15_1652_9888.png,года,года
images_group_15_1652_9889.png,разбита,разбита
images_group_15_1652_9890.png,"бурею,","бурею,"
images_group_15_1652_9891.png,на,на
images_group_15_1652_9892.png,рѣкѣ,рѣкѣ
images_group_15_1652_9893.png,"Енисеѣ,","Енисеѣ,"
images_group_15_1652_9894.png,противъ,противъ
images_group_15_1652_9895.png,села,села
images_group_15_1652_9896.png,Ду-,Ду-
images_group_15_1652_9897.png,динки,динки
images_group_15_1652_9898.png,въ,въ
images_group_15_1652_9899.png,Туруханскомъ,Туруханскомъ
images_group_15_1652_9900.png,краѣ,краѣ
images_group_15_1652_9901.png,1 барка,1 барка
images_group_15_1652_9902.png,съ,съ
images_group_15_1652_9903.png,разнаю,разнаго
images_group_15_1652_9904.png,"рода,",рода
images_group_15_1652_9905.png,рыбой,рыбой
images_group_15_1652_9906.png,до,до
images_group_15_1652_9907.png,19000,19000
images_group_15_1652_9908.png,"головъ,","головъ,"
images_group_15_1652_9909.png,убы,убы
images_group_15_1652_9910.png,токъ,токъ
images_group_15_1652_9911.png,10000,10000
images_group_15_1652_9912.png,руб.,руб.
images_group_15_1652_9913.png,4.50.,и. 5) О.
images_group_15_1652_9914.png,пожарахъ,пожарахъ
images_group_15_1652_9915.png,бывшихъ,бывшихъ
images_group_15_1652_9916.png,въ,въ
images_group_15_1652_9917.png,городѣ,городѣ
images_group_15_1652_9918.png,Енисейскѣ,Енисейскѣ
images_group_15_1652_9919.png,прилагается,прилагается
images_group_15_1652_9920.png,особая,особая
images_group_15_1652_9921.png,"записка,","записка,"
images_group_15_1652_9922.png,въ,въ
images_group_15_1652_9923.png,которой,которой
images_group_15_1652_9924.png,подробно,подробно
images_group_15_1652_9925.png,объяснены,объяснены
images_group_15_1652_9926.png,причины,причины
images_group_15_1652_9927.png,пожаровъ,пожаровъ
images_group_15_1652_9928.png,и,и
images_group_15_1652_9929.png,исчислены,исчислены
images_group_15_1652_9930.png,убытки,убытки
images_group_15_1652_9931.png,понесенные,понесенные
images_group_15_1652_9932.png,ж,ж
images_group_15_1652_9933.png,ите,ите
images_group_15_1652_9934.png,лями,лями
images_group_15_1652_9935.png,сверхъ,сверхъ
images_group_15_1652_9936.png,стоимости,стоимости
images_group_15_1652_9937.png,недвижимаго,недвижимаго
images_group_15_1652_9938.png,имущества,имущества
images_group_15_1652_9939.png,/3535000,"%35335000,"
images_group_15_1652_9940.png,руб.,руб
images_group_15_1652_9941.png,цифры,цифры
images_group_15_1652_9942.png,внезап-,внезап-
images_group_15_1670_13697.png,140,140
images_group_15_1670_13698.png,Января,Января
images_group_15_1670_13699.png,оставалось.,оставалось.
images_group_15_1670_13700.png,лицо,лицо
images_group_15_1670_13701.png,19407,19407.
images_group_15_1670_13702.png,34 1/2,34 1/2
images_group_15_1670_13703.png,Поступило,Поступило
images_group_15_1670_13704.png,въ,въ
images_group_15_1670_13705.png,счетъ,счетъ
images_group_15_1670_13706.png,оклада,оклада
images_group_15_1670_13707.png,1870,1870
images_group_15_1670_13708.png,года,года
images_group_15_1670_13709.png,56.,56.
images_group_15_1670_13710.png,30 1/2,30 1/2
images_group_15_1670_13711.png,въ,въ
images_group_15_1670_13712.png,недоимкѣ.,недоимкѣ
images_group_15_1670_13713.png,1938,1938
images_group_15_1670_13714.png,90 1/2,90 1/2
images_group_15_1670_13715.png,15.,15.
images_group_15_1670_13716.png,1871,1871
images_group_15_1670_13717.png,Въ 1869,Въ 1869
images_group_15_1670_13718.png,году,году
images_group_15_1670_13719.png,слѣдовало,слѣдовало
images_group_15_1670_13720.png,"собрать,","собрать,"
images_group_15_1670_13721.png,вклю,вклю
images_group_15_1670_13722.png,Затѣмъ,Затѣмъ
images_group_15_1670_13723.png,къ,къ
images_group_15_1670_13724.png,1-му,1-му
images_group_15_1670_13725.png,Января,Января
images_group_15_1670_13726.png,1870,1870
images_group_15_1670_13727.png,года,года
images_group_15_1670_13728.png,о ста,оста
images_group_15_1670_13729.png,3805,3805
images_group_15_1670_13730.png,33.,33.
images_group_15_1670_13731.png,9403,9403
images_group_15_1670_13732.png,23 3/4,23 3/4
images_group_15_1670_13733.png,ченіемъ,ченіемъ
images_group_15_1670_13734.png,причисленія,причисленія
images_group_15_1670_13735.png,лось,лось
images_group_15_1670_13736.png,въ,въ
images_group_15_1670_13737.png,недоимкѣ,недоимкѣ
images_group_15_1670_13738.png,на,на
images_group_15_1670_13739.png,жителяхъ,жителяхъ
images_group_15_1670_13740.png,Въ то,Въ то
images_group_15_1670_13741.png,число,число
images_group_15_1670_13742.png,собрано,собрано
images_group_15_1670_13743.png,съ,съ
images_group_15_1670_13744.png,жителей,жителей
images_group_15_1670_13745.png,/ капиталъ,капиталъ
images_group_15_1670_13746.png,сеи,сей
images_group_15_1670_13747.png,состоитъ,состоитъ
images_group_15_1670_13748.png,въ,въ
images_group_15_1670_13749.png,распо,распо
images_group_15_1670_13750.png,по 4 коп.,по 4 коп.
images_group_15_1670_13751.png,3687,3687.
images_group_15_1670_13752.png,85 1/4,85 1/4
images_group_15_1670_13753.png,ряженіи,ряженіи
images_group_15_1670_13754.png,Енисейскаго,Енисейскаго
images_group_15_1670_13755.png,Губернскаго,Губернскаго
images_group_15_1670_13756.png,Кромѣ,Кромѣ
images_group_15_1670_13757.png,того,того
images_group_15_1670_13758.png,получено,получено
images_group_15_1670_13759.png,въ,въ
images_group_15_1670_13760.png,Губерн-,Губерн-
images_group_15_1670_13761.png,правленія,правленія
images_group_15_1670_13762.png,и,и
images_group_15_1670_13763.png,числится,числится
images_group_15_1670_13764.png,по,по
images_group_15_1670_13765.png,четамъ,счетамъ
images_group_15_1670_13766.png,скомъ,скомъ
images_group_15_1670_13767.png,Казначействѣ,Казначействѣ
images_group_15_1670_13768.png,высланныхъ,высланныхъ
images_group_15_1670_13769.png,Казначействъ,Казначействъ
images_group_15_1670_13770.png,въ,въ
images_group_15_1670_13771.png,партикулярныхъ,партикулярныхъ
images_group_15_1670_13772.png,въ,въ
images_group_15_1670_13773.png,оное,оное
images_group_15_1670_13774.png,окружными,Окружными
images_group_15_1670_13775.png,Казначейства,Казначейства
images_group_15_1670_13776.png,гуммахъ,суммахъ
images_group_15_1670_13777.png,сего,сего
images_group_15_1670_13778.png,учрежденія,учрежденія
images_group_15_1670_13779.png,ми,ми
images_group_15_1670_13780.png,въ,въ
images_group_15_1670_13781.png,послѣднихъ,послѣднихъ
images_group_15_1670_13782.png,числахъ,числахъ
images_group_15_1670_13783.png,Дека-,Дека-
images_group_15_1670_13784.png,900.,900.
images_group_15_1670_13785.png,бря,бря
images_group_15_1670_13786.png,1868,1868
images_group_15_1670_13787.png,года,года
images_group_15_1670_13788.png,исключено,исключено
images_group_15_1670_13789.png,за,за
images_group_15_1670_13790.png,убылью,убылью
images_group_15_1670_13791.png,душъ,душъ
images_group_15_1670_13792.png,121,121
images_group_15_1670_13793.png,31 1/2,31 1/2
images_group_15_1670_13794.png,Гражданскій,Гражданскій
images_group_15_1670_13795.png,Губернаторъ,Губернаторъ
images_group_15_1670_13796.png,зачтено,зачтено
images_group_15_1670_13797.png,вступившихъ,вступившихъ
images_group_15_1670_13798.png,въ,въ
images_group_15_1670_13799.png,1868,1868
images_group_15_1670_13800.png,году,году
images_group_15_1670_13801.png,44,44
images_group_15_1670_13802.png,53 3/4,53 3/4
images_group_15_1670_13803.png,въ,въ
images_group_15_1670_13804.png,счетъ,счетъ
images_group_15_1670_13805.png,окладнаго,окладнаго
images_group_15_1670_13806.png,сбора,сбора
images_group_15_1670_13807.png,1869,1869
images_group_15_1670_13808.png,года,года
images_group_15_1670_13809.png,поступило,Поступило
images_group_15_1670_13810.png,въ,въ
images_group_15_1670_13811.png,счетъ,счетъ
images_group_15_1670_13812.png,оклада,оклада
images_group_15_1670_13813.png,1870,1870
images_group_15_1670_13814.png,г.,г.
images_group_15_1670_13815.png,23,23
images_group_15_1670_13816.png,81 1/4,81 1/4
images_group_15_1670_13817.png,Употреблено,Употреблено
images_group_15_1670_13818.png,въ,въ
images_group_15_1670_13819.png,расходъ:,расходъ:
images_group_15_1670_13820.png,выдано,выдано
images_group_15_1670_13821.png,разнымъ,разнымъ
images_group_15_1670_13822.png,лицамъ,лицамъ
images_group_15_1670_13823.png,потерпѣвшими,потерпѣвшимъ
images_group_15_1670_13824.png,710.,710.
images_group_15_1670_13825.png,раззореніе,раззореніе
images_group_15_1670_13826.png,отъ пожара,отъ пожара
images_group_15_1670_13827.png,затѣмъ,затѣмъ
images_group_15_1670_13828.png,осталось,осталось
images_group_15_1670_13829.png,къ,къ
images_group_15_1670_13830.png,1870,1870
images_group_15_1670_13831.png,году:,году:
images_group_15_1670_13832.png,19621.,19621.
images_group_15_1670_13833.png,15 3/4,15 3/4
images_group_15_1670_13834.png,на,на
images_group_15_1670_13835.png,лицо,лицо
images_group_15_1670_13836.png,въ,въ
images_group_15_1670_13837.png,недоимкѣ,недоимкѣ
images_group_15_1670_13838.png,на,на
images_group_15_1670_13839.png,жителяхъ,жителяхъ
images_group_15_1670_13840.png,1890.,1890.
images_group_15_1670_13841.png,53.,53.
images_group_15_1670_13842.png,9,9.
images_group_15_1670_13843.png,Экономическаго,Экономическаго
images_group_15_1670_13844.png,поселенческаго,поселенческаго
images_group_15_1670_13845.png,ка,ка
images_group_15_1670_13846.png,питала,питала
images_group_15_1670_13847.png,къ,къ
images_group_15_1670_13848.png,1-му,1-му
images_group_15_1670_13849.png,Января,января
images_group_15_1670_13850.png,1869,1869
images_group_15_1670_13851.png,года,года
images_group_15_1670_13852.png,оставилось,оставалось
images_group_15_1670_13853.png,въ,въ
images_group_15_1670_13854.png,недоимкѣ,недоимкѣ
images_group_15_1670_13855.png,на,на
images_group_15_1670_13856.png,жите,жите
images_group_15_1670_13857.png,8177,8177
images_group_15_1670_13858.png,34 1/2,34 1/2
images_group_15_1670_13859.png,ляхъ,ляхъ
images_group_15_1670_13860.png,Въ,Въ
images_group_15_1670_13861.png,1869,1869
images_group_15_1670_13862.png,году,году
images_group_15_1670_13863.png,слѣдовало,слѣдовало
images_group_15_1670_13864.png,собрать,собрать
images_group_15_1670_13865.png,2779,2779
images_group_15_1670_13866.png,6.,6.
images_group_15_1670_13867.png,862,862
images_group_15_1670_13868.png,94 1/4,94 1/4
images_group_15_1670_13869.png,Въ то,Въ то
images_group_15_1670_13870.png,число,число
images_group_15_1670_13871.png,собрано,собрано
images_group_15_1670_13872.png,690.,690.
images_group_15_1670_13873.png,22 1/2,22 1/2
images_group_15_1670_13874.png,Исключено,исключено
images_group_15_1670_13875.png,за,за
images_group_15_1670_13876.png,убылью,убылью
images_group_15_1670_13877.png,душь,душь
images_group_15_1670_13878.png,Поступило,Поступило
images_group_15_1670_13879.png,въ,въ
images_group_15_1670_13880.png,счетъ,счетъ
images_group_15_1670_13881.png,оклада,оклада
images_group_15_1670_13882.png,1869,1869
images_group_15_1670_13883.png,года,года
images_group_15_1670_13884.png,46,46.
images_group_15_1670_13885.png,60.,60.
images_group_15_1680_14757.png,6,6
images_group_15_1680_14758.png,мѣстахъ,мѣстахъ
images_group_15_1680_14759.png,"губерніи,","губерніи,"
images_group_15_1680_14760.png,могли бы,могли бы
images_group_15_1680_14761.png,подъ,подъ
images_group_15_1680_14762.png,за,за
images_group_15_1680_14763.png,тѣмъ,тѣмъ
images_group_15_1680_14764.png,осталось,осталось
images_group_15_1680_14765.png,въ,въ
images_group_15_1680_14766.png,руководствомъ,руководствомъ
images_group_15_1680_14767.png,"врача,","врача,"
images_group_15_1680_14768.png,подавать,подавать
images_group_15_1680_14769.png,недоимкѣ-,недоимкѣ-
images_group_15_1680_14770.png,285367 р.,"285,367 р."
images_group_15_1680_14771.png,59 к.,59 к.
images_group_15_1680_14772.png,помощь,помощь
images_group_15_1680_14773.png,заболѣвающему,заболѣвающему
images_group_15_1680_14774.png,скоту,скоту
images_group_15_1680_14775.png,Въ,Въ
images_group_15_1680_14776.png,этой,этой
images_group_15_1680_14777.png,суммѣ,суммѣ
images_group_15_1680_14778.png,недоимокъ,недоимокъ
images_group_15_1680_14779.png,за,за
images_group_15_1680_14780.png,принимать,принимать
images_group_15_1680_14781.png,мѣры,мѣры
images_group_15_1680_14782.png,предупрежден,предупрежден
images_group_15_1680_14783.png,прежніе,прежніе
images_group_15_1680_14784.png,годы,годы
images_group_15_1680_14785.png,221330 р.,"221,330 р."
images_group_15_1680_14786.png,"11 1/4 к.,","11 1/4 к.,"
images_group_15_1680_14787.png,а,а
images_group_15_1680_14788.png,за,за
images_group_15_1680_14789.png,отчет,отчет
images_group_15_1680_14790.png,развитія,развитія
images_group_15_1680_14791.png,эпизотіи,эпизоотіи
images_group_15_1680_14792.png,и,и
images_group_15_1680_14793.png,наблюда,наблюда
images_group_15_1680_14794.png,ный,ный
images_group_15_1680_14795.png,"годъ,","годъ,"
images_group_15_1680_14796.png,изъ,изъ
images_group_15_1680_14797.png,оклада,оклада
images_group_15_1680_14798.png,718.734 р.,"718,734 р."
images_group_15_1680_14799.png,"52 3/4 к,",52 3/4 к;
images_group_15_1680_14800.png,не,не-
images_group_15_1680_14801.png,за,за
images_group_15_1680_14802.png,исполненіемъ,исполненіемъ
images_group_15_1680_14803.png,означенныхъ,означенныхъ
images_group_15_1680_14804.png,мѣ-,мѣ
images_group_15_1680_14805.png,довзыскано,довзыскано
images_group_15_1680_14806.png,64.037 р.,"64,037 р."
images_group_15_1680_14807.png,47 3/4,47 3/4
images_group_15_1680_14808.png,"к.,","К.,"
images_group_15_1680_14809.png,Т.,т.
images_group_15_1680_14810.png,с.,е.
images_group_15_1680_14811.png,около,около
images_group_15_1680_14812.png,Сильный,Сильный
images_group_15_1680_14813.png,падежъ,падежъ
images_group_15_1680_14814.png,скота,скота
images_group_15_1680_14815.png,необхо-,необхо
images_group_15_1680_14816.png,9%,9%
images_group_15_1680_14817.png,оклада.,оклада.
images_group_15_1680_14818.png,мо,мо
images_group_15_1680_14819.png,имѣлъ,имѣлъ
images_group_15_1680_14820.png,вліяніе,вліяніе
images_group_15_1680_14821.png,на,на
images_group_15_1680_14822.png,взысканіе,взысканіе
images_group_15_1680_14823.png,Золота,Золота
images_group_15_1680_14824.png,намыто,намыто
images_group_15_1680_14825.png,въ,въ
images_group_15_1680_14826.png,1871,1871
images_group_15_1680_14827.png,году,году
images_group_15_1680_14828.png,497,497
images_group_15_1680_14829.png,п.,п.
images_group_15_1680_14830.png,податей,податей
images_group_15_1680_14831.png,и,и
images_group_15_1680_14832.png,повинностей.,повинностей
images_group_15_1680_14833.png,съ,съ
images_group_15_1680_14834.png,недо,недои
images_group_15_1680_14835.png,34 ф.,34 ф.
images_group_15_1680_14836.png,48з,48 з.
images_group_15_1680_14837.png,23 1/4,23 1/4
images_group_15_1680_14838.png,"дол.,",дол.;
images_group_15_1680_14839.png,противу,противу
images_group_15_1680_14840.png,прочилаго,прошлаго
images_group_15_1680_14841.png,го-,го-
images_group_15_1680_14842.png,"ками,","ками,"
images_group_15_1680_14843.png,которое,которое
images_group_15_1680_14844.png,и было,и было
images_group_15_1680_14845.png,менѣе,менѣе
images_group_15_1680_14846.png,усп.,усп.
images_group_15_1680_14847.png,да,да
images_group_15_1680_14848.png,менѣе,менѣе
images_group_15_1680_14849.png,на,на
images_group_15_1680_14850.png,1 п.,1 п.
images_group_15_1680_14851.png,10 ф.,10 ср.
images_group_15_1680_14852.png,23 зол.,23 зол.
images_group_15_1680_14853.png,68 3/4,68 3/4
images_group_15_1680_14854.png,дол.,дол.
images_group_15_1680_14855.png,но,но
images_group_15_1680_14856.png,нежели,нежели
images_group_15_1680_14857.png,въ,въ
images_group_15_1680_14858.png,1870 году.,1870 году.
images_group_15_1680_14859.png,Въ,Въ
images_group_15_1680_14860.png,этой,этой
images_group_15_1680_14861.png,отрасли,отрасли
images_group_15_1680_14862.png,промышленно-,промышленно-
images_group_15_1680_14863.png,За,за
images_group_15_1680_14864.png,вычетомъ,вычетомъ
images_group_15_1680_14865.png,испрашиваемыя,испрашиваемых
images_group_15_1680_14866.png,сти,сти
images_group_15_1680_14867.png,обращаетъ,обращаетъ
images_group_15_1680_14868.png,на себя,на себя
images_group_15_1680_14869.png,вниманіе,вниманіе
images_group_15_1680_14870.png,къ,къ
images_group_15_1680_14871.png,исключенію,исключенію
images_group_15_1680_14872.png,256,256
images_group_15_1680_14873.png,497 р.,497 р
images_group_15_1680_14874.png,58 1/4 к.,58 1/4 к.
images_group_15_1680_14875.png,отрадное,отрадное
images_group_15_1680_14876.png,"явленіе,","явленіе,"
images_group_15_1680_14877.png,"которое,","которое,"
images_group_15_1680_14878.png,развива-,развива-
images_group_15_1680_14879.png,ожидалось,ожидалось
images_group_15_1680_14880.png,къ,къ
images_group_15_1680_14881.png,поступленію,поступленію
images_group_15_1680_14882.png,940064 р.,"940,064 р."
images_group_15_1680_14883.png,64 с.,64 к.
images_group_15_1680_14884.png,"ясь,","ясь,"
images_group_15_1680_14885.png,должно.,должно
images_group_15_1680_14886.png,повліять,повліять
images_group_15_1680_14887.png,на,на
images_group_15_1680_14888.png,болѣе,болѣе
images_group_15_1680_14889.png,рав-,рав-
images_group_15_1680_14890.png,изъ,изъ
images_group_15_1680_14891.png,нихъ,нихъ
images_group_15_1680_14892.png,исключено-,исключено-
images_group_15_1680_14893.png,107,107.
images_group_15_1680_14894.png,140 р.,140 р.
images_group_15_1680_14895.png,90 к.,90 к.
images_group_15_1680_14896.png,номѣрное,номѣрное
images_group_15_1680_14897.png,распредѣленіе,распредѣленіе
images_group_15_1680_14898.png,выгодъ,выгодъ
images_group_15_1680_14899.png,меж,меж
images_group_15_1680_14900.png,поступило-,поступило-
images_group_15_1680_14901.png,"54,756 р.","547,556р."
images_group_15_1680_14902.png,15к,15 к.
images_group_15_1680_14903.png,ду,ду
images_group_15_1680_14904.png,капиталомъ,капиталомъ
images_group_15_1680_14905.png,и,и
images_group_15_1680_14906.png,трудомъ,трудомъ
images_group_15_1680_14907.png,эта,эта
images_group_15_1607_15029.png,помѣшательству,помѣшательству
images_group_15_1607_15030.png,6,6
images_group_15_1607_15031.png,за,за
images_group_15_1611_15102.png,Минусинскѣ,Минусинскѣ
images_group_15_1611_15103.png,посимъ,посимъ
images_group_15_1611_15104.png,3/4,3/4
images_group_15_1611_15105.png,1/2,1/2
images_group_15_1611_15106.png,1/4,1/4
images_group_15_1611_15107.png,3/4,3/4
images_group_15_1611_15108.png,1/4,1/4
images_group_15_1611_15109.png,1/2,1/2
images_group_15_1611_15110.png,1/2,1/2
images_group_15_1619_15249.png,2 3/4,3/4
images_group_15_1619_15251.png,25,25
images_group_15_1619_15252.png,3/4,3/4
images_group_15_1619_15253.png,Сдача,Сдача
images_group_15_1619_15254.png,за,за
images_group_15_1619_15256.png,По,По
images_group_15_1619_15257.png,28 3/4,28 3/4
images_group_15_1619_15258.png,47 1/4,47 1/4
images_group_15_1619_15259.png,-7.,-7
images_group_15_1619_15260.png,35,35
images_group_15_1619_15261.png,5.,5.
images_group_15_1619_15262.png,90 1/2,-90 1/2
images_group_15_1619_15263.png,98,98
images_group_15_1619_15264.png,86,86.
images_group_15_1619_15265.png,13 1/2,13 1/2
images_group_15_1619_15266.png,-47.,-47.
images_group_15_1619_15267.png,77 1/2,77 1/2
images_group_15_1619_15268.png,11170,+1170
images_group_15_1619_15269.png,-14 1/4,-14 1/4
images_group_15_1619_15270.png,-22 1/2,- 22 1/2
images_group_15_1619_15271.png,9 3/4,9 3/4
images_group_15_1619_15272.png,"крутъ,","крутъ,"
images_group_15_1619_15273.png,женія,женія
images_group_15_1619_15274.png,на,на
images_group_15_1619_15275.png,59,59.
images_group_15_1640_15547.png,188850.,.188850.
images_group_15_1647_15554.png,Ико,Ико
images_group_15_1647_15555.png,"другихъ,","другихъ,"
images_group_15_1670_15648.png,на,на
images_group_15_1611_16796.png,и,и
images_group_15_1643_16808.png,1.,1.
images_group_15_1643_16809.png,1.,1.
images_group_15_1643_16810.png,1,1.
images_group_13_1410_0.png,15.,15.
images_group_13_1410_1.png,20,20
images_group_13_1410_2.png,21.,21
images_group_13_1410_3.png,На,На
images_group_13_1410_4.png,промыслахъ,промыслахъ
images_group_13_1410_5.png,Енисенской,Енисейской
images_group_13_1410_6.png,губерніи,губерніи
images_group_13_1410_7.png,хорошей,хорошей
images_group_13_1410_8.png,провизіи,провизіи
images_group_13_1410_9.png,и,и
images_group_13_1410_10.png,въ,въ
images_group_13_1410_11.png,достаточномъ,достаточномъ
images_group_13_1410_12.png,находится,находится
images_group_13_1410_13.png,церквеи,церквей
images_group_13_1410_14.png,по-,по-
images_group_13_1410_15.png,"количествѣ,",количествѣ;
images_group_13_1410_16.png,на,на
images_group_13_1410_17.png,каждаго,каждаго
images_group_13_1410_18.png,рабочаго,рабочаго
images_group_13_1410_19.png,отпу-,отпу-
images_group_13_1410_20.png,ходныхъ,ходныхъ
images_group_13_1410_21.png,"3,","3,"
images_group_13_1410_22.png,при,при
images_group_13_1410_23.png,оныхъ:,оныхъ:
images_group_13_1410_24.png,Священниковъ-,Священниковъ
images_group_13_1410_25.png,скалось,скалось
images_group_13_1410_26.png,повядины,говядины
images_group_13_1410_27.png,или,или
images_group_13_1410_28.png,солонины,солонины
images_group_13_1410_29.png,не,не
images_group_13_1410_30.png,"6,","6,"
images_group_13_1410_31.png,Дьячковъ-,Дьячковъ
images_group_13_1410_32.png,4.,4.
images_group_13_1410_33.png,менѣе,менѣе
images_group_13_1410_34.png,фунта,фунта
images_group_13_1410_35.png,въ,въ
images_group_13_1410_36.png,"сутки,","сутки,"
images_group_13_1410_37.png,а,а
images_group_13_1410_38.png,иногда,иногда
images_group_13_1410_39.png,и,и
images_group_13_1410_40.png,"болѣе,","болѣе,"
images_group_13_1410_41.png,хлѣба,хлѣба
images_group_13_1410_42.png,безъ,безъ
images_group_13_1410_43.png,вѣсу.,вѣсу.
images_group_13_1410_44.png,Для,Для
images_group_13_1410_45.png,снабженія,снабженія
images_group_13_1410_46.png,Пути,Пути
images_group_13_1410_47.png,сообщенія,сообщенія
images_group_13_1410_48.png,между,между
images_group_13_1410_49.png,промысла-,промысла-
images_group_13_1410_50.png,рабочихъ,рабочихъ
images_group_13_1410_51.png,"одеждою,","одеждою,"
images_group_13_1410_52.png,обувью,обувью
images_group_13_1410_53.png,и,и
images_group_13_1410_54.png,другими,другими
images_group_13_1410_55.png,ми,ми
images_group_13_1410_56.png,обѣихъ,обѣихъ
images_group_13_1410_57.png,системъ,системъ
images_group_13_1410_58.png,Енисейскаго,Енисейскаго
images_group_13_1410_59.png,округа,округа
images_group_13_1410_60.png,необходимыми,необходимыми
images_group_13_1410_61.png,для,для
images_group_13_1410_62.png,нихъ,нихъ
images_group_13_1410_63.png,предмета-,предмета-
images_group_13_1410_64.png,и,и
images_group_13_1410_65.png,отъ,отъ
images_group_13_1410_66.png,жилыхъ,жилыхъ
images_group_13_1410_67.png,мѣстъ,мѣстъ
images_group_13_1410_68.png,до,до
images_group_13_1410_69.png,"пріисковъ,","пріисковъ,"
images_group_13_1410_70.png,устроены,устроены
images_group_13_1410_71.png,удовлетворительно,удовлетворительно
images_group_13_1410_72.png,для,для
images_group_13_1410_73.png,проѣз-,проѣз-
images_group_13_1410_74.png,"ми,","ми,"
images_group_13_1410_75.png,имѣются,имѣются
images_group_13_1410_76.png,на,на
images_group_13_1410_77.png,пріискахъ,пріискахъ
images_group_13_1410_78.png,особые,особые
images_group_13_1410_79.png,да,да
images_group_13_1410_80.png,въ,въ
images_group_13_1410_81.png,экипажахъ.,экипажахъ.
images_group_13_1410_82.png,На,На
images_group_13_1410_83.png,главной,главной
images_group_13_1410_84.png,дорогѣ,дорогѣ
images_group_13_1410_85.png,"магазины,","магазины,"
images_group_13_1410_86.png,изъ,изъ
images_group_13_1410_87.png,коихъ,коихъ
images_group_13_1410_88.png,отпускаются,отпускаются
images_group_13_1410_89.png,отъ,отъ
images_group_13_1410_90.png,г.,г.
images_group_13_1410_91.png,Енисейска,Енисейска
images_group_13_1410_92.png,до,до
images_group_13_1410_93.png,промысловъ,промысловъ
images_group_13_1410_94.png,Сѣ-,Сѣ-
images_group_13_1410_95.png,товары,товары
images_group_13_1410_96.png,по,по
images_group_13_1410_97.png,утвержденнымъ,утвержденнымъ
images_group_13_1410_98.png,промы-,промы-
images_group_13_1410_99.png,верной,верного
images_group_13_1410_100.png,системы,системы
images_group_13_1410_101.png,учреждены,учреждены
images_group_13_1410_102.png,золото-,золото-
images_group_13_1410_103.png,словымъ,словымъ
images_group_13_1410_104.png,начальствомъ,начальствомъ
images_group_13_1410_105.png,"таксамъ,","таксамъ,"
images_group_13_1410_106.png,промышленниками,промышленниками
images_group_13_1410_107.png,почтовыя,почтовыя
images_group_13_1410_108.png,стан-,стан-
images_group_13_1410_109.png,Для,Для
images_group_13_1410_111.png,рабочихъ,рабочихъ
images_group_13_1410_112.png,устроены,устроены
images_group_13_1410_113.png,ціи,ціи
images_group_13_1410_114.png,съ,съ
images_group_13_1410_115.png,достаточнымъ,достаточнымъ
images_group_13_1410_116.png,количествомъ,количествомъ
images_group_13_1410_117.png,казармы,казармы
images_group_13_1410_118.png,и,и
images_group_13_1410_119.png,"избушки,","избушки,"
images_group_13_1410_120.png,послѣднія,послѣднія
images_group_13_1410_121.png,за-,за-
images_group_13_1410_122.png,"лошадей,","лошадей,"
images_group_13_1410_123.png,отпускаемыхъ,отпускаемыхъ
images_group_13_1410_124.png,проѣзжаю-,проѣзжаю-
images_group_13_1410_125.png,нимаются,нимаются
images_group_13_1410_126.png,преимущественно,преимущественно
images_group_13_1410_127.png,слу-,слу-
images_group_13_1410_128.png,щимъ,щимъ
images_group_13_1410_129.png,изъ,изъ
images_group_13_1410_130.png,платы,платы
images_group_13_1410_131.png,по,по
images_group_13_1410_132.png,на,на
images_group_13_1410_133.png,вер-,вер-
images_group_13_1410_134.png,жащими,жащими
images_group_13_1410_135.png,и,и
images_group_13_1410_136.png,семенными.,семеиными.
images_group_13_1410_137.png,сту,сту
images_group_13_1410_138.png,за,за
images_group_13_1410_139.png,лошадь.,лошадь.
images_group_13_1410_140.png,На,На
images_group_13_1410_141.png,остальныхъ,остальныхъ
images_group_13_1410_142.png,10-го,10-го
images_group_13_1410_143.png,"Сентября,","Сентября,"
images_group_13_1410_144.png,съ,съ
images_group_13_1410_145.png,окончаніемъ,окончаніемъ
images_group_13_1410_146.png,лѣт-,лѣт-
images_group_13_1410_147.png,системахъ;,"системахъ,"
images_group_13_1410_148.png,по,по
images_group_13_1410_149.png,причинѣ,причинѣ
images_group_13_1410_150.png,малаго,малаго
images_group_13_1410_151.png,разви-,разви-
images_group_13_1410_152.png,нихъ,нихъ
images_group_13_1410_153.png,работъ,работъ
images_group_13_1410_154.png,рабоіе,рабочіе
images_group_13_1410_155.png,были,были
images_group_13_1410_156.png,расчита-,расчита-
images_group_13_1410_158.png,"дѣлъ,","дѣлъ,"
images_group_13_1410_159.png,дороги,дороги
images_group_13_1410_160.png,большею,большею
images_group_13_1410_161.png,частію,частію
images_group_13_1410_162.png,до-,до-
images_group_13_1410_163.png,ны,ны
images_group_13_1410_164.png,И,и.
images_group_13_1410_165.png,"распущены,","распущены,"
images_group_13_1410_166.png,заисключеніемъ,заисключеніемъ
images_group_13_1410_167.png,ступны,ступны
images_group_13_1410_168.png,лишь,лишь
images_group_13_1410_169.png,для,Для
images_group_13_1410_170.png,оставшихся,оставшихся
images_group_13_1410_171.png,на,на
images_group_13_1410_172.png,пріискахъ,пріискахъ
images_group_13_1410_173.png,для,для
images_group_13_1410_174.png,зим-,зим-
images_group_13_1410_175.png,Содержаніе,Содержаніе
images_group_13_1410_176.png,людей,людей
images_group_13_1410_177.png,на,на
images_group_13_1410_178.png,всѣхъ,всѣхъ
images_group_13_1410_179.png,промы-,промы-
images_group_13_1410_180.png,нихъ,нихъ
images_group_13_1410_181.png,"работъ,","работъ,"
images_group_13_1410_182.png,число,число
images_group_13_1410_183.png,коихъ,коихъ
images_group_13_1410_184.png,простира-,простира-
images_group_13_1410_185.png,слахъ,слахъ
images_group_13_1410_186.png,было,было
images_group_13_1410_187.png,вполнѣ,вполнѣ
images_group_13_1410_188.png,удовлетворитель-,удовлетворитель-
images_group_13_1410_189.png,лось:,лось:
images_group_13_1410_190.png,На,На
images_group_13_1410_191.png,Сѣвернои,Сѣвернои
images_group_13_1410_192.png,системѣ,системѣ
images_group_13_1410_193.png,592.,592.
images_group_13_1410_194.png,но.,но.
images_group_13_1410_195.png,Пища,Пища
images_group_13_1410_196.png,пріиготовлялась,приготовлялась
images_group_13_1410_197.png,вездѣ,вездѣ
images_group_13_1410_198.png,изъ,изъ
images_group_13_1410_199.png,Мокрусицкій,Мокрусицкій
images_group_13_1412_388.png,24.,24.
images_group_13_1412_389.png,25.,25.
images_group_13_1412_390.png,При,При
images_group_13_1412_391.png,такихъ,такихъ
images_group_13_1412_392.png,наблюденіяхъ,наблюденіяхъ
images_group_13_1412_393.png,выходъ,выходъ
images_group_13_1412_394.png,Золотой,Золотой
images_group_13_1412_395.png,промыселъ,промыселъ
images_group_13_1412_396.png,въ,въ
images_group_13_1412_397.png,Енисейской,Енисейской
images_group_13_1412_398.png,губер-,губер-
images_group_13_1412_399.png,17.,17.
images_group_13_1412_400.png,рабочихъ,рабочихъ
images_group_13_1412_401.png,съ,съ
images_group_13_1412_402.png,промысловъ,промысловъ
images_group_13_1412_403.png,и,и
images_group_13_1412_404.png,слѣдованіе,слѣдованіе
images_group_13_1412_405.png,ніи,ніи
images_group_13_1412_406.png,годъ,годъ
images_group_13_1412_407.png,отъ,отъ
images_group_13_1412_408.png,году,году
images_group_13_1412_409.png,упадаетъ.,упадаетъ.
images_group_13_1412_410.png,Прежніе,Прежніе
images_group_13_1412_411.png,въ,въ
images_group_13_1412_412.png,мѣста,мѣста
images_group_13_1412_413.png,жительства,жительства
images_group_13_1412_414.png,совершился,совершился
images_group_13_1412_415.png,богатыс,богатые
images_group_13_1412_416.png,пріиски,приіски
images_group_13_1412_417.png,или,или
images_group_13_1412_418.png,со,со
images_group_13_1412_419.png,всѣмъ,всѣмъ
images_group_13_1412_420.png,исто-,исто-
images_group_13_1412_421.png,въ,въ
images_group_13_1412_422.png,1868,1868
images_group_13_1412_423.png,году,году
images_group_13_1412_424.png,благополучно.,благополучно.
images_group_13_1412_425.png,"щены,","щены,"
images_group_13_1412_426.png,или,или
images_group_13_1412_427.png,вырабатываются,вырабатываются
images_group_13_1412_428.png,оконча-,оконча-
images_group_13_1412_429.png,Побѣги,Побѣги
images_group_13_1412_430.png,и,и
images_group_13_1412_431.png,неявки,неявки
images_group_13_1412_432.png,рабочихъ,рабочихъ
images_group_13_1412_433.png,произ-,произ-
images_group_13_1412_434.png,тельно;,тельно;
images_group_13_1412_435.png,новыхъ,новыхъ
images_group_13_1412_436.png,благонадежныхъ,благонадежныхъ
images_group_13_1412_437.png,от-,от-
images_group_13_1412_438.png,ходили,ходили
images_group_13_1412_439.png,отъ,отъ
images_group_13_1412_440.png,"прежнихъ,","прежнихъ,"
images_group_13_1412_441.png,еще,еще
images_group_13_1412_442.png,неуст-,неуст-
images_group_13_1412_443.png,крыти,крытіи
images_group_13_1412_444.png,и,и
images_group_13_1412_445.png,прочныхъ,прочныхъ
images_group_13_1412_446.png,разработокъ,разработокъ
images_group_13_1412_447.png,въ,въ
images_group_13_1412_448.png,ви-,ви-
images_group_13_1412_449.png,раненныхъ,раненныхъ
images_group_13_1412_450.png,причинъ,причинъ
images_group_13_1412_451.png,отъ,отъ
images_group_13_1412_452.png,выдачи,выдачи
images_group_13_1412_453.png,ра-,ра-
images_group_13_1412_454.png,ду,ду
images_group_13_1412_455.png,неимѣется.,неимѣется.
images_group_13_1412_456.png,Предпріимчивость,Предпріимчивость
images_group_13_1412_457.png,со,со
images_group_13_1412_458.png,бочимъ,бочимъ
images_group_13_1412_459.png,несоразмѣрно,несоразмѣрно
images_group_13_1412_460.png,большихъ,большихъ
images_group_13_1412_461.png,за-,за-
images_group_13_1412_462.png,всѣмъ,всѣмъ
images_group_13_1412_463.png,"ослабла,","ослабла,"
images_group_13_1412_464.png,одна,одна
images_group_13_1412_465.png,лишь,лишь
images_group_13_1412_466.png,к,к
images_group_13_1412_467.png,Базилев-,Базилев-
images_group_13_1412_468.png,датковъ,датковъ 
images_group_13_1412_469.png,трудныхъ,трудныхъ
images_group_13_1412_470.png,къ,къ
images_group_13_1412_471.png,отработкѣ,отработкѣ
images_group_13_1412_472.png,въ,въ
images_group_13_1412_473.png,"скаго,","скаго,"
images_group_13_1412_474.png,располагающая,располагающая
images_group_13_1412_475.png,большими,большими
images_group_13_1412_476.png,де-,де-
images_group_13_1412_477.png,одно,одно
images_group_13_1412_478.png,лѣто.,лѣто.
images_group_13_1412_479.png,Виновны,Виновны
images_group_13_1412_480.png,въ,въ
images_group_13_1412_481.png,этомъ,этомъ
images_group_13_1412_482.png,сами,сами
images_group_13_1412_483.png,нежными,нежными
images_group_13_1412_484.png,"средствами,","средствами,"
images_group_13_1412_485.png,выказываетъ,выказываетъ
images_group_13_1412_486.png,"золотопромышленники,","золотопромышеленники,"
images_group_13_1412_487.png,неубѣдившіеся,неубѣдившіеся
images_group_13_1412_488.png,нѣкоторую,нѣкоторую
images_group_13_1412_489.png,"дѣятельность,","дѣятельность,"
images_group_13_1412_490.png,но,но
images_group_13_1412_491.png,резуль-,резуль-
images_group_13_1412_492.png,еще,еще
images_group_13_1412_493.png,въ,въ
images_group_13_1412_494.png,необходимости,необходимости
images_group_13_1412_495.png,измѣнить,измѣнить
images_group_13_1412_496.png,не-,не-
images_group_13_1412_497.png,татовъ,татовъ
images_group_13_1412_498.png,ея,ея
images_group_13_1412_499.png,невозможно,невозможно
images_group_13_1412_500.png,пока,пока
images_group_13_1412_501.png,ни,ни
images_group_13_1412_502.png,опре-,опре-
images_group_13_1412_503.png,нормальный,нормальный
images_group_13_1412_504.png,способъ,способъ
images_group_13_1412_505.png,веденія,веденія
images_group_13_1412_506.png,дѣла.,дѣла.
images_group_13_1412_507.png,"дѣлить,","дѣлить,"
images_group_13_1412_508.png,ни,ни
images_group_13_1412_509.png,предвидѣть.,предвидѣть
images_group_13_1412_510.png,за,да
images_group_13_1412_511.png,всѣмъ,всѣмъ
images_group_13_1412_512.png,Подъ,Подъ
images_group_13_1412_513.png,надзоромъ,надзоромъ
images_group_13_1412_514.png,полиціи,полиціи
images_group_13_1412_515.png,тѣмъ,тѣмъ
images_group_13_1412_516.png,отъ,отъ
images_group_13_1412_517.png,операціи,операціи
images_group_13_1412_518.png,1869 года,1869 года
images_group_13_1412_519.png,можно,можно
images_group_13_1412_520.png,промыслахъ,промыслахъ
images_group_13_1412_521.png,ожидать,ожидать
images_group_13_1412_522.png,болѣе,болѣе
images_group_13_1412_523.png,успѣшнаго,успѣшнаго
images_group_13_1412_524.png,"исхода,","исхода,"
images_group_13_1412_525.png,Политическихъ,Политическихъ
images_group_13_1412_526.png,преступниковъ,преступниковъ
images_group_13_1412_527.png,на,на
images_group_13_1412_528.png,такъ,такъ
images_group_13_1412_529.png,какъ,какъ
images_group_13_1412_530.png,вслѣдствіе,вслѣдствіе
images_group_13_1412_531.png,хорошаго,хорошаго
images_group_13_1412_532.png,уро-,уро-
images_group_13_1412_533.png,всѣхъ,всѣхъ
images_group_13_1412_534.png,промыслахъ.,промыслахъ
images_group_13_1412_535.png,было,было
images_group_13_1412_536.png,"80,","80,"
images_group_13_1412_537.png,которые,которые
images_group_13_1412_538.png,жая,жая
images_group_13_1412_539.png,и,и
images_group_13_1412_540.png,дешевыхъ,дешевыхъ
images_group_13_1412_541.png,цѣнъ,цѣнъ
images_group_13_1412_542.png,на,на
images_group_13_1412_543.png,хлѣбъ,хлѣбъ
images_group_13_1412_544.png,по,по
images_group_13_1412_545.png,отзывамъ,отзывамъ
images_group_13_1412_546.png,управляющихъ,управляющихъ
images_group_13_1412_547.png,пріи-,пріи-
images_group_13_1412_548.png,и,и
images_group_13_1412_549.png,"фуражъ,","фуражь,"
images_group_13_1412_550.png,золотопромышленники,золотопромышленники
images_group_13_1412_551.png,сками,сками
images_group_13_1412_552.png,и,и
images_group_13_1412_553.png,промысловыхъ,промысловыхъ
images_group_13_1412_554.png,Полиціи,Полиціи
images_group_13_1412_555.png,предполагаютъ,предполагаютъ
images_group_13_1412_556.png,ставить,ставить
images_group_13_1412_557.png,работы,работы
images_group_13_1412_558.png,въ,въ
images_group_13_1412_559.png,вообще,вообще
images_group_13_1412_560.png,вели,вели
images_group_13_1412_561.png,себя,себя
images_group_13_1412_562.png,скромно,скромно
images_group_13_1412_563.png,и,и
images_group_13_1412_564.png,возложен-,возложен.
images_group_13_1412_565.png,"большихъ,","большихъ,"
images_group_13_1412_566.png,противъ,противъ
images_group_13_1412_567.png,предшествовавша-,предшествовавша-
images_group_13_1412_568.png,ныя,ныя
images_group_13_1412_569.png,на,на
images_group_13_1412_570.png,нихъ,нихъ
images_group_13_1412_571.png,обязанности,обязанности
images_group_13_1412_572.png,исполня-,исполня-
images_group_13_1412_573.png,го,го
images_group_13_1412_574.png,"года,","года,"
images_group_13_1412_575.png,размѣрахъ.,размѣрахъ.
images_group_13_1412_576.png,ли,ли
images_group_13_1412_577.png,исправно.,исправно.
images_group_13_1412_578.png,Особыхъ,Особыхъ
images_group_13_1425_2954.png,30.,30.
images_group_13_1425_2955.png,50.,50.
images_group_13_1425_2956.png,51.,51.
images_group_13_1425_2957.png,Судя,Судя
images_group_13_1425_2958.png,по,по
images_group_13_1425_2959.png,числу,числу
images_group_13_1425_2960.png,народонаселенія,народонаселенія
images_group_13_1425_2961.png,355.780,355.780
images_group_13_1425_2962.png,Незаконнорожденныхъ,Незаконнорожденныхъ
images_group_13_1425_2963.png,было,было
images_group_13_1425_2964.png,1190,1190
images_group_13_1425_2965.png,число,число
images_group_13_1425_2966.png,совершенныхъ,совершенныхъ
images_group_13_1425_2967.png,въ,въ
images_group_13_1425_2968.png,1868,1868
images_group_13_1425_2969.png,году,году
images_group_13_1425_2970.png,преступ-,преступ-
images_group_13_1425_2971.png,Въ,Въ
images_group_13_1425_2972.png,1868 году,1868 году
images_group_13_1425_2973.png,сослано,сослано
images_group_13_1425_2974.png,въ,въ
images_group_13_1425_2975.png,Сибирь:,Сибирь:
images_group_13_1425_2976.png,М.,М.
images_group_13_1425_2977.png,Ж.,Ж.
images_group_13_1425_2978.png,леній,леній
images_group_13_1425_2979.png,относится,относится
images_group_13_1425_2980.png,къ,къ
images_group_13_1425_2981.png,числу,числу
images_group_13_1425_2982.png,жителей,жителей
images_group_13_1425_2983.png,Нажитье:,Нажиты:
images_group_13_1425_2984.png,какъ,какъ
images_group_13_1425_2985.png,"1:271,","1:271,"
images_group_13_1425_2986.png,въ,въ
images_group_13_1425_2987.png,предшествовавшемъ,предшествовавшемъ
images_group_13_1425_2988.png,же,же
images_group_13_1425_2989.png,По,По
images_group_13_1425_2990.png,рѣшеніямъ,рѣшеніямъ
images_group_13_1425_2991.png,судебныхъ,судебныхъ
images_group_13_1425_2992.png,мѣстъ:,мѣстъ:
images_group_13_1425_2993.png,году,году
images_group_13_1425_2994.png,это,это
images_group_13_1425_2995.png,отношеніе,отношеніе
images_group_13_1425_2996.png,выражалось,выражалось
images_group_13_1425_2997.png,а.),а.)
images_group_13_1425_2998.png,Изъ,Изъ
images_group_13_1425_2999.png,привиллегированнаго,привиллегированнаго
images_group_13_1425_3000.png,зва-,зва-
images_group_13_1425_3001.png,какъ,какъ
images_group_13_1425_3002.png,1:282,1 :282.
images_group_13_1425_3003.png,нія.,нія.
images_group_13_1425_3004.png,17.,17.
images_group_13_1425_3005.png,Болѣе,Болѣе
images_group_13_1425_3006.png,другихъ,другихъ
images_group_13_1425_3007.png,сословіи,сословіи
images_group_13_1425_3008.png,въ,въ
images_group_13_1425_3009.png,важнѣй-,важнѣй-
images_group_13_1425_3010.png,б.),б.)
images_group_13_1425_3011.png,Крестьянъ,Крестьянъ
images_group_13_1425_3012.png,29.,29.
images_group_13_1425_3013.png,4.,4.
images_group_13_1425_3014.png,шихъ,шихъ
images_group_13_1425_3015.png,преступленияхъ,преступленіяхъ
images_group_13_1425_3016.png,попадаются,попадаются
images_group_13_1425_3017.png,По,По
images_group_13_1425_3018.png,приговорамъ,приговорамъ
images_group_13_1425_3019.png,обществъ:,обществъ:
images_group_13_1425_3020.png,"поселенцы,","поселенцы,"
images_group_13_1425_3021.png,"такъ,","такъ,"
images_group_13_1425_3022.png,что,что
images_group_13_1425_3023.png,въ,въ
images_group_13_1425_3024.png,числѣ,числѣ
images_group_13_1425_3025.png,1270,1270
images_group_13_1425_3026.png,от-,от-
images_group_13_1425_3027.png,а.),а.)
images_group_13_1425_3028.png,Мѣщанъ,Мѣщанъ
images_group_13_1425_3029.png,50.,50.
images_group_13_1425_3030.png,4.,4.
images_group_13_1425_3031.png,крытыхъ,крытыхъ
images_group_13_1425_3032.png,въ,въ
images_group_13_1425_3033.png,1868,1868
images_group_13_1425_3034.png,году,году
images_group_13_1425_3035.png,преступниковъ,преступниковъ
images_group_13_1425_3036.png,б.),б.)
images_group_13_1425_3037.png,Государственныхъ,Государственныхъ
images_group_13_1425_3038.png,крестьянъ,крестьянъ
images_group_13_1425_3039.png,183.,183.
images_group_13_1425_3040.png,15.,15.
images_group_13_1425_3041.png,заключалось,заключалось
images_group_13_1425_3042.png,137,137
images_group_13_1425_3043.png,досланныхъ,сосланныхъ
images_group_13_1425_3044.png,на,на
images_group_13_1425_3045.png,водворе-,водворе-
images_group_13_1425_3046.png,279,279
images_group_13_1425_3047.png,23,23
images_group_13_1425_3048.png,"ніе,","ніе,"
images_group_13_1425_3049.png,410,410
images_group_13_1425_3050.png,поселенцевъ,поселенцевъ
images_group_13_1425_3051.png,и,и
images_group_13_1425_3052.png,60,60
images_group_13_1425_3053.png,ссыльно,ссыльно
images_group_13_1425_3054.png,ка-,ка-
images_group_13_1425_3055.png,302.,302.
images_group_13_1425_3056.png,"торжныхъ,","торжныхъ,"
images_group_13_1425_3057.png,то,то
images_group_13_1425_3058.png,есть,есть
images_group_13_1425_3059.png,почти,почти
images_group_13_1425_3060.png,полови-,полови-
images_group_13_1425_3061.png,2.),2.)
images_group_13_1425_3062.png,Наводвореніе:,Наводвореніе:
images_group_13_1425_3063.png,тогда,тогда
images_group_13_1425_3064.png,какъ,какъ
images_group_13_1425_3065.png,число,число
images_group_13_1425_3066.png,ихъ,ихъ
images_group_13_1425_3067.png,состав-,состав-
images_group_13_1425_3068.png,По,По
images_group_13_1425_3069.png,судебнымъ,судебнымъ
images_group_13_1425_3070.png,рѣшеніямъ:,рѣшеніямъ:
images_group_13_1425_3071.png,ляетъ,ляетъ
images_group_13_1425_3072.png,около,около
images_group_13_1425_3073.png,6/6,1/6
images_group_13_1425_3074.png,части,части
images_group_13_1425_3075.png,общаго,общаго
images_group_13_1425_3076.png,народо-,народо-
images_group_13_1425_3077.png,а.),а.)
images_group_13_1425_3078.png,Крестьянъ,Крестьянъ
images_group_13_1425_3079.png,и,и
images_group_13_1425_3080.png,бродягъ,бродягъ
images_group_13_1425_3081.png,2034,2034.
images_group_13_1425_3082.png,52.,52.
images_group_13_1425_3083.png,населенія,населенія
images_group_13_1425_3084.png,губерніи.,губерніи.
images_group_13_1425_3085.png,б.),б.)
images_group_13_1425_3086.png,Военнаго,Военнаго
images_group_13_1425_3087.png,званія.,званія.
images_group_13_1425_3088.png,21.,21.
images_group_13_1425_3089.png,Количество,Количество
images_group_13_1425_3090.png,сихъ,сихъ
images_group_13_1425_3091.png,людей,людей
images_group_13_1425_3092.png,увеличи-,увеличи-
images_group_13_1425_3093.png,2055,2055
images_group_13_1425_3094.png,52,52.
images_group_13_1425_3095.png,вается,вается
images_group_13_1425_3096.png,еще,еще
images_group_13_1425_3097.png,ссыльными,ссыльными
images_group_13_1425_3098.png,другихъ,другихъ
images_group_13_1425_3099.png,2107.,2107.
images_group_13_1425_3100.png,Сибирскихъ,Сибирскихъ
images_group_13_1425_3101.png,"губерній,","губерній,"
images_group_13_1425_3102.png,прибывающими,прибывающими
images_group_13_1425_3103.png,3),3)
images_group_13_1425_3104.png,сюда,сюда
images_group_13_1425_3105.png,для,для
images_group_13_1425_3106.png,работъ,работъ
images_group_13_1425_3107.png,на,на
images_group_13_1425_3108.png,золотыхъ,золотыхъ
images_group_13_1425_3109.png,про-,про-
images_group_13_1425_3110.png,а.),а.)
images_group_13_1425_3111.png,Изъ,Изъ
images_group_13_1425_3112.png,привиллегированнаго,привиллегированнаго
images_group_13_1425_3113.png,зва,зва
images_group_13_1425_3114.png,мыслахъ,мыслахъ
images_group_13_1425_3115.png,нія,нія
images_group_13_1425_3116.png,и,и
images_group_13_1425_3117.png,мѣщанъ,мѣщанъ
images_group_13_1425_3118.png,127.,127.
images_group_13_1425_3119.png,14.,14.
images_group_13_1425_3120.png,Подкидышей,Подкидышей
images_group_13_1425_3121.png,въ,въ
images_group_13_1425_3122.png,1868,1868
images_group_13_1425_3123.png,году,году
images_group_13_1425_3124.png,было.,было.
images_group_13_1425_3125.png,26,26
images_group_13_1425_3126.png,б.),б.)
images_group_13_1425_3127.png,Крестьянъ.,Крестьянъ.
images_group_13_1425_3128.png,388.,388.
images_group_13_1425_3129.png,89,89
images_group_13_1425_3130.png,Губерневки,Губернский
images_group_13_1431_4003.png,36.,36.
images_group_13_1431_4004.png,62,62
images_group_13_1431_4005.png,63.,63
images_group_13_1431_4006.png,Канскѣ,Канскѣ
images_group_13_1431_4007.png,48 р,48 р
images_group_13_1431_4011.png,Итого,Итого
images_group_13_1431_4012.png,4616 р.,4616 р.
images_group_13_1431_4013.png,31 1/2 к.,31 1/2 к
images_group_13_1431_4014.png,Въ,Въ
images_group_13_1431_4015.png,1868,1868
images_group_13_1431_4016.png,году,году
images_group_13_1431_4017.png,подъ,подъ
images_group_13_1431_4018.png,надзоромъ,надзоромъ
images_group_13_1431_4019.png,полиціи,полиціи
images_group_13_1431_4020.png,состояло,состояло
images_group_13_1431_4021.png,46,46
images_group_13_1431_4022.png,человѣкъ.,человѣкъ.
images_group_13_1431_4023.png,Изъ,Изъ
images_group_13_1431_4024.png,нихъ:,нихъ:
images_group_13_1431_4025.png,1,1_
images_group_13_1431_4026.png,велъ,велъ
images_group_13_1431_4027.png,себя,себя
images_group_13_1431_4028.png,очень,очень
images_group_13_1431_4029.png,хорошо,хорошо
images_group_13_1431_4031.png,Этапы.,Этапы.
images_group_13_1431_4032.png,Этапныхъ,Этапныхъ
images_group_13_1431_4033.png,помѣщеній,помѣщеній
images_group_13_1431_4034.png,8,8
images_group_13_1431_4035.png,и,и
images_group_13_1431_4036.png,устроен-,устроен-
images_group_13_1431_4037.png,24-,24
images_group_13_1431_4038.png,"порядочно,","порядочно,"
images_group_13_1431_4039.png,1-,1-
images_group_13_1431_4040.png,недобритель-,неодобритель-
images_group_13_1431_4041.png,ныхъ,ныхъ
images_group_13_1431_4042.png,для,для
images_group_13_1431_4043.png,ночлеговъ,ночлеговъ
images_group_13_1431_4044.png,арестантскихъ,арестантскихъ
images_group_13_1431_4045.png,"но,","но,"
images_group_13_1431_4046.png,2-,2-
images_group_13_1431_4047.png,"худо,","худо,"
images_group_13_1431_4048.png,1,1_
images_group_13_1431_4049.png,находится,находится
images_group_13_1431_4050.png,въ,въ
images_group_13_1431_4051.png,"бѣгахъ,","бѣгахъ,"
images_group_13_1431_4052.png,партій-,партій
images_group_13_1431_4053.png,10.,10.
images_group_13_1431_4054.png,1-,1-
images_group_13_1431_4055.png,умеръ.,умеръ.
images_group_13_1431_4056.png,Къ,Къ
images_group_13_1431_4057.png,содержанію,содержанію
images_group_13_1431_4058.png,ихъ,ихъ
images_group_13_1431_4059.png,въ,въ
images_group_13_1431_4060.png,возможно-,возможно-
images_group_13_1431_4061.png,Политическихъ,Политическихъ
images_group_13_1431_4062.png,"преступниковъ,","преступниковъ,"
images_group_13_1431_4063.png,съ,съ
images_group_13_1431_4064.png,лучшемъ,лучшемъ
images_group_13_1431_4065.png,порядкѣ,порядкѣ
images_group_13_1431_4066.png,принимаются,принимаются
images_group_13_1431_4067.png,перечисленными,перечисленными
images_group_13_1431_4068.png,изъ,изъ
images_group_13_1431_4069.png,Иркутской,Иркутской
images_group_13_1431_4070.png,губер-,губер-
images_group_13_1431_4071.png,мѣры.,мѣры.
images_group_13_1431_4072.png,ніи,ніи
images_group_13_1431_4073.png,и,и
images_group_13_1431_4074.png,съ,съ
images_group_13_1431_4075.png,обращенными,обращенными
images_group_13_1431_4076.png,напоселеніе,напоселеніе
images_group_13_1431_4077.png,изъ,изъ
images_group_13_1431_4078.png,Троицкаго,Троицкаго
images_group_13_1431_4079.png,Солевареннаго,Солевареннаго
images_group_13_1431_4080.png,"завода,","завода,"
images_group_13_1431_4081.png,въ,въ
images_group_13_1431_4082.png,1868,1868
images_group_13_1431_4083.png,году,году
images_group_13_1431_4084.png,въ,въ
images_group_13_1431_4085.png,Енисейской,Енисейской
images_group_13_1431_4086.png,губерніи,губерніи
images_group_13_1431_4087.png,на-,на-
images_group_13_1431_4088.png,смири-,смири-
images_group_13_1431_4089.png,ходилось,ходилось
images_group_13_1431_4090.png,1562,1562
images_group_13_1431_4091.png,и,и
images_group_13_1431_4092.png,переселенцовъ,переселенцовъ
images_group_13_1431_4093.png,изъ,изъ
images_group_13_1431_4094.png,за-,за-
images_group_13_1431_4097.png,Въ,Въ
images_group_13_1431_4098.png,Енисейской,Енисейской
images_group_13_1431_4099.png,губерніи,губерніи
images_group_13_1431_4100.png,рабочихъ,рабочихъ
images_group_13_1431_4101.png,и,и
images_group_13_1431_4102.png,падныхъ,падныхъ
images_group_13_1431_4103.png,губерній,губерній
images_group_13_1431_4104.png,1566,1566
images_group_13_1431_4105.png,человѣкъ,человѣкъ.
images_group_13_1431_4106.png,смирительныхъ,смирительныхъ
images_group_13_1431_4107.png,домовъ,домовъ
images_group_13_1431_4108.png,нѣтъ,нѣтъ
images_group_13_1431_4109.png,Изъ,Изъ
images_group_13_1431_4110.png,нихъ,нихъ
images_group_13_1431_4111.png,выбыло,выбыло
images_group_13_1431_4112.png,въ,въ
images_group_13_1431_4113.png,1868,1868
images_group_13_1431_4114.png,году:,году:
images_group_13_1431_4115.png,Все-,Все-
images_group_13_1431_4116.png,милостивѣише,милостивѣише
images_group_13_1431_4117.png,прощенныхъ:,прощенныхъ:
images_group_13_1431_4118.png,во-,во-
images_group_13_1431_4119.png,внутреннія,внутреннія
images_group_13_1431_4120.png,губерніи,губерніи
images_group_13_1431_4121.png,Имперіи,Имперіи
images_group_13_1431_4122.png,"73,","73,"
images_group_13_1431_4123.png,въ,въ
images_group_13_1431_4127.png,Царство,Царство
images_group_13_1431_4128.png,заграницу-,заграницу-
images_group_13_1431_4129.png,"164,","164,"
images_group_13_1431_4132.png,Арестантскихъ,Арестантскихъ
images_group_13_1431_4133.png,ротъ,ротъ
images_group_13_1431_4134.png,граждан-,граждан-
images_group_13_1431_4135.png,умерло-,умерло-
images_group_13_1431_4136.png,66,66
images_group_13_1431_4137.png,и,и
images_group_13_1431_4138.png,бѣжало-,бѣжало-
images_group_13_1431_4139.png,8,8
images_group_13_1431_4140.png,человѣкъ,человѣкъ
images_group_13_1431_4141.png,скаго,скаго
images_group_13_1431_4142.png,вѣдомства,вѣдомства
images_group_13_1431_4143.png,въ,въ
images_group_13_1431_4144.png,Енисейской,Енисейской
images_group_13_1431_4145.png,губер-,губер-
images_group_13_1431_4146.png,Находившіеся,Находившіеся
images_group_13_1431_4147.png,въ,въ
images_group_13_1431_4148.png,губерніи,губерніи
images_group_13_1431_4149.png,политическіе,политическіе
images_group_13_1431_4150.png,ніи,ніи
images_group_13_1431_4151.png,нѣтъ,нѣтъ
images_group_13_1431_4152.png,ссыльные,ссыльные
images_group_13_1431_4153.png,вели,вели
images_group_13_1431_4154.png,себя,себя
images_group_13_1431_4155.png,спокойно,спокойно
images_group_13_1431_4156.png,Чиновника,Чиновникъ
images_group_13_1432_4157.png,37,37.
images_group_13_1432_4158.png,64,64
images_group_13_1432_4159.png,65,65
images_group_13_1432_4160.png,состоящая,состоящая
images_group_13_1432_4161.png,изъ,изъ
images_group_13_1432_4162.png,самыхъ,самыхъ
images_group_13_1432_4163.png,необходимыхъ,необходимыхъ
images_group_13_1432_4165.png,медикаментовъ,медикаментовъ
images_group_13_1432_4166.png,и,и
images_group_13_1432_4167.png,фельдшерскихъ,фельдшерскихъ
images_group_13_1432_4168.png,ин-,ин-
images_group_13_1432_4169.png,"струментовъ,","струментовъ,"
images_group_13_1432_4170.png,пріобрѣтенныхъ,пріобрѣтенныхъ
images_group_13_1432_4171.png,въ,въ
images_group_13_1432_4172.png,1866,1866
images_group_13_1432_4175.png,Врачей,Врачей
images_group_13_1432_4176.png,въ,въ
images_group_13_1432_4177.png,губерніи,губерніи
images_group_13_1432_4178.png,всего.,всего.
images_group_13_1432_4179.png,20.,20.
images_group_13_1432_4180.png,году,году
images_group_13_1432_4181.png,покупкою,покупкою
images_group_13_1432_4182.png,на,на
images_group_13_1432_4183.png,счетъ,счетъ
images_group_13_1432_4184.png,общества,общества
images_group_13_1432_4185.png,Изъ,Изъ
images_group_13_1432_4186.png,нихъ,нихъ
images_group_13_1432_4187.png,на,на
images_group_13_1432_4188.png,службѣ,службѣ
images_group_13_1432_4189.png,18.,18.
images_group_13_1432_4190.png,Завѣдываніе,Завѣдываніе
images_group_13_1432_4191.png,этой,этой
images_group_13_1432_4192.png,аптекой,аптекой
images_group_13_1432_4193.png,лежитъ,лежитъ
images_group_13_1432_4194.png,Въ,Въ
images_group_13_1432_4195.png,томъ,томъ
images_group_13_1432_4196.png,числѣ:,числѣ:
images_group_13_1432_4197.png,на,на
images_group_13_1432_4198.png,волостномъ,волостномъ
images_group_13_1432_4199.png,фельдшерѣ.,фельдшерѣ.
images_group_13_1432_4200.png,въ,въ
images_group_13_1432_4201.png,губернскомъ,губернскомъ
images_group_13_1432_4202.png,городѣ,городѣ
images_group_13_1432_4203.png,Красноярскѣ,Красноярскѣ
images_group_13_1432_4204.png,Особыхъ,Особыхъ
images_group_13_1432_4205.png,безпорядковъ,безпорядковъ
images_group_13_1432_4206.png,по,по
images_group_13_1432_4207.png,содержанію,содержанію
images_group_13_1432_4208.png,въ,въ
images_group_13_1432_4209.png,окружныхъ,окружныхъ
images_group_13_1432_4210.png,городахъ,городахъ
images_group_13_1432_4211.png,и,и
images_group_13_1432_4212.png,округахъ,округахъ
images_group_13_1432_4213.png,8.,8.
images_group_13_1432_4214.png,аптекъ,аптекъ
images_group_13_1432_4215.png,въ,въ
images_group_13_1432_4216.png,1868,1868
images_group_13_1432_4217.png,году,году
images_group_13_1432_4218.png,необнаружено.,необнаружено.
images_group_13_1432_4219.png,на,на
images_group_13_1432_4220.png,частныхъ,частныхъ
images_group_13_1432_4221.png,золотыхъ,золотыхъ
images_group_13_1432_4222.png,промыслахъ.,промыслахъ.
images_group_13_1432_4223.png,3.,3.
images_group_13_1432_4224.png,вольно,вольно-
images_group_13_1432_4225.png,практикующихъ.,практикующихъ.
images_group_13_1432_4226.png,2.,2.
images_group_13_1432_4227.png,Оспопрививаніе,Оспопрививаніе
images_group_13_1432_4228.png,въ,въ
images_group_13_1432_4229.png,1868,1868
images_group_13_1432_4230.png,году,году
images_group_13_1432_4231.png,производи-,производи-
images_group_13_1432_4232.png,Въ,Въ
images_group_13_1432_4233.png,Енисейской,Енисенской
images_group_13_1432_4234.png,губерніи,губерніи
images_group_13_1432_4235.png,неимѣется,неимѣется
images_group_13_1432_4236.png,назначенныхъ,назначенныхъ
images_group_13_1432_4237.png,по,по
images_group_13_1432_4238.png,штату:,штату:
images_group_13_1432_4239.png,8 ни,8-ми
images_group_13_1432_4240.png,лось,лось
images_group_13_1432_4241.png,подъ,подъ
images_group_13_1432_4242.png,наблюденіемъ,наблюденіемъ
images_group_13_1432_4243.png,Городовыхъ,Городовыхъ
images_group_13_1432_4244.png,и,и
images_group_13_1432_4245.png,"Врачей,","Врачей,"
images_group_13_1432_4246.png,5-й,5-й
images_group_13_1432_4247.png,фельдшеровъ,фельдшеровъ
images_group_13_1432_4248.png,при,при
images_group_13_1432_4249.png,"больницахъ,","больницахъ,"
images_group_13_1432_4250.png,окружныхъ,окружныхъ
images_group_13_1432_4251.png,Врачей,Врачей
images_group_13_1432_4252.png,оспенными,оспенными
images_group_13_1432_4253.png,учени-,учени-
images_group_13_1432_4254.png,5-й,5-й
images_group_13_1432_4255.png,Сельскихъ,сельскихъ
images_group_13_1432_4256.png,фельдшеровъ,фельдшеровъ
images_group_13_1432_4257.png,и,и
images_group_13_1432_4258.png,10-й,10-й
images_group_13_1432_4259.png,лекарь-,лекарь.
images_group_13_1432_4260.png,"ками,","ками,"
images_group_13_1432_4261.png,коихъ,коихъ
images_group_13_1432_4262.png,считалось,считалось
images_group_13_1432_4263.png,71,71
images_group_13_1432_4264.png,"человѣкъ,","человѣкъ,"
images_group_13_1432_4265.png,съ,съ
images_group_13_1432_4266.png,скихъ,скихъ
images_group_13_1432_4267.png,учениковъ,учениковъ
images_group_13_1432_4268.png,надлежащ,надлежащ
images_group_13_1432_4269.png,имъ,имъ
images_group_13_1432_4270.png,успѣхомь.,успѣхомъ.
images_group_13_1432_4271.png,Въ,Въ
images_group_13_1432_4272.png,1868,1868
images_group_13_1432_4273.png,году,году
images_group_13_1432_4274.png,привита,привита
images_group_13_1432_4275.png,оспа,оспа
images_group_13_1432_4276.png,9296,9296
images_group_13_1432_4277.png,младен-,младен-
images_group_13_1432_4278.png,"цамъ,","цамъ,"
images_group_13_1432_4279.png,менѣе,менѣе
images_group_13_1432_4280.png,чѣмъ,чѣмъ
images_group_13_1432_4281.png,въ,въ
images_group_13_1432_4282.png,1867,1867
images_group_13_1432_4283.png,году.,году.
images_group_13_1432_4284.png,891,891
images_group_13_1432_4285.png,мла-,мла-
images_group_13_1432_4288.png,Казенныхъ,Казенныхъ
images_group_13_1432_4289.png,аптекъ,аптекъ
images_group_13_1432_4290.png,въ,въ
images_group_13_1432_4291.png,губерніи,губерніи
images_group_13_1432_4292.png,нѣтъ,нѣтъ
images_group_13_1432_4293.png,денцамъ,денцамъ.
images_group_13_1432_4294.png,Частныхъ,Частныхъ
images_group_13_1432_4295.png,двѣ,двѣ
images_group_13_1432_4296.png,одна,одна
images_group_13_1432_4297.png,въ,въ
images_group_13_1432_4298.png,"Красноярскѣ,","Красноярскѣ,"
images_group_13_1432_4299.png,а,а
images_group_13_1432_4300.png,другая,другая
images_group_13_1432_4301.png,въ,въ
images_group_13_1432_4302.png,Енисейскѣ,Енисейскѣ.
images_group_13_1432_4303.png,Кромѣ,Кромѣ
images_group_13_1432_4304.png,сего,сего
images_group_13_1432_4305.png,въ,въ
images_group_13_1432_4306.png,Анцыферовской,Анцыферовской
images_group_13_1432_4307.png,волости,волости
images_group_13_1432_4308.png,Енисейскаго,Енисейскаго
images_group_13_1432_4311.png,округа,округа
images_group_13_1432_4312.png,имѣется,имѣется
images_group_13_1432_4313.png,небольшая,небольшая
images_group_13_1432_4314.png,"аптека,","аптека,"
images_group_13_1432_4317.png,Въ,Въ
images_group_13_1432_4318.png,1868,1868
images_group_13_1432_4319.png,году,году
images_group_13_1432_4320.png,эпидемически,эпидемически
images_group_13_1432_4321.png,свирѣп-,свирѣп-
images_group_13_1432_4322.png,Особыхъ,Особыхъ
images_group_13_1433_4323.png,66,66
images_group_13_1433_4324.png,67.,67
images_group_13_1433_4325.png,ствовалъ,ствовалъ
images_group_13_1433_4326.png,Кровавый,кровавый
images_group_13_1433_4327.png,"поносъ,",Поносъ
images_group_13_1433_4328.png,Длябственія,Dіssentherіa
images_group_13_1433_4329.png,чами,чами
images_group_13_1433_4330.png,съ,съ
images_group_13_1433_4331.png,надлежащего,надлежащею
images_group_13_1433_4332.png,заботливостію.,заботливостію.
images_group_13_1433_4333.png,38,38
images_group_13_1433_4334.png,появившійся,появившійся
images_group_13_1433_4335.png,въ,въ
images_group_13_1433_4336.png,началѣ,началѣ
images_group_13_1433_4337.png,Iюня,Iюня
images_group_13_1433_4338.png,и,и
images_group_13_1433_4339.png,прекра-,прекра-
images_group_13_1433_4340.png,На,На
images_group_13_1433_4341.png,основаніи,основаніи
images_group_13_1433_4342.png,правилъ,правилъ
images_group_13_1433_4343.png,судебной,судебной
images_group_13_1433_4344.png,меди-,меди-
images_group_13_1433_4345.png,щенный,щенный
images_group_13_1433_4346.png,въ,въ
images_group_13_1433_4347.png,концѣ,концѣ
images_group_13_1433_4348.png,Августа.,Августа.
images_group_13_1433_4349.png,Въ,Въ
images_group_13_1433_4350.png,Кан-,Кан-
images_group_13_1433_4351.png,цины,цины
images_group_13_1433_4352.png,вскрыто,вскрыто
images_group_13_1433_4353.png,человѣческихъ,человѣческихъ
images_group_13_1433_4354.png,труповъ,труповъ
images_group_13_1433_4355.png,скомъ,скомъ
images_group_13_1433_4356.png,округѣ,округѣ
images_group_13_1433_4357.png,этой,этой
images_group_13_1433_4358.png,болезнію,болезнею
images_group_13_1433_4359.png,заболѣло,заболѣло
images_group_13_1433_4360.png,"315,","315,"
images_group_13_1433_4361.png,въ,въ
images_group_13_1433_4362.png,томъ,томъ
images_group_13_1433_4363.png,числѣ:,числѣ:
images_group_13_1433_4364.png,266,266
images_group_13_1433_4365.png,мужскаго,мужскаго
images_group_13_1433_4366.png,и,и
images_group_13_1433_4367.png,"1061,","1061,"
images_group_13_1433_4368.png,выздоровѣло-,выздоровѣло-
images_group_13_1433_4369.png,"929,","929,"
images_group_13_1433_4370.png,Въ,Въ
images_group_13_1433_4371.png,Ачин-,Ачин-
images_group_13_1433_4372.png,49,49
images_group_13_1433_4373.png,женскаго,женскаго
images_group_13_1433_4374.png,пола;,пола;
images_group_13_1433_4375.png,сверхъ,сверхъ
images_group_13_1433_4376.png,того.,того
images_group_13_1433_4377.png,невскры-,невскры
images_group_13_1433_4378.png,скомъ,скомъ
images_group_13_1433_4379.png,округѣ:,округѣ:
images_group_13_1433_4380.png,заболѣло,заболѣло
images_group_13_1433_4381.png,"176,","176,"
images_group_13_1433_4382.png,выздоровѣло-,выздоровѣло-
images_group_13_1433_4383.png,то,то
images_group_13_1433_4384.png,тѣлъ:,тѣлъ:
images_group_13_1433_4385.png,38,38
images_group_13_1433_4386.png,мужскаго,мужскаго
images_group_13_1433_4387.png,и,и
images_group_13_1433_4388.png,2,2
images_group_13_1433_4389.png,женскаго,женскаго
images_group_13_1433_4390.png,"94,","94,"
images_group_13_1433_4391.png,умерло,умерло
images_group_13_1433_4392.png,82.,82.
images_group_13_1433_4393.png,Въ,Въ
images_group_13_1433_4394.png,Енисейскомъ,Енисейскомъ
images_group_13_1433_4395.png,округѣ:,округѣ:
images_group_13_1433_4396.png,пола,пола
images_group_13_1433_4397.png,по,по
images_group_13_1433_4398.png,совершенному,совершенному
images_group_13_1433_4399.png,разложенію,разложенію
images_group_13_1433_4400.png,заболѣло,заболѣло
images_group_13_1433_4401.png,"56,","56,"
images_group_13_1433_4402.png,выздоровѣло-,выздоровѣло-
images_group_13_1433_4403.png,"46,","46,"
images_group_13_1433_4404.png,умерло,умерло
images_group_13_1433_4405.png,10,10
images_group_13_1433_4406.png,труповъ.,труповъ.
images_group_13_1433_4407.png,человѣкъ,человѣкъ.
images_group_13_1433_4408.png,Въ,Въ
images_group_13_1433_4409.png,этомъ,этомъ
images_group_13_1433_4410.png,же,же
images_group_13_1433_4411.png,округѣ,округѣ
images_group_13_1433_4412.png,эпиде-,эпиде-
images_group_13_1433_4413.png,мически,мически
images_group_13_1433_4414.png,существовала,существовала
images_group_13_1433_4415.png,по,по
images_group_13_1433_4416.png,"веснѣ,","веснѣ,"
images_group_13_1433_4417.png,Ваз-,Ваз-
images_group_13_1433_4418.png,вратная,вратная
images_group_13_1433_4419.png,"Горячка,","Горячка,"
images_group_13_1433_4422.png,кото-,кото-
images_group_13_1433_4423.png,Эпизоотическія,Эпизоотическія
images_group_13_1433_4424.png,болѣзни,болѣзни
images_group_13_1433_4425.png,появлялись,появлялись
images_group_13_1433_4426.png,рою,рою
images_group_13_1433_4427.png,заболѣло,заболѣло
images_group_13_1433_4428.png,"495,","495,"
images_group_13_1433_4429.png,выздоровало,выздоровѣло
images_group_13_1433_4430.png,"445,","445,"
images_group_13_1433_4431.png,умер-,умер-
images_group_13_1433_4432.png,лишь,лишь
images_group_13_1433_4433.png,въ,въ
images_group_13_1433_4434.png,нѣкоторыхъ,нѣкоторыхъ
images_group_13_1433_4435.png,мѣстностяхъ,мѣстностяхъ
images_group_13_1433_4436.png,ло,ло
images_group_13_1433_4437.png,50,50
images_group_13_1433_4438.png,человѣкъ,человѣкъ
images_group_13_1433_4439.png,Енисейской,Енисейской
images_group_13_1433_4440.png,губерніи,губерніи
images_group_13_1433_4441.png,и,и
images_group_13_1433_4442.png,потери,потери
images_group_13_1433_4443.png,въ,въ
images_group_13_1433_4444.png,1868,1868
images_group_13_1433_4445.png,Существовавшая,Существовавшая
images_group_13_1433_4446.png,въ,въ
images_group_13_1433_4447.png,Красноярскомъ,Красноярскомъ
images_group_13_1433_4448.png,году,году
images_group_13_1433_4449.png,были,были
images_group_13_1433_4450.png,незначительны.,незначительны
images_group_13_1433_4451.png,"острогѣ,","острогѣ,"
images_group_13_1433_4452.png,съ,съ
images_group_13_1433_4453.png,Сентября,Сентября
images_group_13_1433_4454.png,1867,1867
images_group_13_1433_4455.png,года,года
images_group_13_1433_4456.png,Тифозная,Тифозная
images_group_13_1433_4457.png,Изъ,Изъ
images_group_13_1433_4458.png,3645,3645
images_group_13_1433_4459.png,головъ,головъ
images_group_13_1433_4460.png,"лошадей,","лошадей,"
images_group_13_1433_4461.png,рогатаго,рогатаго
images_group_13_1433_4462.png,ско-,ско-
images_group_13_1433_4463.png,Горячка,Горячка
images_group_13_1433_4464.png,вслѣдствіе,вслѣдствіе
images_group_13_1433_4465.png,принятыхъ,принятыхъ
images_group_13_1433_4466.png,та,та
images_group_13_1433_4467.png,и,и
images_group_13_1433_4468.png,овецъ,овецъ
images_group_13_1433_4469.png,заболѣло-,заболѣло-
images_group_13_1433_4470.png,"1065,","1065,"
images_group_13_1433_4471.png,пало-,пало-
images_group_13_1433_4472.png,"713,","713,"
images_group_13_1433_4473.png,выз,выя
images_group_13_1433_4474.png,"мѣръ,","мѣръ,"
images_group_13_1433_4475.png,прекращена,прекращена
images_group_13_1433_4476.png,въ,въ
images_group_13_1433_4477.png,началѣ,началѣ
images_group_13_1433_4478.png,Iюня,Iюня
images_group_13_1433_4479.png,доровѣло,доровѣло-
images_group_13_1433_4480.png,352.,352.
images_group_13_1433_4481.png,1868,1868
images_group_13_1433_4482.png,года.,года.
images_group_13_1433_4483.png,Въ,Въ
images_group_13_1433_4484.png,1868,1868
images_group_13_1433_4485.png,году,году
images_group_13_1433_4486.png,появлялись,появлялись
images_group_13_1433_4487.png,болѣзни.,болѣзни
images_group_13_1433_4488.png,на,на
images_group_13_1433_4489.png,Исполненіе,Исполненіе
images_group_13_1433_4490.png,"мѣръ,","мѣръ,"
images_group_13_1433_4491.png,предписанныхъ,предписанныхъ
images_group_13_1433_4492.png,лошадяхъ-,лошадяхъ
images_group_13_1433_4493.png,"Чума,","Чума,"
images_group_13_1433_4494.png,на,на
images_group_13_1433_4495.png,рогатомъ,рогатомъ
images_group_13_1433_4496.png,скотѣ,скотѣ-
images_group_13_1433_4497.png,отъ,отъ
images_group_13_1433_4498.png,Министерства,Министерства
images_group_13_1433_4499.png,Внутреннихъ,Внутреннихъ
images_group_13_1433_4500.png,Чума,Чума
images_group_13_1433_4501.png,/:,/:
images_group_13_1433_4502.png,Ребія,Restіs
images_group_13_1433_4504.png,/,:/
images_group_13_1433_4505.png,и,и
images_group_13_1433_4506.png,Воспаленіе,Воспаленіе
images_group_13_1433_4507.png,лег,лег
images_group_13_1433_4508.png,"Дѣлъ,","Дѣлъ,"
images_group_13_1433_4509.png,противъ,противъ
images_group_13_1433_4510.png,распространения,распространенія
images_group_13_1433_4511.png,любо-,любо-
images_group_13_1433_4512.png,кихъ,кихъ
images_group_13_1433_4513.png,/:,/:
images_group_13_1433_4514.png,Рекитопіа,Pneumonіa
images_group_13_1433_4515.png,и,и
images_group_13_1433_4516.png,на,на
images_group_13_1433_4517.png,овцахъ,овцахъ
images_group_13_1433_4518.png,Нату-,Нату-
images_group_13_1433_4519.png,страстной,страстной
images_group_13_1433_4520.png,болѣзни,болѣзни
images_group_13_1433_4521.png,производились,производились
images_group_13_1433_4522.png,Вра-,Вра-
images_group_13_1433_4523.png,ральная,ральная
images_group_13_1433_4524.png,оспа,оспа
images_group_13_1433_4525.png,/:,/:
images_group_13_1433_4526.png,Фачіова: ),Varіola:/
images_group_13_1433_4527.png,Порученій,Порученій
images_group_13_1436_4898.png,41.,41.
images_group_13_1436_4899.png,72,72.
images_group_13_1436_4900.png,73.,73.
images_group_13_1436_4901.png,какъ,какъ
images_group_13_1436_4902.png,и,и
images_group_13_1436_4903.png,Зданія,зданія
images_group_13_1436_4904.png,богодѣльни,богодѣльни
images_group_13_1436_4905.png,и,и
images_group_13_1436_4906.png,дома,дома
images_group_13_1436_4907.png,ума-,ума-
images_group_13_1436_4908.png,"теля,","теля,"
images_group_13_1436_4909.png,10,10
images_group_13_1436_4910.png,человѣкъ,человѣкъ
images_group_13_1436_4911.png,обоего,обоего
images_group_13_1436_4912.png,пола.,пола.
images_group_13_1436_4913.png,"лишенныхъ,","лишенныхъ,"
images_group_13_1436_4914.png,но,но
images_group_13_1436_4915.png,покрайней,покрайней
images_group_13_1436_4916.png,мѣрѣ,мѣрѣ
images_group_13_1436_4917.png,устра-,устра-
images_group_13_1436_4918.png,Въ,Въ
images_group_13_1436_4919.png,"устроенной,","устроенной,"
images_group_13_1436_4920.png,крестьянскимъ,крестьянскимъ
images_group_13_1436_4921.png,обще-,обще-
images_group_13_1436_4922.png,нены,нены
images_group_13_1436_4923.png,неудобства,неудобства
images_group_13_1436_4924.png,въ,въ
images_group_13_1436_4925.png,размѣщеніи,размѣщеніи
images_group_13_1436_4926.png,приз-,приз-
images_group_13_1436_4927.png,"ствомъ,","ствомъ,"
images_group_13_1436_4928.png,богадѣльни,богадѣльни
images_group_13_1436_4929.png,въ,въ
images_group_13_1436_4930.png,селѣ,селѣ
images_group_13_1436_4931.png,Шушенскомъ,Шушенскомъ
images_group_13_1436_4932.png,рѣваемыхъ.,рѣваемыхъ.
images_group_13_1436_4933.png,На,На
images_group_13_1436_4934.png,хозяйственныя,хозяйственныя
images_group_13_1436_4935.png,исправ-,исправ-
images_group_13_1436_4936.png,Минусинскаго,Минусинскаго
images_group_13_1436_4937.png,"округа,","округа,"
images_group_13_1436_4938.png,ленія,ленія
images_group_13_1436_4939.png,этихъ,этихъ
images_group_13_1436_4940.png,заведеній,заведеній
images_group_13_1436_4941.png,"израсходовано,","израсходовано,"
images_group_13_1436_4942.png,снабжены,снабжены
images_group_13_1436_4943.png,одеждою,одеждою
images_group_13_1436_4944.png,и,и
images_group_13_1436_4945.png,получали,получали
images_group_13_1436_4946.png,содержа-,содержа-
images_group_13_1436_4947.png,въ,въ
images_group_13_1436_4948.png,ніе,ніе
images_group_13_1436_4949.png,изъ,изъ
images_group_13_1436_4950.png,добровольныхъ,добровольныхъ
images_group_13_1436_4951.png,приношеній.,приношеній.
images_group_13_1436_4952.png,Содержаніе,Содержаніе
images_group_13_1436_4953.png,существующихъ,существующихъ
images_group_13_1436_4954.png,въ,въ
images_group_13_1436_4955.png,"г., г.",г. г.
images_group_13_1436_4956.png,Ени-,Ени-
images_group_13_1436_4957.png,Комисаровская,Комисаровская
images_group_13_1436_4958.png,"богадѣльня,","богадѣльня,"
images_group_13_1436_4959.png,Ачинскаго,Ачинскаго
images_group_13_1436_4960.png,сейскѣ,сейскѣ.
images_group_13_1436_4961.png,и,и
images_group_13_1436_4962.png,Ачинскѣ,Ачинскѣ
images_group_13_1436_4963.png,богадѣленъ,богадѣленъ
images_group_13_1436_4964.png,на,на
images_group_13_1436_4965.png,счетъ,счетъ
images_group_13_1436_4966.png,округа,округа
images_group_13_1436_4967.png,въ,въ
images_group_13_1436_4968.png,селѣ,селѣ
images_group_13_1436_4969.png,Назаровскомъ-,Назаровскомъ-
images_group_13_1436_4970.png,на,на
images_group_13_1436_4971.png,кладби-,кладби-
images_group_13_1436_4972.png,городскихъ,городскихъ
images_group_13_1436_4973.png,"доходовъ,","доходовъ,"
images_group_13_1436_4974.png,стоило:,стоило:
images_group_13_1436_4975.png,въ,въ
images_group_13_1436_4976.png,первомъ-,первомъ-
images_group_13_1436_4977.png,щѣ,щѣ
images_group_13_1436_4978.png,котораго,котораго
images_group_13_1436_4979.png,покоится,покоится
images_group_13_1436_4980.png,прахъ,прахъ
images_group_13_1436_4981.png,роди-,роди-
images_group_13_1436_4982.png,600 р,600 р
images_group_13_1436_4983.png,а,а
images_group_13_1436_4984.png,въ,въ
images_group_13_1436_4985.png,послѣднемъ,послѣднемъ
images_group_13_1436_4986.png,79 р.,79 р.
images_group_13_1436_4987.png,64 к.,64 к.
images_group_13_1436_4988.png,Въ,Въ
images_group_13_1436_4989.png,Ени-,Ени-
images_group_13_1436_4990.png,тельницы,тельницы
images_group_13_1436_4991.png,О.,О.
images_group_13_1436_4992.png,И.,И.
images_group_13_1436_4993.png,Комисарова,Комисарова
images_group_13_1436_4994.png,Костром-,Костром-
images_group_13_1436_4995.png,сейской,сейской
images_group_13_1436_4996.png,богадѣльни,богадѣльни
images_group_13_1436_4997.png,въ,въ
images_group_13_1436_4998.png,1868,1868
images_group_13_1436_4999.png,году,году
images_group_13_1436_5000.png,было,было
images_group_13_1436_5001.png,приз-,приз-
images_group_13_1436_5002.png,"скаго,","скаго,"
images_group_13_1436_5003.png,открыта,открыта
images_group_13_1436_5004.png,въ,въ
images_group_13_1436_5005.png,Апрѣля,Апрѣля
images_group_13_1436_5006.png,1868,1868
images_group_13_1436_5007.png,а,а
images_group_13_1436_5008.png,въ,въ
images_group_13_1436_5009.png,Ачинской-,Ачинской-
images_group_13_1436_5010.png,6,6
images_group_13_1436_5011.png,обоего,обоего
images_group_13_1436_5012.png,пола,пола
images_group_13_1436_5013.png,года.,года.
images_group_13_1436_5014.png,На,На
images_group_13_1436_5015.png,проценты,проценты
images_group_13_1436_5016.png,отъ,отъ
images_group_13_1436_5017.png,душъ,душъ
images_group_13_1436_5018.png,руб-,руб-
images_group_13_1436_5019.png,пожертвованнаго,пожертвованнаго
images_group_13_1436_5020.png,жителями,жителями
images_group_13_1436_5021.png,Ени-,Ени-
images_group_13_1436_5022.png,Въ,Въ
images_group_13_1436_5023.png,"построенной,","построенной,"
images_group_13_1436_5024.png,Енисенскаго,Енисенскаго
images_group_13_1436_5025.png,округа,округа
images_group_13_1436_5026.png,сейской,сейской
images_group_13_1436_5027.png,губерніи,губерніи
images_group_13_1436_5028.png,и,и
images_group_13_1436_5029.png,"помѣщеннаго,","помѣщеннаго,"
images_group_13_1436_5030.png,на,на
images_group_13_1436_5031.png,вѣч,вѣч
images_group_13_1436_5032.png,въ,въ
images_group_13_1436_5033.png,селѣ,селѣ
images_group_13_1436_5034.png,"Казачинскомъ,","Казачинскомъ,"
images_group_13_1436_5035.png,крестьяниномъ,крестьяниномъ
images_group_13_1436_5036.png,ный,ный
images_group_13_1436_5037.png,"вкладъ,","вкладъ,"
images_group_13_1436_5038.png,въ,въ
images_group_13_1436_5039.png,Скопинскій,Скопинскій
images_group_13_1436_5040.png,обществен-,обществен-
images_group_13_1436_5041.png,Иваномъ,Иваномъ
images_group_13_1436_5042.png,Серебряковымъ,Серебряковымъ
images_group_13_1436_5043.png,богадѣльни,богадѣльни
images_group_13_1436_5044.png,ный,ный
images_group_13_1436_5045.png,"банкъ,","банкъ,"
images_group_13_1436_5046.png,призрѣвалось,призрѣвалось
images_group_13_1436_5047.png,въ,въ
images_group_13_1436_5048.png,1868,1868
images_group_13_1436_5049.png,году-,году-
images_group_13_1436_5050.png,"призрѣвалось,","призрѣвалось,"
images_group_13_1436_5051.png,на,на
images_group_13_1436_5052.png,счетъ,счетъ
images_group_13_1436_5053.png,общества,общества
images_group_13_1436_5054.png,6,6
images_group_13_1436_5055.png,чело,чело-
images_group_13_1436_5056.png,18,18
images_group_13_1436_5057.png,мужчинъ,мужчинъ
images_group_13_1436_5058.png,и,и
images_group_13_1436_5059.png,3,3
images_group_13_1436_5060.png,женщины.,женщины.
images_group_13_1436_5061.png,вѣкъ,вѣкъ
images_group_13_1436_5062.png,На,На
images_group_13_1436_5063.png,учрежденіе,учрежденіе
images_group_13_1436_5064.png,дома,дома
images_group_13_1436_5065.png,призрѣнія,призрѣнія
images_group_13_1436_5066.png,Для,для
images_group_13_1436_5067.png,Въ,Въ
images_group_13_1436_5068.png,селѣ,селѣ
images_group_13_1436_5069.png,Абаканскомъ,Абаканскомъ
images_group_13_1436_5070.png,Минусин-,Минусин-
images_group_13_1436_5071.png,бѣдныхъ,бѣдныхъ
images_group_13_1436_5072.png,дѣтей,дѣтей
images_group_13_1436_5073.png,обывателий,обывателей
images_group_13_1436_5074.png,г.,г.
images_group_13_1436_5075.png,Енисей-,Енисей-
images_group_13_1436_5076.png,скаго,скаго
images_group_13_1436_5077.png,"округа,","округа,"
images_group_13_1436_5078.png,построена,построена
images_group_13_1436_5079.png,крестьяниномъ,крестьяниномъ
images_group_13_1436_5080.png,ска,ска
images_group_13_1436_5081.png,съ,съ
images_group_13_1436_5082.png,наименованіемъ,наименованіемъ
images_group_13_1436_5083.png,въ,въ
images_group_13_1436_5084.png,память,память
images_group_13_1436_5085.png,Тарховымъ,Тарховымъ
images_group_13_1436_5086.png,каменная,каменная
images_group_13_1436_5087.png,"богадѣльня,","богадѣльня,"
images_group_13_1436_5088.png,событія,событія
images_group_13_1436_5089.png,4-го,4-го
images_group_13_1436_5090.png,Апрѣля,Апрѣля
images_group_13_1436_5091.png,1866,1866
images_group_13_1436_5092.png,года,года
images_group_13_1436_5093.png,Алек-, . Алек-
images_group_13_1436_5094.png,въ,въ
images_group_13_1436_5095.png,коеи,коеи
images_group_13_1436_5096.png,"призрѣвалось,","призрѣвалось,"
images_group_13_1436_5097.png,на,на
images_group_13_1436_5098.png,счетъ,счетъ
images_group_13_1436_5099.png,основа,основа
images_group_13_1436_5100.png,сандровскимъ,сандровскимъ
images_group_13_1436_5101.png,"воспослѣдовало,","воспослѣдовало,"
images_group_13_1436_5102.png,въ,въ
images_group_13_1436_5103.png,12-й,12-й
images_group_13_1436_5104.png,Чурновнія,Управленія
images_group_13_1440_5735.png,45.,45.
images_group_13_1440_5736.png,81.,81
images_group_13_1440_5737.png,"послѣдствій,","послѣдствій,"
images_group_13_1440_5738.png,въ,въ
images_group_13_1440_5739.png,виду,виду
images_group_13_1440_5740.png,ожидаемаго,ожидаемаго
images_group_13_1440_5741.png,учрежденія,учрежденія
images_group_13_1440_5742.png,"Тырбышинское,","Тырбышинское,"
images_group_13_1440_5743.png,"Курышинское,","Курышинское,"
images_group_13_1440_5744.png,Коростель-,Коростель-
images_group_13_1440_5745.png,въ,въ
images_group_13_1440_5746.png,г.,г.
images_group_13_1440_5747.png,Красноярскѣ,Красноярскѣ
images_group_13_1440_5748.png,ремесленнаго,ремесленнаго
images_group_13_1440_5749.png,"училища,","училища,"
images_group_13_1440_5750.png,ское,ское
images_group_13_1440_5751.png,и,и
images_group_13_1440_5752.png,Перовское.,Перовское.
images_group_13_1440_5753.png,на,на
images_group_13_1440_5754.png,пожертвованный,пожертвованный
images_group_13_1440_5755.png,потомственной,потомственной
images_group_13_1440_5756.png,Число,Число
images_group_13_1440_5757.png,учащихся,учащихся
images_group_13_1440_5758.png,въ,въ
images_group_13_1440_5759.png,Енисейской,Енисейской
images_group_13_1440_5760.png,губер-,губер-
images_group_13_1440_5761.png,почетной,почетной
images_group_13_1440_5762.png,гражданкой,гражданкой
images_group_13_1440_5763.png,Татьяной,Татьяной
images_group_13_1440_5764.png,Щего,Щего-
images_group_13_1440_5765.png,ніи,ніи
images_group_13_1440_5766.png,относится,относится
images_group_13_1440_5767.png,къ,къ
images_group_13_1440_5768.png,общему,общему
images_group_13_1440_5769.png,числу,числу
images_group_13_1440_5770.png,жи-,жи-
images_group_13_1440_5771.png,левой,левой
images_group_13_1440_5772.png,капиталъ,капиталъ
images_group_13_1440_5773.png,"100,000","100,000"
images_group_13_1440_5774.png,руб.,руб.
images_group_13_1440_5775.png,телей,телей
images_group_13_1440_5776.png,какъ,какъ
images_group_13_1440_5777.png,"1:132,","1:132,"
images_group_13_1440_5778.png,въ,въ
images_group_13_1440_5779.png,частности,частности
images_group_13_1440_5780.png,же,же
images_group_13_1440_5781.png,Устроенное,Устроенное
images_group_13_1440_5782.png,при,при
images_group_13_1440_5783.png,Туруханскомъ,Туруханскомъ
images_group_13_1440_5784.png,мона-,мона-
images_group_13_1440_5785.png,по,по
images_group_13_1440_5786.png,вѣдомствамъ,вѣдомствамъ
images_group_13_1440_5787.png,духовному,духовному
images_group_13_1440_5788.png,"1:11,","1:11,"
images_group_13_1440_5789.png,"стырѣ,","стырѣ,"
images_group_13_1440_5790.png,купцомъ,купцомъ
images_group_13_1440_5791.png,Михайломъ,Михайломъ
images_group_13_1440_5792.png,Сидоро-,Сидоро-
images_group_13_1440_5793.png,военному-,военному-
images_group_13_1440_5794.png,какъ,какъ
images_group_13_1440_5795.png,"1:33,","1:33,"
images_group_13_1440_5796.png,а,а
images_group_13_1440_5797.png,въ,въ
images_group_13_1440_5798.png,благородномъ,благородномъ
images_group_13_1440_5799.png,"вымъ,","вымъ,"
images_group_13_1440_5800.png,училище,училище
images_group_13_1440_5801.png,на,на
images_group_13_1440_5802.png,20,20
images_group_13_1440_5803.png,инородческихъ,инородческихъ
images_group_13_1440_5804.png,маль,маль
images_group_13_1440_5805.png,сословіи,сословіи
images_group_13_1440_5806.png,съ,съ
images_group_13_1440_5807.png,городскими,городскими
images_group_13_1440_5808.png,обывателями.,обывателями.
images_group_13_1440_5809.png,чиковъ,чиковъ
images_group_13_1440_5810.png,по,по
images_group_13_1440_5811.png,необезпеченіи,необезпеченіи
images_group_13_1440_5812.png,средствъ,средствъ
images_group_13_1440_5813.png,къ,къ
images_group_13_1440_5814.png,су-,су-
images_group_13_1440_5815.png,какъ,какъ
images_group_13_1440_5816.png,1:23.,1 :23.
images_group_13_1440_5817.png,ществованію,ществованію
images_group_13_1440_5818.png,и,и
images_group_13_1440_5819.png,по,по
images_group_13_1440_5820.png,неотпуску,неотпуску
images_group_13_1440_5821.png,на,на
images_group_13_1440_5822.png,со-,со-
images_group_13_1440_5823.png,На,На
images_group_13_1440_5824.png,основаніи,основаніи
images_group_13_1440_5825.png,Высочайше,Высочайше
images_group_13_1440_5826.png,утверж-,утверж-
images_group_13_1440_5827.png,держаніе,держаніе
images_group_13_1440_5828.png,"онаго,","онаго,"
images_group_13_1440_5829.png,основателемъ,основателемъ
images_group_13_1440_5830.png,никакой,никакой
images_group_13_1440_5831.png,деннаго,деннаго
images_group_13_1440_5832.png,въ,въ
images_group_13_1440_5833.png,18- день,18-й день
images_group_13_1440_5834.png,мнѣнія,мнѣнія
images_group_13_1440_5835.png,Госу-,Госу-
images_group_13_1440_5836.png,дарственнаго,дарственнаго
images_group_13_1440_5837.png,Совѣта,Совѣта
images_group_13_1440_5838.png,учебныя,учебныя
images_group_13_1440_5839.png,заведенія,заведенія
images_group_13_1440_5840.png,суммы-,суммы-
images_group_13_1440_5841.png,закрыто.,закрыто.
images_group_13_1440_5842.png,Существовавшая,Существовавшая
images_group_13_1440_5843.png,при,при
images_group_13_1440_5844.png,Красноярской,Красноярской
images_group_13_1440_5845.png,Енисейской,Енисейской
images_group_13_1440_5846.png,губерніи,губерніи
images_group_13_1440_5847.png,и,и
images_group_13_1440_5848.png,всѣ,всѣ
images_group_13_1440_5849.png,дѣла,дѣла
images_group_13_1440_5850.png,отно-,отно-
images_group_13_1440_5851.png,конной,конной
images_group_13_1440_5852.png,жандармской,жандармской
images_group_13_1440_5853.png,"командѣ-школа,","командѣ-школа,"
images_group_13_1440_5854.png,сящіеся,сящиеся
images_group_13_1440_5855.png,до,до
images_group_13_1440_5856.png,учебной,учебной
images_group_13_1440_5857.png,"части,","части,"
images_group_13_1440_5858.png,поступили,поступили
images_group_13_1440_5859.png,"закрыта,","закрыта,"
images_group_13_1440_5860.png,съ,съ
images_group_13_1440_5861.png,упраздненіемъ,упраздненіемъ
images_group_13_1440_5862.png,команды-,команды-
images_group_13_1440_5863.png,1-го,1-го
images_group_13_1440_5864.png,въ,въ
images_group_13_1440_5865.png,вѣденіе,вѣденіе
images_group_13_1440_5866.png,Главнаго,Главнаго
images_group_13_1440_5867.png,Инспектора,Инспектора
images_group_13_1440_5868.png,учи-,учи-
images_group_13_1440_5869.png,Января,Января
images_group_13_1440_5870.png,лищъ,лищъ
images_group_13_1440_5871.png,Восточной,Восточной
images_group_13_1440_5872.png,Сибири.,Сибири.
images_group_13_1440_5873.png,По,По
images_group_13_1440_5874.png,неимѣнію,неимѣнію
images_group_13_1440_5875.png,средствъ,средствъ
images_group_13_1440_5876.png,для,Для
images_group_13_1440_5877.png,содержа-,содержа
images_group_13_1440_5878.png,"преподавателей,","преподавателей,"
images_group_13_1440_5879.png,въ,въ
images_group_13_1440_5880.png,закры-,закры-
images_group_13_1440_5881.png,Существующая,Существующая
images_group_13_1440_5882.png,въ,въ
images_group_13_1440_5883.png,"губерній,","губерніи,"
images_group_13_1440_5884.png,при,при
images_group_13_1440_5885.png,гу-,гу-
images_group_13_1440_5886.png,ты,ты
images_group_13_1440_5887.png,9-ть,9-ть
images_group_13_1440_5888.png,сельскихъ,сельскихъ
images_group_13_1440_5889.png,"училищь,","училищь,"
images_group_13_1440_5890.png,а,а
images_group_13_1440_5891.png,именно:,именно:
images_group_13_1440_5892.png,въ,въ
images_group_13_1440_5893.png,Красноярскомъ,Красноярскомъ
images_group_13_1440_5894.png,округѣ:,округѣ:
images_group_13_1440_5895.png,Атамано,Атамана
images_group_13_1440_5896.png,в-,в-
images_group_13_1440_5897.png,бернскомъ,бернскомъ
images_group_13_1440_5898.png,"Правленіи,","Правленіи,"
images_group_13_1440_5899.png,Типографія,Типографія
images_group_13_1440_5900.png,нахо-,нахо-
images_group_13_1440_5901.png,М,м. г.
images_group_13_1440_5902.png,ское,ское
images_group_13_1440_5903.png,и,и
images_group_13_1440_5904.png,въ,въ
images_group_13_1440_5905.png,Канскомъ,Канскомъ
images_group_13_1440_5906.png,округѣ:,округѣ:
images_group_13_1440_5907.png,"Конторское,","Конторское,"
images_group_13_1440_5908.png,дится,дится
images_group_13_1440_5909.png,въ,въ
images_group_13_1440_5910.png,удовлетворительномъ,удовлетворительномъ
images_group_13_1440_5911.png,состоя-,состоя-
images_group_13_1440_5912.png,Нижне-,Нижне-
images_group_13_1440_5913.png,"Ингашевское,","Ингашевское,"
images_group_13_1440_5914.png,"Тинское,","Тинское,"
images_group_13_1440_5915.png,"Ачинское,","Ачинское,"
images_group_13_1440_5916.png,ніи;,ніи;
images_group_13_1440_5917.png,за,за
images_group_13_1440_5918.png,неимѣніемъ,неимѣніемъ
images_group_13_1440_5919.png,свободныхъ,свободныхъ
images_group_13_1440_5920.png,казен-,казен-
images_group_13_1440_5921.png,Мокрусицкій,Мокрусицкій
images_group_13_1448_7011.png,52.,52.
images_group_13_1449_7019.png,53.,53.
images_group_13_1449_7030.png,No1.,No1.
images_group_13_1449_7031.png,Общая,Общая
images_group_13_1449_7032.png,вѣдомость,вѣдомость
images_group_13_1449_7033.png,всѣмъ,всѣмъ
images_group_13_1449_7034.png,при-,при-
images_group_13_1449_7035.png,сутственнымъ,сутственнымъ
images_group_13_1449_7036.png,мѣстамъ,мѣстамъ
images_group_13_1449_7037.png,въ,въ
images_group_13_1449_7038.png,губерніи.,губерніи.
images_group_13_1449_7039.png,No,No
images_group_13_1449_7040.png,2.,2.
images_group_13_1449_7041.png,Вѣдомость,Вѣдомость
images_group_13_1449_7042.png,околичествѣ,околичествѣ
images_group_13_1449_7043.png,"бумагъ,","бумагъ,"
images_group_13_1449_7044.png,по,по
images_group_13_1449_7045.png,мѣстамъ,мѣстамъ
images_group_13_1449_7046.png,подвѣ-,подвѣ-
images_group_13_1449_7047.png,домственнымъ,домственнымъ
images_group_13_1449_7048.png,Губернатору.,Губернатору.
images_group_13_1449_7049.png,No,No
images_group_13_1449_7050.png,4.,4.
images_group_13_1449_7051.png,о,о
images_group_13_1449_7052.png,состояніи,состояніи
images_group_13_1449_7053.png,пожарной,пожарной
images_group_13_1449_7054.png,части.,"части,"
images_group_13_1449_7055.png,No5,No 5.
images_group_13_1449_7056.png,о,о
images_group_13_1449_7057.png,числѣ,числѣ
images_group_13_1449_7058.png,разсмотрѣнныхъ,разсмотрѣнныхъ
images_group_13_1449_7059.png,Губернаторомъ,Губернаторомъ
images_group_13_1449_7060.png,судебныхъ,судебныхъ
images_group_13_1449_7061.png,приговоровъ,приговоровъ
images_group_13_1449_7062.png,и,и
images_group_13_1449_7063.png,о,о
images_group_13_1449_7064.png,количествѣ,количествѣ
images_group_13_1449_7065.png,арестантовъ.,арестантовъ.
images_group_13_1449_7066.png,No,No
images_group_13_1449_7067.png,7,7
images_group_13_1449_7068.png,О,О
images_group_13_1449_7069.png,числѣ,числѣ
images_group_13_1449_7070.png,опекунствъ,опекунствъ
images_group_13_1449_7071.png,по,по
images_group_13_1449_7072.png,губерніи,губерніи
images_group_13_1449_7073.png,No 8.,No8.
images_group_13_1449_7074.png,о,О
images_group_13_1449_7075.png,капиталахъ,капиталахъ
images_group_13_1449_7076.png,и,и
images_group_13_1449_7077.png,денежныхъ,денежныхъ
images_group_13_1449_7078.png,оборотахъ,оборотахъ
images_group_13_1449_7079.png,Приказа,Приказа
images_group_13_1449_7080.png,Общественнаго,Общественнаго
images_group_13_1449_7081.png,Призрѣнія.,Призрѣнія.
images_group_13_1449_7082.png,No 9.,No9.
images_group_13_1449_7083.png,о,О
images_group_13_1449_7084.png,заведеніяхъ,заведенияхъ
images_group_13_1449_7085.png,Приказа,Приказа
images_group_13_1449_7086.png,Общественнаго,Общественнаго
images_group_13_1449_7087.png,Призрѣнія,Призрѣнія
images_group_13_1449_7088.png,и,и
images_group_13_1449_7089.png,о,о
images_group_13_1449_7090.png,числѣ,числѣ
images_group_13_1449_7091.png,призрѣваемыхъ,призрѣваемыхъ
images_group_13_1449_7092.png,въ,въ
images_group_13_1449_7093.png,нихъ.,нихъ.
images_group_13_1449_7094.png,No,No
images_group_13_1449_7095.png,10.,10.
images_group_13_1449_7096.png,о,О
images_group_13_1449_7097.png,скотскомъ,скотскомъ
images_group_13_1449_7098.png,падежѣ,падежѣ
images_group_13_1449_7099.png,въ,въ
images_group_13_1449_7100.png,губерніи.,губерніи.
images_group_13_1449_7101.png,No,No
images_group_13_1449_7102.png,11.,11.
images_group_13_1449_7103.png,о,о
images_group_13_1449_7104.png,денежныхъ,денежныхъ
images_group_13_1449_7105.png,сборахъ,сборахъ
images_group_13_1449_7106.png,на,на
images_group_13_1449_7107.png,исправленіе,исправленіе
images_group_13_1449_7108.png,разныхъ,разныхъ
images_group_13_1449_7109.png,повин-,повин-
images_group_13_1449_7110.png,ностей.,ностей.
images_group_13_1449_7111.png,No,No
images_group_13_1449_7112.png,12.,12.
images_group_13_1449_7113.png,О,О
images_group_13_1449_7114.png,издержкахъ,издержкахъ
images_group_13_1449_7115.png,по,по
images_group_13_1449_7116.png,рекрутскому,рекрутскому
images_group_13_1449_7117.png,набору.,набору.
images_group_13_1449_7118.png,No,No
images_group_13_1449_7119.png,13.,13.
images_group_13_1449_7120.png,О,О
images_group_13_1449_7121.png,доходахъ,доходахъ
images_group_13_1449_7122.png,и,и
images_group_13_1449_7123.png,расходахъ,расходахъ
images_group_13_1449_7124.png,городовъ.,городовъ.
images_group_13_1449_7125.png,No,No
images_group_13_1449_7126.png,14.,14.
images_group_13_1449_7127.png,Статистическія,Статистическія
images_group_13_1449_7128.png,свѣденія.,свѣденія.
images_group_13_1449_7129.png,No,No
images_group_13_1449_7130.png,15.,15.
images_group_13_1449_7131.png,О,О
images_group_13_1449_7132.png,рѣчномъ,рѣчномъ
images_group_13_1449_7133.png,судоходствѣ.,судоходствѣ.
images_group_13_1449_7134.png,No,No
images_group_13_1449_7135.png,16.,16.
images_group_13_1449_7136.png,О,О
images_group_13_1449_7137.png,оборотахъ,оборотахъ
images_group_13_1449_7138.png,на,на
images_group_13_1449_7139.png,ярморкахъ.,ярморкахъ.
images_group_13_1452_7513.png,56.,56.
images_group_13_1452_7533.png,Опекунскіе,Опекунскіе
images_group_13_1452_7534.png,Объ,Объ
images_group_13_1452_7535.png,учрежденіи,учрежденіи
images_group_13_1452_7536.png,опекъ,опекѣ
images_group_13_1452_7537.png,надъ,надъ
images_group_13_1452_7538.png,несовер,несовер
images_group_13_1452_7539.png,шеннолѣтними,шеннолѣтними
images_group_13_1452_7540.png,наслѣдниками.,наслѣдниками.
images_group_13_1452_7541.png,1851 г.,1850 г.
images_group_13_1452_7542.png,3,3
images_group_13_1452_7543.png,Ноября,Ноября
images_group_13_1452_7544.png,Титуларнаго,Титулярнаго
images_group_13_1452_7545.png,Совѣтника,Совѣтника
images_group_13_1452_7546.png,Ива,Ива
images_group_13_1452_7547.png,Опека,Опека
images_group_13_1452_7548.png,учреждена,учреждена
images_group_13_1452_7549.png,надъ,надъ
images_group_13_1452_7550.png,глухонемою,глухонемою
images_group_13_1452_7551.png,дочерью,дочерью
images_group_13_1452_7552.png,Терен-,Терен-
images_group_13_1452_7553.png,4,4
images_group_13_1452_7554.png,на,на
images_group_13_1452_7555.png,Терентьева.,Терентьева.
images_group_13_1452_7556.png,тьева,тьева
images_group_13_1452_7557.png,дѣвицею,дѣвицею
images_group_13_1452_7558.png,"Ефросиньею,","Ефросиньею,"
images_group_13_1452_7559.png,согласно,согласно
images_group_13_1452_7560.png,у,у
images_group_13_1452_7561.png,казу,казу
images_group_13_1452_7562.png,Правитель,Правитель
images_group_13_1452_7563.png,5.,5.
images_group_13_1452_7564.png,ствующаго,ствующаго
images_group_13_1452_7565.png,Сената,Сената
images_group_13_1452_7566.png,Г.,Г.
images_group_13_1452_7567.png,Енисейскому,Енисейскому
images_group_13_1452_7568.png,"Губернатьру,","Губернатору,"
images_group_13_1452_7569.png,отъ,отъ
images_group_13_1452_7570.png,1857 г.,1857 г.
images_group_13_1452_7571.png,1855,1855
images_group_13_1452_7572.png,Сентябр,Сентябр
images_group_13_1452_7573.png,Мѣщанина,Мѣщанина
images_group_13_1452_7574.png,Иуки,Ицки
images_group_13_1452_7575.png,Шмулеви-,Шмулеви-
images_group_13_1452_7576.png,За,За
images_group_13_1452_7577.png,недостиженіемъ,недостиженіемъ
images_group_13_1452_7578.png,наслѣдниками,наслѣдниками
images_group_13_1452_7579.png,4,4
images_group_13_1452_7580.png,5,5
images_group_13_1452_7581.png,20.,20.
images_group_13_1452_7582.png,ча.,ча.
images_group_13_1452_7583.png,1856 г.,1856 г.
images_group_13_1452_7584.png,5 в,5 6
images_group_13_1452_7585.png,Iюля,Iюля
images_group_13_1452_7586.png,Мѣщанина,Мѣщанина
images_group_13_1452_7587.png,Коновалово,Коновалова
images_group_13_1452_7588.png,совершеннолѣтія,совершеннолѣтія
images_group_13_1452_7589.png,2,2.
images_group_13_1452_7590.png,6,6
images_group_13_1452_7591.png,наслѣдниками,наслѣдниками
images_group_13_1452_7592.png,7,7
images_group_13_1452_7593.png,Сентябъ,Сентябр
images_group_13_1452_7594.png,Мѣщанина,Мѣщанина
images_group_13_1452_7595.png,Стерлядкина,Стерлядкина
images_group_13_1452_7596.png,27.,27.
images_group_13_1452_7597.png,1858 г.,1858 г.
images_group_13_1452_7598.png,7 9,79
images_group_13_1452_7599.png,Марта,Марта
images_group_13_1452_7600.png,мѣщанина,мѣщанина
images_group_13_1452_7602.png,совершеннолѣтія.,совершеннолѣтія.
images_group_13_1452_7603.png,го.,го.
images_group_13_1452_7604.png,3.,3.
images_group_13_1452_7605.png,на,на
images_group_13_1457_8013.png,61.,61.
images_group_13_1457_8033.png,1863 г.,1863 г.
images_group_13_1457_8034.png,39.,39.
images_group_13_1457_8035.png,45,45
images_group_13_1457_8036.png,Дружинина.,Дружинина.
images_group_13_1457_8037.png,За,За
images_group_13_1457_8038.png,недостиженіемъ,недостиженіемъ
images_group_13_1457_8039.png,наслѣдниками,наслѣдниками
images_group_13_1457_8040.png,совер-,совер-
images_group_13_1457_8041.png,28.,28.
images_group_13_1457_8042.png,1864 г.,1864г.
images_group_13_1457_8043.png,40.,40.
images_group_13_1457_8044.png,46,46
images_group_13_1457_8045.png,Марта,Марта
images_group_13_1457_8046.png,Купца,Купца
images_group_13_1457_8047.png,Ивана,Ивана
images_group_13_1457_8048.png,Хоярякова,Хохрякова
images_group_13_1457_8049.png,шеннолѣтія.,шеннолѣтія.
images_group_13_1457_8050.png,13.,13.
images_group_13_1457_8051.png,41.,41.
images_group_13_1457_8052.png,47,47
images_group_13_1457_8053.png,2.,2.
images_group_13_1457_8054.png,Чиновница,Чиновницы
images_group_13_1457_8055.png,Томилиной,Томилиной
images_group_13_1457_8056.png,За,За
images_group_13_1457_8057.png,недостиженіемъ,недостиженіемъ
images_group_13_1457_8058.png,наслѣдниками,наслѣдниками
images_group_13_1457_8059.png,42.,42.
images_group_13_1457_8060.png,48,48
images_group_13_1457_8061.png,28.,28.
images_group_13_1457_8062.png,Мѣщанина,Мѣщанина
images_group_13_1457_8063.png,Балова,Бахова
images_group_13_1457_8064.png,совершеннолѣтія.,совершеннолѣтія.
images_group_13_1457_8065.png,43.,43.
images_group_13_1457_8066.png,49,49
images_group_13_1457_8067.png,іюля,Iюля
images_group_13_1457_8068.png,1.,1.
images_group_13_1457_8069.png,Мѣщанъ,Мѣщанъ
images_group_13_1457_8070.png,Всевосхода,Всеволода
images_group_13_1457_8071.png,За,За
images_group_13_1457_8072.png,недостиженіемъ,недостиженіемъ
images_group_13_1457_8073.png,наслѣдниками,наслѣдниками съ
images_group_13_1457_8074.png,Шипицыныхъ.,Шипицыныхъ.
images_group_13_1457_8075.png,Декабря,Декабря
images_group_13_1457_8076.png,44.,44.
images_group_13_1457_8077.png,50,50
images_group_13_1457_8078.png,14.,14.
images_group_13_1457_8079.png,Мѣщанина,Мѣщанина
images_group_13_1457_8080.png,Башурова,Башурова
images_group_13_1457_8081.png,вершенолѣтія,вершенолѣтія
images_group_13_1457_8082.png,За,За
images_group_13_1457_8083.png,недостиженіемъ,недостиженіемъ
images_group_13_1457_8084.png,наслѣдниками сл-,наслѣдниками съ
images_group_13_1457_8085.png,1865 г.,1865 г.
images_group_13_1457_8086.png,45.,45.
images_group_13_1457_8087.png,Марта,Марта
images_group_13_1457_8088.png,Коллежскаго,Коллежскаго
images_group_13_1457_8089.png,Ассесора,Ассесора
images_group_13_1457_8090.png,Забана,Зыбина.
images_group_13_1457_8091.png,18.,18.
images_group_13_1457_8092.png,22.,22.
images_group_13_1457_8093.png,Свидитской,Солдатской
images_group_13_1457_8094.png,мины,жины
images_group_13_1457_8095.png,Зольтаревскй,Золотаревой
images_group_13_1457_8096.png,вершеннолѣтія.,вершеннолѣтія.
images_group_13_1457_8097.png,46.,46.
images_group_13_1460_8436.png,64.,64.
images_group_13_1460_8455.png,1865,1865
images_group_13_1460_8456.png,Ноября,Ноября
images_group_13_1460_8457.png,Казначейся,Казначейе
images_group_13_1460_8458.png,56,56
images_group_13_1460_8459.png,оставалось,оставалось
images_group_13_1460_8460.png,въ,въ
images_group_13_1460_8461.png,нерѣшеніи,нерѣшеніи
images_group_13_1460_8462.png,За,за
images_group_13_1460_8463.png,10.,10
images_group_13_1460_8464.png,ва,ва
images_group_13_1460_8465.png,Правительствующаго,Правительствующаго
images_group_13_1460_8466.png,Сен,Сен
images_group_13_1460_8467.png,дившею,дившею
images_group_13_1460_8468.png,съ,съ
images_group_13_1460_8469.png,перепи,перепи
images_group_13_1460_8470.png,та о,та о
images_group_13_1460_8471.png,взысканіи,взысканіи
images_group_13_1460_8472.png,недоимки,недоимки
images_group_13_1460_8473.png,числян,числящ
images_group_13_1460_8474.png,скою,скою
images_group_13_1460_8475.png,опополненіи,опополненіи
images_group_13_1460_8476.png,"объявленія,","объявленія,"
images_group_13_1460_8477.png,а,а
images_group_13_1460_8478.png,въ на,въ на
images_group_13_1460_8479.png,ся,ся
images_group_13_1460_8480.png,я за припечатаніе,я за припечатаніе
images_group_13_1460_8481.png,объявленій.,объявленій.
images_group_13_1460_8482.png,стоящее,стоящее
images_group_13_1460_8483.png,время,время
images_group_13_1460_8484.png,остается,остается
images_group_13_1460_8485.png,не,не
images_group_13_1460_8486.png,конченнымъ,конченнымъ
images_group_13_1460_8487.png,ставленіемъ,ставленіемъ
images_group_13_1460_8488.png,Иркутскимъ,Иркутскимъ
images_group_13_1460_8489.png,и,и
images_group_13_1460_8490.png,Красноярскимъ,Красноярскимъ
images_group_13_1460_8491.png,Го,го
images_group_13_1460_8492.png,родскими,родскими
images_group_13_1460_8493.png,Полицейскими,Полицейскими.
images_group_13_1460_8494.png,Управленіями,Управленіями
images_group_13_1460_8495.png,свѣ,свѣ
images_group_13_1460_8496.png,"дѣній,","дѣній,"
images_group_13_1460_8497.png,за,за
images_group_13_1460_8498.png,требованныхъ,требованныхъ
images_group_13_1460_8499.png,Губерн,Губерн
images_group_13_1460_8500.png,скаго,скаго
images_group_13_1460_8501.png,Правленія,Правленія
images_group_13_1460_8502.png,отъ,отъ
images_group_13_1460_8503.png,перваго,перваго
images_group_13_1460_8504.png,отъ,отъ
images_group_13_1460_8505.png,21,21
images_group_13_1460_8506.png,за No,за No
images_group_13_1460_8507.png,2412,2412
images_group_13_1460_8508.png,23,23
images_group_13_1460_8509.png,Iюля,Iюля
images_group_13_1460_8510.png,No2890,No2890
images_group_13_1460_8512.png,послѣдняго,послѣдняго
images_group_13_1460_8513.png,отъ,отъ
images_group_13_1460_8514.png,13,13
images_group_13_1460_8515.png,Ноября,Ноября
images_group_13_1460_8516.png,1868 г.,4868 г.
images_group_13_1460_8517.png,за No,за No
images_group_13_1460_8518.png,4957,4957
images_group_13_1460_8519.png,этихъ,Этихъ
images_group_13_1460_8520.png,свѣдѣній,свѣдѣній
images_group_13_1460_8521.png,Красноярскому,Красноярскому
images_group_13_1460_8522.png,Управленію,Управленію
images_group_13_1460_8523.png,подт,подт
images_group_13_1460_8524.png,верждено,верждено
images_group_13_1460_8525.png,"12,","12,"
images_group_13_1460_8526.png,20,"20,"
images_group_13_1460_8527.png,и 31,и 31
images_group_13_1460_8528.png,Декабря,Декабря
images_group_13_1460_8529.png,гос,гае
images_group_13_1460_8530.png,No85303,"NoNo5303,"
images_group_13_1460_8531.png,5419;,5419;
images_group_13_1460_8532.png,и,и
images_group_13_1460_8533.png,Иркутское,Иркутское
images_group_13_1460_8534.png,Полицейское,Полицейское
images_group_13_1460_8535.png,Уи,Уп
images_group_13_1460_8536.png,равленіе,равленіе
images_group_13_1460_8537.png,писано,писано
images_group_13_1460_8538.png,Иркутскому,Иркутскому
images_group_13_1460_8539.png,Губернскому,Губернскому
images_group_13_1460_8540.png,Правленію,Правленію
images_group_13_1460_8541.png,22,22
images_group_13_1460_8542.png,Августа,Августа
images_group_13_1460_8543.png,No3470,"No3470,"
images_group_13_1460_8544.png,31,31
images_group_13_1460_8545.png,Октября,Октября
images_group_13_1460_8546.png,"4150,","4750,"
images_group_13_1460_8547.png,13,13
images_group_13_1460_8548.png,Ноября,Ноября
images_group_13_1460_8549.png,"4958,","4958,"
images_group_13_1460_8550.png,5,5
images_group_13_1460_8551.png,20,"20,"
images_group_13_1460_8552.png,и,и
images_group_13_1460_8553.png,31,31
images_group_13_1460_8554.png,Декабря,Декабря
images_group_13_1460_8555.png,"5246,","5246,"
images_group_13_1460_8556.png,5421,5421
images_group_13_1460_8557.png,и,и
images_group_13_1460_8558.png,5583,5583.
images_group_13_1460_8559.png,111,111
images_group_13_1460_8560.png,Отдѣленія,Отдѣленія
images_group_13_1460_8561.png,1,1
images_group_13_1460_8562.png,Стола,Стола
images_group_13_1460_8563.png,1843 г.,1843
images_group_13_1460_8564.png,Марта,Марта
images_group_13_1460_8565.png,О ревизіи,О ревизіи
images_group_13_1460_8566.png,хлѣбнаго,хлѣбнаго
images_group_13_1460_8567.png,Запасно,запасно
images_group_13_1460_8568.png,За,За
images_group_13_1460_8569.png,необревизованіемъ,необревизованіемъ
images_group_13_1460_8570.png,отчетности,отчетности
images_group_13_1460_8571.png,Енисейскою,Енисейского
images_group_13_1460_8572.png,Контрольною,Контрольною
images_group_13_1460_8573.png,Па-,Па-
images_group_13_1460_8574.png,отчетности,отчетности
images_group_13_1460_8575.png,57,57
images_group_13_1460_8576.png,54,54
images_group_13_1460_8577.png,8.,8.-го
images_group_13_1460_8578.png,латою,латою
images_group_13_1460_8579.png,и,и
images_group_13_1460_8580.png,За,За
images_group_13_1460_8581.png,недополненіемъ,недополненіемъ
images_group_13_1460_8582.png,Енисейскимъ,Енисейскимъ
images_group_13_1460_8583.png,Окружнымъ,Окружнымъ
images_group_13_1460_8584.png,Полицейс-,Полицейс-
images_group_13_1460_8585.png,капитала,капитала
images_group_13_1460_8586.png,съ,съ
images_group_13_1460_8587.png,1840,1840
images_group_13_1460_8588.png,по,по
images_group_13_1460_8589.png,1848,1848
images_group_13_1460_8590.png,годъ,годъ
images_group_13_1460_8591.png,какъ,какъ
images_group_13_1460_8592.png,Енисей,Енисей
images_group_13_1460_8593.png,кимъ,кимъ
images_group_13_1460_8594.png,Управленіемъ,Управленіемъ
images_group_13_1460_8595.png,возвращеннаго,возвращеннаго
images_group_13_1460_8596.png,къ,къ
images_group_13_1460_8597.png,бывшему,бывшему
images_group_13_1460_8598.png,Енисейскому,Енисейскому
images_group_13_1460_8599.png,кою,кою
images_group_13_1460_8600.png,Казенною,Казенною
images_group_13_1460_8601.png,Палатою,Палатою
images_group_13_1460_8602.png,такъ,такъ
images_group_13_1460_8603.png,и,и
images_group_13_1460_8604.png,учрежден,учрежден
images_group_13_1460_8605.png,ною с,ною
images_group_13_1460_8606.png,Коммисіею,Коммисіею
images_group_13_1460_8607.png,для,для
images_group_13_1460_8608.png,приведенія,приведенія
images_group_13_1460_8609.png,въ,въ
images_group_13_1460_8610.png,пора,пори
images_group_13_1460_8611.png,Окружному,Окружному
images_group_13_1460_8612.png,Начальнику,Начальнику
images_group_13_1460_8613.png,при,при
images_group_13_1460_8614.png,указѣ,указъ
images_group_13_1460_8615.png,16,16
images_group_13_1460_8616.png,Сентября,Сентября
images_group_13_1460_8617.png,1866,1866
images_group_13_1460_8618.png,года,года
images_group_13_1460_8619.png,за No,за No
images_group_13_1460_8620.png,"1915,","1915,"
images_group_13_1460_8621.png,"дѣла,","дѣла,"
images_group_13_1460_8622.png,объ,объ
images_group_13_1460_8624.png,земляхъ,земляхъ
images_group_13_1460_8625.png,докъ,докъ
images_group_13_1460_8626.png,дѣлъ,дѣлъ
images_group_13_1460_8627.png,по,по
images_group_13_1460_8628.png,этому,этому
images_group_13_1460_8629.png,капиталу,"капиталу,"
images_group_13_1460_8630.png,равно,равно
images_group_13_1460_8631.png,подъ,подъ
images_group_13_1460_8632.png,частные,частные
images_group_13_1460_8633.png,золотые,золотые
images_group_13_1460_8634.png,"промысла,","промысла,"
images_group_13_1460_8635.png,о,о
images_group_13_1460_8636.png,Скорѣйшемъ,скорѣйшемъ
images_group_13_1460_8637.png,дополненіи,дополненіе
images_group_13_1460_8638.png,объ,объ
images_group_13_1460_8639.png,отшедшихъ,отшедшихъ
images_group_13_1460_8640.png,отъ,отъ
images_group_13_1460_8641.png,инородцевъ,инфородцевъ
images_group_13_1460_8642.png,земляя,земля
images_group_13_1460_8643.png,котораго,котораго
images_group_13_1460_8644.png,дѣлались,дѣлались
images_group_13_1460_8645.png,со,со
images_group_13_1460_8646.png,стороны,стороны
images_group_13_1460_8647.png,Губернскаго,Губернскаго
images_group_13_1460_8648.png,Правленія,Правленія
images_group_13_1460_8649.png,мно,мно
images_group_13_1460_8650.png,подъ,подъ
images_group_13_1460_8651.png,золотые,золотые
images_group_13_1460_8652.png,промысла,промысла
images_group_13_1460_8653.png,и,и
images_group_13_1460_8654.png,о,о
images_group_13_1460_8655.png,"проч,","проч,"
images_group_13_1460_8656.png,гократныя,гократныя
images_group_13_1460_8657.png,"настоянія,","настоянія,"
images_group_13_1460_8658.png,и,и
images_group_13_1460_8659.png,"наконецъ,","наконецъ,"
images_group_13_1460_8660.png,для,для
images_group_13_1460_8661.png,наложенія,наложенія
images_group_13_1460_8662.png,на,на
images_group_13_1460_8663.png,ви,ви
images_group_13_1460_8664.png,новныхъ,новныхъ
images_group_13_1460_8665.png,мѣры,мѣры
images_group_13_1460_8666.png,взысканія,взысканія
images_group_13_1460_8667.png,и,и
images_group_13_1460_8668.png,о,о
images_group_13_1460_8669.png,немедленномъ,немедленномъ
images_group_13_1460_8670.png,выполненіи,выполненіи
images_group_13_1471_10449.png,3-е,3-е) с
images_group_13_1471_10450.png,Апелляціонныхъ,Апелляціонныхъ
images_group_13_1471_10451.png,и,и
images_group_13_1471_10452.png,пересылочныхъ,пересылочныхъ
images_group_13_1471_10453.png,8097,8097
images_group_13_1471_10454.png,9 1/4,9 1/4
images_group_13_1471_10455.png,"25,817.","25,817."
images_group_13_1471_10456.png,76 1/4,76 1/4
images_group_13_1471_10457.png,23140.,23140.
images_group_13_1471_10458.png,82 1/2,82 1/4
images_group_13_1471_10459.png,10774,"10,774."
images_group_13_1471_10460.png,3 1/4,3 1/4
images_group_13_1471_10461.png,76.,76.
images_group_13_1471_10462.png,75 1/2,75 1/2
images_group_13_1471_10463.png,к,к
images_group_13_1471_10464.png,а.),а.)
images_group_13_1471_10465.png,Изъ,Изъ
images_group_13_1471_10466.png,числа,числа
images_group_13_1471_10467.png,"25,817 р.",25817 р.
images_group_13_1471_10468.png,"76 1/4 к.,","76 1/4 к.,"
images_group_13_1471_10469.png,892 р.,892 р.
images_group_13_1471_10470.png,50 коп.,50коп.
images_group_13_1471_10471.png,и,и
images_group_13_1471_10472.png,в.),в.)
images_group_13_1471_10473.png,Изъ,Изъ
images_group_13_1471_10474.png,числа,числа
images_group_13_1471_10475.png,поступили,поступили
images_group_13_1471_10476.png,въ,въ
images_group_13_1471_10477.png,залогъ,залогъ
images_group_13_1471_10478.png,правой,правой
images_group_13_1471_10479.png,апел-,апел-
images_group_13_1471_10480.png,суммы:,суммы:
images_group_13_1471_10481.png,47947 р.,47947 р.
images_group_13_1471_10482.png,9 3/4,9 3/4
images_group_13_1471_10483.png,к.,к.
images_group_13_1471_10484.png,состоитъ,состоитъ
images_group_13_1471_10485.png,"ляціи,","ляціи,"
images_group_13_1471_10486.png,26 1/4к,26 1/4 к.
images_group_13_1471_10487.png,пересылочныхъ.,пересылочныхъ.
images_group_13_1471_10488.png,въ,въ
images_group_13_1471_10489.png,обращеніи,обращеніи
images_group_13_1471_10490.png,б.),б.)
images_group_13_1471_10491.png,Израсходовано:,Израсходовано:
images_group_13_1471_10492.png,возвращено,возвращено
images_group_13_1471_10493.png,по,по
images_group_13_1471_10494.png,немъ,номъ
images_group_13_1471_10495.png,Банкѣ,Банкѣ
images_group_13_1471_10496.png,50000,50000
images_group_13_1471_10497.png,ро,р.
images_group_13_1471_10498.png,находят,находят
images_group_13_1471_10499.png,принадлежности,принадлежности
images_group_13_1471_10500.png,суммъ,суммъ
images_group_13_1471_10501.png,апел-,апел-
images_group_13_1471_10502.png,ся,ся
images_group_13_1471_10503.png,въ,въ
images_group_13_1471_10504.png,долгу,долгу
images_group_13_1471_10505.png,на,на
images_group_13_1471_10506.png,главномъ,главномъ
images_group_13_1471_10507.png,об-,об-
images_group_13_1471_10508.png,ляціонныхъ,ляціонныхъ
images_group_13_1471_10509.png,232 р.,232 р.
images_group_13_1471_10510.png,12 1/2,12 1/2
images_group_13_1471_10511.png,"к.,","к.,"
images_group_13_1471_10512.png,перечисле,перечисле
images_group_13_1471_10513.png,ществѣ,ществѣ
images_group_13_1471_10514.png,Россійскихъ,Россійскихъ
images_group_13_1471_10515.png,желѣзныхъ,желѣзныхъ
images_group_13_1471_10516.png,но,но
images_group_13_1471_10517.png,въ,въ
images_group_13_1471_10518.png,доходъ,доходъ
images_group_13_1471_10519.png,Приказа,Приказа
images_group_13_1471_10520.png,апелля-,апелля-
images_group_13_1471_10521.png,"дорогъ,","дорогъ,"
images_group_13_1471_10522.png,а,а
images_group_13_1471_10523.png,14825 р,14825 р
images_group_13_1471_10524.png,79 1/2к,79 1/2 к
images_group_13_1471_10525.png,остается,остается
images_group_13_1471_10526.png,ціонныхъ,ціонныхъ
images_group_13_1471_10527.png,719 р.,719 р.
images_group_13_1471_10528.png,"55 к.,","55 к.,"
images_group_13_1471_10529.png,выдано,выдано
images_group_13_1471_10530.png,суммъ,суммъ
images_group_13_1471_10531.png,налицо.,налицо.
images_group_13_1471_10532.png,пересылочныхъ,пересылочныхъ
images_group_13_1471_10533.png,"21,126 р.",21.126 р.
images_group_13_1471_10534.png,"16 1/4 к.,","16 1/4 к.,"
images_group_13_1471_10535.png,2.),2.)
images_group_13_1471_10536.png,На,На
images_group_13_1471_10537.png,предназначенное,предназначенное
images_group_13_1471_10538.png,упот-,упот-
images_group_13_1471_10539.png,ребленіе.,ребленіе.
images_group_13_1471_10540.png,179913,179913
images_group_13_1471_10541.png,36.,36.
images_group_13_1471_10542.png,5762,5762
images_group_13_1471_10543.png,24 1/4,24 1/4
images_group_13_1471_10544.png,1181.,1181.
images_group_13_1471_10545.png,98 1/4 184493.,98 1/4 184.493.
images_group_13_1471_10546.png,"62,","62,"
images_group_13_1471_10547.png,перечислено:,перечислено:
images_group_13_1471_10548.png,въ,въ
images_group_13_1471_10549.png,1-й,1-й
images_group_13_1471_10550.png,разрядъ,разрядъ
images_group_13_1471_10551.png,28 р.,28 р.
images_group_13_1471_10552.png,87 1/2 к.,87 1/2 к.
images_group_13_1471_10553.png,и,и
images_group_13_1471_10554.png,въ,въ
images_group_13_1471_10555.png,счетъ,счетъ
images_group_13_1471_10556.png,оборота,оборота
images_group_13_1471_10557.png,ка-,ка-
images_group_13_1471_10558.png,числѣ,числѣ
images_group_13_1471_10559.png,"поступившихъ - 76,67 2",поступившихъ - 5762 р
images_group_13_1471_10560.png,"питаловъ,","питаловъ,"
images_group_13_1471_10561.png,суммъ,суммъ
images_group_13_1471_10563.png,24 1/4к.,24 1/4к.
images_group_13_1471_10564.png,заключается,заключается
images_group_13_1471_10565.png,процентовь,процентовъ
images_group_13_1471_10566.png,ныхъ,ныхъ
images_group_13_1471_10567.png,на,на
images_group_13_1471_10568.png,пополненіе,пополненіе
images_group_13_1471_10569.png,выдан-,выдан-
images_group_13_1471_10570.png,5743 р.,5743 р.
images_group_13_1471_10571.png,"92 1/4 к.,","92 1/4 к.,"
images_group_13_1471_10572.png,10 р.,10 р.
images_group_13_1471_10573.png,9 1/2 к.,9 1/2к.
images_group_13_1471_10574.png,кружечнаго,кружечнаго
images_group_13_1471_10575.png,ныхъ,ныхъ
images_group_13_1471_10576.png,заимобразно,заимобразно
images_group_13_1471_10577.png,изъ,изъ
images_group_13_1471_10578.png,1-го раз,1-го раз
images_group_13_1471_10579.png,сбора,сбора
images_group_13_1471_10580.png,на,на
images_group_13_1471_10581.png,содержаніе,содержаніе
images_group_13_1471_10582.png,нищихъ,нищихъ
images_group_13_1471_10583.png,ряда,ряда
images_group_13_1471_10584.png,уѣзднымъ,уѣзднымъ
images_group_13_1471_10585.png,больницамъ,больницамъ
images_group_13_1471_10586.png,и,и
images_group_13_1471_10587.png,убочихъ,убогихъ
images_group_13_1471_10588.png,и 8 р,и 8р
images_group_13_1471_10589.png,22 1/2 к.,22 1/2 к.
images_group_13_1471_10590.png,пожертво-,пожертво-
images_group_13_1471_10591.png,на,на
images_group_13_1471_10592.png,содержаніе,содержаніе
images_group_13_1471_10593.png,больныхъ,больныхъ
images_group_13_1471_10594.png,ванныя,ванныя
images_group_13_1471_10595.png,въ,въ
images_group_13_1471_10596.png,пользу,пользу
images_group_13_1471_10597.png,Богоудныхъ,Богоудныхъ
images_group_13_1471_10598.png,1034 р.,1034 р.
images_group_13_1471_10599.png,11 к.,11 к.
images_group_13_1471_10600.png,заведеній.,заведеній.
images_group_13_1471_10601.png,и,и
images_group_13_1471_10602.png,в.),в.)
images_group_13_1471_10603.png,Изъ,Изъ
images_group_13_1471_10604.png,числа,числа
images_group_13_1471_10605.png,остающейся,остающейся
images_group_13_1471_10606.png,сум-,сум-
images_group_13_1471_10607.png,и,и
images_group_13_1471_10608.png,б.),б.)
images_group_13_1471_10609.png,Изъ,Изъ
images_group_13_1471_10610.png,числа,числа
images_group_13_1471_10611.png,остающейся,остающейся
images_group_13_1471_10612.png,находятся въ,находятся въ
images_group_13_1471_10613.png,обращеніи,обращеніи
images_group_13_1471_10614.png,суммы:,суммы:
images_group_13_1471_10615.png,93115 р.,"93,115 р."
images_group_13_1471_10616.png,83 3/4,83 3/4
images_group_13_1471_10617.png,к.,к.
images_group_13_1471_10618.png,находят,находят
images_group_13_1471_10619.png,въ Государственномъ,въ Государственномъ
images_group_13_1471_10620.png,"Банкѣ,","Банкѣ,"
images_group_13_1471_10621.png,а,а
images_group_13_1471_10622.png,ся,ся
images_group_13_1471_10623.png,въ,въ
images_group_13_1471_10624.png,обращеніи,обращеніи
images_group_13_1471_10625.png,въ,въ
images_group_13_1471_10626.png,государ,государ-
images_group_13_1471_10627.png,7924 р.,1924 р.
images_group_13_1471_10628.png,3 1/4к.,3 1/4 к.
images_group_13_1471_10629.png,остается,остается
images_group_13_1471_10630.png,на лицо.,на лицо.
images_group_13_1471_10631.png,ственномъ,ственномъ
images_group_13_1471_10632.png,Банкѣ,Банкѣ
images_group_13_1471_10633.png,"80,000 р.","80,000 р."
images_group_13_1471_10634.png,въ,въ
images_group_13_1471_10635.png,8481.,8481.
images_group_13_1471_10636.png,75 1/4,75 1/4
images_group_13_1471_10637.png,8481.,8481
images_group_13_1471_10638.png,75 1/4,75 1/4
images_group_13_1471_10639.png,4-е),4-е)
images_group_13_1471_10640.png,Карточнаго,Карточнаго
images_group_13_1471_10641.png,сбора.,сбора.
images_group_13_1471_10642.png,долгу,дому
images_group_13_1471_10643.png,на,на
images_group_13_1471_10644.png,главномъ,главномъ
images_group_13_1471_10645.png,обществѣ,обществѣ
images_group_13_1471_10646.png,Россійскихъ,Россійскихъ
images_group_13_1471_10647.png,желѣзныхъ,желзныхъ
images_group_13_1471_10648.png,Итого,Итого
images_group_13_1471_10649.png,283034.,"283,034."
images_group_13_1471_10650.png,67 3/4,67 3/4
images_group_13_1471_10651.png,97780.,"97,780."
images_group_13_1471_10652.png,64 3/4,64 3/4
images_group_13_1471_10653.png,72774.,"72,774."
images_group_13_1471_10654.png,78.,78.
images_group_13_1471_10655.png,308040.,"308,040."
images_group_13_1471_10656.png,54 1/2,54 1/2
images_group_13_1471_10657.png,"дорогъ,","дорогъ,"
images_group_13_1471_10658.png,а,а
images_group_13_1471_10659.png,11377 р,11377 р
images_group_13_1471_10660.png,78 1/4 к.,78 1/4 к.
images_group_13_1471_10661.png,остаст-,остает-
images_group_13_1471_10662.png,ся,ся
images_group_13_1471_10663.png,на,на
images_group_13_1471_10664.png,лицо.,лицо.
images_group_13_1483_12593.png,Мясной,Мясной
images_group_13_1483_12594.png,рядъ,рядъ
images_group_13_1483_12595.png,деревян-,деревян-
images_group_13_1483_12596.png,1.,1.
images_group_13_1483_12597.png,Пересыльная,Пересыльная
images_group_13_1483_12598.png,казарма,казарма
images_group_13_1483_12599.png,1.,1.
images_group_13_1483_12600.png,каменное,каменное
images_group_13_1483_12601.png,Училищъ,Училищъ
images_group_13_1483_12602.png,деревянная,деревянная
images_group_13_1483_12603.png,деревянныхъ-,деревянныхъ-
images_group_13_1483_12604.png,2.,2.
images_group_13_1483_12605.png,пороховой,пороховой
images_group_13_1483_12606.png,погребъ,погребъ
images_group_13_1483_12607.png,дерев-,дерев-
images_group_13_1483_12608.png,1.,1.
images_group_13_1483_12609.png,Острогъ,Острогъ
images_group_13_1483_12610.png,каменны,каменны
images_group_13_1483_12611.png,1.,1.
images_group_13_1483_12612.png,Больница,Больница
images_group_13_1483_12613.png,деревянная -,деревянная-
images_group_13_1483_12614.png,1.,1.
images_group_13_1483_12615.png,Пороховой,Пороховой
images_group_13_1483_12616.png,погребъ,погребъ
images_group_13_1483_12617.png,камен-,камен-
images_group_13_1483_12618.png,1.,1.
images_group_13_1483_12619.png,Военная,Военная
images_group_13_1483_12620.png,сборня,сборня
images_group_13_1483_12621.png,дерев-,дерев.-
images_group_13_1483_12622.png,1.,1.
images_group_13_1483_12623.png,Больница,Больница
images_group_13_1483_12624.png,каменная,каменная
images_group_13_1483_12625.png,Кузницъ,Кузницъ
images_group_13_1483_12626.png,деревянныхъ-,деревянныхъ-
images_group_13_1483_12627.png,6.,6.
images_group_13_1483_12628.png,Военная,Военная
images_group_13_1483_12629.png,сборня,сборня
images_group_13_1483_12630.png,дерев-,дерев.
images_group_13_1483_12631.png,Будокъ,Будокъ
images_group_13_1483_12632.png,деревянныхъ,деревянныхъ
images_group_13_1483_12633.png,2.,2.
images_group_13_1483_12634.png,каменная-,каменная.
images_group_13_1483_12635.png,1.,1.
images_group_13_1483_12636.png,Кузницъ,Кузницъ
images_group_13_1483_12637.png,Питейныхъ,Питейныхъ
images_group_13_1483_12638.png,домовъ,домовъ
images_group_13_1483_12639.png,деревянныхъ,Деревянныхъ
images_group_13_1483_12640.png,32.,32.
images_group_13_1483_12641.png,деревянныхъ,деревянныхъ
images_group_13_1483_12642.png,52,52
images_group_13_1483_12643.png,Будокъ,Будокъ
images_group_13_1483_12644.png,деревянныхъ,деревянныхъ
images_group_13_1483_12645.png,8,8
images_group_13_1483_12646.png,Каменныхъ-,Каменныхъ-
images_group_13_1483_12647.png,3.,3.
images_group_13_1483_12648.png,Питейныхъ,Питейныхъ
images_group_13_1483_12649.png,домовъ,домовъ
images_group_13_1483_12650.png,Итого,Итого
images_group_13_1483_12651.png,деревянныхъ,Деревянныхъ
images_group_13_1483_12652.png,100,100
images_group_13_1483_12653.png,93.,93.
images_group_13_1483_12654.png,деревянныхъ,деревянныхъ
images_group_13_1483_12655.png,Каменныхъ,Каменныхъ.
images_group_13_1483_12656.png,32.,32.
images_group_13_1483_12657.png,Всего..,Всего.
images_group_13_1483_12658.png,103.,103.
images_group_13_1483_12659.png,Итого,Итого-
images_group_13_1483_12660.png,деревянныхъ,деревянныхъ
images_group_13_1483_12661.png,179,179
images_group_13_1483_12662.png,Въ,Въ
images_group_13_1483_12663.png,Канскѣ,Канскѣ
images_group_13_1483_12664.png,12,12
images_group_13_1483_12665.png,417,417.
images_group_13_1483_12666.png,1.,1.
images_group_13_1483_12667.png,68.,68.
images_group_13_1483_12668.png,Церквей,Церквей
images_group_13_1483_12669.png,православныхъ:,православныхъ:
images_group_13_1483_12670.png,Всего.,Всего.
images_group_13_1483_12671.png,211.,211.
images_group_13_1483_12672.png,каменная-,каменная-
images_group_13_1483_12673.png,1.,1.
images_group_13_1483_12674.png,деревянная-,деревянная-
images_group_13_1483_12675.png,1.,1.
images_group_13_1483_12676.png,Въ,Въ
images_group_13_1483_12677.png,Ачинскѣ,Ачинскѣ
images_group_13_1483_12678.png,8.,8.
images_group_13_1483_12679.png,582.,582.
images_group_13_1483_12680.png,80.,80.
images_group_13_1483_12681.png,пра,Пра
images_group_13_1483_12682.png,камен,камен.
images_group_13_1483_12683.png,2.,2.
images_group_13_1483_12684.png,Часовень,Часовень
images_group_13_1483_12685.png,каменная-1,каменная - 1
images_group_13_1483_12686.png,вославныхъ:,вославныхъ:
images_group_13_1483_12687.png,деревян.,деревян.
images_group_13_1483_12688.png,2.,2.
images_group_13_1483_12689.png,деревянная-,деревянная-
images_group_13_1483_12690.png,1.,1.
images_group_13_1483_12691.png,Часовня,Часовня
images_group_13_1483_12692.png,деревянная,деревянная
images_group_13_1483_12693.png,1.,1.
images_group_13_1483_12694.png,Еврейская,Еврейская
images_group_13_1483_12695.png,молит,молит
images_group_13_1483_12696.png,вен-,вен-
images_group_13_1483_12697.png,Еврейская,Еврейская
images_group_13_1483_12698.png,молитвен-,молитвен-
images_group_13_1483_12699.png,ная,ная
images_group_13_1483_12700.png,школа,школа
images_group_13_1483_12701.png,деревян-,деревян-
images_group_13_1483_12702.png,1.,1.
images_group_13_1483_12703.png,ная,ная
images_group_13_1483_12704.png,школа,школа
images_group_13_1483_12705.png,деревян.-,деревян.-
images_group_13_1483_12706.png,1.,1.
images_group_13_1483_12707.png,Домовъ,Домовъ
images_group_13_1483_12708.png,общ,общ
images_group_13_1483_12709.png,ествен,ествен
images_group_13_1483_12710.png,Домъ,Домъ
images_group_13_1483_12711.png,церков.,церков.
images_group_13_1483_12712.png,деревян-,деревян-
images_group_13_1483_12713.png,1.,1.
images_group_13_1483_12714.png,деревянныхъ-,деревянныхъ
images_group_13_1483_12715.png,Домовъ обществ.,Домовъобществ.
images_group_13_1483_12716.png,деревян-,деревян-
images_group_13_1483_12717.png,11.,11.
images_group_13_1483_12718.png,Богадѣльня,Богадѣльня
images_group_13_1483_12719.png,деревян-,деревян-
images_group_13_1483_12720.png,2.,2.
images_group_13_1483_12721.png,1.,1.
images_group_13_1483_12722.png,Богадѣльня,Богадѣльня
images_group_13_1483_12723.png,деревян-,деревян-
images_group_13_1483_12724.png,1.,1.
images_group_13_1483_12725.png,Кладо,Кладо
images_group_13_1483_12726.png,вая,вая
images_group_13_1483_12727.png,окружнаго,окружнаго
images_group_13_1483_12728.png,Кладовая,Кладовая
images_group_13_1483_12729.png,окружнаго,окружнаго
images_group_13_1483_12730.png,Каз,Каз
images_group_13_1483_12731.png,Казначейства,Казначейства
images_group_13_1483_12732.png,камен-,камен-
images_group_13_1483_12733.png,1.,1.
images_group_13_1483_12734.png,начейства,начейства
images_group_13_1483_12735.png,каменная,каменная
images_group_13_1483_12736.png,1.,1.
images_group_13_1483_12737.png,Заводо,Заводо
images_group_13_1483_12738.png,въ,въ
images_group_13_1483_12739.png,(Кожевенный,(Кожевенный-
images_group_13_1483_12740.png,1.,1.
images_group_13_1483_12741.png,Заводовъ,Заводовъ
images_group_13_1483_12742.png,кожевенныхъ,кожевенныхъ
images_group_13_1483_12743.png,2.,2.
images_group_13_1483_12744.png,деревян-,деревян-
images_group_13_1483_12745.png,Мыловарен,Мыловарен.
images_group_13_1483_12746.png,1.,1.
images_group_13_1483_12747.png,деревянныхъ,деревянныхъ
images_group_13_1483_12748.png,ныхъ,ныхъ
images_group_13_1483_12749.png,Салотопен-,Салотопен-
images_group_13_1483_12750.png,1.,1.
images_group_13_1483_12751.png,водяныхъ-,водяныхъ-
images_group_13_1483_12752.png,4.,4.
images_group_13_1483_12753.png,Мѣльницъ,Мѣльницъ
images_group_13_1483_12754.png,Толчея,Толчея
images_group_13_1483_12755.png,Для,Для
images_group_13_1483_12756.png,дуба-,дуба-
images_group_13_1483_12757.png,1,1
images_group_13_1483_12758.png,вѣтряная,вѣтряная
images_group_13_1483_12759.png,1.,1.
images_group_13_1483_12760.png,Провіантскій,Провіантскіи
images_group_13_1483_12761.png,Провіантскій,(Провіантскій-
images_group_13_1483_12762.png,1.,1.
images_group_13_1483_12763.png,Мага,Мага
images_group_13_1483_12764.png,Соляной,Солянои.
images_group_13_1483_12765.png,1.,1.
images_group_13_1483_12766.png,Магази,Магази
images_group_13_1483_12767.png,Солянои,Солянои.
images_group_13_1483_12768.png,новъ.,новъ.
images_group_13_1483_12769.png,хлѣбныхъ,хлѣбныхъ
images_group_13_1483_12770.png,1.,1.
images_group_13_1483_12771.png,2,2.
images_group_13_1483_12772.png,въ,въ
images_group_13_1483_12773.png,Хлѣбный,Хлѣбный
images_group_13_1483_12774.png,1.,1.
images_group_13_1483_12775.png,Винныхъ-,Винныхъ
images_group_13_1483_12776.png,3.,3.
images_group_13_1483_12777.png,Винныхъ,Винныхъ
images_group_13_1483_12778.png,4.,4.
images_group_13_1483_12779.png,Соляная,Соляная
images_group_13_1483_12780.png,лавочка,лавочка
images_group_13_1483_12781.png,де-,де-
images_group_13_1483_12782.png,Соляная,Соляная
images_group_13_1483_12783.png,лавочка,лавочка
images_group_13_1483_12784.png,дерев-,дерев.-
images_group_13_1483_12785.png,1.,1.
images_group_13_1483_12786.png,ревянная,ревянная
images_group_13_1483_12787.png,Гостинный,Гостинный
images_group_13_1483_12788.png,дворъ,дворъ
images_group_13_1483_12789.png,дерев-,дерев.-
images_group_13_1483_12790.png,1.,1
images_group_13_1483_12791.png,Гостинный,Гостинный
images_group_13_1483_12792.png,дворъ,дворъ
images_group_13_1483_12793.png,де-,де-
images_group_13_1483_12794.png,1.,1.
images_group_13_1483_12795.png,Училище,Училище
images_group_13_1483_12796.png,деревянное,деревянное
images_group_13_1483_12797.png,ревянный,ревянный
images_group_13_1483_12798.png,Острогъ,Острогъ
images_group_13_1483_12799.png,деревянный,деревянный
images_group_13_1483_12800.png,Особыхъ,Особыхъ
images_group_13_1485_12977.png,89.,89.
images_group_13_1485_12978.png,водами-,водами-
images_group_13_1485_12979.png,326731,326731
images_group_13_1485_12980.png,десят.,десят.
images_group_13_1485_12981.png,506,506
images_group_13_1485_12982.png,"саж.,","саж.,"
images_group_13_1485_12983.png,"3,786,123","3,786,123"
images_group_13_1485_12984.png,десят.,десят.
images_group_13_1485_12985.png,Число,Число
images_group_13_1485_12986.png,воискъ,войскъ
images_group_13_1485_12987.png,1857,1857
images_group_13_1485_12988.png,саж.,саж.
images_group_13_1485_12989.png,Неизмѣренной,Неизмѣренной
images_group_13_1485_12990.png,по,по
images_group_13_1485_12991.png,приблизительному,приблизительному
images_group_13_1485_12992.png,Въ,Въ
images_group_13_1485_12993.png,губерніи,губерніи
images_group_13_1485_12994.png,находится:,находится:
images_group_13_1485_12995.png,Губернскаго,Губернскаго
images_group_13_1485_12996.png,Баталіо-,Баталіо-
images_group_13_1485_12997.png,исчисленію,исчисленію
images_group_13_1485_12998.png,"211,039111","211,039,111"
images_group_13_1485_12999.png,десят.,десят.
images_group_13_1485_13000.png,1043,1043
images_group_13_1485_13001.png,"саж.,","саж.,"
images_group_13_1485_13002.png,А,А
images_group_13_1485_13003.png,всего,всего
images_group_13_1485_13004.png,на,на
images_group_13_1485_13005.png,и,и
images_group_13_1485_13006.png,подвѣдомственныхъ,подвѣдомственныхъ
images_group_13_1485_13007.png,оному,оному
images_group_13_1485_13008.png,командъ,командъ
images_group_13_1485_13009.png,"214825,235","214,825,235"
images_group_13_1485_13010.png,десят.,десят.
images_group_13_1485_13011.png,500,500
images_group_13_1485_13012.png,саж.,саж.
images_group_13_1485_13013.png,"2116,","2116,"
images_group_13_1485_13014.png,Енисейскаго,Енисенскаго
images_group_13_1485_13015.png,Казачьяго,Казачьяго
images_group_13_1485_13016.png,Коннаго,Коннаго
images_group_13_1485_13017.png,Полка-,полка-
images_group_13_1485_13018.png,"6793,","6793,"
images_group_13_1485_13019.png,въ,въ
images_group_13_1485_13020.png,томъ,томъ
images_group_13_1485_13021.png,числѣ,числѣ
images_group_13_1485_13022.png,въ,въ
images_group_13_1485_13023.png,строю-,строю-
images_group_13_1485_13024.png,Красноярской,Красноярской
images_group_13_1485_13025.png,Жандармской,Жандармской
images_group_13_1485_13026.png,команды,команды
images_group_13_1485_13027.png,Соядатскихъ,Солдатскихъ
images_group_13_1485_13028.png,дѣтей,дѣтей
images_group_13_1485_13029.png,и,и
images_group_13_1485_13030.png,контонистовъ-,контонистовъ-
images_group_13_1485_13031.png,"673,","673,"
images_group_13_1485_13032.png,Безсрочно-,Безсрочно
images_group_13_1485_13033.png,отпускныхъ-,отпускныхъ-
images_group_13_1485_13034.png,Въ,Въ
images_group_13_1485_13035.png,Губерніи,Губерніи
images_group_13_1485_13036.png,церквей,церквеи
images_group_13_1485_13037.png,православныхъ,православныхъ
images_group_13_1485_13038.png,камен-,камен-
images_group_13_1485_13039.png,"1251,","1251,"
images_group_13_1485_13040.png,Отставныхъ,Отставныхъ
images_group_13_1485_13041.png,казаковъ,казаковъ
images_group_13_1485_13042.png,и,и
images_group_13_1485_13043.png,нижнихъ,нижнихъ
images_group_13_1485_13044.png,воин-,воин-
images_group_13_1485_13045.png,ныхъ,ныхъ
images_group_13_1485_13046.png,"113,","113,"
images_group_13_1485_13047.png,деревянныхъ,деревянныхъ
images_group_13_1485_13048.png,94;,94;
images_group_13_1485_13049.png,Монастырей,Монастырей
images_group_13_1485_13050.png,камен-,камен-
images_group_13_1485_13051.png,скихъ,скихъ
images_group_13_1485_13052.png,"чиновъ - 1776,","чиновъ - 1776,"
images_group_13_1485_13053.png,Находящихся,Находящихся
images_group_13_1485_13054.png,въ,въ
images_group_13_1485_13055.png,продол-,продол-
images_group_13_1485_13056.png,ныхъ,ныхъ
images_group_13_1485_13057.png,3,3
images_group_13_1485_13058.png,Часовень:,Часовень:
images_group_13_1485_13059.png,каменныхъ,каменныхъ
images_group_13_1485_13060.png,6,6-
images_group_13_1485_13061.png,деревянныхъ,деревянныхъ
images_group_13_1485_13062.png,жительномъ,жительномъ
images_group_13_1485_13063.png,отпуску-,отпуску-
images_group_13_1485_13064.png,"158,","158,"
images_group_13_1485_13065.png,Состоящихъ,Состоящихъ
images_group_13_1485_13066.png,на,на
images_group_13_1485_13067.png,183.,183.
images_group_13_1485_13068.png,Всего,Всего
images_group_13_1485_13069.png,399.,399.
images_group_13_1485_13070.png,Другихъ,Другихъ
images_group_13_1485_13071.png,исповѣданій,исповѣданій:
images_group_13_1485_13072.png,Римско-,Римско-
images_group_13_1485_13073.png,Ка-,Ка-
images_group_13_1485_13074.png,казенномъ,казенномъ
images_group_13_1485_13075.png,содержаніи,содержаніи-
images_group_13_1485_13076.png,"21,","21,"
images_group_13_1485_13077.png,Всего,Всего
images_group_13_1485_13078.png,12827,12827
images_group_13_1485_13079.png,человѣкъ.,человѣкъ
images_group_13_1485_13080.png,толическая,толическая
images_group_13_1485_13081.png,церковь,церковь
images_group_13_1485_13082.png,деревянная,деревянная
images_group_13_1485_13083.png,1-,1-
images_group_13_1485_13084.png,Лютеран-,Лютеран-
images_group_13_1485_13085.png,ская,ская
images_group_13_1485_13086.png,каменная.,каменныг.
images_group_13_1485_13087.png,1-,1-
images_group_13_1485_13088.png,Евренскихъ,Евренскихъ
images_group_13_1485_13089.png,молитвенныхъ,молитвенныхъ
images_group_13_1485_13090.png,школъ,школъ
images_group_13_1485_13091.png,4-,4_
images_group_13_1485_13092.png,идолопоклонническихъ,Идолопоклонническихъ
images_group_13_1485_13093.png,кумирень,кумирень
images_group_13_1485_13094.png,нѣтъ,нѣтъ
images_group_13_1485_13095.png,Количество,Количество
images_group_13_1485_13096.png,земли.,земли.
images_group_13_1485_13097.png,Въ,Въ
images_group_13_1485_13098.png,Губерніи,Губерніи
images_group_13_1485_13099.png,состоитъ,состоитъ
images_group_13_1485_13100.png,земли:,земли:
images_group_13_1485_13101.png,измѣренной,измѣренной
images_group_13_1485_13102.png,подъ,подъ
images_group_13_1485_13103.png,"строениями,","строеніями,"
images_group_13_1485_13104.png,усадьбами,усадьбами
images_group_13_1485_13105.png,и,и
images_group_13_1485_13106.png,выгонами-,выгонами-
images_group_13_1485_13107.png,Казенные,Казенные
images_group_13_1485_13108.png,доходы,доходы
images_group_13_1485_13109.png,и,и
images_group_13_1485_13110.png,расходы,расходы
images_group_13_1485_13111.png,247076,247076
images_group_13_1485_13112.png,десят.,десят.
images_group_13_1485_13113.png,"2091 саж.,","2091 саж.,"
images_group_13_1485_13114.png,пашнеи-,пашнеи-
images_group_13_1485_13115.png,"1,230,533","1,230,533"
images_group_13_1485_13116.png,десят,десят
images_group_13_1485_13117.png,по,по
images_group_13_1485_13118.png,губерніи:,губерніи:
images_group_13_1485_13119.png,706,706
images_group_13_1485_13120.png,"саж.,","саж.,"
images_group_13_1485_13121.png,сѣнокосной.,сѣнокосной.
images_group_13_1485_13122.png,"339,642","339,642"
images_group_13_1485_13123.png,десят.,десят.
images_group_13_1485_13124.png,454,454
images_group_13_1485_13125.png,саж,саж
images_group_13_1485_13126.png,подъ,подъ
images_group_13_1485_13127.png,Казенные,Казенные
images_group_13_1485_13128.png,доходы.,"доходы,"
images_group_13_1485_13129.png,по,по
images_group_13_1485_13130.png,губерніи,губерніи
images_group_13_1485_13131.png,въ,въ
images_group_13_1485_13132.png,1868,1868
images_group_13_1485_13133.png,году,году
images_group_13_1485_13134.png,лѣсами-,лѣсами-
images_group_13_1485_13135.png,"885,585","885,585"
images_group_13_1485_13136.png,десят.,десят.
images_group_13_1485_13137.png,1268,1268
images_group_13_1485_13138.png,"саж.,","саж.,"
images_group_13_1485_13139.png,скотскаго,скотскаго
images_group_13_1485_13140.png,вы-,вы-
images_group_13_1485_13141.png,составляли:,составляли:
images_group_13_1485_13142.png,"1,","1,"
images_group_13_1485_13143.png,податей,податей
images_group_13_1485_13144.png,и,и
images_group_13_1485_13145.png,всѣхъ,всѣхъ
images_group_13_1485_13146.png,вообще,вообще
images_group_13_1485_13147.png,оклад-,оклад-
images_group_13_1485_13148.png,пуска-,пуска-
images_group_13_1485_13149.png,3950,3950
images_group_13_1485_13150.png,десят.,десят.
images_group_13_1485_13151.png,1205,1205
images_group_13_1485_13152.png,"саж.,","саж.,"
images_group_13_1485_13153.png,солонцовъ,солонцовъ
images_group_13_1485_13154.png,29766,"29,766"
images_group_13_1485_13155.png,десят.,десят.
images_group_13_1485_13156.png,ныхъ,ныхъ
images_group_13_1485_13157.png,сборовъ,сборовъ
images_group_13_1485_13158.png,"341,208 р.","341,208 р."
images_group_13_1485_13159.png,"63 1/4 к.,","63 1/4 к.,"
images_group_13_1485_13160.png,"2.,","2.,"
images_group_13_1485_13161.png,съ,съ
images_group_13_1485_13162.png,купеческихъ,купеческихъ
images_group_13_1485_13163.png,2388,2388
images_group_13_1485_13164.png,"саж.,","саж.,"
images_group_13_1485_13165.png,удобной,удобной
images_group_13_1485_13166.png,но,но
images_group_13_1485_13167.png,десят.,десят.
images_group_13_1485_13168.png,капиталовъ-,капиталовъ-
images_group_13_1485_13169.png,48505 р,48505 р
images_group_13_1485_13170.png,50 к.,50 к.
images_group_13_1485_13171.png,3.),3.)
images_group_13_1485_13172.png,съ,съ
images_group_13_1485_13173.png,оброчныхъ,оброчныхъ
images_group_13_1485_13174.png,ста-,ста-
images_group_13_1485_13175.png,1078,1078
images_group_13_1485_13176.png,"саж.,","саж.,"
images_group_13_1485_13177.png,неудобной,неудобной-
images_group_13_1485_13178.png,419435,"419,435"
images_group_13_1485_13179.png,десят.,десят.
images_group_13_1485_13180.png,1671,1671
images_group_13_1485_13181.png,"саж.,","саж.,"
images_group_13_1485_13182.png,подъ,подъ
images_group_13_1485_13183.png,Мокрусицкій,Мокрусицкій
images_group_13_15_15945.png,руханскимъ,руханскимъ
images_group_13_15_15946.png,краемъ-,краемъ-
images_group_13_15_15948.png,тревуютъ,требуютъ
images_group_13_15_15950.png,увеличиваться,увеличиваться.
images_group_13_15_15952.png,Вѣдомость,Вѣдомость
images_group_13_15_15953.png,о,о
images_group_13_15_15954.png,фабрикахъ,фабрикахъ
images_group_13_15_15955.png,и заю-,и заво-
images_group_13_15_15957.png,приложена,приложена
images_group_13_15_15958.png,подъ,подъ
images_group_13_15_15959.png,No17.,No17.
images_group_13_15_15960.png,Въ,Въ
images_group_13_15_15961.png,Енисйской,Енисейской
images_group_13_15_15962.png,губерніи,губерніи
images_group_13_15_15964.png,По,Къ
images_group_13_15_15965.png,шелу,числу
images_group_13_15_15966.png,сего,сего
images_group_13_15_15967.png,рода,роди
images_group_13_15_15968.png,заведеній,заведеній
images_group_13_15_15969.png,"буетъ,","вустъ,"
images_group_13_15_15970.png,казенный,казенный
images_group_13_15_15971.png,домчена,должена
images_group_13_15_15972.png,быть,быть
images_group_13_15_15973.png,отнесена,отнесена
images_group_13_15_15974.png,довыча,добыча
images_group_13_15_15976.png,золота,золота
images_group_13_15_15977.png,и,и
images_group_13_15_15978.png,ломка,ломка
images_group_13_15_15979.png,графита,графита
images_group_13_15_15980.png,на,на
images_group_13_15_15981.png,лотовая,лотовая
images_group_13_15_15982.png,частныхъ,частныхъ
images_group_13_15_15983.png,прискахъ.,пріискахъ.
images_group_13_15_15984.png,Въ,Въ
images_group_13_15_15985.png,1863,1863
images_group_13_15_15986.png,производились,производились
images_group_13_15_15987.png,работы,работы
images_group_13_15_15988.png,на,на
images_group_13_15_15989.png,"151,","151,"
images_group_13_15_15990.png,и,и
images_group_13_15_15991.png,заработка,заработка
images_group_13_15_15992.png,и,и
images_group_13_15_15993.png,Въ,Въ
images_group_13_15_15994.png,развѣдка,развѣдка
images_group_13_15_15995.png,на,на
images_group_13_15_15996.png,68,68
images_group_13_15_15997.png,частныхъ,частныхъ
images_group_13_15_15998.png,зало,золо
images_group_13_15_15999.png,водѣ,водѣ
images_group_13_15_16000.png,тыхъ,тыхъ
images_group_13_15_16001.png,промышлахъ.,промыслахъ.
images_group_13_15_16002.png,Золота,Золота
images_group_13_15_16003.png,по,по
images_group_13_15_16004.png,лучено,лучено
images_group_13_15_16005.png,пуб.,пуд.
images_group_13_15_16006.png,2 ф.,2 ф.
images_group_13_15_16007.png,54 зол,54 зол.
images_group_13_15_16008.png,и,и
images_group_13_15_16009.png,58 долг.,58 дня.
images_group_13_15_16010.png,сортовъ,сортовъ
images_group_13_15_16011.png,Противъ,Противъ
images_group_13_15_16012.png,1862,1862
images_group_13_15_16013.png,года,года
images_group_13_15_16014.png,намыто,нашито
images_group_13_15_16015.png,золота,золота
images_group_13_15_16016.png,болѣе,болѣе
images_group_13_15_16017.png,б пуд.,5 пуд.
images_group_13_15_16018.png,34 ф.,34ф.
images_group_13_15_16019.png,85 зд.,85 зол.
images_group_13_15_16020.png,ныхъ,ныхъ
images_group_13_15_16021.png,дой.,дол.
images_group_13_15_16022.png,тано,тано
images_group_13_15_16023.png,38 3/4 к.,38 3/4 м.
images_group_13_15_16024.png,заоста,золота
images_group_13_15_16025.png,производи,производи
images_group_13_15_16026.png,лась,лась
images_group_13_15_16028.png,усвоеннымъ,усвоеннымъ
images_group_13_15_16029.png,спосо-,спосо-
images_group_13_15_16030.png,бомъ.,былъ.
images_group_13_15_16031.png,Золотосодержащіе,Золотосодержащіе
images_group_13_15_16032.png,пески,пески
images_group_13_15_16033.png,на,на
images_group_13_15_16034.png,"четырехъ,",четырехъ
images_group_13_15_16035.png,открытахъ,открытахъ
images_group_13_15_16036.png,"1863 г.,","1863г.,"
images_group_13_15_16037.png,промывались,промывались
images_group_13_15_16038.png,на,на
images_group_13_15_16039.png,мелѣзныхъ,желѣзныхъ
images_group_13_15_16040.png,частныхъ,частныхъ
images_group_13_15_16041.png,заводъ,заводахъ.
images_group_13_15_16042.png,"вочкахъ,","бочкахъ,"
images_group_13_15_16043.png,"чашахъ,","чашахъ,"
images_group_13_15_16044.png,"боронахъ,","воронахъ,"
images_group_13_15_16045.png,Частные,Частные
images_group_13_15_16046.png,бутарахъ,бутарахъ
images_group_13_15_16047.png,изо,изо-
images_group_13_15_16048.png,исключеніемъ,исключеніемъ
images_group_13_15_16049.png,брѣтеннаго,брѣтеннаго
images_group_13_15_16050.png,Губернскимъ,Губернскимъ
images_group_13_15_16051.png,Сек,Сек
images_group_13_15_16052.png,ма,ма
images_group_13_15_16053.png,ретаремъ,ретаремъ
images_group_13_15_16055.png,Пес,Пес
images_group_13_1432_16160.png,7,7.
images_group_13_1433_16161.png,р. Гурьно;,Typhus
images_group_13_1440_16304.png,нія,нія
images_group_13_1460_16454.png,содержаніе,содержаніе
images_group_13_1460_16455.png,ОСТАЮТСЯ,ОСТАЮТСЯ
images_group_13_1483_16688.png,Церквей,Церквей
images_group_13_1485_16699.png,Церкви,Церкви
images_group_13_1485_16700.png,итого-,итого-
images_group_13_15_16741.png,въ,въ
images_group_13_15_16742.png,селѣ,силѣ
images_group_13_15_16743.png,Троицкомъ,Троицкомъ
images_group_13_15_16744.png,заводъ,заводъ
images_group_13_15_16745.png,и,и
images_group_13_15_16747.png,мо-,мо-
images_group_13_15_16748.png,фабрика,фабрика
images_group_13_15_16749.png,для,для
images_group_13_15_16750.png,выплавки,выплавки
images_group_13_15_16751.png,рубы,руды
images_group_13_15_16752.png,и,и
images_group_13_15_16753.png,выдѣлки,выдѣлки
images_group_13_15_16754.png,железа,железа
images_group_13_15_16755.png,и,и
images_group_13_15_16756.png,138 част,138 част
images_group_13_15_16757.png,ныхъ,ныхъ
images_group_13_15_16758.png,фабрикъ,фабрикъ
images_group_13_15_16759.png,и заводовъ,и заводовъ.
images_group_13_15_16760.png,1863,1863
images_group_13_15_16761.png,году,году
images_group_13_15_16762.png,на,на
images_group_13_15_16763.png,Троицкомъ,Троицкомъ
images_group_13_15_16764.png,за,за
images_group_13_15_16765.png,выварено,выварено
images_group_13_15_16766.png,соли,соли
images_group_13_15_16767.png,"95,347","95,347"
images_group_13_15_16768.png,пуд.,пуд.
images_group_13_15_16769.png,горун.,2 оруж.
images_group_13_15_16770.png,на,на
images_group_13_15_16771.png,"49,97","49,977"
images_group_13_15_16772.png,руб.,руб.
images_group_13_15_16773.png,и,и
images_group_13_15_16774.png,получено,получено
images_group_13_15_16775.png,разныхъ,разныхъ
images_group_13_15_16776.png,жилѣза,желѣза
images_group_13_15_16777.png,685,685
images_group_13_15_16778.png,пуд.,пуд.
images_group_13_15_16779.png,33,33
images_group_13_15_16780.png,фун.,фун.
images_group_13_15_16781.png,на,на
images_group_13_15_16782.png,1455,1455
images_group_13_15_16783.png,руб.,руб.
images_group_13_15_16784.png,79 1/4,79 1/4
images_group_13_15_16785.png,коп.,коп.
images_group_13_15_16786.png,на,на
images_group_13_15_16787.png,всѣхъ,всѣхъ
images_group_13_15_16788.png,заводахъ,заводахъ
images_group_13_15_16789.png,и,и
images_group_13_15_16790.png,срабитахъ,фабрикахъ
images_group_13_15_16791.png,вырадо-,вырабо-
images_group_13_15_16792.png,издѣлій,издѣлій
images_group_13_15_16793.png,на,на
images_group_13_15_16794.png,"507,84","507,784"
images_group_13_15_16795.png,руб.,руб.
images_group_13_15_16796.png,противъ,противъ
images_group_13_15_16797.png,1362,1862.
images_group_13_15_16798.png,года,года
images_group_13_15_16799.png,болѣе,болѣе
images_group_13_15_16800.png,на,на
images_group_13_15_16801.png,"439,059 р.","439,059 р."
images_group_13_15_16802.png,38 3/4,38 3/4
images_group_13_15_16803.png,"коп.,","коп.,"
images_group_13_15_16804.png,въ томъ,въ томъ
images_group_13_15_16805.png,числѣ,числѣ
images_group_13_15_16806.png,"411,847 р.","411,347 р."
images_group_13_15_16807.png,38 3/4к,38 3/4 к.
images_group_13_15_16808.png,винокуренныхъ,винокуренныхъ
images_group_13_15_16809.png,заводы,заводы
images_group_13_15_16810.png,и,и
images_group_13_15_16811.png,фабрики,фабрики
images_group_13_15_16812.png,за,за
images_group_13_15_16813.png,"винокуренныхъ,","винокуренныхъ,"
images_group_13_15_16815.png,незначительны,незначительны
images_group_13_15_16816.png,и,и
images_group_13_15_16817.png,качеству,качеству
images_group_13_15_16818.png,и,и
images_group_13_15_16819.png,въ,въ
images_group_13_15_16821.png,Добыча,Добыча
images_group_13_15_16822.png,и,и
images_group_13_15_16823.png,77 р.,77 1/2
images_group_13_1425_16998.png,на,на
images_group_13_1425_16999.png,1.),1.)
images_group_13_1433_17022.png,Падежи.,Падежи.
images_group_13_1436_17027.png,призрѣваемые,призрѣваемые
images_group_13_1436_17028.png,4-й,4-й
images_group_13_1436_17029.png,день,день
images_group_13_1449_17079.png,дѣлопроизводству,дѣлопроизводству
images_group_13_1449_17080.png,по,по
images_group_13_1452_17109.png,"30,",30.?
images_group_13_1452_17110.png,Октября,Октября
images_group_13_1457_17121.png,Декабря,Декабря
images_group_13_1457_17122.png,Мѣщанина,Мѣщанина
images_group_13_1457_17123.png,Апрѣля,Апрѣля
images_group_13_1457_17124.png,Алексѣйя,Алексѣя
images_group_13_1457_17125.png,и,и
images_group_13_1460_17152.png,По,По
images_group_13_1460_17153.png,отношенію,отношенію
images_group_13_1460_17154.png,Дѣло,Дѣло
images_group_13_1460_17155.png,это,это
images_group_13_1460_17156.png,происхо-,происхо-
images_group_13_1460_17157.png,разными,разными
images_group_13_1460_17158.png,мѣстами,мѣстами
images_group_13_1460_17159.png,и,и
images_group_13_1460_17160.png,лицами,лицами
images_group_13_1460_17161.png,недоимки,недоимки
images_group_13_1460_17162.png,за,за
images_group_13_1460_17163.png,за,за
images_group_13_1460_17164.png,недо-,недо-
images_group_13_1460_17165.png,предписаніями,предпісаніями
images_group_13_1460_17166.png,Iюня,Iюня
images_group_13_1460_17167.png,1868г.,1868 г
images_group_13_1460_17168.png,повтореннымъ,повтореннымъ
images_group_13_1460_17169.png,а,а
images_group_13_1460_17170.png,гол,20й
images_group_13_1460_17171.png,за,за
images_group_13_1460_17172.png,No,No
images_group_13_1460_17173.png,Оскорѣйшемъ,О скорѣйшемъ
images_group_13_1460_17174.png,доставленіи,доставленіи
images_group_13_1460_17175.png,Полицейскому,Полицейскому
images_group_13_1460_17176.png,"5582,","5582,"
images_group_13_1460_17177.png,а,а
images_group_13_1460_17179.png,понужденіи,понужденіи
images_group_13_1460_17180.png,га,за
images_group_13_1460_17181.png,инфорческихъ,инородческихъ
images_group_13_1471_17204.png,остающейся,остающейся
images_group_13_1483_17252.png,1.,1.
images_group_13_1483_17253.png,1.,1.
images_group_13_1483_17254.png,1.,1.
images_group_13_1485_17260.png,303301,"303,301"
images_group_13_1485_17261.png,необработанной,необработанной-
images_group_13_1410_17306.png,розды,ѣзды
images_group_13_1410_17307.png,вѣрховой,вѣрховой
images_group_13_1425_17314.png,На,На
images_group_13_1425_17315.png,поселеніе:,поселеніе:
images_group_13_1432_17318.png,на,на
images_group_13_1432_17319.png,лицо,лицо
images_group_13_1410_17322.png,постоянныхъ,постоянныхъ
images_group_13_1410_17323.png,5.,5.
images_group_13_1410_17324.png,Дьяконовъ,Дьяконовъ
images_group_13_1410_17325.png,2,2
images_group_13_1410_17326.png,5,5
images_group_13_1410_17327.png,коп.,коп.
images_group_13_1412_17328.png,золотыхъ,золотыхъ
images_group_13_1412_17329.png,на,на
images_group_13_1412_17330.png,состоялъ,состоялъ
images_group_13_1412_17331.png,1.,1.
images_group_13_1440_17676.png,-какъ,какъ
images_group_13_1440_17677.png,1867,1867
images_group_13_1440_17678.png,года,года
images_group_13_1431_17863.png,16,16_
images_group_13_1431_17864.png,хорошо,хорошо
images_group_13_1431_17865.png,Польское,Польское
images_group_13_1431_17866.png,110,110
images_group_13_1433_17867.png,умерло,умерло
images_group_13_1433_17868.png,132.,_132.
images_group_13_1436_17873.png,1868,1868
images_group_13_1436_17874.png,"году,","году,"
images_group_13_1436_17875.png,38,38
images_group_13_1436_17876.png,рублей,рублей
images_group_13_1436_17877.png,рѣно,рѣно
images_group_13_1436_17878.png,34,34
images_group_13_1436_17879.png,7260,1260
images_group_13_1436_17880.png,капитала,капитала
images_group_13_1440_17887.png,1868,1868
images_group_13_1440_17888.png,года.,года.
images_group_13_1440_17889.png,1868,1868
images_group_13_1440_17890.png,году,году
images_group_13_1452_17912.png,за,за
images_group_13_1452_17913.png,No,No
images_group_13_1452_17914.png,5717.,5717.
images_group_13_1452_17915.png,За,За
images_group_13_1452_17916.png,недостижениемъ,недостиженіемъ
images_group_13_1471_18107.png,въ,въ
images_group_13_1471_18108.png,Государствен-,Государствен-
images_group_13_1471_18109.png,"а.,",а.)
images_group_13_1471_18110.png,Въ,Въ
images_group_13_1471_18111.png,мы,мы
images_group_13_1471_18112.png,2850 р.,2850р.
images_group_13_1471_18113.png,а,а
images_group_13_1471_18114.png,24925 р.,24925 р.
images_group_13_1483_18186.png,1.,1
images_group_13_1483_18187.png,1,1
images_group_13_1485_18200.png,330.,330.
images_group_13_1485_18201.png,39,39
images_group_13_15_18339.png,издѣлій,издѣлій
images_group_13_15_18340.png,"Э11,","ж,"
images_group_13_15_18341.png,Заводы,Заводы.
images_group_13_15_18342.png,году,году
images_group_13_15_18343.png,665,665
images_group_13_15_18344.png,въ,въ
images_group_13_15_18347.png,по,по
images_group_36_5796_2934.png,2.ч.,227
images_group_36_5796_2935.png,842,842
images_group_36_5796_2936.png,910,910
images_group_36_5796_2937.png,25,25
images_group_36_5796_2938.png,8,8
images_group_36_5796_2955.png,отчетъ,отчетъ
images_group_36_5796_2956.png,губерніи,губерніи
images_group_36_5796_2961.png,дал,1906
images_group_36_5796_2964.png,520.,520.
images_group_36_5796_2965.png,Юб.,202
images_group_36_5796_2966.png,Архивный,Архивный
images_group_36_5796_2967.png,Ж,No
images_group_36_5796_2972.png,910,910
images_group_36_5796_2973.png,Поэти,No 25 опись
images_group_36_5796_2975.png,-8,8
images_group_36_5796_2979.png,туть-же,тутъ-же
images_group_36_5796_2980.png,"""",11
images_group_36_5796_2981.png,статиезмечению,статистическихъ
images_group_36_5796_2982.png,таблицы,таблицъ
images_group_36_5796_2983.png,отпер,отчет
images_group_36_5796_2985.png,за,за
images_group_36_5796_2986.png,1901,1901
images_group_36_5796_2987.png,годъ,годъ
images_group_36_5796_2988.png,(Котча),(Копія)
images_group_36_5796_2990.png,786виста,7 Августа
images_group_36_5796_2991.png,1902г.,"1902 г,"
images_group_36_5796_2992.png,1904г.,1904 г.
images_group_36_5796_2994.png,93-,93-
images_group_36_5796_3003.png,25,25
images_group_36_5796_3004.png,910,910
images_group_36_5796_3005.png,842,842
images_group_36_5796_3006.png,8,8
images_group_36_5797_3011.png,4723,4723
images_group_36_5797_3012.png,1/2,1а
images_group_36_5797_3013.png,520.,520.
images_group_36_5797_3014.png,12.,Къ
images_group_36_5797_3035.png,Ую,Iю
images_group_36_5797_3036.png,ля,ля
images_group_36_5797_3037.png,31,31
images_group_36_5797_3038.png,дня,дня
images_group_36_5797_3039.png,1902 г.,1902 г.
images_group_36_5797_3040.png,No 6289,No6289.
images_group_36_5797_3062.png,1.,г.
images_group_36_5797_3064.png,Потравляющій,Исправляющій
images_group_36_5797_3065.png,должность,должность
images_group_36_5797_3066.png,горунаторъ,губернаторъ
images_group_36_5797_3067.png,Лиф-,ваш-
images_group_36_5797_3068.png,прорикторъ,губернатор
images_group_36_5797_3071.png,у,у
images_group_36_5797_3075.png,Старшій,Старшій
images_group_36_5797_3076.png,Совѣтникъ,Совѣтникъ
images_group_36_5797_3080.png,этопопроизводитель,Дѣлопроизводитель
images_group_36_5808_6443.png,Подмный,Подлиный
images_group_36_5808_6444.png,подписалъ,подписалъ
images_group_36_5808_6445.png,И.,И.
images_group_36_5808_6446.png,д.,д.
images_group_36_5808_6447.png,Енисейскаго,Енисейскаго
images_group_36_5808_6448.png,"Губернатора,","Губернатора,"
images_group_36_5808_6449.png,Вице-,Вице-
images_group_36_5808_6450.png,Губер-,Губер-
images_group_36_5808_6451.png,наторъ,наторъ
images_group_36_5808_6452.png,Сазоновъ.,Сазоновъ.
images_group_36_5808_6453.png,Вѣрно:,Вѣрно:
images_group_36_5808_6454.png,Старшій,Старшій
images_group_36_5808_6455.png,Совѣтникъ,Совѣтникъ
images_group_36_5815_7595.png,12.,12.
images_group_36_5817_8120.png,13,13
images_group_36_5825_10708.png,17.,17.
images_group_36_5835_14094.png,22.,22.
images_group_36_5857_21722.png,83,33.
images_group_36_5796_25541.png,Всеподданый,Всеподданнѣйшій
images_group_36_5796_25542.png,о,о
images_group_36_5796_25543.png,состояніи,состояніи
images_group_36_5821_25973.png,15.,15.
images_group_36_5845_26008.png,37,27
images_group_39_6290_569.png,66,66
images_group_39_6290_574.png,1992,1892
images_group_39_632_10714.png,134,134
images_group_39_632_10715.png,133,133
images_group_39_632_10828.png,32-го,32 го
images_group_39_632_10829.png,Кременчугскаго,Кременчугскаго
images_group_39_632_10830.png,417.,417.
images_group_39_632_10831.png,Григорій,Григорій
images_group_39_632_10832.png,Тимофѣевъ,Тимофѣевъ
images_group_39_632_10833.png,въ с.,въ с.
images_group_39_632_10834.png,Троимъ,Троиц-
images_group_39_632_10835.png,разными,разными
images_group_39_632_10836.png,робота,работа-
images_group_39_632_10837.png,423.,423.
images_group_39_632_10838.png,Данило,Данило
images_group_39_632_10839.png,Абросимовъ,Абросимовъ
images_group_39_632_10840.png,въ с.,въ С.
images_group_39_632_10841.png,Нижне,Нижне
images_group_39_632_10842.png,Надлеченко.,Надлеченко.
images_group_39_632_10843.png,ми.,ми.
images_group_39_632_10844.png,Яковлевъ.,Яковлевъ.
images_group_39_632_10845.png,Ингашевскомъ.,Ингашевскомъ.
images_group_39_632_10846.png,26-го,26-го
images_group_39_632_10847.png,Мошлевскаго,Могилевскаго
images_group_39_632_10848.png,Рядовые,Рядовые
images_group_39_632_10849.png,рядовой.,рядовой.
images_group_39_632_10850.png,Семенъ,Семенъ
images_group_39_632_10851.png,Ивановъ,Ивановъ
images_group_39_632_10852.png,въ,въ
images_group_39_632_10853.png,с.,с.
images_group_39_632_10854.png,Устьян-,Устьян
images_group_39_632_10855.png,работами,работами
images_group_39_632_10856.png,418,418
images_group_39_632_10857.png,Семенъ,Семенъ
images_group_39_632_10858.png,Ивановъ,Ивановъ
images_group_39_632_10859.png,въ,въ
images_group_39_632_10860.png,с.,с.
images_group_39_632_10861.png,Шело-,Шело-
images_group_39_632_10862.png,Мезенинъ.,Мезенинъ.
images_group_39_632_10863.png,скомъ.,скомъ.
images_group_39_632_10864.png,Усовъ.,Усовъ.
images_group_39_632_10865.png,работами,работами
images_group_39_632_10866.png,425.,425.
images_group_39_632_10867.png,Степанъ,Степанъ
images_group_39_632_10868.png,Ивановъ,Ивановъ
images_group_39_632_10869.png,въ,въ
images_group_39_632_10870.png,Кон-,Кон-
images_group_39_632_10871.png,27-го,27-го
images_group_39_632_10872.png,Витебскаго.,Витебскаго.
images_group_39_632_10873.png,торскомъ.,торскомъ.
images_group_39_632_10874.png,Яковлевъ.,Яковлевъ.
images_group_39_632_10875.png,426.,426.
images_group_39_632_10876.png,Данило,Данило
images_group_39_632_10877.png,Ефимовъ,Ефимовъ
images_group_39_632_10878.png,въ,въ
images_group_39_632_10879.png,Урин-,Урин-
images_group_39_632_10880.png,419,419
images_group_39_632_10881.png,Мокѣй,Мокѣй
images_group_39_632_10882.png,въ,въ
images_group_39_632_10883.png,дер,дер.
images_group_39_632_10884.png,скомъ,скомъ
images_group_39_632_10885.png,Герасимовъ.,Герасимовъ.
images_group_39_632_10886.png,Волковъ.,Волковъ.
images_group_39_632_10887.png,Малоуринской,Малоуринской
images_group_39_632_10888.png,38,38
images_group_39_632_10889.png,Тобольскаго,Тобольскаго
images_group_39_632_10890.png,28го,28-го
images_group_39_632_10891.png,Полацкаго,Полоцкаго
images_group_39_632_10892.png,рядовой,рядовой
images_group_39_632_10893.png,рядовые,рядовые
images_group_39_632_10894.png,427.,427.
images_group_39_632_10895.png,Трофимъ,Трофимъ
images_group_39_632_10896.png,Елексій,Елексій
images_group_39_632_10897.png,въ,въ
images_group_39_632_10898.png,дер.,дер.
images_group_39_632_10899.png,Верх,Верх-
images_group_39_632_10900.png,420,420
images_group_39_632_10901.png,"Уваръ,",Уваръ
images_group_39_632_10902.png,Федоровъ,Федоровъ
images_group_39_632_10903.png,въ,въ
images_group_39_632_10904.png,дер.,дер.
images_group_39_632_10905.png,Крестьянскими,Крестьянскими
images_group_39_632_10906.png,неингашевской,неингашевской
images_group_39_632_10907.png,Хлѣбопа-,Хлѣбопа-
images_group_39_632_10908.png,Уярской.,Уярской.
images_group_39_632_10909.png,41.,41.
images_group_39_632_10910.png,Селенчинскаго.,Селенгинскаго.
images_group_39_632_10911.png,421.,421.
images_group_39_632_10912.png,Захаръ,Захаръ
images_group_39_632_10913.png,Хабаровъ,Хабаровъ
images_group_39_632_10914.png,въ с.,въ с.
images_group_39_632_10915.png,Илан,Илан-
images_group_39_632_10916.png,рядовой,рядовой
images_group_39_632_10917.png,скомъ.,скомъ.
images_group_39_632_10918.png,428.,428.
images_group_39_632_10919.png,Давыдъ,Давыдъ
images_group_39_632_10920.png,Сергѣевъ,Сергѣевъ
images_group_39_632_10921.png,въ,въ
images_group_39_632_10922.png,дер.,дер.
images_group_39_632_10923.png,422 Иванъ,422 Иванъ
images_group_39_632_10924.png,Капитоновъ,Капитоновъ
images_group_39_632_10925.png,въ,въ
images_group_39_632_10926.png,дер.,дер.
images_group_39_632_10927.png,Прутовъ.,Прутовъ.
images_group_39_632_10928.png,Ношиной.,Ношиной.
images_group_39_632_10929.png,Васильевъ.,Васильевъ.
images_group_39_632_10930.png,Курышинской,"Курышинской,"
images_group_39_632_10931.png,работами.,работами.
images_group_39_634_11165.png,136 135,136 135
images_group_39_634_11275.png,Финляндскаго,Финляндскаго:
images_group_39_634_11277.png,рядовой,рядовой
images_group_39_634_11278.png,72-го,72-го
images_group_39_634_11279.png,Тульскаго.,Тульскаго.
images_group_39_634_11280.png,446,446
images_group_39_634_11281.png,Арсаній,Арсеній
images_group_39_634_11282.png,Васильевъ,Васильевъ
images_group_39_634_11283.png,въ С.,въ с.
images_group_39_634_11284.png,План-,Илан-
images_group_39_634_11285.png,рядовой,рядовой
images_group_39_634_11286.png,Морѣевъ.,Морѣевъ.
images_group_39_634_11287.png,скомъ.,скомъ.
images_group_39_634_11288.png,442,442
images_group_39_634_11289.png,Фокей,Фокей
images_group_39_634_11290.png,Васильевъ,Васильевъ
images_group_39_634_11291.png,въ дер.,въ дер.
images_group_39_634_11292.png,Аш-,Аш-
images_group_39_634_11293.png,Бурмакинъ,Бурмакинъ.
images_group_39_634_11294.png,каульской.,каульской.
images_group_39_634_11295.png,Изъ,Изъ
images_group_39_634_11296.png,Облегченной,Облегченной
images_group_39_634_11297.png,80-го,80-го
images_group_39_634_11298.png,Кавардинскаго,Кабардинскаго
images_group_39_634_11299.png,No,No
images_group_39_634_11300.png,3-го,3-го
images_group_39_634_11301.png,Батареи,батареи
images_group_39_634_11302.png,Крестьянскими,Крестьянскими
images_group_39_634_11303.png,рядовой,рядовой
images_group_39_634_11304.png,443.,443.
images_group_39_634_11305.png,Иванъ,Иванъ
images_group_39_634_11306.png,Петровъ,Петровъ
images_group_39_634_11307.png,въ,въ
images_group_39_634_11308.png,дер.,дер.
images_group_39_634_11309.png,Клю-,Клю-
images_group_39_634_11310.png,Артиллерійской,Артиллерійской
images_group_39_634_11311.png,работами.,работами.
images_group_39_634_11312.png,Зыряновъ.,Зыряновъ.
images_group_39_634_11313.png,чинской.,чинской.
images_group_39_634_11314.png,Бригады:,Бригады.
images_group_39_634_11315.png,82-го,82-го
images_group_39_634_11316.png,Дагестанскаго,Дагестанскаго
images_group_39_634_11317.png,Бомбардиры:,Бомбардиры:
images_group_39_634_11318.png,рядовой,рядовой
images_group_39_634_11319.png,447.,447.
images_group_39_634_11320.png,Василій,Василій
images_group_39_634_11321.png,Михѣевъ,Михѣевъ
images_group_39_634_11322.png,въ с.,въ с.
images_group_39_634_11323.png,Анцыр,Анцыр-
images_group_39_634_11324.png,444,444
images_group_39_634_11325.png,Иванъ,Иванъ
images_group_39_634_11326.png,Михайловъ,Михайловъ
images_group_39_634_11327.png,въ дер.,въ дер.
images_group_39_634_11328.png,Старо,Старо-
images_group_39_634_11329.png,Окладниковъ.,Окладниковъ.
images_group_39_634_11330.png,скомъ.,скомъ.
images_group_39_634_11331.png,поимской.,поимской.
images_group_39_634_11332.png,448,448
images_group_39_634_11333.png,Никифоръ,Никифоръ
images_group_39_634_11334.png,Торентьевъ,Терентьевъ
images_group_39_634_11335.png,въ с.,въ с.
images_group_39_634_11336.png,Коро-,Коро-
images_group_39_634_11337.png,Изъ,Изъ
images_group_39_634_11338.png,Лейбъ-,Лейбъ-
images_group_39_634_11339.png,Гавріи,Гвардіи
images_group_39_634_11340.png,Анцыферовъ.,Анцыферовъ.
images_group_39_634_11341.png,стелевскомъ.,стелевскомъ.
images_group_39_634_11342.png,пѣхотныхъ,пѣхотныхъ
images_group_39_634_11343.png,полковъ.,полковъ:
images_group_39_634_11344.png,449,449
images_group_39_634_11345.png,Степанъ,Степанъ
images_group_39_634_11346.png,Нако-,Нако-
images_group_39_634_11347.png,въ,въ
images_group_39_634_11348.png,дер.,дер.
images_group_39_634_11349.png,Но-,Но-
images_group_39_634_11350.png,Сапожнымъ,Сапожнымъ
images_group_39_634_11351.png,ма-,ма-
images_group_39_634_11352.png,Хлѣбопашествомъ.,Хлѣбопашествомъ
images_group_39_634_11353.png,Измайловскаго,Измайловскаго
images_group_39_634_11354.png,шинъ.,шинъ.
images_group_39_634_11355.png,шиной.,шиной.
images_group_39_634_11356.png,стерствомъ.,стерствомъ.
images_group_39_634_11357.png,рядовой,рядовой
images_group_39_634_11358.png,445,445
images_group_39_634_11359.png,Харитонъ,Харитонъ
images_group_39_634_11360.png,Мокѣевъ,Мокѣевъ
images_group_39_634_11361.png,въ,въ
images_group_39_634_11362.png,дере,дер.
images_group_39_634_11363.png,450,450
images_group_39_634_11364.png,Терентій,Терентій
images_group_39_634_11365.png,Касниковъ.,Касниковъ.
images_group_39_634_11366.png,въ с.,въ с.
images_group_39_634_11367.png,Тасѣевскимъ,Тасѣевскомъ
images_group_39_634_11368.png,Хлѣбопашествомъ,Хлѣбопашествомъ
images_group_39_634_11369.png,Очурчиковой,Огурчиковой
images_group_39_635_11372.png,138,138
images_group_39_635_11373.png,137,137
images_group_39_635_11374.png,No36,136
images_group_39_635_11405.png,137,137
images_group_39_635_11434.png,451,451
images_group_39_635_11435.png,Ульянъ,Ульянъ
images_group_39_635_11436.png,Агаповъ,Агаповъ
images_group_39_635_11437.png,въ,въ
images_group_39_635_11438.png,дер.,дер.
images_group_39_635_11440.png,Кутергинъ.,Кутергинъ.
images_group_39_635_11441.png,начульской.,начульской.
images_group_39_635_11442.png,Крестьянскими,Крестьянскими
images_group_39_635_11443.png,452,452
images_group_39_635_11444.png,Филимонъ,Филимонъ
images_group_39_635_11445.png,Присъ,Прыт-
images_group_39_635_11446.png,въ,въ
images_group_39_635_11447.png,с.,с.
images_group_39_635_11448.png,Урин-,Урин-
images_group_39_635_11449.png,рядовые,рядовые
images_group_39_635_11450.png,457.,457.
images_group_39_635_11451.png,Василій,Василій
images_group_39_635_11452.png,с.,с.
images_group_39_635_11453.png,Елов-,Елов-
images_group_39_635_11454.png,ковъ.,ковъ.
images_group_39_635_11455.png,скомъ.,скомъ.
images_group_39_635_11456.png,Жиляевъ.,Жиляевъ.
images_group_39_635_11457.png,скомъ.,скомъ.
images_group_39_635_11458.png,453.,453.
images_group_39_635_11459.png,Николай,Николай
images_group_39_635_11460.png,Логиновъ,Логиновъ
images_group_39_635_11461.png,въ,въ
images_group_39_635_11462.png,селѣ,селѣ
images_group_39_635_11463.png,458.,458.
images_group_39_635_11464.png,Денисъ,Денисъ
images_group_39_635_11465.png,Никифоровъ,Никифоровъ
images_group_39_635_11466.png,тоже.,тоже.
images_group_39_635_11467.png,работами.,работами.
images_group_39_635_11468.png,Тинскомъ,Тинскомъ
images_group_39_635_11469.png,Метелкинъ,Метелкинъ
images_group_39_635_11470.png,Колонов-,Колонов-
images_group_39_635_11471.png,въ,въ
images_group_39_635_11472.png,дер.,дер.
images_group_39_635_11473.png,459.,459.
images_group_39_635_11474.png,Тимофей,Тимофей
images_group_39_635_11475.png,Лазаревъ,Лазаревъ
images_group_39_635_11476.png,въ с.,въ с.
images_group_39_635_11477.png,Кур-,Кур-
images_group_39_635_11478.png,Портнымъ,Портнымъ
images_group_39_635_11479.png,скій.,скій.
images_group_39_635_11481.png,батовскомъ,батовскомъ
images_group_39_635_11482.png,Лыткинъ.,Лыткинъ.
images_group_39_635_11483.png,рядовой.,рядовой.
images_group_39_635_11484.png,460,460.
images_group_39_635_11485.png,Прокопій,Прокопій
images_group_39_635_11486.png,Макаровъ,Макаровъ
images_group_39_635_11487.png,въ,въ
images_group_39_635_11488.png,дер.,дер.
images_group_39_635_11489.png,На-,На
images_group_39_635_11490.png,Крестьянскими,Крестьянскими
images_group_39_635_11491.png,455.,455.
images_group_39_635_11492.png,Илья,Илья
images_group_39_635_11493.png,Мухлыгинъ.,Мухлыгинъ.
images_group_39_635_11494.png,въ,въ
images_group_39_635_11495.png,дер.,дер.
images_group_39_635_11496.png,Хлѣбопашествомъ,Хлѣбопашествомъ
images_group_39_635_11497.png,Шпагинъ.,Шпагинъ.
images_group_39_635_11498.png,горновой.,горновой.
images_group_39_635_11499.png,Юдиной.,Юдиной.
images_group_39_635_11500.png,461.,461.
images_group_39_635_11501.png,Прокопій,Прокопій
images_group_39_635_11502.png,Гордѣевъ,Гордѣевъ
images_group_39_635_11503.png,въ,въ
images_group_39_635_11504.png,с.,с.
images_group_39_635_11505.png,Краснов-,Краснов-
images_group_39_635_11506.png,Усковъ.,Усковъ.
images_group_39_635_11507.png,скомъ.,скомъ.
images_group_39_635_11508.png,Ачинскаго,Ачинскаго
images_group_39_635_11509.png,Округа.,Округа.
images_group_39_635_11510.png,462,462
images_group_39_635_11511.png,Харитонъ,Харитонъ
images_group_39_635_11512.png,Сергѣевй,Сергѣевъ
images_group_39_635_11513.png,въ с.,въ с.
images_group_39_635_11514.png,Ужур-,Ужур-
images_group_39_635_11515.png,Сапожнымъ,Сапожнымъ
images_group_39_635_11516.png,скомъ.,скомъ.
images_group_39_635_11517.png,мастерствомъ.,мастерствомъ.
images_group_39_635_11518.png,Изъ,Изъ
images_group_39_635_11519.png,Оренбургскихъ,Оренбургскихъ
images_group_39_635_11520.png,Носовъ.,Носовъ.
images_group_39_635_11521.png,Линейныхъ,Линейныхъ
images_group_39_635_11522.png,баталіоновъ,баталіоновъ
images_group_39_635_11523.png,No 2-го,No 2-го
images_group_39_635_11524.png,No No-го,No 1-го
images_group_39_635_11525.png,унтеръ,Унтеръ
images_group_39_635_11526.png,офицеры:,офицеры:
images_group_39_635_11527.png,463,463
images_group_39_635_11528.png,Петръ,Петръ
images_group_39_635_11529.png,Федоровъ,Федоровъ
images_group_39_635_11530.png,въ,въ
images_group_39_635_11531.png,дер.,дер.
images_group_39_635_11532.png,Ерлы-,Ерлы-
images_group_39_635_11533.png,456.,456.
images_group_39_635_11534.png,Афонасій,Афонасій
images_group_39_635_11535.png,Ивановъ,Ивановъ
images_group_39_635_11536.png,Наза-,Наза-
images_group_39_635_11537.png,Хлѣбопашествомъ,Хлѣбопашествомъ
images_group_39_635_11538.png,Немеровъ.,Немеровъ.
images_group_39_635_11539.png,ковой.,ковой.
images_group_39_635_11540.png,Ворсинъ.,Ворсинъ.
images_group_39_635_11541.png,ровскомъ.,ровскомъ.
images_group_39_635_11542.png,464,464
images_group_39_635_11543.png,Ерофей,Ерофей
images_group_39_635_11544.png,Силинъ,Силинъ
images_group_39_635_11545.png,въ с.,въ с.
images_group_39_635_11546.png,Бари-,Бири-
images_group_39_635_11547.png,Шпагинъ.,Шпагинъ.
images_group_39_635_11548.png,люскомъ.,люскомъ.
images_group_39_635_11549.png,работами.,работами.
images_group_39_6448_14001.png,городовъ,городовыхъ
images_group_39_6448_14014.png,двухъ,двумъ
images_group_39_6448_14021.png,глады,завода
images_group_39_6448_14022.png,Гут,97
images_group_39_6448_14024.png,Губерніи,Губернских
images_group_39_6448_14028.png,о,и
images_group_39_6448_14029.png,Губерніи.,Губерніи
images_group_39_6448_14033.png,3-.,за-
images_group_39_6448_14037.png,(042),(149)
images_group_39_6448_14039.png,н,н
images_group_39_6448_14042.png,Губерніи,Губерна-
images_group_39_6448_14059.png,губерніи,Губерніи
images_group_39_6448_14061.png,тов-бы,тововыхъ
images_group_39_6448_14072.png,бытаіой,бытлевой
images_group_39_6448_14075.png,Соловькой,Енисейской
images_group_39_6448_14076.png,2 уб.ра,Губерні
images_group_39_6448_14082.png,заводятся,заводовыми
images_group_39_6448_14086.png,заводовъ,заводовъ
images_group_39_6455_14526.png,Канцелярію,Канцелярію
images_group_39_6455_14527.png,Комитетовъ,Комитетовъ
images_group_39_6455_14530.png,Кавказскаго,Кавказскаго
images_group_39_6455_14531.png,и,и
images_group_39_6455_14532.png,Сибирскаго,Сибирскаго
images_group_39_6455_14538.png,Общаю,Общаю
images_group_39_6455_14539.png,Губернскахъ,Губернскаго
images_group_39_6455_14540.png,Упражненія.,Управленія
images_group_39_6455_14541.png,19-й,19 ч
images_group_39_6455_14542.png,сего,сего
images_group_39_6455_14543.png,Мая,Мая
images_group_39_6455_14544.png,Отдаленіи,Отделеніе/
images_group_39_6455_14545.png,Министру,Министру
images_group_39_6455_14546.png,Внертію,Внутрен
images_group_39_6455_14548.png,25,25
images_group_39_6455_14549.png,Мая,Мая
images_group_39_6455_14550.png,1554,1854
images_group_39_6455_14551.png,нихъ,нихъ
images_group_39_6455_14552.png,Дѣлъ,дѣлъ
images_group_39_6455_14553.png,отчетъ,отчетъ
images_group_39_6455_14554.png,о состояніи,о состояніи
images_group_39_6455_14555.png,No 2686,No 2686
images_group_39_6455_14556.png,Высочайше,Высочайше
images_group_39_6455_14557.png,ввѣренной,ввѣренной
images_group_39_6455_14558.png,управленію,управленію
images_group_39_6455_14559.png,красноярского,Красноярскъ
images_group_39_6455_14560.png,моему,моему
images_group_39_6455_14561.png,Енисейской,Енисейской
images_group_39_6455_14562.png,Губерніи,Губерніи
images_group_39_6455_14563.png,за,За
images_group_39_6455_14564.png,1853 годъ,1853 годъ
images_group_39_6455_14565.png,съ слѣдующими,съ слѣдующими
images_group_39_6455_14566.png,къ нему,къ нему
images_group_39_6455_14567.png,приложеніями,"приложеніями,"
images_group_39_6455_14568.png,имею,имею
images_group_39_6455_14569.png,честь,честь
images_group_39_6455_14570.png,препроводить,препроводить
images_group_39_6455_14571.png,при имъ,при симъ
images_group_39_6455_14572.png,въ,въ
images_group_39_6455_14573.png,Канцелярію,Канцелярію
images_group_39_6455_14574.png,"Комитетовъ,",Комитетовъ
images_group_39_6455_14575.png,/,/
images_group_39_6455_14576.png,копію,копію
images_group_39_6455_14577.png,съ сего,съ сего
images_group_39_6455_14578.png,отчета,отчета
images_group_39_6455_14579.png,ніями.,ніями.
images_group_39_6455_14580.png,Гражданскій,Гражданскій
images_group_39_6455_14581.png,житольномъ,Начальникъ
images_group_39_6461_15035.png,"31,099г","31,099,"
images_group_39_6461_15036.png,более,болѣе
images_group_39_6461_15037.png,противу,противу
images_group_39_6461_15038.png,1852 года,1852 года
images_group_39_6461_15039.png,"1,587","1,587"
images_group_39_6461_15040.png,человѣками.,человѣками.
images_group_39_6461_15041.png,Умельшеніе,Уменьшеніе
images_group_39_6461_15042.png,довычи,добычи
images_group_39_6461_15043.png,золота,золота
images_group_39_6461_15044.png,должно,должно
images_group_39_6461_15045.png,къ,къ
images_group_39_6461_15046.png,постепенному,постепенному
images_group_39_6461_15047.png,истощенію,истощенію
images_group_39_6461_15048.png,Золотъ,золото
images_group_39_6461_15049.png,носныхъ,носныхъ
images_group_39_6461_15050.png,песковъ,песковъ.
images_group_39_6461_15051.png,О ходѣ,О ходѣ
images_group_39_6461_15052.png,и,и
images_group_39_6461_15053.png,успѣхѣ,успѣхѣ
images_group_39_6461_15054.png,золотопроизводства,золотопроизводство
images_group_39_6461_15055.png,прилагаются,прилагаютс
images_group_39_6461_15056.png,подробныя,подробныя
images_group_39_6461_15057.png,вѣдомости,вѣдомости
images_group_39_6461_15058.png,подъ-,подъ
images_group_39_6461_15060.png,"27,","27,"
images_group_39_6461_15061.png,28.,28.
images_group_39_6461_15062.png,29.,29.
images_group_39_6461_15063.png,30,30.
images_group_39_6461_15064.png,31.,31.
images_group_39_6461_15065.png,32.,"32,"
images_group_39_6461_15066.png,33,33
images_group_39_6461_15067.png,34.,34.
images_group_39_6461_15068.png,"з.,","з,"
images_group_39_6461_15069.png,Судоходство,Судоходство
images_group_39_6461_15070.png,Способные,Способные
images_group_39_6461_15071.png,къ,къ
images_group_39_6461_15072.png,судоходству,судоходству
images_group_39_6461_15073.png,рѣки,рѣки
images_group_39_6461_15074.png,въ,въ
images_group_39_6461_15075.png,Губерніи,Губерніи
images_group_39_6461_15076.png,"Енисей,","Енисей,"
images_group_39_6461_15077.png,"Туба,","Туба,"
images_group_39_6461_15078.png,верхняя,верхняя
images_group_39_6461_15079.png,и нижняя,и нижняя
images_group_39_6461_15080.png,Тунгуски.,Тунгуски.
images_group_39_6461_15081.png,Главнѣйшая,Главнѣйшая
images_group_39_6461_15082.png,пристань,пристань
images_group_39_6461_15083.png,"Губею,",Губер
images_group_39_6461_15084.png,но ніи,ніи
images_group_39_6461_15085.png,находится,находится
images_group_39_6461_15086.png,въ города,въ городѣ
images_group_39_6461_15087.png,Еги,Ени
images_group_39_6461_15088.png,сейскѣ,сейскѣ
images_group_39_6461_15089.png,на рѣкѣ,на рѣкѣ
images_group_39_6461_15090.png,"Енисѣ,","Енисеѣ,"
images_group_39_6461_15091.png,куда,куда
images_group_39_6461_15092.png,сплавляется,сплавляется
images_group_39_6461_15093.png,хлѣбъ,хлѣбъ
images_group_39_6461_15094.png,другія,другія
images_group_39_6461_15095.png,предметы,предметы
images_group_39_6461_15096.png,для,для
images_group_39_6461_15097.png,золотыхъ,золотыхъ
images_group_39_6461_15098.png,про-,про-
images_group_39_6461_15099.png,"мысловъ,","мысловъ,"
images_group_39_6461_15100.png,а также,а также
images_group_39_6461_15101.png,для,для
images_group_39_6466_15267.png,"Губерніи,","Губерніи,"
images_group_39_6466_15268.png,"Тунгусы,","Тунгусы,"
images_group_39_6466_15269.png,"Остяки,","Остяки,"
images_group_39_6466_15270.png,79,10
images_group_39_6466_15271.png,"Долганы,","Долганы,"
images_group_39_6466_15272.png,считается,считается
images_group_39_6466_15273.png,"2,378,","2,378,"
images_group_39_6466_15274.png,обитаютъ,обитаютъ
images_group_39_6466_15275.png,въ Сѣверныхъ,въ Сѣверныхъ
images_group_39_6466_15276.png,странахъ,странахъ
images_group_39_6466_15277.png,Енисей.,Енисей.
images_group_39_6466_15278.png,скаго,скаго
images_group_39_6466_15279.png,"округа,","округа,"
images_group_39_6466_15280.png,остальные же та,остальные же та
images_group_39_6466_15282.png,населяютъ,населяютъ
images_group_39_6466_15283.png,щественно,щественно
images_group_39_6466_15284.png,Минусинскій округъ.,Минусинскій округъ
images_group_39_6466_15285.png,Затятія,Занятія
images_group_39_6466_15286.png,бродячихъ,бродячихъ
images_group_39_6466_15287.png,исключительно,исключительно
images_group_39_6466_15288.png,въ,въ
images_group_39_6466_15289.png,и работа промыслѣ,и рыбномъ промыслѣ;
images_group_39_6466_15290.png,который,который
images_group_39_6466_15291.png,составляетъ,составляетъ
images_group_39_6466_15292.png,един.,един-
images_group_39_6466_15293.png,ственный,ственный
images_group_39_6466_15294.png,источникъ,источникъ
images_group_39_6466_15295.png,ихъ,ихъ
images_group_39_6466_15296.png,Кочевые,Кочевые
images_group_39_6466_15297.png,зани-,зани-
images_group_39_6466_15298.png,маясь,маясь
images_group_39_6466_15299.png,симъ,симъ
images_group_39_6466_15300.png,промысломъ и,промысломъ и
images_group_39_6466_15301.png,не сужда и эле,не чужда и хлѣ-
images_group_39_6466_15302.png,"бопашества,","бопашества,"
images_group_39_6466_15303.png,осѣдлы жа,осѣдлые же
images_group_39_6467_15304.png,и скотоводствомъ.,и скотоводствомъ.
images_group_39_6467_15305.png,Изъ,Изъ
images_group_39_6467_15306.png,гонородцевъ,инородцевъ
images_group_39_6467_15307.png,Минусинскаго,Минусинскаго
images_group_39_6467_15308.png,округовъ,округовъ
images_group_39_6467_15309.png,до 20,до 20
images_group_39_6467_15310.png,душъ,душъ
images_group_39_6467_15311.png,обоего,обоего
images_group_39_6467_15312.png,полой,пола
images_group_39_6467_15313.png,"Православнаго,","Православнаго,"
images_group_39_6467_15314.png,остальные,остальные
images_group_39_6467_15315.png,и долопоклонники,идолопоклонники
images_group_39_6467_15316.png,и большая,и большая
images_group_39_6467_15317.png,часть,часть
images_group_39_6467_15318.png,изъ,изъ
images_group_39_6467_15319.png,сихъ,сихъ
images_group_39_6467_15320.png,послѣднихъ,послѣднихъ
images_group_39_6467_15321.png,суть,суть
images_group_39_6467_15322.png,шимановъ,шамановъ.
images_group_39_6467_15323.png,Духовныхъ,Духовныхъ
images_group_39_6467_15324.png,не имѣютъ,неимѣютъ.
images_group_39_6467_15325.png,я,л)
images_group_39_6467_15326.png,Сельское,сельское
images_group_39_6467_15327.png,Хлѣбопашество,Хлѣбопашество
images_group_39_6467_15328.png,составляетъ,составляетъ.
images_group_39_6467_15329.png,хозяйство,хозяйство
images_group_39_6467_15330.png,здѣев,здѣсь
images_group_39_6467_15331.png,важнѣйшую,важнѣйшую
images_group_39_6467_15332.png,часть,часть
images_group_39_6467_15333.png,сель.,сель
images_group_39_6467_15334.png,скаго,скаго
images_group_39_6467_15335.png,"хозяйства,","хозяйства,"
images_group_39_6467_15336.png,занятіе,занятіе
images_group_39_6467_15337.png,считать,считать
images_group_39_6467_15338.png,выгод,выгод
images_group_39_6467_15339.png,нымъ,нымъ
images_group_39_6467_15340.png,имъ,имъ
images_group_39_6467_15341.png,только,только
images_group_39_6467_15342.png,въ Южной,въ Южной
images_group_39_6467_15343.png,средней,средней
images_group_39_6467_15344.png,полосѣ,полосѣ
images_group_39_6467_15345.png,Губерніи,Губерніи
images_group_39_6467_15346.png,до 61 г,до 61 к.
images_group_39_6467_15347.png,Сѣверной,Сѣверной
images_group_39_6467_15348.png,широты,широты
images_group_39_6467_15349.png,400,400
images_group_39_6467_15350.png,верстъ,верстъ
images_group_39_6467_15351.png,къ,къ
images_group_39_6467_15352.png,Сѣверу,Сѣверу
images_group_39_6467_15353.png,отъ,отъ
images_group_39_6467_15354.png,"Енисейска,","Енисейска,"
images_group_39_6468_15355.png,долгы же,далѣе же
images_group_39_6468_15356.png,"хлѣбопашество,","хлѣбопашество,"
images_group_39_6468_15357.png,по суро,по суро
images_group_39_6468_15358.png,вости,вости
images_group_39_6468_15359.png,"клемата, прекращается","климата, прекращается."
images_group_39_6468_15360.png,Въ,Въ
images_group_39_6468_15361.png,послѣднее,послѣднее
images_group_39_6468_15362.png,бреля,время
images_group_39_6468_15363.png,сдѣланы,сдѣланы
images_group_39_6468_15364.png,были,были
images_group_39_6468_15366.png,и далѣе,и далѣе
images_group_39_6468_15367.png,имени,именно
images_group_39_6468_15369.png,города,города.
images_group_39_6468_15370.png,Верхне,Верхне-
images_group_39_6468_15371.png,Инбатскаго:,Инбатскаго:
images_group_39_6468_15372.png,опиты,опыты
images_group_39_6468_15373.png,эти,эти
images_group_39_6468_15374.png,хоти,хотя
images_group_39_6468_15376.png,но.,"но,"
images_group_39_6468_15377.png,Турухъно,Турухан
images_group_39_6468_15378.png,скаго,скаго
images_group_39_6468_15379.png,производились въ,производились въ
images_group_39_6468_15380.png,незначительномъ,незначительномъ
images_group_39_6468_15381.png,видѣо.,видѣ.
images_group_39_6468_15382.png,Писивъ,Посевъ
images_group_39_6468_15383.png,картофеля,картофеля
images_group_39_6468_15384.png,и въ,и въ
images_group_39_6468_15385.png,скомъ,скомъ
images_group_39_6468_15386.png,Хотя,Хотя
images_group_39_6468_15387.png,въ минуъ,въ минув
images_group_39_6468_15388.png,шемъ,шемъ
images_group_39_6468_15389.png,Губерніи,Губерніи
images_group_39_6468_15390.png,было,было
images_group_39_6468_15391.png,посѣяно,посѣяно
images_group_39_6468_15392.png,вообще,вообще
images_group_39_6468_15393.png,меніе,менѣе
images_group_39_6478_16026.png,челючая,исключая
images_group_39_6478_16027.png,Казенной,Казенной
images_group_39_6478_16028.png,"полата,","Полата,"
images_group_39_6478_16029.png,въ казенномъ,въ казенномъ
images_group_39_6478_16030.png,"домѣ, размѣщаются","домѣ, размѣщаются"
images_group_39_6478_16031.png,ныхъ,ныхъ
images_group_39_6478_16032.png,зданіяхъ.,зданіяхъ.
images_group_39_6478_16033.png,Въ 1853 году,Въ 1853 году
images_group_39_6478_16034.png,произведено,произведено
images_group_39_6478_16035.png,изъ,изъ
images_group_39_6478_16036.png,ремонтной,ремонтной
images_group_39_6478_16037.png,ній,ній
images_group_39_6478_16038.png,на,на
images_group_39_6478_16039.png,993 р,993 р
images_group_39_6478_16040.png,66 к.,66 к.
images_group_39_6478_16041.png,"б) Дороги,","б) Дороги,"
images_group_39_6478_16042.png,мосты,мосты
images_group_39_6478_16043.png,въ Губерніи,въ Губерніи
images_group_39_6478_16044.png,и перевозы.,и перевозы.
images_group_39_6478_16045.png,нѣтъ;,"нѣтъ,"
images_group_39_6478_16046.png,почтовыя,почтовыя
images_group_39_6478_16047.png,на протя-,на протя-
images_group_39_6478_16048.png,"1,251 1/4","1,251 1/4"
images_group_39_6478_16049.png,версты,версты
images_group_39_6478_16050.png,многихъ,многихъ
images_group_39_6478_16051.png,мѣстахъ,мѣстахъ
images_group_39_6478_16053.png,довольно,довольно
images_group_39_6478_16054.png,хреб-,хреб-
images_group_39_6478_16055.png,держка,держка
images_group_39_6478_16056.png,"дорогъ,","дорогъ,"
images_group_39_6478_16057.png,устройство,устройство
images_group_39_6478_16058.png,спусковъ,спусковъ
images_group_39_6478_16059.png,и крѣпкихъ,и крѣпкихъ
images_group_39_6478_16061.png,"то,","то,"
images_group_39_6478_16062.png,въ Енисейской,въ Енисейской
images_group_39_6478_16063.png,Губерніи,Губерніи
images_group_39_6478_16064.png,почтовал,почтовыя
images_group_39_6478_16065.png,"дороги,","дороги,"
images_group_39_6484_16509.png,частною,частного
images_group_39_6484_16510.png,службою,службою
images_group_39_6484_16511.png,Въ 1853 году,Въ 1853 году
images_group_39_6484_16512.png,одинъ,одинъ
images_group_39_6484_16513.png,цевъ,цевъ
images_group_39_6484_16514.png,Австрійский,Австрійскій
images_group_39_6484_16515.png,подданный,подданный
images_group_39_6484_16516.png,принялъ,принялъ
images_group_39_6484_16517.png,приняру,присягу
images_group_39_6484_16518.png,ство.,ство.
images_group_39_6484_16519.png,"к, Прошешства","к, Происшествія"
images_group_39_6484_16520.png,Число,Число
images_group_39_6484_16521.png,No26,No26
images_group_39_6484_16522.png,я. Жаловы,л) Жалобы
images_group_39_6484_16523.png,пило,пило
images_group_39_6484_16524.png,Польменныхъ,Письменныхъ
images_group_39_6484_16525.png,посту,посту-
images_group_39_6484_16526.png,513,513
images_group_39_6484_16527.png,Словесныхъ,Словесныхъ
images_group_39_6484_16528.png,11,11
images_group_39_6484_16529.png,изъ нихъ,изъ нихъ
images_group_39_6484_16530.png,лежности,лежности
images_group_39_6484_16531.png,27,27
images_group_39_6484_16532.png,сведенія по 30,свѣдѣнія по... 30
images_group_39_6484_16534.png,350,350
images_group_39_6484_16536.png,Отказано по,Отказано по
images_group_39_6484_16537.png,117,117
images_group_39_6290_16740.png,Копія,Копія.
images_group_39_632_17046.png,388,133
images_group_39_632_17047.png,об,об.
images_group_39_632_17056.png,комъ.,комъ.
images_group_39_632_17057.png,рядовой.,рядовой.
images_group_39_632_17058.png,Васильевъ,Васильевъ
images_group_39_632_17059.png,Крестьянскими,Крестьянскими
images_group_39_632_17060.png,Хлѣбопашествомъ,Хлѣбопашествомъ
images_group_39_632_17061.png,Унтеръ-офицеръ,Унтеръ-офицеръ
images_group_39_632_17062.png,с.,с.
images_group_39_632_17063.png,по,по
images_group_39_632_17064.png,наймоу.,найму.
images_group_39_632_17065.png,шествомъ.,шествомъ.
images_group_39_634_17082.png,Пермяковъ..,Пермяковъ.
images_group_39_634_17083.png,Петровъ.,Петровъ.
images_group_39_634_17091.png,Либъ Гвардіи 2-й,Леибъ-Гвардіи 2:
images_group_39_634_17092.png,Унтеръ-офицеры:,Унтеръ-офицеры:
images_group_39_634_17093.png,Крестьянскими,Крестьянскими
images_group_39_634_17094.png,работами.,работами.
images_group_39_635_17155.png,работами.,работами.
images_group_39_635_17156.png,мастерствомъ.,мастерствомъ.
images_group_39_635_17157.png,Крестьянскими,Крестьянскими
images_group_39_635_17158.png,работами.,работами.
images_group_39_635_17159.png,Зиновій,Зиновій
images_group_39_635_17160.png,454.,454.
images_group_39_635_17161.png,Унтеръ-офицеръ.,Унтеръ-офицеръ.
images_group_39_635_17162.png,с.,с.
images_group_39_635_17163.png,въ,въ
images_group_39_635_17164.png,Ка-,Ка-
images_group_39_635_17165.png,Николаевъ,Николаевъ
images_group_39_635_17166.png,въ,въ
images_group_39_635_17167.png,Крестьянскими,Крестьянскими
images_group_39_6455_18664.png,21,21
images_group_39_6455_18665.png,Въ,Въ
images_group_39_6455_18666.png,Господину,Господину
images_group_39_6455_18667.png,года,года.
images_group_39_6455_18669.png,Губернаторъ,Губернаторъ
images_group_39_6455_18671.png,обдѣнній,отделеній
images_group_39_6455_18673.png,No223,No293
images_group_39_6455_18674.png,Представивъ,Представивъ
images_group_39_6461_18774.png,с.,и
images_group_39_6461_18775.png,и,и
images_group_39_6466_18846.png,и,и
images_group_39_6466_18848.png,поихъ,коихъ
images_group_39_6466_18849.png,до,до
images_group_39_6466_18850.png,проиму-,преиму-
images_group_39_6466_18851.png,инородцевъ,инородцевъ
images_group_39_6466_18852.png,звериномъ,звѣриномъ
images_group_39_6466_18853.png,состоятъ,состоятъ
images_group_39_6466_18854.png,существованія.,существованія.
images_group_39_6466_18855.png,"скотоводствомъ,","скотоводствомъ,"
images_group_39_6466_18856.png,главнѣй,главный.
images_group_39_6466_18857.png,ил,ше
images_group_39_6466_18858.png,хлѣбопашествомъ,хлѣбопашествомъ
images_group_39_6466_18859.png,занимаются,занимаются
images_group_39_6467_18860.png,можно,можно
images_group_39_6467_18861.png,ио,но
images_group_39_6467_18862.png,или,если
images_group_39_6467_18863.png,до,до
images_group_39_6467_18864.png,лицъ,лицъ
images_group_39_6467_18865.png,они,они
images_group_39_6467_18866.png,послѣдователи,послѣдователи
images_group_39_6467_18867.png,же,же
images_group_39_6467_18868.png,впрочесповѣданія,вѣроисповѣданія
images_group_39_6467_18869.png,и,и
images_group_39_6467_18870.png,Ачинскаго,Ачинскаго
images_group_39_6468_18871.png,отчеты,опыты
images_group_39_6468_18872.png,разведенія,разведенія
images_group_39_6468_18873.png,вниму помянутой,вышеупомянутой
images_group_39_6468_18874.png,чурта,черта
images_group_39_6468_18875.png,Туруханска,Туруханска
images_group_39_6468_18876.png,и,и
images_group_39_6468_18877.png,селенія,селенія
images_group_39_6468_18878.png,и,и
images_group_39_6468_18879.png,были,были
images_group_39_6468_18881.png,"края,","края,"
images_group_39_6468_18882.png,ныхъ,нынѣ
images_group_39_6468_18883.png,распро,распро
images_group_39_6468_18884.png,Турухан,Турухан
images_group_39_6468_18885.png,страняется,страняется
images_group_39_6468_18886.png,краѣ.,краѣ.
images_group_39_6468_18887.png,году,году
images_group_39_6468_18888.png,его,его
images_group_39_6468_18889.png,по,по
images_group_39_6478_19034.png,помѣщающейся,помѣщающейся
images_group_39_6478_19035.png,нам,наем
images_group_39_6478_19036.png,суммы исправи-,суммы исправле-
images_group_39_6478_19037.png,Шоссейныхъ,Шоссейныхъ
images_group_39_6478_19038.png,дорогъ,дорогъ
images_group_39_6478_19039.png,же,же
images_group_39_6478_19040.png,женіи,женіи
images_group_39_6478_19041.png,хотя,хотя
images_group_39_6478_19042.png,во,во-
images_group_39_6478_19043.png,значительными,значительными
images_group_39_6478_19044.png,тами,тами
images_group_39_6478_19045.png,"горъ,","горъ,"
images_group_39_6478_19046.png,но,но
images_group_39_6478_19047.png,постоянная под-,постоянная под-
images_group_39_6478_19049.png,что,что
images_group_39_6484_19130.png,3,3
images_group_39_6484_19131.png,12,12
images_group_39_6484_19132.png,занимаются,занимаются
images_group_39_6484_19133.png,ремеслами,ремеслами
images_group_39_6484_19134.png,на поддан,на поддан
images_group_39_6484_19135.png,происшествій,происшествий
images_group_39_6484_19136.png,означенъ,означено
images_group_39_6484_19137.png,въ вѣдомости,въ вѣдомости
images_group_39_6484_19138.png,жаловъ,жалобъ
images_group_39_6484_19139.png,Собираются,Собираются
images_group_39_6484_19140.png,Признаны,Признаны
images_group_39_6484_19141.png,изъ инострѣе.,изъ иностран-
images_group_39_632_19273.png,424.,424.
images_group_39_632_19274.png,мовскомъ.,мовскомъ.
images_group_39_632_19275.png,Петровъ.,Петровъ.
images_group_39_6484_19309.png,передано по,передано по
images_group_39_6484_19310.png,принад-,принад-
images_group_30_4728_766.png,24.,311.
images_group_30_4746_6338.png,53.,53.
images_group_30_4752_7488.png,58,58
images_group_30_4752_7498.png,Въ,Въ
images_group_30_4752_7500.png,Господина,Господина
images_group_30_4752_7502.png,Иркутскаго,Иркутскаго
images_group_30_4752_7503.png,Военнаго,Военнаго
images_group_30_4752_7504.png,Гене-,Гене-
images_group_30_4752_7509.png,ралъ-,ралъ-
images_group_30_4752_7510.png,Губернатора,Губернатора
images_group_30_4752_7511.png,Января,Января
images_group_30_4752_7512.png,4,4
images_group_30_4752_7514.png,1902 г.,1902 г.
images_group_30_4752_7515.png,1,1.
images_group_30_4752_7518.png,При семъ,При семъ
images_group_30_4752_7519.png,имѣю,имѣю
images_group_30_4752_7520.png,честь,честь
images_group_30_4752_7521.png,пре,пре
images_group_30_4752_7522.png,проводить,проводить
images_group_30_4752_7523.png,въ,въ
images_group_30_4752_7524.png,Канцелярію,Канцелярію
images_group_30_4752_7525.png,Г.,Г.
images_group_30_4752_7526.png,Иркутскаго,Иркутскаго
images_group_30_4752_7527.png,Военнаго,Военнаго
images_group_30_4752_7528.png,Гене,Гене
images_group_30_4752_7529.png,ралъ-,ралъ-
images_group_30_4752_7530.png,Губернатора,Губернатора
images_group_30_4752_7531.png,въ,въ
images_group_30_4752_7532.png,копіяхъ,копіяхъ
images_group_30_4752_7533.png,11 то,11-ть
images_group_30_4752_7534.png,общихъ,общихъ
images_group_30_4752_7535.png,таблицъ,таблицъ
images_group_30_4752_7536.png,стати,стати
images_group_30_4752_7537.png,стическаго,стическаго
images_group_30_4752_7538.png,отчета,отчета
images_group_30_4752_7539.png,за,"за,"
images_group_30_4752_7540.png,1900,1900-й
images_group_30_4752_7541.png,годъ.,годъ.
images_group_30_4752_7542.png,Губернаторъ,Губернаторъ
images_group_30_4752_7543.png,иленъ,Илецъ
images_group_30_4752_7544.png,"И. А,",И.д.
images_group_30_4752_7545.png,Секретаря,Секретаря
images_group_30_4754_7564.png,уѣздъ,уѣздъ
images_group_30_4754_7566.png,уѣздным,уѣздный
images_group_30_4754_7568.png,уѣздъ,уѣздъ
images_group_30_4754_7570.png,уѣздный,уѣздный
images_group_30_4754_7572.png,уѣздъ,уѣздъ
images_group_30_4754_7573.png,уѣздный,Уѣдный
images_group_30_4754_7575.png,уѣздъ,уѣздъ
images_group_30_4754_7577.png,уѣздный,Уѣдный
images_group_30_4754_7579.png,уѣздъ,уѣздъ
images_group_30_4754_7584.png,60,60
images_group_30_4754_7641.png,303,303
images_group_30_4754_7642.png,164,164
images_group_30_4754_7643.png,21,21
images_group_30_4754_7644.png,11,11
images_group_30_4754_7645.png,58,58
images_group_30_4754_7646.png,46,46
images_group_30_4754_7647.png,17,17
images_group_30_4754_7648.png,19,19
images_group_30_4754_7649.png,6,6
images_group_30_4754_7650.png,9,9
images_group_30_4754_7651.png,83,83
images_group_30_4754_7652.png,81.,81.
images_group_30_4754_7653.png,18,18
images_group_30_4754_7654.png,44,44
images_group_30_4754_7655.png,9,9
images_group_30_4754_7656.png,6,6
images_group_30_4754_7657.png,52,52
images_group_30_4754_7658.png,51,51
images_group_30_4754_7660.png,37,37
images_group_30_4754_7661.png,29,29
images_group_30_4754_7662.png,1,1
images_group_30_4754_7663.png,3,3
images_group_30_4754_7664.png,6,6
images_group_30_4754_7665.png,12,12
images_group_30_4754_7666.png,871,871
images_group_30_4754_7667.png,620,620
images_group_30_4754_7668.png,17,17
images_group_30_4754_7669.png,18,18
images_group_30_4754_7670.png,30,30
images_group_30_4754_7671.png,23,23
images_group_30_4754_7672.png,17,17
images_group_30_4754_7673.png,27,27
images_group_30_4754_7674.png,24,24
images_group_30_4754_7675.png,14,14
images_group_30_4754_7676.png,29,29
images_group_30_4754_7677.png,19,19
images_group_30_4754_7678.png,98,98
images_group_30_4754_7679.png,268,268
images_group_30_4754_7680.png,13,13
images_group_30_4754_7681.png,10,10
images_group_30_4754_7687.png,40,40
images_group_30_4754_7688.png,31,31
images_group_30_4754_7689.png,119,119
images_group_30_4754_7690.png,13,13
images_group_30_4754_7691.png,52,52
images_group_30_4754_7692.png,5,5
images_group_30_4754_7695.png,50,50
images_group_30_4754_7696.png,4,4
images_group_30_4754_7697.png,84,84
images_group_30_4754_7698.png,5,5
images_group_30_4754_7699.png,в,в
images_group_30_4754_7700.png,3,3
images_group_30_4754_7701.png,62,62
images_group_30_4754_7702.png,18,18
images_group_30_4754_7703.png,64,64
images_group_30_4754_7704.png,3,3
images_group_30_4754_7705.png,47,47
images_group_30_4754_7706.png,6,6
images_group_30_4754_7707.png,7,7
images_group_30_4754_7708.png,1,1
images_group_30_4754_7709.png,61,61
images_group_30_4754_7712.png,2,2
images_group_30_4754_7713.png,2,2
images_group_30_4754_7718.png,и,и
images_group_30_4754_7719.png,9,9
images_group_30_4754_7720.png,12,12
images_group_30_4754_7721.png,127,127
images_group_30_4754_7722.png,180,180
images_group_30_4754_7723.png,5,5
images_group_30_4754_7724.png,12,12
images_group_30_4754_7725.png,149,149
images_group_30_4754_7726.png,258,258
images_group_30_4754_7727.png,8,8
images_group_30_4754_7728.png,7,7
images_group_30_4754_7729.png,2,2
images_group_30_4754_7732.png,65,65
images_group_30_4754_7733.png,30,30
images_group_30_4754_7734.png,62,62
images_group_30_4754_7735.png,118,118
images_group_30_4754_7736.png,5,5
images_group_30_4754_7737.png,19,19
images_group_30_4754_7738.png,12,12
images_group_30_4754_7739.png,100,100
images_group_30_4754_7740.png,5,5
images_group_30_4754_7741.png,7,7
images_group_30_4754_7742.png,95,95
images_group_30_4754_7743.png,1,1
images_group_30_4754_7744.png,126,126
images_group_30_4754_7748.png,248,248
images_group_30_4754_7749.png,75,75
images_group_30_4754_7750.png,3,3
images_group_30_4754_7751.png,4,4
images_group_30_4754_7752.png,6,6
images_group_30_4754_7753.png,3,3
images_group_30_4754_7759.png,43,43
images_group_30_4754_7760.png,50,50
images_group_30_4754_7761.png,12,12
images_group_30_4754_7762.png,13,13
images_group_30_4754_7763.png,28,28
images_group_30_4754_7764.png,16,16
images_group_30_4754_7765.png,11,11
images_group_30_4754_7766.png,13,13
images_group_30_4754_7767.png,32,32
images_group_30_4754_7768.png,19,19
images_group_30_4754_7769.png,6,6
images_group_30_4754_7770.png,7,7
images_group_30_4754_7771.png,17,17
images_group_30_4754_7772.png,10,10
images_group_30_4754_7773.png,18,18
images_group_30_4754_7774.png,16,16
images_group_30_4754_7777.png,183,183
images_group_30_4754_7778.png,165,165
images_group_30_4754_7779.png,8,8
images_group_30_4754_7780.png,6,6
images_group_30_4754_7781.png,8,8
images_group_30_4754_7782.png,14,14
images_group_30_4754_7783.png,5,5
images_group_30_4754_7784.png,4,4
images_group_30_4754_7785.png,4,4
images_group_30_4754_7786.png,3,3
images_group_30_4754_7787.png,46,46
images_group_30_4754_7788.png,33,33
images_group_30_4754_7789.png,10,10
images_group_30_4754_7790.png,10,10
images_group_30_4754_7791.png,6,6
images_group_30_4754_7792.png,11,11
images_group_30_4754_7793.png,7,7
images_group_30_4754_7794.png,7,7
images_group_30_4754_7795.png,1,1
images_group_30_4754_7797.png,262,262
images_group_30_4754_7798.png,237,237
images_group_30_4754_7799.png,61,61
images_group_30_4754_7800.png,60,60
images_group_30_4754_7801.png,3,3
images_group_30_4754_7802.png,4,4
images_group_30_4754_7803.png,53,53
images_group_30_4754_7804.png,50,50
images_group_30_4754_7805.png,26,26
images_group_30_4754_7806.png,24,24
images_group_30_4754_7807.png,62,62
images_group_30_4754_7808.png,67,67
images_group_30_4754_7809.png,16,16
images_group_30_4754_7810.png,14,14
images_group_30_4754_7811.png,78,78
images_group_30_4754_7812.png,81,81
images_group_30_4754_7813.png,37,37
images_group_30_4754_7814.png,38,38
images_group_30_4754_7815.png,3,3
images_group_30_4754_7816.png,3,3
images_group_30_4754_7818.png,7974,7974
images_group_30_4754_7819.png,887,887
images_group_30_4754_7820.png,324,324
images_group_30_4754_7821.png,257,257
images_group_30_4754_7822.png,2410,2410
images_group_30_4754_7823.png,2372,2372
images_group_30_4754_7824.png,417,417
images_group_30_4754_7825.png,376,376
images_group_30_4754_7826.png,2932,2932
images_group_30_4754_7827.png,2396,2396
images_group_30_4754_7828.png,325,325
images_group_30_4754_7829.png,298,298
images_group_30_4754_7830.png,1812,1812
images_group_30_4754_7831.png,1862,1862
images_group_30_4754_7832.png,343,343
images_group_30_4754_7833.png,322,322
images_group_30_4754_7834.png,2140,2140
images_group_30_4754_7835.png,2004,2004
images_group_30_4754_7836.png,637,637
images_group_30_4754_7837.png,640,640
images_group_30_4754_7838.png,21,21
images_group_30_4754_7839.png,20,20
images_group_30_4754_7840.png,87,87
images_group_30_4754_7841.png,89,89
images_group_30_4754_7842.png,70,70
images_group_30_4754_7843.png,55,55
images_group_30_4754_7847.png,5735,5135
images_group_30_4754_7848.png,4004,4004
images_group_30_4754_7849.png,28108,28108
images_group_30_4754_7850.png,26561,26561
images_group_30_4754_7851.png,1634,1634
images_group_30_4754_7852.png,1956,1956
images_group_30_4754_7853.png,22168,22168
images_group_30_4754_7854.png,22477,22147
images_group_30_4754_7855.png,496,496
images_group_30_4754_7856.png,421.,421.
images_group_30_4754_7857.png,47399,47399
images_group_30_4754_7858.png,46155,46155
images_group_30_4754_7859.png,587,587
images_group_30_4754_7860.png,690,690
images_group_30_4754_7861.png,45697,45697
images_group_30_4754_7862.png,46535,46535
images_group_30_4754_7863.png,66531,66531
images_group_30_4754_7864.png,66554,66554
images_group_30_4754_7865.png,13,13
images_group_30_4754_7866.png,11,11
images_group_30_4754_7867.png,1430,1430
images_group_30_4754_7868.png,1314,1314
images_group_30_4754_7869.png,906,906
images_group_30_4754_7870.png,881.,881.
images_group_30_4754_7874.png,96,96
images_group_30_4754_7877.png,1125,1125
images_group_30_4754_7878.png,160,160
images_group_30_4754_7879.png,162,162
images_group_30_4754_7880.png,261,261
images_group_30_4754_7881.png,1302,1302
images_group_30_4754_7882.png,29,29
images_group_30_4754_7883.png,30,30
images_group_30_4754_7884.png,27,27
images_group_30_4754_7886.png,101,101
images_group_30_4754_7887.png,89,89
images_group_30_4754_7888.png,74,74
images_group_30_4754_7889.png,55,55
images_group_30_4754_7893.png,4,4
images_group_30_4754_7894.png,24,24
images_group_30_4754_7901.png,46,46
images_group_30_4754_7902.png,245,245
images_group_30_4754_7903.png,1268,1268
images_group_30_4754_7904.png,90,90
images_group_30_4754_7905.png,587,587
images_group_30_4754_7906.png,19,19
images_group_30_4754_7907.png,1845,1845
images_group_30_4754_7908.png,77,77
images_group_30_4754_7909.png,1,1
images_group_30_4754_7910.png,2162,2162
images_group_30_4754_7911.png,3137,3137
images_group_30_4754_7912.png,1.,1.
images_group_30_4754_7922.png,290,290
images_group_30_4754_7923.png,187,187
images_group_30_4754_7924.png,694,694
images_group_30_4754_7925.png,1401,1401
images_group_30_4754_7926.png,44,44
images_group_30_4754_7927.png,215,215
images_group_30_4754_7928.png,245,245
images_group_30_4754_7929.png,425,425
images_group_30_4754_7930.png,83,83
images_group_30_4754_7931.png,184,184
images_group_30_4754_7932.png,872,872
images_group_30_4754_7933.png,1283,1283
images_group_30_4754_7934.png,120,120
images_group_30_4754_7935.png,218,218
images_group_30_4754_7936.png,1329,1329
images_group_30_4754_7937.png,2177,2177
images_group_30_4754_7938.png,1558,1558
images_group_30_4754_7939.png,4227,4227
images_group_30_4754_7940.png,42,42
images_group_30_4754_7941.png,18,18
images_group_30_4754_7942.png,7,7
images_group_30_4754_7943.png,35,35
images_group_30_4755_7945.png,уѣздъ,уѣздъ
images_group_30_4755_7947.png,уѣздный,уѣздный
images_group_30_4755_7949.png,уѣздъ,уѣздъ
images_group_30_4755_7951.png,уѣздный,уѣздный
images_group_30_4755_7953.png,уѣздъ,уѣздъ
images_group_30_4755_7956.png,Уѣздъ,уѣздъ
images_group_30_4755_8020.png,4,4
images_group_30_4755_8021.png,14,14
images_group_30_4755_8025.png,16,16
images_group_30_4755_8027.png,2076,2076
images_group_30_4755_8028.png,1915,1915
images_group_30_4755_8029.png,721,721
images_group_30_4755_8030.png,702,702
images_group_30_4755_8031.png,4,4
images_group_30_4755_8032.png,11,11
images_group_30_4755_8033.png,11,11
images_group_30_4755_8034.png,118,118
images_group_30_4755_8035.png,70,70
images_group_30_4755_8036.png,163,163
images_group_30_4755_8037.png,2,2
images_group_30_4755_8038.png,117,117
images_group_30_4755_8039.png,46,46
images_group_30_4755_8040.png,62,62
images_group_30_4755_8041.png,1087,1087
images_group_30_4755_8042.png,8,8
images_group_30_4755_8043.png,872,872
images_group_30_4755_8044.png,VII,VII
images_group_30_4755_8047.png,150,150
images_group_30_4755_8048.png,30,30
images_group_30_4755_8049.png,7.,7.
images_group_30_4755_8052.png,8,8
images_group_30_4755_8053.png,4,4
images_group_30_4755_8054.png,76,76
images_group_30_4755_8055.png,69,69
images_group_30_4755_8056.png,9,9
images_group_30_4755_8057.png,644,644
images_group_30_4755_8058.png,523,523
images_group_30_4755_8059.png,133,133
images_group_30_4755_8060.png,142,142
images_group_30_4755_8061.png,14,14
images_group_30_4755_8062.png,10,10
images_group_30_4755_8063.png,4012,4012
images_group_30_4755_8064.png,3745,3745
images_group_30_4755_8065.png,14837,14837
images_group_30_4755_8066.png,2,2
images_group_30_4755_8067.png,14007,14007
images_group_30_4755_8068.png,11,11
images_group_30_4755_8069.png,8,8
images_group_30_4755_8070.png,4022,4022
images_group_30_4755_8071.png,3660,3660
images_group_30_4755_8072.png,89,89
images_group_30_4755_8073.png,74.,74.
images_group_30_4755_8079.png,1245,1245
images_group_30_4755_8080.png,941,941
images_group_30_4755_8081.png,10219,10219
images_group_30_4755_8082.png,2678,2678
images_group_30_4755_8083.png,158,158
images_group_30_4755_8084.png,60,60
images_group_30_4755_8085.png,6037,6037
images_group_30_4755_8086.png,152,152
images_group_30_4755_8087.png,81,81
images_group_30_4755_8088.png,47,47
images_group_30_4755_8089.png,12457,12457
images_group_30_4755_8090.png,2337,2337
images_group_30_4755_8091.png,295,295
images_group_30_4755_8092.png,32,32
images_group_30_4755_8093.png,6674,6674
images_group_30_4755_8094.png,1097,1097
images_group_30_4755_8095.png,6669,6669
images_group_30_4755_8096.png,1901,1901
images_group_30_4755_8097.png,5,5
images_group_30_4755_8098.png,3,3
images_group_30_4755_8099.png,284,284
images_group_30_4755_8100.png,6,6
images_group_30_4755_8101.png,60,60
images_group_30_4755_8102.png,2,2
images_group_30_4755_8106.png,381,381
images_group_30_4755_8107.png,571,511
images_group_30_4755_8108.png,2,2
images_group_30_4755_8109.png,3,3
images_group_30_4755_8110.png,16,16
images_group_30_4755_8111.png,8,8
images_group_30_4755_8114.png,1910,1910
images_group_30_4755_8115.png,1675,1675
images_group_30_4755_8116.png,1996,1996
images_group_30_4755_8117.png,2478,2478
images_group_30_4755_8118.png,18,18
images_group_30_4755_8119.png,16,16
images_group_30_4755_8120.png,281,281
images_group_30_4755_8121.png,673,673
images_group_30_4755_8122.png,39,39
images_group_30_4755_8123.png,36,36
images_group_30_4755_8124.png,1708,1708
images_group_30_4755_8125.png,1698,1698
images_group_30_4755_8127.png,22353,22353
images_group_30_4755_8128.png,10984,10984
images_group_30_4755_8129.png,43754,43754
images_group_30_4755_8130.png,34435,34435
images_group_30_4755_8131.png,4831,4831
images_group_30_4755_8132.png,4849,4849
images_group_30_4755_8133.png,30519,30519
images_group_30_4755_8134.png,24474,24474
images_group_30_4755_8135.png,3896,3896
images_group_30_4755_8136.png,3147,3147
images_group_30_4755_8137.png,63513,63573
images_group_30_4755_8138.png,50545,50545
images_group_30_4755_8139.png,3627,3627
images_group_30_4755_8140.png,3399,3399
images_group_30_4755_8141.png,62220,6220
images_group_30_4755_8142.png,55856,55856
images_group_30_4755_8143.png,2323,2323
images_group_30_4755_8144.png,2097,2097
images_group_30_4755_8145.png,96543 89118,96573 89118
images_group_30_4755_8146.png,90,90
images_group_30_4755_8147.png,95,95
images_group_30_4755_8148.png,5888,5888
images_group_30_4755_8149.png,5712,5112
images_group_30_4755_8150.png,1218,1218
images_group_30_4755_8151.png,1064.,1064.
images_group_30_4761_9203.png,67.,67
images_group_30_4761_9204.png,Копія,Копія
images_group_30_4761_9211.png,Итого,Итого
images_group_30_4761_9212.png,въ,въ
images_group_30_4761_9213.png,городахъ,городахь
images_group_30_4763_9458.png,69.,69.
images_group_30_4763_9459.png,Копія,Копія
images_group_30_4763_9466.png,Итого,Итого
images_group_30_4763_9467.png,въ уюзахъ.,"въ уѣздахъ,"
images_group_30_4767_10081.png,73.,73.
images_group_30_4767_10082.png,Копія,Копія
images_group_30_4767_10089.png,Итого,Итого
images_group_30_4767_10090.png,въ,въ
images_group_30_4767_10091.png,"городахъ,","городахъ,"
images_group_30_4772_11888.png,78.,78.
images_group_30_4772_11930.png,62,62
images_group_30_4772_11931.png,118,118
images_group_30_4772_11932.png,2951.,2951.
images_group_30_4772_11933.png,до,90
images_group_30_4772_11934.png,59,59
images_group_30_4772_11935.png,53,53
images_group_30_4772_11936.png,51.,57.
images_group_30_4772_11937.png,71,71
images_group_30_4772_11938.png,71,71
images_group_30_4772_11939.png,69,69
images_group_30_4772_11940.png,80,80
images_group_30_4772_11941.png,59,59
images_group_30_4772_11942.png,213,213
images_group_30_4772_11943.png,181,181
images_group_30_4772_11944.png,307,307
images_group_30_4772_11945.png,302,302
images_group_30_4772_11946.png,279,279
images_group_30_4772_11947.png,244,244
images_group_30_4772_11948.png,125,125
images_group_30_4772_11949.png,86,86
images_group_30_4772_11950.png,82,82
images_group_30_4772_11951.png,84,84
images_group_30_4772_11952.png,71,71
images_group_30_4772_11953.png,111,111
images_group_30_4772_11954.png,83,83
images_group_30_4772_11955.png,1570,1570
images_group_30_4772_11956.png,1381,1381
images_group_30_4772_11964.png,74,74
images_group_30_4772_11965.png,61,61
images_group_30_4772_11966.png,68,68
images_group_30_4772_11967.png,44,44
images_group_30_4772_11968.png,84,84
images_group_30_4772_11969.png,50,50
images_group_30_4772_11970.png,65,65
images_group_30_4772_11971.png,57,57
images_group_30_4772_11972.png,75,75
images_group_30_4772_11973.png,69,69
images_group_30_4772_11974.png,305,305
images_group_30_4772_11975.png,295,295
images_group_30_4772_11976.png,374,374
images_group_30_4772_11977.png,381,381
images_group_30_4772_11978.png,292,292
images_group_30_4772_11979.png,249,249
images_group_30_4772_11980.png,147,147
images_group_30_4772_11981.png,139,139
images_group_30_4772_11982.png,102,102
images_group_30_4772_11983.png,103,103
images_group_30_4772_11984.png,91,91
images_group_30_4772_11985.png,72,72
images_group_30_4772_11986.png,121,121
images_group_30_4772_11987.png,97,97
images_group_30_4772_11988.png,1798,1798
images_group_30_4772_11989.png,1617,1617
images_group_30_4772_11990.png,3415,3415
images_group_30_4772_11998.png,73,73
images_group_30_4772_11999.png,53,53
images_group_30_4772_12000.png,56,56
images_group_30_4772_12001.png,37,37
images_group_30_4772_12002.png,96,96
images_group_30_4772_12003.png,86,86
images_group_30_4772_12004.png,68,68
images_group_30_4772_12005.png,56,56
images_group_30_4772_12006.png,80,80
images_group_30_4772_12007.png,57,57
images_group_30_4772_12008.png,335,335
images_group_30_4772_12009.png,253,253
images_group_30_4772_12010.png,320,320
images_group_30_4772_12011.png,277,277
images_group_30_4772_12012.png,215,215
images_group_30_4772_12013.png,158,158
images_group_30_4772_12014.png,101,101
images_group_30_4772_12015.png,85,85
images_group_30_4772_12016.png,77,77
images_group_30_4772_12017.png,55,55
images_group_30_4772_12018.png,74,74
images_group_30_4772_12019.png,69,69
images_group_30_4772_12020.png,94,94
images_group_30_4772_12021.png,70,70
images_group_30_4772_12022.png,1599,1599
images_group_30_4772_12023.png,1256,1256
images_group_30_4772_12024.png,2855,2855
images_group_30_4772_12026.png,60,60
images_group_30_4772_12027.png,52,52
images_group_30_4772_12028.png,72,72
images_group_30_4772_12029.png,73,73
images_group_30_4772_12030.png,128,128
images_group_30_4772_12031.png,87,87
images_group_30_4772_12032.png,105,105
images_group_30_4772_12033.png,100,100
images_group_30_4772_12034.png,112,112
images_group_30_4772_12035.png,84,84
images_group_30_4772_12036.png,229,229
images_group_30_4772_12037.png,194,194
images_group_30_4772_12038.png,277,277
images_group_30_4772_12039.png,277,277
images_group_30_4772_12040.png,229,229
images_group_30_4772_12041.png,187,187
images_group_30_4772_12042.png,94,94
images_group_30_4772_12043.png,116,116
images_group_30_4772_12044.png,75,75
images_group_30_4772_12045.png,85,85
images_group_30_4772_12046.png,62,62
images_group_30_4772_12047.png,71,71
images_group_30_4772_12048.png,88,88
images_group_30_4772_12049.png,79,79
images_group_30_4772_12050.png,1531,1531
images_group_30_4772_12051.png,1405,1405
images_group_30_4772_12052.png,2936,2936
images_group_30_4772_12054.png,64,64
images_group_30_4772_12055.png,60,60
images_group_30_4772_12056.png,78,78
images_group_30_4772_12057.png,52,52
images_group_30_4772_12058.png,66,66
images_group_30_4772_12059.png,75,75
images_group_30_4772_12060.png,66,66
images_group_30_4772_12061.png,84,84
images_group_30_4772_12062.png,84,84
images_group_30_4772_12063.png,81,81
images_group_30_4772_12064.png,108,108
images_group_30_4772_12065.png,108,108
images_group_30_4772_12066.png,133,133
images_group_30_4772_12067.png,142,142
images_group_30_4772_12068.png,126,126
images_group_30_4772_12069.png,128,128
images_group_30_4772_12070.png,82,82
images_group_30_4772_12071.png,75,75
images_group_30_4772_12072.png,64,64
images_group_30_4772_12073.png,65,65
images_group_30_4772_12074.png,64,64
images_group_30_4772_12075.png,64,64
images_group_30_4772_12076.png,85,85
images_group_30_4772_12077.png,67,67
images_group_30_4772_12078.png,1020,1020
images_group_30_4772_12079.png,1091,1001
images_group_30_4772_12080.png,2021.,2021.
images_group_30_4772_12081.png,38,38
images_group_30_4772_12082.png,41,41
images_group_30_4772_12083.png,37,37
images_group_30_4772_12084.png,33,33
images_group_30_4772_12085.png,50,50
images_group_30_4772_12086.png,28,28
images_group_30_4772_12087.png,36,36
images_group_30_4772_12088.png,48,48
images_group_30_4772_12089.png,34,34
images_group_30_4772_12090.png,51,51
images_group_30_4772_12091.png,51,51
images_group_30_4772_12092.png,36,36
images_group_30_4772_12093.png,53,53
images_group_30_4772_12094.png,68,68
images_group_30_4772_12095.png,42,42
images_group_30_4772_12096.png,58,58
images_group_30_4772_12097.png,38,38
images_group_30_4772_12098.png,45,45
images_group_30_4772_12099.png,37,37
images_group_30_4772_12100.png,32,32
images_group_30_4772_12101.png,40,40
images_group_30_4772_12102.png,48,48
images_group_30_4772_12103.png,51.,51.
images_group_30_4772_12104.png,39,39
images_group_30_4772_12105.png,507,507
images_group_30_4772_12106.png,527,527
images_group_30_4772_12107.png,1034.,1034.
images_group_30_4772_12111.png,27,27
images_group_30_4772_12112.png,28,28
images_group_30_4772_12113.png,23,23
images_group_30_4772_12114.png,26,26
images_group_30_4772_12115.png,36,36
images_group_30_4772_12116.png,18,18
images_group_30_4772_12117.png,21,21
images_group_30_4772_12118.png,31,31
images_group_30_4772_12119.png,22,22
images_group_30_4772_12120.png,38,38
images_group_30_4772_12121.png,27,27
images_group_30_4772_12122.png,41,41
images_group_30_4772_12123.png,37,37
images_group_30_4772_12124.png,33,33
images_group_30_4772_12125.png,31,31
images_group_30_4772_12126.png,23,23
images_group_30_4772_12127.png,23,23
images_group_30_4772_12128.png,21,21
images_group_30_4772_12129.png,23,23
images_group_30_4772_12130.png,28,28
images_group_30_4772_12131.png,27,27
images_group_30_4772_12132.png,22,22
images_group_30_4772_12133.png,36,36
images_group_30_4772_12134.png,22,22
images_group_30_4772_12135.png,333,333
images_group_30_4772_12136.png,331,331
images_group_30_4772_12137.png,664.,664.
images_group_30_4772_12140.png,18,18
images_group_30_4772_12141.png,18,18
images_group_30_4772_12142.png,13,13
images_group_30_4772_12143.png,18,18
images_group_30_4772_12144.png,23,23
images_group_30_4772_12145.png,18,18
images_group_30_4772_12146.png,17,17
images_group_30_4772_12147.png,13,13
images_group_30_4772_12148.png,15,15
images_group_30_4772_12149.png,24,24
images_group_30_4772_12150.png,24,24
images_group_30_4772_12151.png,20,20
images_group_30_4772_12152.png,25,25
images_group_30_4772_12153.png,26,26
images_group_30_4772_12154.png,15,15
images_group_30_4772_12155.png,19,19
images_group_30_4772_12156.png,16,16
images_group_30_4772_12157.png,16,16
images_group_30_4772_12158.png,20,20
images_group_30_4772_12159.png,14,14
images_group_30_4772_12160.png,17,17
images_group_30_4772_12161.png,15,15
images_group_30_4772_12162.png,19,19
images_group_30_4772_12163.png,17,17
images_group_30_4772_12164.png,222,222
images_group_30_4772_12165.png,218,218
images_group_30_4772_12166.png,440,440
images_group_30_4772_12169.png,6,6
images_group_30_4772_12170.png,12,12
images_group_30_4772_12171.png,11,11
images_group_30_4772_12172.png,7,7
images_group_30_4772_12173.png,14,14
images_group_30_4772_12174.png,15,15
images_group_30_4772_12175.png,14,14
images_group_30_4772_12176.png,12.,12.
images_group_30_4772_12177.png,16,16
images_group_30_4772_12178.png,9,9
images_group_30_4772_12179.png,12,12
images_group_30_4772_12180.png,10,10
images_group_30_4772_12181.png,18,18
images_group_30_4772_12182.png,13,13
images_group_30_4772_12183.png,13,13
images_group_30_4772_12184.png,11,11
images_group_30_4772_12185.png,9,9
images_group_30_4772_12186.png,12,12
images_group_30_4772_12187.png,7,7
images_group_30_4772_12188.png,12,12
images_group_30_4772_12189.png,10,10
images_group_30_4772_12190.png,13,13
images_group_30_4772_12191.png,11,11
images_group_30_4772_12192.png,13,13
images_group_30_4772_12193.png,141,141
images_group_30_4772_12194.png,139,139
images_group_30_4772_12196.png,280,280
images_group_30_4772_12197.png,9,9
images_group_30_4772_12198.png,4,4
images_group_30_4772_12199.png,7,7
images_group_30_4772_12200.png,9,9
images_group_30_4772_12201.png,6,6
images_group_30_4772_12202.png,9,9
images_group_30_4772_12203.png,7,7
images_group_30_4772_12204.png,11,11
images_group_30_4772_12205.png,8,8
images_group_30_4772_12206.png,5,5
images_group_30_4772_12207.png,5,5
images_group_30_4772_12208.png,11,11
images_group_30_4772_12209.png,7,7
images_group_30_4772_12210.png,9,9
images_group_30_4772_12211.png,6,6
images_group_30_4772_12212.png,3,3
images_group_30_4772_12213.png,12,12
images_group_30_4772_12214.png,13,13
images_group_30_4772_12215.png,5,5
images_group_30_4772_12216.png,8,8
images_group_30_4772_12217.png,7,7
images_group_30_4772_12218.png,5,5
images_group_30_4772_12219.png,5,5
images_group_30_4772_12220.png,12,12
images_group_30_4772_12221.png,84,84
images_group_30_4772_12222.png,99,99
images_group_30_4772_12224.png,в,6
images_group_30_4772_12225.png,4,4
images_group_30_4772_12226.png,7,7
images_group_30_4772_12227.png,3,3
images_group_30_4772_12228.png,6,6
images_group_30_4772_12229.png,4,4
images_group_30_4772_12230.png,11,11
images_group_30_4772_12231.png,57,57
images_group_30_4772_12232.png,83,83
images_group_30_4772_12233.png,183,183
images_group_30_4772_12234.png,4,4
images_group_30_4772_12235.png,3,3
images_group_30_4772_12236.png,3,3
images_group_30_4772_12237.png,5,5
images_group_30_4772_12238.png,5,5
images_group_30_4772_12239.png,6,6
images_group_30_4772_12240.png,4,4
images_group_30_4772_12241.png,5,5
images_group_30_4772_12242.png,11,11
images_group_30_4772_12243.png,10,10
images_group_30_4772_12244.png,4,4
images_group_30_4772_12245.png,10,10
images_group_30_4772_12246.png,5,5
images_group_30_4772_12247.png,5,5
images_group_30_4772_12248.png,7,7
images_group_30_4772_12249.png,9,9
images_group_30_4772_12250.png,140.,140.
images_group_30_4772_12251.png,5,5
images_group_30_4772_12252.png,2,2
images_group_30_4772_12253.png,2,2
images_group_30_4772_12254.png,6,6
images_group_30_4772_12255.png,5,5
images_group_30_4772_12256.png,3,3
images_group_30_4772_12257.png,2,2
images_group_30_4772_12258.png,4,4
images_group_30_4772_12259.png,2,2
images_group_30_4772_12260.png,2,2
images_group_30_4772_12261.png,6,6
images_group_30_4772_12262.png,4,4
images_group_30_4772_12263.png,3,3
images_group_30_4772_12264.png,29,29
images_group_30_4772_12265.png,50,50
images_group_30_4772_12266.png,4,4
images_group_30_4772_12267.png,5,5
images_group_30_4772_12268.png,3,3
images_group_30_4772_12269.png,4,4
images_group_30_4772_12270.png,1,1
images_group_30_4772_12271.png,10,10
images_group_30_4772_12272.png,3,3
images_group_30_4772_12273.png,4,4
images_group_30_4772_12274.png,1,1
images_group_30_4772_12275.png,5,5
images_group_30_4772_12276.png,2,2
images_group_30_4772_12277.png,79,79
images_group_30_4772_12278.png,5,5
images_group_30_4772_12279.png,9,9
images_group_30_4772_12280.png,10,10
images_group_30_4772_12281.png,5,5
images_group_30_4772_12282.png,4,4
images_group_30_4772_12283.png,5.,5.
images_group_30_4772_12284.png,6,6
images_group_30_4772_12285.png,5,5
images_group_30_4772_12286.png,5,5
images_group_30_4772_12287.png,5,5
images_group_30_4772_12288.png,7,7
images_group_30_4772_12289.png,7,7
images_group_30_4772_12290.png,3,3
images_group_30_4772_12291.png,2,2
images_group_30_4772_12292.png,2,2
images_group_30_4772_12293.png,3,3
images_group_30_4772_12294.png,4,4
images_group_30_4772_12295.png,5,5
images_group_30_4772_12296.png,6,6
images_group_30_4772_12297.png,4,4
images_group_30_4772_12298.png,54,54
images_group_30_4772_12299.png,58,58
images_group_30_4772_12300.png,112,112
images_group_30_4772_12301.png,4,4
images_group_30_4772_12302.png,4,4
images_group_30_4772_12303.png,4,4
images_group_30_4772_12304.png,1,1
images_group_30_4772_12305.png,2,2
images_group_30_4772_12306.png,3,3
images_group_30_4772_12307.png,5,5
images_group_30_4772_12308.png,1,1
images_group_30_4772_12309.png,1,1
images_group_30_4772_12310.png,2,2
images_group_30_4772_12311.png,2,2
images_group_30_4772_12312.png,4,4
images_group_30_4772_12313.png,9,9
images_group_30_4772_12314.png,1,1
images_group_30_4772_12315.png,1,1
images_group_30_4772_12316.png,3,3
images_group_30_4772_12317.png,2,2
images_group_30_4772_12318.png,1,1
images_group_30_4772_12319.png,3,3
images_group_30_4772_12320.png,3,3
images_group_30_4772_12321.png,3,3
images_group_30_4772_12322.png,3,3
images_group_30_4772_12323.png,4,4
images_group_30_4772_12324.png,7,7
images_group_30_4772_12325.png,1,1
images_group_30_4772_12326.png,5,5
images_group_30_4772_12327.png,4,4
images_group_30_4772_12328.png,40,40
images_group_30_4772_12329.png,36,36
images_group_30_4772_12330.png,76.,76.
images_group_30_4772_12331.png,2,2
images_group_30_4772_12332.png,6,6
images_group_30_4772_12333.png,4,4
images_group_30_4772_12334.png,1,1
images_group_30_4772_12335.png,4,4
images_group_30_4772_12336.png,2,2
images_group_30_4772_12337.png,2,2
images_group_30_4772_12338.png,4,4
images_group_30_4772_12339.png,1,1
images_group_30_4772_12340.png,3,3
images_group_30_4772_12341.png,2,2
images_group_30_4772_12342.png,5,5
images_group_30_4772_12343.png,2,2
images_group_30_4772_12344.png,5,5
images_group_30_4772_12345.png,2,2
images_group_30_4772_12346.png,2,2
images_group_30_4772_12347.png,2,2
images_group_30_4772_12357.png,1,1
images_group_30_4772_12358.png,1,1
images_group_30_4772_12359.png,1,1
images_group_30_4772_12360.png,4,4
images_group_30_4772_12361.png,2,2
images_group_30_4772_12362.png,5,5
images_group_30_4772_12363.png,2,2
images_group_30_4772_12364.png,3,3
images_group_30_4772_12365.png,1,1
images_group_30_4772_12366.png,3,3
images_group_30_4772_12367.png,4,4
images_group_30_4772_12368.png,1,1
images_group_30_4772_12369.png,5,5
images_group_30_4772_12370.png,3,3
images_group_30_4772_12371.png,2,2
images_group_30_4772_12372.png,3,3
images_group_30_4772_12373.png,5,5
images_group_30_4772_12374.png,3,3
images_group_30_4772_12375.png,1,1
images_group_30_4772_12376.png,2,2
images_group_30_4772_12377.png,3,3
images_group_30_4772_12378.png,27,27
images_group_30_4772_12379.png,31,31
images_group_30_4772_12380.png,58,58
images_group_30_4772_12381.png,3,3
images_group_30_4772_12382.png,1,1
images_group_30_4772_12383.png,4,4
images_group_30_4772_12384.png,2,2
images_group_30_4772_12385.png,4,4
images_group_30_4772_12386.png,3,3
images_group_30_4772_12387.png,31,31
images_group_30_4772_12388.png,36,36
images_group_30_4772_12389.png,67,67
images_group_30_4772_12390.png,3,3
images_group_30_4772_12391.png,2,2
images_group_30_4772_12392.png,6,6
images_group_30_4772_12393.png,3,3
images_group_30_4772_12397.png,2,2
images_group_30_4772_12398.png,3,3
images_group_30_4772_12399.png,2,2
images_group_30_4772_12400.png,4,4
images_group_30_4772_12401.png,2,2
images_group_30_4772_12402.png,13,13
images_group_30_4772_12403.png,35,35
images_group_30_4772_12404.png,48,48
images_group_30_4772_12405.png,3,3
images_group_30_4772_12406.png,1,1
images_group_30_4772_12407.png,3,3
images_group_30_4772_12408.png,1,1
images_group_30_4772_12409.png,4,4
images_group_30_4772_12410.png,3,3
images_group_30_4772_12411.png,3,3
images_group_30_4772_12412.png,5,5
images_group_30_4772_12413.png,1,1
images_group_30_4772_12414.png,5,5
images_group_30_4772_12415.png,2,2
images_group_30_4772_12416.png,4,4
images_group_30_4772_12417.png,4,4
images_group_30_4772_12418.png,3,3
images_group_30_4772_12419.png,1,1
images_group_30_4772_12420.png,1,1
images_group_30_4772_12421.png,1,1
images_group_30_4772_12422.png,4,4
images_group_30_4772_12423.png,1,1
images_group_30_4772_12424.png,3,3
images_group_30_4772_12425.png,49,49
images_group_30_4772_12426.png,57.,57.
images_group_30_4772_12427.png,1,1
images_group_30_4772_12428.png,1,1
images_group_30_4772_12429.png,2,2
images_group_30_4772_12430.png,3,3
images_group_30_4772_12431.png,2,2
images_group_30_4772_12432.png,2,2
images_group_30_4772_12433.png,2,2
images_group_30_4772_12434.png,4,4
images_group_30_4772_12435.png,1,1
images_group_30_4772_12436.png,24,24
images_group_30_4772_12437.png,25,25
images_group_30_4772_12442.png,1,1
images_group_30_4772_12443.png,2,2
images_group_30_4772_12444.png,2,2
images_group_30_4772_12445.png,3,3
images_group_30_4772_12446.png,3,3
images_group_30_4772_12447.png,4,4
images_group_30_4772_12448.png,2,2
images_group_30_4772_12449.png,3,3
images_group_30_4772_12450.png,1,1
images_group_30_4772_12451.png,2,2
images_group_30_4772_12452.png,2,2
images_group_30_4772_12453.png,4,4
images_group_30_4772_12454.png,29,29
images_group_30_4772_12455.png,22,22
images_group_30_4772_12457.png,4,4
images_group_30_4772_12458.png,2,2
images_group_30_4772_12459.png,3,3
images_group_30_4772_12460.png,2,2
images_group_30_4772_12461.png,2,2
images_group_30_4772_12462.png,2,2
images_group_30_4772_12463.png,4,4
images_group_30_4772_12464.png,3,3
images_group_30_4772_12465.png,3,3
images_group_30_4772_12466.png,3,3
images_group_30_4772_12467.png,5,5
images_group_30_4772_12468.png,4,4
images_group_30_4772_12469.png,2,2
images_group_30_4772_12470.png,35,35
images_group_30_4772_12471.png,27,27
images_group_30_4772_12472.png,62,62
images_group_30_4772_12475.png,2,2
images_group_30_4772_12476.png,3,3
images_group_30_4772_12477.png,3,3
images_group_30_4772_12478.png,3,3
images_group_30_4772_12479.png,3,3
images_group_30_4772_12480.png,3,3
images_group_30_4772_12481.png,1,1
images_group_30_4772_12482.png,3,3
images_group_30_4772_12483.png,4,4
images_group_30_4772_12484.png,4,4
images_group_30_4772_12485.png,1,1
images_group_30_4772_12486.png,1,1
images_group_30_4772_12487.png,2,2
images_group_30_4772_12488.png,3,3
images_group_30_4772_12489.png,1,1
images_group_30_4772_12490.png,2,2
images_group_30_4772_12491.png,5,5
images_group_30_4772_12492.png,2,2
images_group_30_4772_12493.png,1,1
images_group_30_4772_12494.png,1,1
images_group_30_4772_12495.png,1,1
images_group_30_4772_12496.png,2,2
images_group_30_4772_12497.png,1,1
images_group_30_4772_12498.png,4,4
images_group_30_4772_12499.png,3,3
images_group_30_4772_12500.png,4,4
images_group_30_4772_12501.png,2,2
images_group_30_4772_12502.png,3,3
images_group_30_4772_12503.png,4,4
images_group_30_4772_12504.png,30,30
images_group_30_4772_12505.png,27,27
images_group_30_4772_12506.png,57,57
images_group_30_4772_12507.png,3,3
images_group_30_4772_12508.png,1,1
images_group_30_4772_12509.png,3,3
images_group_30_4772_12510.png,2,2
images_group_30_4772_12511.png,1,1
images_group_30_4772_12512.png,3,3
images_group_30_4772_12513.png,5,5
images_group_30_4772_12514.png,5,5
images_group_30_4772_12515.png,1,1
images_group_30_4772_12518.png,5,5
images_group_30_4772_12519.png,2,2
images_group_30_4772_12520.png,3,3
images_group_30_4772_12521.png,2,2
images_group_30_4772_12522.png,4,4
images_group_30_4772_12523.png,2,2
images_group_30_4772_12524.png,2,2
images_group_30_4772_12525.png,1,1
images_group_30_4772_12526.png,1,1
images_group_30_4772_12527.png,5,5
images_group_30_4772_12528.png,2,2
images_group_30_4772_12529.png,2,2
images_group_30_4772_12530.png,3,3
images_group_30_4772_12531.png,3,3
images_group_30_4772_12532.png,3.,3.
images_group_30_4772_12533.png,1,1
images_group_30_4772_12534.png,2,2
images_group_30_4772_12535.png,3,3
images_group_30_4772_12536.png,3,3
images_group_30_4772_12537.png,1,1
images_group_30_4772_12538.png,3,3
images_group_30_4772_12539.png,1,1
images_group_30_4772_12540.png,3,3
images_group_30_4772_12541.png,1,1
images_group_30_4772_12542.png,6,6
images_group_30_4772_12543.png,2,2
images_group_30_4772_12544.png,5,5
images_group_30_4772_12545.png,4,4
images_group_30_4772_12546.png,1,1
images_group_30_4772_12547.png,4,4
images_group_30_4772_12548.png,4,4
images_group_30_4772_12549.png,1,1
images_group_30_4772_12550.png,4,4
images_group_30_4772_12551.png,4,4
images_group_30_4772_12552.png,6,6
images_group_30_4772_12553.png,6,6
images_group_30_4772_12554.png,5,5
images_group_30_4772_12555.png,38,38
images_group_30_4772_12556.png,36,36
images_group_30_4772_12557.png,74.,74.
images_group_30_4772_12560.png,2,2
images_group_30_4772_12561.png,2,2
images_group_30_4772_12562.png,2,2
images_group_30_4772_12563.png,2,2
images_group_30_4772_12564.png,2,2
images_group_30_4772_12565.png,1,1
images_group_30_4772_12566.png,1,1
images_group_30_4772_12567.png,3,3
images_group_30_4772_12568.png,2,2
images_group_30_4772_12569.png,4,4
images_group_30_4772_12570.png,3,3
images_group_30_4772_12571.png,5,5
images_group_30_4772_12572.png,7,7
images_group_30_4772_12573.png,2,2
images_group_30_4772_12574.png,3,3
images_group_30_4772_12575.png,1,1
images_group_30_4772_12576.png,4,4
images_group_30_4772_12577.png,3,3
images_group_30_4772_12578.png,4,4
images_group_30_4772_12579.png,3,3
images_group_30_4772_12580.png,39,39
images_group_30_4772_12581.png,34,34
images_group_30_4772_12582.png,73,73
images_group_30_4772_12583.png,3,3
images_group_30_4772_12584.png,2,2
images_group_30_4772_12585.png,4,4
images_group_30_4772_12586.png,4.,4.
images_group_30_4772_12587.png,5,5
images_group_30_4772_12590.png,3,3
images_group_30_4772_12591.png,2,2
images_group_30_4772_12592.png,1,1
images_group_30_4772_12593.png,4,4
images_group_30_4772_12594.png,2,2
images_group_30_4772_12595.png,7,7
images_group_30_4772_12596.png,3,3
images_group_30_4772_12597.png,2,2
images_group_30_4772_12598.png,3,3
images_group_30_4772_12599.png,6,6
images_group_30_4772_12600.png,1,1
images_group_30_4772_12601.png,2,2
images_group_30_4772_12602.png,3,3
images_group_30_4772_12603.png,5,5
images_group_30_4772_12604.png,4,4
images_group_30_4772_12605.png,4,4
images_group_30_4772_12606.png,2,2
images_group_30_4772_12607.png,1,1
images_group_30_4772_12608.png,37,37
images_group_30_4772_12609.png,34,34
images_group_30_4772_12610.png,71.,71.
images_group_30_4772_12613.png,1,1
images_group_30_4772_12614.png,2,2
images_group_30_4772_12615.png,2,2
images_group_30_4772_12616.png,1,1
images_group_30_4772_12617.png,2,2
images_group_30_4772_12618.png,3,3
images_group_30_4772_12619.png,6,6
images_group_30_4772_12620.png,2,2
images_group_30_4772_12621.png,2,2
images_group_30_4772_12622.png,2,2
images_group_30_4772_12623.png,1,1
images_group_30_4772_12624.png,3,3
images_group_30_4772_12625.png,2,2
images_group_30_4772_12626.png,3,3
images_group_30_4772_12627.png,2,2
images_group_30_4772_12628.png,2,2
images_group_30_4772_12629.png,3,3
images_group_30_4772_12630.png,4,4
images_group_30_4772_12631.png,2,2
images_group_30_4772_12632.png,1,1
images_group_30_4772_12633.png,4,4
images_group_30_4772_12634.png,4,4
images_group_30_4772_12635.png,4,4
images_group_30_4772_12636.png,32,32
images_group_30_4772_12637.png,27,27
images_group_30_4772_12638.png,59,59
images_group_30_4772_12641.png,2,2
images_group_30_4772_12642.png,1,1
images_group_30_4772_12643.png,1,1
images_group_30_4772_12644.png,2,2
images_group_30_4772_12645.png,6,6
images_group_30_4772_12646.png,4,4
images_group_30_4772_12647.png,3,3
images_group_30_4772_12648.png,1,1
images_group_30_4772_12649.png,2,2
images_group_30_4772_12650.png,1,1
images_group_30_4772_12651.png,2,2
images_group_30_4772_12652.png,4,4
images_group_30_4772_12653.png,4,4
images_group_30_4772_12654.png,3,3
images_group_30_4772_12655.png,1,1
images_group_30_4772_12656.png,2,2
images_group_30_4772_12657.png,6,6
images_group_30_4772_12658.png,27,27
images_group_30_4772_12659.png,32,32
images_group_30_4772_12660.png,59,59
images_group_30_4772_12661.png,7,7
images_group_30_4772_12664.png,1,1
images_group_30_4772_12665.png,2,2
images_group_30_4772_12666.png,6,6
images_group_30_4772_12667.png,7,7
images_group_30_4772_12668.png,3,3
images_group_30_4772_12669.png,2,2
images_group_30_4772_12670.png,1,1
images_group_30_4772_12671.png,5,5
images_group_30_4772_12672.png,2,2
images_group_30_4772_12673.png,4,4
images_group_30_4772_12674.png,4,4
images_group_30_4772_12675.png,5,5
images_group_30_4772_12676.png,3,3
images_group_30_4772_12677.png,32,32
images_group_30_4772_12678.png,41,41
images_group_30_4772_12679.png,73,73
images_group_30_4772_12682.png,3,3
images_group_30_4772_12683.png,3,3
images_group_30_4772_12684.png,3,3
images_group_30_4772_12685.png,2,2
images_group_30_4772_12686.png,2,2
images_group_30_4772_12687.png,1,1
images_group_30_4772_12688.png,5,5
images_group_30_4772_12689.png,5,5
images_group_30_4772_12690.png,2,2
images_group_30_4772_12691.png,5,5
images_group_30_4772_12692.png,2,2
images_group_30_4772_12693.png,2,2
images_group_30_4772_12694.png,1,1
images_group_30_4772_12695.png,2,2
images_group_30_4772_12696.png,4,4
images_group_30_4772_12697.png,3,3
images_group_30_4772_12698.png,2,2
images_group_30_4772_12699.png,2,2
images_group_30_4772_12700.png,3,3
images_group_30_4772_12701.png,3,3
images_group_30_4772_12702.png,3,3
images_group_30_4772_12703.png,3,3
images_group_30_4772_12704.png,23,23
images_group_30_4772_12705.png,45,45
images_group_30_4772_12706.png,68,68
images_group_30_4772_12707.png,1,1
images_group_30_4772_12708.png,1,1
images_group_30_4772_12709.png,4,4
images_group_30_4772_12712.png,5,5
images_group_30_4772_12713.png,4,4
images_group_30_4772_12714.png,5,5
images_group_30_4772_12715.png,6,6
images_group_30_4772_12716.png,6,6
images_group_30_4772_12717.png,3,3
images_group_30_4772_12718.png,2,2
images_group_30_4772_12719.png,77,77
images_group_30_4772_12720.png,2,2
images_group_30_4772_12721.png,4,4
images_group_30_4772_12722.png,2,2
images_group_30_4772_12723.png,2,2
images_group_30_4772_12724.png,1,1
images_group_30_4772_12725.png,3,3
images_group_30_4772_12726.png,4,4
images_group_30_4772_12727.png,4,4
images_group_30_4772_12728.png,4,4
images_group_30_4772_12729.png,39,39
images_group_30_4772_12730.png,38,38
images_group_30_4772_12731.png,3,3
images_group_30_4772_12732.png,8,8
images_group_30_4772_12733.png,3,3
images_group_30_4772_12734.png,3,3
images_group_30_4772_12741.png,3,3
images_group_30_4772_12742.png,1,1
images_group_30_4772_12743.png,2,2
images_group_30_4772_12744.png,4,4
images_group_30_4772_12745.png,4,4
images_group_30_4772_12746.png,4,4
images_group_30_4772_12747.png,3,3
images_group_30_4772_12748.png,4,4
images_group_30_4772_12749.png,5,5
images_group_30_4772_12750.png,1,1
images_group_30_4772_12751.png,3,3
images_group_30_4772_12752.png,4,4
images_group_30_4772_12753.png,2,2
images_group_30_4772_12754.png,1,1
images_group_30_4772_12755.png,4,4
images_group_30_4772_12756.png,5,5
images_group_30_4772_12757.png,4,4
images_group_30_4772_12758.png,3,3
images_group_30_4772_12759.png,2,2
images_group_30_4772_12760.png,8,8
images_group_30_4772_12761.png,4,4
images_group_30_4772_12762.png,4,4
images_group_30_4772_12763.png,3,3
images_group_30_4772_12764.png,1,1
images_group_30_4772_12765.png,2,2
images_group_30_4772_12766.png,1,1
images_group_30_4772_12767.png,3,3
images_group_30_4772_12768.png,4,4
images_group_30_4772_12769.png,7,7
images_group_30_4772_12770.png,2,2
images_group_30_4772_12771.png,2,2
images_group_30_4772_12772.png,39,39
images_group_30_4772_12773.png,38,38
images_group_30_4772_12774.png,77,77
images_group_30_4772_12775.png,3,3
images_group_30_4772_12776.png,4,4
images_group_30_4772_12777.png,4,4
images_group_30_4772_12778.png,3,3
images_group_30_4772_12779.png,3,3
images_group_30_4772_12780.png,3,3
images_group_30_4772_12781.png,3,3
images_group_30_4772_12782.png,2,2
images_group_30_4772_12783.png,1,1
images_group_30_4772_12784.png,1,1
images_group_30_4772_12785.png,3,3
images_group_30_4772_12786.png,2,2
images_group_30_4772_12787.png,3,3
images_group_30_4772_12788.png,4,4
images_group_30_4772_12789.png,5,5
images_group_30_4772_12790.png,1,1
images_group_30_4772_12791.png,2,2
images_group_30_4772_12792.png,2,2
images_group_30_4772_12793.png,4,4
images_group_30_4772_12794.png,1,1
images_group_30_4772_12795.png,2,2
images_group_30_4772_12796.png,1,1
images_group_30_4772_12797.png,4,4
images_group_30_4772_12798.png,2,2
images_group_30_4772_12799.png,1,1
images_group_30_4772_12800.png,4,4
images_group_30_4772_12801.png,4,4
images_group_30_4772_12802.png,3,3
images_group_30_4772_12803.png,3,3
images_group_30_4772_12804.png,22,22
images_group_30_4772_12805.png,32,32
images_group_30_4772_12806.png,62,62
images_group_30_4772_12807.png,54,54
images_group_30_4772_12808.png,2,2
images_group_30_4772_12809.png,3,3
images_group_30_4772_12810.png,3,3
images_group_30_4772_12811.png,3,3
images_group_30_4772_12812.png,2,2
images_group_30_4772_12813.png,2,2
images_group_30_4772_12814.png,3,3
images_group_30_4772_12815.png,4,4
images_group_30_4772_12816.png,3,3
images_group_30_4772_12817.png,3,3
images_group_30_4772_12818.png,6,6
images_group_30_4772_12819.png,4,4
images_group_30_4772_12820.png,31,31
images_group_30_4772_12821.png,31,31
images_group_30_4772_12822.png,1,1
images_group_30_4772_12823.png,3,3
images_group_30_4772_12824.png,3,3
images_group_30_4772_12825.png,2,2
images_group_30_4772_12826.png,1,1
images_group_30_4772_12827.png,2,2
images_group_30_4772_12828.png,1,1
images_group_30_4772_12829.png,2,2
images_group_30_4772_12830.png,3,3
images_group_30_4772_12831.png,3,3
images_group_30_4772_12832.png,1,1
images_group_30_4772_12833.png,8,8
images_group_30_4772_12834.png,1,1
images_group_30_4772_12835.png,36,36
images_group_30_4772_12836.png,38,38
images_group_30_4772_12837.png,74.,74.
images_group_30_4772_12838.png,3,3
images_group_30_4772_12839.png,5,5
images_group_30_4772_12840.png,1,1
images_group_30_4772_12841.png,4.,4
images_group_30_4772_12842.png,3,3
images_group_30_4772_12843.png,4,4
images_group_30_4772_12844.png,2,2
images_group_30_4772_12845.png,5,5
images_group_30_4772_12846.png,3,3
images_group_30_4772_12847.png,4,4
images_group_30_4772_12848.png,2,2
images_group_30_4772_12849.png,1,1
images_group_30_4772_12850.png,2,2
images_group_30_4772_12851.png,1,1
images_group_30_4772_12852.png,7,7
images_group_30_4772_12853.png,3,3
images_group_30_4772_12854.png,3,3
images_group_30_4772_12855.png,7,7
images_group_30_4772_12856.png,4,4
images_group_30_4772_12857.png,1,1
images_group_30_4772_12858.png,4,4
images_group_30_4772_12859.png,4,4
images_group_30_4772_12860.png,4,4
images_group_30_4772_12861.png,5,5
images_group_30_4772_12862.png,39,39
images_group_30_4772_12863.png,58,58
images_group_30_4772_12864.png,97,97
images_group_30_4772_12865.png,5,5
images_group_30_4772_12866.png,3,3
images_group_30_4772_12867.png,3,3
images_group_30_4772_12868.png,5,5
images_group_30_4772_12869.png,5,5
images_group_30_4772_12870.png,6,6
images_group_30_4772_12871.png,7,7
images_group_30_4772_12872.png,2,2
images_group_30_4772_12873.png,8,8
images_group_30_4772_12874.png,7,7
images_group_30_4772_12881.png,1,1
images_group_30_4772_12882.png,3,3
images_group_30_4772_12883.png,1,1
images_group_30_4772_12884.png,1,1
images_group_30_4772_12885.png,2,2
images_group_30_4772_12886.png,5,5
images_group_30_4772_12887.png,6,в
images_group_30_4772_12888.png,4,4
images_group_30_4772_12889.png,5,5
images_group_30_4772_12890.png,4,4
images_group_30_4772_12891.png,2,2
images_group_30_4772_12892.png,4,4
images_group_30_4772_12893.png,2,2
images_group_30_4772_12894.png,1,1
images_group_30_4772_12895.png,2,2
images_group_30_4772_12896.png,2,2
images_group_30_4772_12897.png,4,4
images_group_30_4772_12898.png,5,5
images_group_30_4772_12899.png,2,2
images_group_30_4772_12900.png,22,22
images_group_30_4772_12901.png,22,22
images_group_30_4772_12902.png,44.,44.
images_group_30_4772_12903.png,2,2
images_group_30_4772_12904.png,1,1
images_group_30_4772_12905.png,2,2
images_group_30_4772_12906.png,1.,1
images_group_30_480_18912.png,копія,Копія
images_group_30_480_18913.png,167.,167.
images_group_30_480_18950.png,64.,64.
images_group_30_480_18951.png,24.,24.
images_group_30_480_18952.png,12.,12.
images_group_30_480_18953.png,13.,13.
images_group_30_480_18954.png,19.,19.
images_group_30_480_18955.png,3.,3.
images_group_30_480_18956.png,96.,96.
images_group_30_480_18957.png,105.,105.
images_group_30_480_18960.png,377,377.
images_group_30_480_18961.png,78.,78.
images_group_30_480_18962.png,132,132
images_group_30_480_18963.png,36.,36.
images_group_30_480_18964.png,62,62
images_group_30_480_18965.png,8.,8.
images_group_30_480_18966.png,110.,110.
images_group_30_480_18967.png,79.,79.
images_group_30_480_18971.png,18.,18.
images_group_30_480_18972.png,4.,4.
images_group_30_480_18973.png,11.,11.
images_group_30_480_18974.png,14.,14.
images_group_30_480_18975.png,42.,42.
images_group_30_480_18976.png,2.,2.
images_group_30_480_18977.png,42.,42.
images_group_30_480_18978.png,43.,43.
images_group_30_480_18980.png,56.,56.
images_group_30_480_18981.png,11.,11.
images_group_30_480_18982.png,9.,9.
images_group_30_480_18983.png,1.,1.
images_group_30_480_18984.png,4.,4.
images_group_30_480_18985.png,271.,271.
images_group_30_480_18986.png,"175,","175,"
images_group_30_480_18987.png,86.,86.
images_group_30_480_18988.png,69.,69.
images_group_30_480_18991.png,73.,73.
images_group_30_480_18992.png,41.,41.
images_group_30_480_18995.png,14.,14.
images_group_30_480_18996.png,1.,1.
images_group_30_480_18997.png,119.,119.
images_group_30_480_18998.png,60.,60.
images_group_30_480_18999.png,7.,7.
images_group_30_480_19000.png,3.,3.
images_group_30_480_19001.png,23.,23.
images_group_30_480_19002.png,5.,5.
images_group_30_480_19003.png,59.,59.
images_group_30_480_19004.png,64.,64.
images_group_30_480_19009.png,7.,7.
images_group_30_480_19010.png,4.,4.
images_group_30_480_19011.png,2.,2.
images_group_30_480_19012.png,52.,52.
images_group_30_480_19013.png,63.,63.
images_group_30_480_19014.png,84.,84.
images_group_30_480_19015.png,66,66
images_group_30_480_19016.png,189,189
images_group_30_480_19017.png,95.,95.
images_group_30_480_19018.png,26.,26.
images_group_30_480_19019.png,14.,14.
images_group_30_480_19020.png,63.,63.
images_group_30_480_19021.png,13.,13.
images_group_30_480_19022.png,1.,1.
images_group_30_480_19027.png,15.,15.
images_group_30_480_19028.png,9.,9.
images_group_30_480_19029.png,1.,1.
images_group_30_480_19030.png,2.,2.
images_group_30_480_19031.png,195.,195.
images_group_30_480_19032.png,126.,126.
images_group_30_480_19033.png,194.,194.
images_group_30_480_19034.png,69.,69.
images_group_30_480_19035.png,12.,12.
images_group_30_480_19036.png,2.,2.
images_group_30_480_19037.png,3702.,3702.
images_group_30_480_19038.png,4661.,4661.
images_group_30_480_19039.png,31.,31.
images_group_30_480_19040.png,31.,31.
images_group_30_480_19041.png,въ,Въ
images_group_30_480_19042.png,Турунанскомъ,Туруханскомъ
images_group_30_480_19045.png,от,от
images_group_30_480_19046.png,дѣльномъ,дѣльномъ
images_group_30_480_19047.png,управленіи,управленіи
images_group_30_480_19048.png,1.,1.
images_group_30_480_19049.png,1609.,1609.
images_group_30_480_19050.png,1370.,1370.
images_group_30_480_19051.png,1.,1.
images_group_30_480_19052.png,1.,1.
images_group_30_480_19056.png,412.,412.
images_group_30_480_19057.png,392.,392.
images_group_30_480_19058.png,152.,152.
images_group_30_480_19059.png,227,227.
images_group_30_480_19060.png,33.,33.
images_group_30_480_19061.png,5583.,5583.
images_group_30_480_19062.png,6206,6206
images_group_30_480_19063.png,634.,634.
images_group_30_480_19064.png,562.,562.
images_group_30_480_19066.png,Примѣчаніе:,Примѣчаніе
images_group_30_480_19067.png,"1.,","1.,"
images_group_30_480_19068.png,Кромѣ,кромѣ
images_group_30_480_19069.png,показанныхъ,показанныхъ
images_group_30_480_19070.png,по,по
images_group_30_480_19071.png,этой,этой
images_group_30_480_19072.png,вѣдомости,вѣдомости
images_group_30_480_19073.png,"иновѣрцевъ,","иновѣрцевъ,"
images_group_30_480_19074.png,въ,въ
images_group_30_480_19075.png,Кан-,Кан-
images_group_30_480_19076.png,скомъ,скомъ
images_group_30_480_19077.png,округѣ,округѣ
images_group_30_480_19078.png,находится,находится
images_group_30_480_19079.png,1 му,1 му-
images_group_30_480_19080.png,жескаго,жескаго
images_group_30_480_19081.png,пола,пола
images_group_30_480_19082.png,Армяно,Армяно
images_group_30_480_19083.png,Григоріан.,Григоріан-
images_group_30_480_19084.png,скаго,скаго
images_group_30_480_19085.png,исповѣданія.,исповѣданія.
images_group_30_480_19086.png,"2.,","2.,"
images_group_30_480_19087.png,Въ,Въ
images_group_30_480_19088.png,теченіи,теченіи
images_group_30_480_19089.png,1858 года,1858 года
images_group_30_480_19090.png,въ Ту-,въ Ту-
images_group_30_480_19091.png,руханскомъ,руханскомъ
images_group_30_480_19092.png,краѣ,краѣ
images_group_30_480_19093.png,приняли,приняли
images_group_30_480_19094.png,Святое,Святое
images_group_30_480_19095.png,крещеніе,крещеніе
images_group_30_480_19096.png,изъ,изъ
images_group_30_480_19097.png,Тунгу-,Тунгу-
images_group_30_481_19098.png,Копія,Копія
images_group_30_481_19099.png,168.,168.
images_group_30_481_19100.png,совъ:,совъ:
images_group_30_481_19101.png,21,21
images_group_30_481_19102.png,муж.,муж.
images_group_30_481_19103.png,28,28
images_group_30_481_19104.png,"жен.,","жен.,"
images_group_30_481_19105.png,изъ,изъ
images_group_30_481_19106.png,Самоѣдовъ,самоѣдовъ
images_group_30_481_19107.png,3 муж.,3 муж.
images_group_30_481_19108.png,всего,всего
images_group_30_481_19109.png,52,52
images_group_30_481_19110.png,души.,души.
images_group_30_481_19111.png,"и 3,","и 3.,"
images_group_30_481_19112.png,изъ другихъ,изъ другихъ
images_group_30_481_19113.png,христіанскихъ,Христіанскихъ
images_group_30_481_19114.png,исповѣ-,исповѣ-
images_group_30_481_19115.png,даній,даній
images_group_30_481_19116.png,присоединились,присоединились
images_group_30_481_19117.png,въ теченіи,въ теченіи
images_group_30_481_19118.png,1858 г,1858 г
images_group_30_481_19119.png,къ,къ
images_group_30_481_19120.png,православію,православію
images_group_30_481_19121.png,Изъ,Изъ
images_group_30_481_19122.png,Лютеранъ.,Лютеранъ.
images_group_30_481_19123.png,6,6
images_group_30_481_19124.png,4 жен.,4 жен.
images_group_30_481_19125.png,Католиковъ,Католиковъ
images_group_30_481_19126.png,7,7
images_group_30_481_19127.png,Евреевъ,Евреевъ
images_group_30_481_19128.png,1,1
images_group_30_481_19129.png,Магометанъ,Магометанъ
images_group_30_481_19130.png,Всего,Всего
images_group_30_481_19131.png,21,21
images_group_30_481_19132.png,душа.,душа.
images_group_30_481_19133.png,Свидѣтельствую Гражданскій,СвидѣтельствуюГражданскій
images_group_30_481_19134.png,Губернаторъ,Губернаторъ
images_group_30_485_19510.png,171,171.
images_group_30_485_19511.png,нію,нію
images_group_30_485_19512.png,о,о
images_group_30_485_19513.png,семъ,семъ
images_group_30_485_19514.png,Енисейскаго,Енисейскаго
images_group_30_485_19515.png,193.688 р.,193.688 р.
images_group_30_485_19516.png,16 1/2 к.,16 1/2 к.
images_group_30_485_19517.png,на,на
images_group_30_485_19518.png,устрой,устрой
images_group_30_485_19519.png,ство,ство
images_group_30_485_19520.png,новыхъ,новыхъ
images_group_30_485_19521.png,этапныхъ,этапныхъ
images_group_30_485_19522.png,Губернатора,Губернатора
images_group_30_485_19523.png,отъ,отъ
images_group_30_485_19524.png,9,9
images_group_30_485_19525.png,октября,октября
images_group_30_485_19526.png,1858 г.,1858 г.
images_group_30_485_19527.png,На,На
images_group_30_485_19528.png,привленіе,правленіе
images_group_30_485_19529.png,послѣденій,помѣщеній
images_group_30_485_19530.png,въ,въ
images_group_30_485_19531.png,Енисей-,Енисей-
images_group_30_485_19532.png,этой,этой
images_group_30_485_19533.png,мѣры,мѣры
images_group_30_485_19534.png,въ исполненіе,въ исполненіе
images_group_30_485_19535.png,слой,ской
images_group_30_485_19536.png,губерніи.,губерніи.
images_group_30_485_19537.png,Ходатай-,Ходатай-
images_group_30_485_19538.png,испрашивается,испрашивается
images_group_30_485_19539.png,разрѣше-,разрѣше-
images_group_30_485_19540.png,ство,ство
images_group_30_485_19541.png,посему,посему
images_group_30_485_19542.png,предмету,предмету
images_group_30_485_19543.png,Начальника,Начальника
images_group_30_485_19544.png,Енисейской,Енисейской
images_group_30_485_19545.png,ніе,ніе
images_group_30_485_19546.png,Г.,Г.
images_group_30_485_19547.png,Министра,Министра
images_group_30_485_19548.png,13,В
images_group_30_485_19549.png,Дѣлъ,Дѣлъ
images_group_30_485_19550.png,Губерніи,Губерніи
images_group_30_485_19551.png,представлено,представлена
images_group_30_485_19552.png,въ,въ
images_group_30_485_19553.png,преоставленіи,представленіи
images_group_30_485_19554.png,Главнаго,Главнаго
images_group_30_485_19555.png,изъ,губ
images_group_30_485_19556.png,Главнаго,Главнаго
images_group_30_485_19557.png,управленіо,Управленія
images_group_30_485_19558.png,Управленія,Управленія
images_group_30_485_19559.png,отъ,отъ
images_group_30_485_19560.png,31,31
images_group_30_485_19561.png,октября,октября
images_group_30_485_19562.png,Восточной,Восточной
images_group_30_485_19563.png,Сибири,Сибири
images_group_30_485_19564.png,на,на
images_group_30_485_19565.png,1858 г.,1858 г.
images_group_30_485_19566.png,за,за No
images_group_30_485_19567.png,2037.,2037.
images_group_30_485_19568.png,разрѣшеніе,разрѣшеніе
images_group_30_485_19569.png,Г.,Г.
images_group_30_485_19570.png,Главно-,Главно-
images_group_30_485_19571.png,управляющаго,управляющаго
images_group_30_485_19572.png,Путями,Путями
images_group_30_485_19573.png,Оченъ,"Очетъ,"
images_group_30_485_19574.png,на,на
images_group_30_485_19575.png,основанія,основаній
images_group_30_485_19576.png,предписанія,предписанія
images_group_30_485_19577.png,Р.,Г.
images_group_30_485_19578.png,Министра,Министра
images_group_30_485_19579.png,Сообщенія,Сообщенія
images_group_30_485_19580.png,и,и
images_group_30_485_19581.png,Публичны,Публичны
images_group_30_485_19582.png,В.,В.
images_group_30_485_19583.png,Дѣлъ,Дѣлъ
images_group_30_485_19584.png,отъ 9,отъ 9
images_group_30_485_19585.png,іюля,Iюля
images_group_30_485_19586.png,ми Зданіями,ми Зданіями
images_group_30_485_19587.png,31,31
images_group_30_485_19588.png,морзо,Марта
images_group_30_485_19589.png,1855 г.,1855 г.
images_group_30_485_19590.png,Канделярія,Канцелярія
images_group_30_485_19591.png,Глав-,Глав-
images_group_30_485_19592.png,1859,1859
images_group_30_485_19593.png,No 629.,No629.
images_group_30_485_19594.png,иаго,наго
images_group_30_485_19595.png,управленія,Управленія
images_group_30_485_19597.png,2.,2.
images_group_30_485_19598.png,объ,Объ
images_group_30_485_19599.png,улучшеніи,улучшеніи
images_group_30_485_19600.png,быста,быта
images_group_30_485_19601.png,честь,честь
images_group_30_485_19602.png,Депортамента,Департаменту
images_group_30_485_19603.png,сельскаго,сельскаго
images_group_30_485_19604.png,духовества,духовенства
images_group_30_485_19605.png,въ,въ
images_group_30_485_19606.png,Общихъ,Общихъ
images_group_30_485_19607.png,Дѣлъ,Дѣлъ
images_group_30_485_19608.png,почти-,почти-
images_group_30_485_19609.png,Енисейской,Енисейской
images_group_30_485_19610.png,губерніи.,губерніи.
images_group_30_485_19611.png,Въ,Къ
images_group_30_485_19612.png,тельниками,тельнейше
images_group_30_485_19613.png,сообщить,сообщить.
images_group_30_485_19614.png,Поднимать,Подписанъ
images_group_30_485_19615.png,предсѣдательствующий,Предсѣдательствующій
images_group_30_485_19616.png,въ,въ
images_group_30_485_19617.png,Со,Со
images_group_30_485_19618.png,разрѣшенію,разрѣшенію
images_group_30_485_19619.png,представленія,представленія
images_group_30_485_19621.png,Темучаъ,Генералъ
images_group_30_485_19622.png,Лейтелантъ,Лейтенантъ
images_group_30_485_19623.png,по,по
images_group_30_485_19624.png,сему,сему
images_group_30_485_19625.png,предмету,предмету
images_group_30_485_19626.png,Ени-,Ени-
images_group_30_485_19629.png,Числѣ,Числѣ
images_group_30_485_19630.png,Совѣ-,Совѣ-
images_group_30_485_19631.png,сейскаго,сейскаго
images_group_30_485_19632.png,"Губернатора,","Губернатора,"
images_group_30_485_19633.png,"та,","та,"
images_group_30_485_19634.png,Управляющій,Управляющій
images_group_30_485_19635.png,вѣдѣтіемъ,Отдѣленіемъ
images_group_30_485_19636.png,потребованы,потребованы
images_group_30_485_19637.png,"отъ него,","отъ него,"
images_group_30_485_19638.png,29,29
images_group_30_485_19639.png,Апрѣля,Апрѣля
images_group_30_485_19640.png,сего,сего
images_group_30_485_19641.png,"года,","года,"
images_group_30_485_19642.png,до-,до-
images_group_30_485_19644.png,полнительных,полнительныя
images_group_30_485_19645.png,свѣдния.,свѣдѣнія.
images_group_30_485_19646.png,Вѣрно:,Вѣрно:
images_group_30_485_19647.png,и,и
images_group_30_485_19648.png,3.),3.)
images_group_30_485_19649.png,объ,объ
images_group_30_485_19650.png,измѣненіи,измѣненіи
images_group_30_485_19651.png,звух,двухъ
images_group_30_485_19652.png,почтовыхъ,почтовыхъ
images_group_30_485_19653.png,станцій,станцій
images_group_30_485_19654.png,на,на
images_group_30_485_19655.png,тракѣ,трактъ
images_group_30_485_19656.png,эт,от
images_group_30_485_19657.png,Енисейска,Енисейска
images_group_30_485_19658.png,къ,къ
images_group_30_485_19659.png,"Туруханску,","Туруханску,"
images_group_30_485_19660.png,представле,Представле
images_group_30_487_19735.png,Господину,Господину
images_group_30_487_19736.png,Предсѣдательствую-,Предсѣдательствую-
images_group_30_487_19737.png,Впутренихъ,Внутреннихъ
images_group_30_487_19738.png,Дѣлъ,Дѣлъ
images_group_30_487_19739.png,14,14
images_group_30_487_19740.png,наября,октябр
images_group_30_487_19741.png,1842,1842
images_group_30_487_19742.png,г.;,г.;
images_group_30_487_19743.png,посему,посему
images_group_30_487_19746.png,щему,щему
images_group_30_487_19747.png,въ,въ
images_group_30_487_19748.png,Совѣтѣ,Совѣтѣ
images_group_30_487_19749.png,Главнаго,Главнаго
images_group_30_487_19750.png,Управ-,Управ-
images_group_30_487_19751.png,проту,прошу
images_group_30_487_19752.png,Ваше,Ваше
images_group_30_487_19753.png,Превосходи,Превосходи
images_group_30_487_19756.png,ленія,ленія
images_group_30_487_19757.png,Восточной,Восточной
images_group_30_487_19758.png,сибири.,сибири.
images_group_30_487_19759.png,КОМИТЕТЪ.,КОМИТЕТЪ.
images_group_30_487_19760.png,тельства,тельства
images_group_30_487_19761.png,сообщить,сообщить
images_group_30_487_19762.png,мнѣ,мнѣ
images_group_30_487_19763.png,означенныя,означенных
images_group_30_487_19764.png,вѣдомости,вѣдомости
images_group_30_487_19765.png,25,25
images_group_30_487_19766.png,Мая и,Мая 18
images_group_30_487_19767.png,1859,1859
images_group_30_487_19769.png,Въ,Въ
images_group_30_487_19770.png,исполненіе,исполненіе
images_group_30_487_19771.png,предписанія,предписанія
images_group_30_487_19772.png,Вашего,Вашего
images_group_30_487_19773.png,Превосходительства,Превосходительства
images_group_30_487_19774.png,отъ,отъ
images_group_30_487_19775.png,No153,No153.
images_group_30_487_19776.png,и,и
images_group_30_487_19777.png,прилагать,прилагать
images_group_30_487_19778.png,оных,оных
images_group_30_487_19779.png,"на 8,",на бу
images_group_30_487_19780.png,15 с.,15 с.
images_group_30_487_19781.png,Мая,Мая
images_group_30_487_19782.png,за,за
images_group_30_487_19783.png,"No787,","No787,"
images_group_30_487_19784.png,имѣю,имѣю
images_group_30_487_19785.png,честь,честь
images_group_30_487_19786.png,пред-,пред-
images_group_30_487_19787.png,дущее,дущее
images_group_30_487_19788.png,время,время
images_group_30_487_19789.png,къ,къ
images_group_30_487_19790.png,представ,представ
images_group_30_487_19791.png,5.,Г.
images_group_30_487_19793.png,ставить,ставить
images_group_30_487_19794.png,при,при
images_group_30_487_19795.png,семъ,семь
images_group_30_487_19796.png,двѣ,двѣ
images_group_30_487_19797.png,вѣдомости:,вѣдомости:
images_group_30_487_19798.png,ляемымъ,ляемымъ
images_group_30_487_19799.png,въ,въ
images_group_30_487_19800.png,Главное,Главное
images_group_30_487_19801.png,Учить,Упр По
images_group_30_487_19802.png,Канцеляріи,Канцеляріи
images_group_30_487_19803.png,1го,1-го
images_group_30_487_19804.png,оположеніи,о положеніи
images_group_30_487_19805.png,разныхъ,разныхъ
images_group_30_487_19806.png,сборовъ,сборовъ
images_group_30_487_19807.png,съ,съ
images_group_30_487_19808.png,всліе,вленіе
images_group_30_487_19809.png,спискамъ со,списками со
images_group_30_487_19810.png,всехъ,всепод
images_group_30_487_19811.png,лавнаго,главнаго
images_group_30_487_19812.png,управленія,Управленія
images_group_30_487_19813.png,жителей,жителей
images_group_30_487_19814.png,Енисейской,Енисейской
images_group_30_487_19815.png,губерніи,губерніи
images_group_30_487_19816.png,и,и
images_group_30_487_19817.png,доминѣйшихъ,даннѣйшихъ
images_group_30_487_19818.png,Вашихъ,Вашихъ
images_group_30_487_19819.png,отдѣленіе,отдѣленія
images_group_30_487_19820.png,4-е,4-е
images_group_30_487_19821.png,"2-го,","2-го,"
images_group_30_487_19822.png,о,о
images_group_30_487_19823.png,оборотѣ,оборотѣ
images_group_30_487_19824.png,капиталовъ,капиталовъ
images_group_30_487_19825.png,тюрем-,тюрем-
images_group_30_487_19826.png,Столъ,Столъ
images_group_30_487_19827.png,12,1-й
images_group_30_487_19828.png,ныхъ,ныхъ
images_group_30_487_19829.png,Комитетовъ,Комитетовъ
images_group_30_487_19830.png,за,за
images_group_30_487_19831.png,1858 годъ.,1858 годъ.
images_group_30_487_19832.png,четовъ,четовъ.
images_group_30_487_19833.png,При чемъ,При чемъ
images_group_30_487_19834.png,считаю,считаю
images_group_30_487_19835.png,обязанностію,обязанностію
images_group_30_487_19836.png,Подписалъ,Подписалъ
images_group_30_487_19838.png,доложить,доложить
images_group_30_487_19839.png,Вашему,Вашему
images_group_30_487_19840.png,Превосходи.,Превосходи-
images_group_30_487_19841.png,Генералъ,Генералъ
images_group_30_487_19842.png,Лейтенантъ,Лейтенантъ
images_group_30_487_19843.png,Венцель;,Венцель;
images_group_30_487_19844.png,скрѣ,скрѣ
images_group_30_487_19845.png,пиль,пиль
images_group_30_487_19846.png,Членъ,Членъ
images_group_30_487_19847.png,"Совѣта,","Совѣта,"
images_group_30_487_19848.png,управляющій,Управляющій
images_group_30_487_19850.png,"тельству,","тельству,"
images_group_30_487_19851.png,что,что
images_group_30_487_19852.png,въ,въ
images_group_30_487_19853.png,вѣдомости,вѣдомости
images_group_30_487_19854.png,о,о
images_group_30_487_19855.png,отдѣленіемъ,отдѣленіемъ
images_group_30_487_19856.png,15.,В.
images_group_30_487_19858.png,положеніи,положеніи
images_group_30_487_19859.png,"сборовъ,","сборовъ,"
images_group_30_487_19860.png,въ,въ
images_group_30_487_19861.png,отдѣлѣ,отдѣлѣ
images_group_30_487_19865.png,с,с
images_group_30_487_19867.png,о,о
images_group_30_487_19868.png,внутреннихъ,внутреннихъ
images_group_30_487_19869.png,повинностяхъ,повинностяхъ
images_group_30_487_19870.png,непоказано,непоказано
images_group_30_487_19871.png,( какъ,(какъ
images_group_30_487_19872.png,этого,этого
images_group_30_487_19873.png,тре-,тре-
images_group_30_487_19874.png,буетъ,буетъ
images_group_30_487_19875.png,данная,данная
images_group_30_487_19876.png,форма:,форма:)
images_group_30_487_19877.png,дѣйстви,дѣйстви
images_group_30_487_19878.png,тельнаго,тельнаго
images_group_30_487_19879.png,сбора,сбора
images_group_30_487_19880.png,съ каждой,съ каждой
images_group_30_487_19881.png,души,души
images_group_30_487_19882.png,"потому,","потому,"
images_group_30_487_19883.png,что,что
images_group_30_487_19884.png,въ смѣтныхъ,въ смѣтныхъ
images_group_30_487_19885.png,изчисленіяхъ,изчисленіяхъ
images_group_30_487_19886.png,Губернскаго,Губернскаго
images_group_30_487_19887.png,Правленія,Правленія
images_group_30_49_20219.png,75.,75.
images_group_30_49_20220.png,Красно-,Красно-
images_group_30_49_20221.png,двѣ аго,Изъ сего
images_group_30_49_20223.png,что,что
images_group_30_49_20224.png,въ,въ
images_group_30_49_20225.png,"1883 году,","1863 году,"
images_group_30_49_20226.png,дѣй производство,дѣлопроизводство
images_group_30_49_20227.png,по,по
images_group_30_49_20228.png,въ 1862г.,въ 1862 г.
images_group_30_49_20229.png,Губернскому,Губернскому
images_group_30_49_20231.png,было,было
images_group_30_49_20232.png,весьмъ,весьма
images_group_30_49_20233.png,"успѣйно,","успѣшно,"
images_group_30_49_20234.png,что,что
images_group_30_49_20235.png,отнести,отнѣсти
images_group_30_49_20236.png,слѣду,слѣду-
images_group_30_49_20237.png,стъ,етъ
images_group_30_49_20238.png,къ,къ
images_group_30_49_20239.png,особенному,особенному
images_group_30_49_20240.png,усердію,усердію
images_group_30_49_20241.png,и,и
images_group_30_49_20242.png,дѣятельности,дѣятельности
images_group_30_49_20243.png,Предсѣдате-,Предсѣдате-
images_group_30_49_20244.png,Пріемъ,Пріемъ
images_group_30_49_20245.png,ля и,ля и
images_group_30_49_20246.png,Чиновъ,Чиновъ
images_group_30_49_20247.png,онаго,онаго
images_group_30_49_20248.png,Суда.,Суда.
images_group_30_49_20249.png,Обоумушеніи,Объ улучшеніи
images_group_30_49_20250.png,"находятся,","находятся,"
images_group_30_49_20251.png,валаснихъ церкей.,вославныхъ церквей:
images_group_30_49_20252.png,Соверхнаіне,Содержаніе
images_group_30_49_20253.png,сельскаго,сельскаго
images_group_30_49_20254.png,Ду-,Ду-
images_group_30_49_20255.png,удовлетворительному,удовлетворительномъ
images_group_30_49_20256.png,состояніи.,состояніи
images_group_30_49_20257.png,ховства,ховенства
images_group_30_49_20258.png,въ,въ
images_group_30_49_20259.png,Енисейской,Енисейской
images_group_30_49_20260.png,ги,гу-
images_group_30_49_20261.png,берніи,берніи
images_group_30_49_20262.png,обезпечено,обезпечено
images_group_30_49_20263.png,производимымъ,производи
images_group_30_49_20264.png,оному,онаму
images_group_30_49_20265.png,отъ,отъ
images_group_30_49_20267.png,маловань,жаловань-
images_group_30_49_20268.png,Дѣлопроизвод-,Дѣлопроизвод-
images_group_30_49_20269.png,емъ,емъ
images_group_30_49_20270.png,и,и
images_group_30_49_20271.png,отпускомъ,отпускомъ
images_group_30_49_20272.png,хлѣба изъ,хлѣба изъ
images_group_30_49_20273.png,ство,ство
images_group_30_49_20274.png,повсемъ,по всѣмъ
images_group_30_49_20275.png,сельскихъ,сельскихъ
images_group_30_49_20276.png,экономическихъ,экономическихъ
images_group_30_49_20277.png,ма,ма
images_group_30_49_20278.png,вѣдомствамъ.,вѣдомствамъ.
images_group_30_49_20279.png,Палатъ дѣ,Палатъ дѣ-
images_group_30_49_20280.png,"газиновъ,","газиновъ,"
images_group_30_49_20281.png,кромѣ,кромѣ
images_group_30_49_20282.png,того,того
images_group_30_49_20283.png,Священ,Священ
images_group_30_49_20284.png,но,но
images_group_30_49_20285.png,и,и
images_group_30_49_20286.png,Церконо-,Церковно
images_group_30_49_20287.png,"служителямъ,","служителямъ,"
images_group_30_49_20288.png,за,за
images_group_30_49_20289.png,исканченіемъ,исключеніемъ
images_group_30_49_20290.png,весьма,весьма
images_group_30_49_20291.png,не-,не-
images_group_30_49_20292.png,"многихъ,","многихъ,"
images_group_30_49_20293.png,отведена,отведена
images_group_30_49_20294.png,сѣно,сѣно
images_group_30_49_20295.png,кос-,кос-
images_group_30_49_20296.png,ная,ная
images_group_30_49_20297.png,и,и
images_group_30_49_20298.png,огородная,огородная
images_group_30_49_20299.png,земля,земля
images_group_30_49_20300.png,и,и
images_group_30_49_20301.png,устроены,устроеные
images_group_30_49_20302.png,дома.,дѣла.
images_group_30_49_20303.png,Подъ,Подъ
images_group_30_49_20304.png,предсѣдательствомъ,предсѣдательствамъ
images_group_30_49_20305.png,мѣстнаго,мѣстнаго
images_group_30_49_20306.png,"Архиерея,","Архіерея,"
images_group_30_49_20307.png,въ 1863 г.,въ 1863 г.
images_group_30_49_20308.png,385.,385.
images_group_30_49_20309.png,576.,576.
images_group_30_49_20310.png,395.,895.
images_group_30_49_20311.png,136.,136.
images_group_30_490_20312.png,376.,376.
images_group_30_490_20313.png,Въ,Въ
images_group_30_490_20314.png,то,то
images_group_30_490_20315.png,число,число
images_group_30_490_20316.png,въ,въ
images_group_30_490_20317.png,1858 г.,1858 г.
images_group_30_490_20318.png,собрано,собрано
images_group_30_490_20319.png,съ,съ
images_group_30_490_20320.png,ка,ка
images_group_30_490_20321.png,изъ,изъ
images_group_30_490_20322.png,Губернскаго,Губернскаго
images_group_30_490_20323.png,Земскаго,Земскаго
images_group_30_490_20324.png,сбора,сбора
images_group_30_490_20325.png,на,на
images_group_30_490_20326.png,ждаго,ждаго
images_group_30_490_20327.png,купеческаго,купеческаго
images_group_30_490_20328.png,капитала,капитала
images_group_30_490_20329.png,или,или
images_group_30_490_20330.png,счетъ,счетъ
images_group_30_490_20331.png,ремонтной,ремонтной
images_group_30_490_20332.png,"суммы,","суммы,"
images_group_30_490_20333.png,въ,въ
images_group_30_490_20334.png,воз-,воз-
images_group_30_490_20335.png,торговаго,торговаго
images_group_30_490_20336.png,свидѣтельства,свидѣтельства
images_group_30_490_20337.png,1-гильдіи,1-й гильдіи
images_group_30_490_20338.png,вратъ,вратъ
images_group_30_490_20339.png,по заимствованныхъ,позаимствованныхъ
images_group_30_490_20340.png,въ,въ
images_group_30_490_20341.png,го-,го-
images_group_30_490_20342.png,въ,въ
images_group_30_490_20343.png,губернскомъ,губернскомъ
images_group_30_490_20344.png,городѣ,городѣ
images_group_30_490_20345.png,Красноярскѣ,Красноярскѣ
images_group_30_490_20346.png,сударственную,сударственную
images_group_30_490_20347.png,земскую,земскую
images_group_30_490_20348.png,повинность,повинность
images_group_30_490_20349.png,и,и
images_group_30_490_20350.png,Окружномъ,Окружномъ
images_group_30_490_20351.png,Енисейскѣ,Енисейскѣ
images_group_30_490_20352.png,по 87 р,по 87р
images_group_30_490_20353.png,въ,въ
images_group_30_490_20354.png,по,по
images_group_30_490_20355.png,недостатку,недостатку
images_group_30_490_20356.png,въ,въ
images_group_30_490_20357.png,оной,оной
images_group_30_490_20358.png,сборовъ,сборовъ
images_group_30_490_20359.png,на,на
images_group_30_490_20360.png,Уѣздныхъ,Уѣздныхъ
images_group_30_490_20361.png,городахъ:,городахъ:
images_group_30_490_20362.png,"Минусинскѣ,","Минусинскѣ,"
images_group_30_490_20363.png,предстоящіе,предстоящіе
images_group_30_490_20364.png,"расходы,","расходы,"
images_group_30_490_20365.png,оставшихся,оставшихся
images_group_30_490_20366.png,Ачинскѣ,Ачинскѣ
images_group_30_490_20367.png,и,и
images_group_30_490_20368.png,Канскѣ,Канскѣ
images_group_30_490_20369.png,"по 51р,","по 51 р,"
images_group_30_490_20370.png,2-й,2-й
images_group_30_490_20371.png,гильдіи,гильдіи
images_group_30_490_20372.png,отъ,отъ
images_group_30_490_20373.png,прогоновъ,прогоновъ
images_group_30_490_20374.png,выданныхъ,выданныхъ
images_group_30_490_20375.png,чиновни-,чиновни-
images_group_30_490_20376.png,въ,въ
images_group_30_490_20377.png,губернскомъ,губернскомъ
images_group_30_490_20378.png,городѣ,городѣ
images_group_30_490_20379.png,Красноярскѣ,Красноярскѣ
images_group_30_490_20380.png,камъ,камъ
images_group_30_490_20381.png,Строительной,Строительной
images_group_30_490_20382.png,"коммисіи,","Коммисіи,"
images_group_30_490_20383.png,и,и
images_group_30_490_20384.png,Окружномъ,Окружномъ
images_group_30_490_20385.png,Енисейскѣ,Енисейскѣ
images_group_30_490_20386.png,по 34 р,по 34 р
images_group_30_490_20387.png,80 к.,80 к.
images_group_30_490_20388.png,командируемыхъ,командируемыхъ
images_group_30_490_20389.png,по,по
images_group_30_490_20390.png,дѣламъ,дѣламь
images_group_30_490_20391.png,зем-,зем-
images_group_30_490_20392.png,и,и
images_group_30_490_20393.png,Уѣздныхъ,Уѣздныхъ
images_group_30_490_20394.png,городахъ:,городахъ:
images_group_30_490_20395.png,"Ачинскѣ,","Ачинскѣ,"
images_group_30_490_20396.png,Ми-,Ми-
images_group_30_490_20397.png,"ства,","ства,"
images_group_30_490_20398.png,отъ,отъ
images_group_30_490_20399.png,расходовъ,расходовъ
images_group_30_490_20400.png,на,на
images_group_30_490_20401.png,содержаніе,содержаніе
images_group_30_490_20402.png,нусинскѣ,нусинскѣ
images_group_30_490_20403.png,и,и
images_group_30_490_20404.png,Канскѣ.,Канскѣ.
images_group_30_490_20405.png,по,по
images_group_30_490_20406.png,20р,20р
images_group_30_490_20407.png,"40 к.,","40 к.,"
images_group_30_490_20408.png,3-й,3-й
images_group_30_490_20409.png,въ с.,въ с.
images_group_30_490_20410.png,Березовскомъ,Березовскомъ
images_group_30_490_20411.png,"перевоза,","перевоза,"
images_group_30_490_20412.png,отъ,отъ
images_group_30_490_20413.png,устрой-,устрой-
images_group_30_490_20414.png,гильдіи,гильдіи
images_group_30_490_20415.png,въ,въ
images_group_30_490_20416.png,губернскомъ,губернскомъ
images_group_30_490_20417.png,городъ,городѣ
images_group_30_490_20418.png,Кра-,Кра-
images_group_30_490_20419.png,ства,ства
images_group_30_490_20420.png,разныхъ,разныхъ
images_group_30_490_20421.png,тюремныхъ,тюремныхъ
images_group_30_490_20422.png,и,и
images_group_30_490_20423.png,воинскихъ,воинскихъ
images_group_30_490_20424.png,сноярскѣ,сноярскѣ
images_group_30_490_20425.png,по,по
images_group_30_490_20426.png,8р,8р
images_group_30_490_20427.png,"70 к,","70 к,"
images_group_30_490_20428.png,въ,въ
images_group_30_490_20429.png,Уѣздныхъ,Уѣздныхъ
images_group_30_490_20430.png,горо-,горо-
images_group_30_490_20431.png,помѣщеній,помѣщеній
images_group_30_490_20432.png,и,и
images_group_30_490_20433.png,отъ,отъ
images_group_30_490_20434.png,расходовъ,расходовъ
images_group_30_490_20435.png,на отоп-,на отоп-
images_group_30_490_20436.png,дахъ:,дахъ:
images_group_30_490_20437.png,"Ачинскѣ,","Ачинскѣ,"
images_group_30_490_20438.png,Минусинскѣ,Минусинскѣ
images_group_30_490_20439.png,и,и
images_group_30_490_20440.png,Кан-,Кан-
images_group_30_490_20441.png,леніе,леніе
images_group_30_490_20442.png,и,и
images_group_30_490_20443.png,освѣщеніе,освѣщеніе
images_group_30_490_20444.png,воинскихъ,воинскихъ
images_group_30_490_20445.png,помѣ-,помѣ-
images_group_30_490_20446.png,скѣ,скѣ
images_group_30_490_20447.png,по 3р,по 3 р
images_group_30_490_20448.png,"65 к.,","65 к.,"
images_group_30_490_20449.png,уѣздномъ,уѣздномъ
images_group_30_490_20450.png,г. Енисейскѣ,г. Енисейскѣ
images_group_30_490_20451.png,"щеній,","щеній,"
images_group_30_490_20452.png,вырученныхъ,вырученныхъ
images_group_30_490_20453.png,чрезъ продажу,чрезъ продажу
images_group_30_490_20454.png,по р.,по 6 р.
images_group_30_490_20455.png,"23 1/2 к.,","23 1/2 к.,"
images_group_30_490_20456.png,всего.,всего.
images_group_30_490_20457.png,.4255 р. 9.,.4255 р.д.
images_group_30_490_20458.png,разныхъ,разныхъ
images_group_30_490_20459.png,"строеній,","строеній,"
images_group_30_490_20460.png,производимыхъ,производимыхъ
images_group_30_490_20461.png,а,а
images_group_30_490_20462.png,съ,съ
images_group_30_490_20463.png,"мѣщанъ,","мѣщанъ,"
images_group_30_490_20464.png,крестьянъ,крестьянъ
images_group_30_490_20465.png,и,и
images_group_30_490_20466.png,ко-,ко-
images_group_30_490_20467.png,на счетъ,на счетъ
images_group_30_490_20468.png,Губернскаго,Губернскаго
images_group_30_490_20469.png,Земскаго,Земскаго
images_group_30_490_20470.png,"сбора,","сбора,"
images_group_30_490_20471.png,чующихъ,чующихъ
images_group_30_490_20472.png,инородцевъ,инородцевъ
images_group_30_490_20473.png,по,по
images_group_30_490_20474.png,разрядамъ:,разрядамъ:
images_group_30_490_20475.png,перечисленныхъ,перечисленныхъ
images_group_30_490_20476.png,въ,въ
images_group_30_490_20477.png,сей,сей
images_group_30_490_20478.png,сборъ,сборъ
images_group_30_490_20479.png,изъ,изъ
images_group_30_490_20480.png,общихъ,общихъ
images_group_30_490_20481.png,1-по,1 по
images_group_30_490_20482.png,"41 к,","41 к,"
images_group_30_490_20483.png,2-,2
images_group_30_490_20484.png,"по 33 к,","по 33 к,"
images_group_30_490_20485.png,3-по 24 к.,3- по 24 к.
images_group_30_490_20486.png,и,и
images_group_30_490_20487.png,4-по 15 к.,4-по 15 к.
images_group_30_490_20488.png,съ,съ
images_group_30_490_20489.png,ду-,ду-
images_group_30_490_20490.png,доходовъ,доходовъ
images_group_30_490_20491.png,съ возвратомъ,съ возвратомъ
images_group_30_490_20492.png,въ тѣ,въ тѣ
images_group_30_490_20493.png,дохо-,дохо-
images_group_30_490_20494.png,"ши,",ши
images_group_30_490_20495.png,всего,всего
images_group_30_490_20496.png,ды,ды
images_group_30_490_20497.png,счетъ,счетъ
images_group_30_490_20498.png,Иркутской,Иркутской
images_group_30_490_20499.png,губерніи,губерніи
images_group_30_490_20500.png,73906-2,73906-2
images_group_30_490_20501.png,Поступило,Поступило
images_group_30_490_20502.png,изъ,изъ
images_group_30_490_20503.png,другихъ,другихъ
images_group_30_490_20504.png,"источниковъ,","источниковъ,"
images_group_30_490_20505.png,изъ запаснаго,изъ запаснаго
images_group_30_490_20506.png,земскаго,земскаго
images_group_30_490_20507.png,капитала,капитала
images_group_30_490_20508.png,какъ,какъ
images_group_30_490_20509.png,то:,то:
images_group_30_490_20510.png,въ,въ
images_group_30_490_20511.png,возвратъ,возвратъ
images_group_30_490_20512.png,отпущенныхъ,отпущенныхъ
images_group_30_490_20513.png,на,на
images_group_30_490_20514.png,покрытіе,покрытіе
images_group_30_490_20515.png,сверхъ,сверхъ
images_group_30_490_20516.png,смѣтныхъ,смѣтныхъ
images_group_30_4935_22500.png,8,8
images_group_30_4935_22502.png,работ,работ
images_group_30_4935_22503.png,и,аб
images_group_30_4935_22504.png,улучшений,улучшенію
images_group_30_4935_22505.png,94,24.
images_group_30_4935_22506.png,Мая д5,Мая 95
images_group_30_4935_22507.png,судоходства,судоходства
images_group_30_4935_22508.png,на,на
images_group_30_4935_22509.png,рѣкт,рѣкѣ
images_group_30_4935_22510.png,Ангосѣрѣ,Ангарѣ
images_group_30_4935_22511.png,имменеру,инженеру
images_group_30_4935_22512.png,чернодову.,Чернецову.
images_group_30_4935_22513.png,No3991,No3991
images_group_30_4935_22514.png,Имею,Имѣю
images_group_30_4935_22515.png,честь,честь
images_group_30_4935_22517.png,Ва съ,Ва съ
images_group_30_4935_22518.png,М.г.,М.
images_group_30_4935_22519.png,въ,въ
images_group_30_4935_22520.png,свобщить,сообщить
images_group_30_4935_22521.png,шнь,мнѣ
images_group_30_4935_22522.png,Имѣющиеся,имеющиеся
images_group_30_4935_22523.png,7,у
images_group_30_4935_22524.png,Пла,Ва съ
images_group_30_4935_22525.png,данные,данные
images_group_30_4935_22526.png,о,О
images_group_30_4935_22527.png,ходѣ,ходѣ
images_group_30_4935_22528.png,работа,работъ
images_group_30_4935_22529.png,за,за
images_group_30_4935_22530.png,1814 года,1844 годъ
images_group_30_4935_22532.png,улучшенію,улучшенію
images_group_30_4935_22533.png,судоходства,судоходства
images_group_30_4935_22534.png,на,на
images_group_30_4935_22535.png,рѣкт,рѣкѣ
images_group_30_4935_22536.png,"Ангорѣ,","Ангарѣ,"
images_group_30_4935_22537.png,для,для
images_group_30_4935_22538.png,включенія,включенія
images_group_30_4935_22541.png,джныхъ,данныхъ
images_group_30_4935_22542.png,во,во
images_group_30_4935_22543.png,в сень,всей
images_group_30_4935_22544.png,дозел-,здан -
images_group_30_4935_22547.png,за,за
images_group_30_4935_22548.png,тотъ,тотъ
images_group_30_4935_22549.png,нае,нее
images_group_30_4935_22550.png,годъ,годъ
images_group_30_4935_22552.png,Губерна,Губерна
images_group_30_4935_22553.png,18,138
images_group_30_4935_22554.png,торъ,торъ
images_group_30_4935_22555.png,Теляковск,Теляковскій
images_group_30_4935_22557.png,Отдѣленія,Отдѣленія
images_group_30_4935_22559.png,Вѣрно,Вѣрно:
images_group_30_4936_22562.png,9,9
images_group_30_4936_22563.png,4,1/1
images_group_30_4936_22564.png,Ленералъ,Генералъ-
images_group_30_4936_22565.png,Доказану,Господину
images_group_30_4936_22566.png,Губернатору,Губернатору
images_group_30_4936_22567.png,Иркутскому,Иркутскому
images_group_30_4936_22568.png,30 Мая 95 г.,30 Мая 95 г
images_group_30_4936_22569.png,No431,No4137No4137No4137
images_group_30_4936_22570.png,Иштъ,Имѣю
images_group_30_4936_22572.png,при,при
images_group_30_4936_22574.png,представить,представить
images_group_30_4936_22575.png,на,на
images_group_30_4936_22576.png,благоусмонужные,благоусмотреніе
images_group_30_4936_22577.png,Вашей,Вашего
images_group_30_4936_22578.png,Высоко,Высоко-
images_group_30_4936_22581.png,всподденнйшаго,всеподданнейшего
images_group_30_4936_22584.png,по,по
images_group_30_4936_22585.png,Енисенской,Енисейской
images_group_30_4936_22586.png,губ,губ
images_group_30_4936_22587.png,"за 1894 г.,",за 1894 г.
images_group_30_4936_22591.png,въ,въ
images_group_30_4936_22592.png,сообще-,сообще
images_group_30_4936_22593.png,ніи,ніи
images_group_30_4936_22594.png,мнѣ,"мнѣ,"
images_group_30_4936_22596.png,ли,ли
images_group_30_4936_22597.png,Вы,Вы
images_group_30_4936_22598.png,согласиться,согласиться
images_group_30_4936_22600.png,женіемъ,женіемъ
images_group_30_4936_22601.png,"онаго,","онаго,"
images_group_30_4936_22602.png,въ виду,въ виду
images_group_30_4936_22606.png,В.,В.
images_group_30_4936_22607.png,"Дѣлъ,","Дѣль,"
images_group_30_4936_22608.png,отъ,отъ
images_group_30_481_22632.png,муж.,муж.
images_group_30_4752_23157.png,No,No
images_group_30_4752_23158.png,10,IV
images_group_30_4752_23160.png,же н.,252/616
images_group_30_4752_23162.png,Фанисеорію,Канцелярію
images_group_30_4755_23186.png,уѣздный,уѣздный
images_group_30_4755_23187.png,уѣздъ,уѣздъ
images_group_30_4755_23311.png,Уѣ дный,Уѣдный
images_group_30_480_23368.png,1055.,1055.
images_group_30_481_23369.png,2,2
images_group_30_485_23372.png,г.,г.
images_group_30_487_23373.png,401,401
images_group_30_487_23374.png,No,45
images_group_30_487_23375.png,2,2
images_group_30_487_23377.png,173.,173
images_group_30_49_23379.png,74.,14.
images_group_30_49_23381.png,упраздненной,упраздненной
images_group_30_49_23382.png,въ г,въ г.
images_group_30_49_23383.png,ярскѣ,ярекѣ
images_group_30_49_23384.png,роты,роты
images_group_30_49_23385.png,ванныхъ,военныхъ
images_group_30_49_23386.png,кинто-,канто-
images_group_30_49_23387.png,"нистовъ,","нистовъ,"
images_group_30_49_23388.png,приображенныхъ,преобрѣтенныхъ
images_group_30_49_23389.png,вѣдом-,вѣдом-
images_group_30_49_23390.png,состоянія пра-,состоянія пра-
images_group_30_49_23391.png,Остаба,Остава
images_group_30_49_23392.png,лось,лось
images_group_30_49_23393.png,ко,къ
images_group_30_49_23394.png,1865,1865
images_group_30_49_23395.png,году,году
images_group_30_49_23396.png,966.,966.
images_group_30_49_23397.png,1607.,1607.
images_group_30_49_23398.png,1444,1444.
images_group_30_49_23399.png,1129.,1129.
images_group_30_49_23400.png,видѣ:,видѣ:
images_group_30_49_23401.png,представляется,представляется
images_group_30_49_23402.png,попроизводство,иопроизводство
images_group_30_49_23403.png,слѣдующемъ,слѣдующемъ
images_group_30_49_23404.png,въ,въ
images_group_30_49_23405.png,Повѣдомству,Повѣдомству
images_group_30_49_23406.png,По,По
images_group_30_49_23407.png,Канной,Конной
images_group_30_49_23408.png,Палитѣ,Палатѣ
images_group_30_49_23409.png,Губернскому,Губернскаму
images_group_30_49_23410.png,суду,суду
images_group_30_49_23411.png,33,Въ
images_group_30_49_23412.png,4863,1863
images_group_30_49_23413.png,году,году.
images_group_30_49_23414.png,по,по
images_group_30_49_23416.png,Въ,Въ
images_group_30_49_23417.png,1863,1863
images_group_30_49_23418.png,ко,Къ
images_group_30_49_23419.png,1862,1864
images_group_30_49_23420.png,году,году
images_group_30_49_23424.png,листь,шить.
images_group_30_49_23425.png,лось.,нось.
images_group_30_49_23426.png,покупкою,покупкою
images_group_30_49_23427.png,отъ,отъ
images_group_30_49_23428.png,военнаго,военнаго
images_group_30_49_23429.png,ства.,ства.
images_group_30_49_23430.png,Въ,Въ
images_group_30_49_23431.png,1863,1863
images_group_30_49_23432.png,году,году
images_group_30_49_23433.png,всѣхъ,всѣхъ
images_group_30_49_23434.png,дѣлъ,дѣлъ
images_group_30_49_23435.png,состо-,состо-
images_group_30_49_23436.png,произво-,произво-
images_group_30_49_23437.png,дѣлъ,дѣлъ
images_group_30_49_23438.png,яло,яло
images_group_30_49_23439.png,348910.,"348,970."
images_group_30_49_23440.png,дится,дится
images_group_30_49_23441.png,въ установленномъ,въ установленномъ
images_group_30_49_23442.png,порадкѣ,порядкѣ
images_group_30_49_23443.png,исправно.,исправно.
images_group_30_49_23444.png,содержится,содержится
images_group_30_49_23445.png,Архивъ,Архивъ
images_group_30_49_23446.png,и,и
images_group_30_49_23447.png,Архивы,Архивы
images_group_30_49_23448.png,въ,въ
images_group_30_49_23449.png,Окружныхъ,Окружныхъ
images_group_30_49_23450.png,городахъ,городахъ
images_group_30_49_23451.png,въ,въ
images_group_30_49_23452.png,подозможности,повозможности
images_group_30_4935_23489.png,95,95
images_group_30_4936_23490.png,95,95
images_group_30_4936_23491.png,138,138
images_group_30_4936_23492.png,19 ягря 1819,19 января 1893
images_group_30_481_23517.png,1,1
images_group_30_490_23525.png,и,и
images_group_30_490_23526.png,на,на
images_group_30_485_23586.png,Столопачальникъ,Столоначальнікъ
images_group_30_487_23588.png,от,от
images_group_1_1017_7867.png,4.,41.
images_group_1_104_12483.png,Барабанщикъ.,Барабанщикъ:
images_group_1_104_12484.png,No1-го,No1-го
images_group_1_104_12485.png,Ни,Жи
images_group_1_104_12486.png,Домошаниями,Домашними
images_group_1_104_12487.png,Унтеръ,Унтеръ
images_group_1_104_12488.png,офицеръ,офицеръ
images_group_1_104_12490.png,Вахрушев,Вахругинъ
images_group_1_104_12491.png,работами.,работами.
images_group_1_104_12492.png,Леонтій,Леонтій
images_group_1_104_12493.png,Игна,Игна
images_group_1_104_12494.png,Хозяйствомъ.,Хозяйствомъ.
images_group_1_104_12495.png,No4.,No4
images_group_1_104_12496.png,тьевъ,тьевъ
images_group_1_104_12497.png,Ивановъ.,Ивановъ
images_group_1_104_12498.png,Рядовой.,No4 Рядовой.
images_group_1_104_12499.png,Рядовой:,Рядовой:
images_group_1_104_12501.png,Работами,Работами
images_group_1_104_12502.png,по,по
images_group_1_104_12503.png,хоновъ,хоновъ
images_group_1_104_12504.png,Иновой.,Иковой.
images_group_1_104_12505.png,найму,найму
images_group_1_104_12506.png,Домашними,Домашними
images_group_1_104_12507.png,Семенъ,Семенъ
images_group_1_104_12508.png,Мелентъ,Миленть
images_group_1_104_12509.png,No5,No5
images_group_1_104_12510.png,работами.,работами.
images_group_1_104_12511.png,евъ,евъ
images_group_1_104_12512.png,Бѣлянинъ.,Бѣлянинъ
images_group_1_104_12513.png,Унтеръ,Унтеръ
images_group_1_104_12514.png,офицеръ.,офицеръ.
images_group_1_104_12515.png,No6-го,No6-го
images_group_1_104_12516.png,Прокопь,Прокопъ
images_group_1_104_12517.png,Пшевывоводствомъ,Письмоводствомъ
images_group_1_104_12518.png,Письмоводет,Письмоводст
images_group_1_104_12519.png,Нистеровъ,Нестеровъ
images_group_1_104_12520.png,Унтеръ,Унтеръ
images_group_1_104_12521.png,офицеры,офицеръ
images_group_1_104_12522.png,по найму,по найму.
images_group_1_104_12523.png,вомъ,вомъ
images_group_1_104_12524.png,по,по
images_group_1_104_12525.png,"най,","най,"
images_group_1_104_12526.png,Рядовые:,Рядовые:
images_group_1_104_12527.png,Дмитрій,Дмитрій
images_group_1_104_12528.png,ми,Ми
images_group_1_104_12529.png,му.,му.
images_group_1_104_12530.png,хайловъ,хайловъ
images_group_1_104_12531.png,Гавриловъ.,Гавріиловъ
images_group_1_104_12532.png,Ефимъ,Ефимъ
images_group_1_104_12533.png,Дорме,Дорме
images_group_1_104_12534.png,Домашніемъ,Домашними
images_group_1_104_12535.png,донтовъ,донтовъ
images_group_1_104_12536.png,Терскій,Терскій
images_group_1_104_12537.png,Рядовой:,Рядовой:
images_group_1_104_12538.png,Михаилъ,Михаилъ
images_group_1_104_12539.png,Уюзе,Юзе
images_group_1_104_12540.png,Сапожнымъ ма,Сапожнымъ ма
images_group_1_104_12541.png,Анатолій,Анатолій
images_group_1_104_12542.png,Ан-,Ан-
images_group_1_104_12544.png,Крижинскій,Кричинскій
images_group_1_104_12545.png,работами.,работами.
images_group_1_104_12546.png,стерствомъ.,стерствомъ.
images_group_1_104_12547.png,дрѣевъ,дрѣевъ
images_group_1_104_12548.png,Бирюковъ,Бирюковъ
images_group_1_104_12549.png,No14-го,No14-го
images_group_1_104_12550.png,No11-го,No11-го
images_group_1_104_12551.png,Унтеръ,Унтеръ
images_group_1_104_12552.png,офицеръ,офицеръ.
images_group_1_104_12553.png,Тимофей,Тимофей
images_group_1_104_12554.png,Мака,Мака
images_group_1_104_12555.png,Портнымъ ми-,Портнымъ ма-
images_group_1_104_12556.png,Домашними,Домашними
images_group_1_104_12557.png,ровъ,ровъ
images_group_1_104_12559.png,стерствомъ.,стерствомъ.
images_group_1_104_12560.png,Дмитрій,Дмитрій
images_group_1_104_12561.png,оредо,Федо
images_group_1_104_12562.png,работами,работами
images_group_1_104_12563.png,Изъ,Изъ
images_group_1_104_12564.png,Оренбургскихъ,Оренбургскихъ
images_group_1_104_12565.png,ровъ,ровъ
images_group_1_104_12567.png,Линейныхъ,Линейныхъ
images_group_1_104_12568.png,Саталіоновъ,Баталіоновъ
images_group_1_1052_13914.png,лицейско,лицейско
images_group_1_1052_13915.png,"административныя,","административныя,"
images_group_1_1052_13916.png,хо-,хо-
images_group_1_1052_13917.png,нію,нію
images_group_1_1052_13918.png,болѣе,болѣе
images_group_1_1052_13919.png,достачныхъ,достачныхъ
images_group_1_1052_13920.png,средствъ,средствъ
images_group_1_1052_13921.png,на,на
images_group_1_1052_13922.png,зяйственныя,зяйственныя
images_group_1_1052_13923.png,и,и
images_group_1_1052_13924.png,судныя.,судныя.
images_group_1_1052_13925.png,Множест-,Множест-
images_group_1_1052_13926.png,открытіе,открытіе
images_group_1_1052_13927.png,новыхъ,новыхъ
images_group_1_1052_13928.png,И.,и
images_group_1_1052_13929.png,содержаніе,содержаніе
images_group_1_1052_13930.png,во,во
images_group_1_1052_13931.png,"слѣдствій,","слѣдствій,"
images_group_1_1052_13932.png,"удостовѣреніи,","удостовѣреніи,"
images_group_1_1052_13933.png,разби-,разби-
images_group_1_1052_13934.png,нынѣ,нынѣ
images_group_1_1052_13935.png,существующихъ,существующихъ
images_group_1_1052_13936.png,народныхъ,народныхъ
images_group_1_1052_13937.png,рательствъ,рательствъ
images_group_1_1052_13938.png,и,и
images_group_1_1052_13939.png,разныхъ,разныхъ
images_group_1_1052_13940.png,распоряже,распоряже
images_group_1_1052_13941.png,"школъ,","школъ,"
images_group_1_1052_13942.png,крайне,крайне
images_group_1_1052_13943.png,необходимо,необходимо
images_group_1_1052_13944.png,наз-,наз-
images_group_1_1052_13945.png,"ній,","ній,"
images_group_1_1052_13946.png,требуютъ,требуютъ
images_group_1_1052_13947.png,оть,отъ
images_group_1_1052_13948.png,исправниковъ,исправниковъ
images_group_1_1052_13949.png,наченіе,наченіе
images_group_1_1052_13950.png,особаго,особаго
images_group_1_1052_13951.png,Инспектора,Инспектора
images_group_1_1052_13952.png,на-,на-
images_group_1_1052_13953.png,ивъ,ивъ
images_group_1_1052_13954.png,особенности,особенности
images_group_1_1052_13955.png,отъ,отъ
images_group_1_1052_13956.png,"засѣдателей,","засѣдателей,"
images_group_1_1052_13957.png,родныхъ,родныхъ
images_group_1_1052_13958.png,"училищъ,","училищь,"
images_group_1_1052_13959.png,для,для
images_group_1_1052_13960.png,постоян-,постоян-
images_group_1_1052_13961.png,людей,людей
images_group_1_1052_13962.png,большею,большею
images_group_1_1052_13963.png,частію,частію
images_group_1_1052_13964.png,"семейныхъ,","семеиныхъ,"
images_group_1_1052_13965.png,наго,наго
images_group_1_1052_13966.png,надъ,надъ
images_group_1_1052_13967.png,ними,ними
images_group_1_1052_13968.png,надзора.,надзора.
images_group_1_1052_13969.png,Ухашия,Учащих
images_group_1_1052_13970.png,безпрерывныхъ,безпрерывныхъ
images_group_1_1052_13971.png,"разъѣздовъ,","разъѣздовъ,"
images_group_1_1052_13972.png,сопря-,сопря-
images_group_1_1052_13973.png,ся,ся
images_group_1_1052_13974.png,въ,во
images_group_1_1052_13975.png,всѣхъ,всѣхъ
images_group_1_1052_13976.png,учебныхъ,учебныхъ
images_group_1_1052_13977.png,заведеніяхъ,заведеніяхъ
images_group_1_1052_13978.png,бы,бы
images_group_1_1052_13979.png,женныхъ,женныхъ
images_group_1_1052_13980.png,съ,съ
images_group_1_1052_13981.png,расходами,расходами
images_group_1_1052_13982.png,по,по
images_group_1_1052_13983.png,обшир-,обшир-
images_group_1_1052_13984.png,ло,ло
images_group_1_1052_13985.png,2410,2410
images_group_1_1052_13986.png,обоего,обоего
images_group_1_1052_13987.png,"пола,","пола,"
images_group_1_1052_13988.png,менѣе,менѣе
images_group_1_1052_13989.png,предмест,предшест
images_group_1_1052_13990.png,нымъ,нымъ
images_group_1_1052_13991.png,округамъ,округамъ
images_group_1_1052_13992.png,И,и
images_group_1_1052_13993.png,дистанціямъ,дистанціямъ
images_group_1_1052_13994.png,вовавшаго,вовавшаго
images_group_1_1052_13995.png,года,года
images_group_1_1052_13996.png,125,125-ю.
images_group_1_1052_13997.png,и,и
images_group_1_1052_13998.png,вообще,вообще
images_group_1_1052_13999.png,"энергической,","энергической,"
images_group_1_1052_14000.png,не,не
images_group_1_1052_14001.png,утоми-,утоми-
images_group_1_1052_14002.png,Дѣятельность,Дѣятельность
images_group_1_1052_14003.png,адмистратие,адмистратив
images_group_1_1052_14004.png,мои,мои
images_group_1_1052_14005.png,дѣятельности.,дѣятельности.
images_group_1_1052_14006.png,Поселенчес-,Поселенчес-
images_group_1_1052_14007.png,ныхъ,ныхъ
images_group_1_1052_14008.png,и,и
images_group_1_1052_14009.png,судебныхъ,судебныхъ
images_group_1_1052_14010.png,мѣстъ,мѣстъ
images_group_1_1052_14012.png,кій,кій
images_group_1_1052_14013.png,"элементъ,","элементъ,"
images_group_1_1052_14014.png,составляющій,составляющій
images_group_1_1052_14015.png,1/5,1/5
images_group_1_1052_14016.png,ся,ся
images_group_1_1052_14017.png,"удовлетворительною,","удовлетворительною,"
images_group_1_1052_14018.png,не смотря,не смотря
images_group_1_1052_14019.png,часть,часть
images_group_1_1052_14020.png,народонаселенія,народонаселенія
images_group_1_1052_14021.png,"губерніи,","губерніи,"
images_group_1_1052_14022.png,на,на
images_group_1_1052_14023.png,постоянное,постоянное
images_group_1_1052_14024.png,увеличеніе,увеличеніе
images_group_1_1052_14025.png,коли-,коли-
images_group_1_1052_14026.png,весьма,весьма
images_group_1_1052_14027.png,усложняетъ,усложняетъ
images_group_1_1052_14028.png,чества,чества
images_group_1_1052_14029.png,дѣлъ.,дѣлъ.
images_group_1_1052_14030.png,На,На
images_group_1_1052_14031.png,полицеискихъ,полицеискихъ
images_group_1_1052_14032.png,няетъ,няетъ
images_group_1_1052_14033.png,отправленіе,отправленіе
images_group_1_1052_14034.png,полицейс-,полицеис-
images_group_1_1052_14035.png,управленіяхъ,Управленія
images_group_1_1052_14036.png,лежатъ,лежатъ
images_group_1_1052_14037.png,трудно,трудно
images_group_1_1052_14038.png,кой,кой
images_group_1_1052_14039.png,"службы,","службы,"
images_group_1_1052_14040.png,большою,большою
images_group_1_1052_14041.png,разнообраз,разнообраз.
images_group_1_1052_14042.png,обязанности,обязанности
images_group_1_1052_14043.png,по-,по-
images_group_1_1054_14174.png,6.,10.
images_group_1_1054_14175.png,Копія,Копія.
images_group_1_1054_14176.png,денежныхъ,денежныхъ
images_group_1_1054_14177.png,средствъ,средствъ
images_group_1_1054_14178.png,и,и
images_group_1_1054_14179.png,личнаго,личнаго
images_group_1_1054_14180.png,состова,состова
images_group_1_1054_14181.png,Красноярской,Красноярской
images_group_1_1054_14182.png,Городской,Городской
images_group_1_1054_14183.png,Полиціи.,Полиціи.
images_group_1_1054_14184.png,Другія,Другія
images_group_1_1054_14185.png,нужды,нужды
images_group_1_1054_14186.png,губер-,губер-
images_group_1_1054_14187.png,ніи,ніи
images_group_1_1054_14188.png,была,были
images_group_1_1054_14189.png,подробно,подробно
images_group_1_1054_14190.png,перечислены,перечислены
images_group_1_1054_14194.png,въ,въ
images_group_1_1054_14195.png,отчетахъ,отчетахъ
images_group_1_1054_14196.png,прежнихъ,прежнихъ
images_group_1_1054_14197.png,лѣтъ,лѣтъ
images_group_1_1054_14201.png,Исправляющій,Исправляющій
images_group_1_1054_14202.png,доворность,довѣрность
images_group_1_1054_14203.png,Губернатора,Губернатора
images_group_1_1054_14205.png,Губернского,Губернском
images_group_1_1054_14206.png,правленія,правленія
images_group_1_1054_14207.png,Статскіе,Статскій
images_group_1_1055_14495.png,59 2435,592435
images_group_1_1055_14522.png,486188,486188
images_group_1_1055_14539.png,49 8824,498827
images_group_1_1055_14545.png,375934,375934
images_group_1_1055_14560.png,1953981,1953381
images_group_1_1061_16238.png,17,17
images_group_1_1062_16593.png,18.,18.
images_group_1_1065_17915.png,21.,21.
images_group_1_1072_20472.png,28.,28.
images_group_1_1052_27576.png,совмѣстимыя,совмѣстимыя
images_group_1_1052_27577.png,и,и
images_group_1_1052_27578.png,затруд-,затруд-
images_group_1_104_28445.png,Трофимъ,Трофимъ
images_group_1_104_28446.png,4.,4.
images_group_1_104_28447.png,5.,5.
images_group_1_104_28448.png,Филипъ,Филипъ
images_group_1_104_28449.png,евъ,евъ
images_group_1_104_28450.png,6.,6.
images_group_1_104_28451.png,7.,7.
images_group_1_104_28452.png,в.,8.
images_group_1_104_28453.png,9,9.
images_group_1_104_28454.png,10.,10.
images_group_1_104_28455.png,11.,11.
images_group_1_104_28456.png,No 3-ю,No3-го
images_group_1_104_28457.png,12.,12.
images_group_1_104_28458.png,No8-го,No8-го
images_group_1_104_28459.png,13.,13.
images_group_1_104_28460.png,14.,14.
