image,incorrect,correct
images_group_62_9074_3718.png,его,Его
images_group_62_9074_3720.png,Воличеству.,Величеству.
images_group_62_9074_3721.png,Енисейскаго,Енисейского
images_group_62_9074_3722.png,Губернатора,Губернатора.
images_group_62_9074_3724.png,Всеподданнѣйше,Всеподданными
images_group_62_9074_3725.png,допосъ,донося
images_group_62_9074_3739.png,"благопосично,","благопослучно,"
images_group_62_9074_3743.png,усмотрѣніе,усмотреніе
images_group_62_9074_3753.png,Подписалъ:,Подписанъ:
images_group_62_9074_3760.png,день,для
images_group_62_909_5798.png,состоить,состоитъ
images_group_62_909_5824.png,Маіоръ,Маіoръ
images_group_62_909_5831.png,по-,по
images_group_62_909_5837.png,4-мъ Мужскимъ,4-мъ Мучинскимъ
images_group_62_909_5840.png,Изъяс-,Именъ
images_group_62_9096_6755.png,Iотя,Хотя
images_group_62_9096_6759.png,надо-,неудо-
images_group_62_9096_6763.png,затруденіе,затруденіи
images_group_62_9096_6766.png,обизначенія,обезпеченія
images_group_62_9096_6768.png,продовольствіемъ,"продовольствія,"
images_group_62_9096_6770.png,сѣменамъ,съменамъ
images_group_62_9096_6771.png,на носъ,на посъ
images_group_62_9096_6786.png,"округѣ,",округъ
images_group_62_9096_6804.png,недоститковъ,недостатокъ
images_group_62_9096_6810.png,дейтели,деятели
images_group_62_9096_6812.png,удовлестворить,удовлетворить
images_group_62_9096_6813.png,займомъ,займощь
images_group_62_9096_6818.png,"магариновъ,","магазиновъ,"
images_group_62_9096_6819.png,въ,и
images_group_62_9096_6829.png,264898 го.,264398 го
images_group_62_9096_6830.png,повертей;,твертей;
images_group_62_9096_6834.png,рабково,работа
images_group_62_9096_6838.png,извозомъ,изводомъ
images_group_62_9096_6844.png,"зверей,","звѣрей,"
images_group_62_9096_6854.png,по-,Не-
images_group_62_9096_6866.png,талами:,талами
images_group_62_9096_6867.png,"а.,","а,"
images_group_62_9096_6868.png,губернскимъ,губернаторъ
images_group_62_9096_6874.png,въ обращеніе,въ обращеніи
images_group_62_9096_6875.png,вы,въ
images_group_62_9096_6876.png,государствен-,Государствен-
images_group_62_9096_6877.png,намъ,номъ
images_group_62_9096_6883.png,794 руб,7174 руб
images_group_62_9096_6886.png,крестьян,крестьян-
images_group_62_9096_6887.png,"снимъ,","скимъ,"
images_group_62_9096_6889.png,Тунгуской,Тунгузской
images_group_62_910_7882.png,1866 к,1866 г.
images_group_62_910_7893.png,благотворитель,благотворитель-
images_group_62_910_7894.png,благотвори-,благотвори
images_group_62_910_7895.png,съостатой,съ остаточ
images_group_62_910_7916.png,кредитным,кредитныя
images_group_62_910_7929.png,ит дѣленіи,отдѣленіи
images_group_62_910_7952.png,жаніе,маніе
images_group_62_910_7956.png,"О дежду,","Одежду,"
images_group_62_910_7959.png,"обувъ,",обувь.
images_group_62_910_7962.png,постройки,построики
images_group_62_910_7972.png,содержаніе,содержаніe
images_group_62_910_7975.png,"замедикагенты,","за медикаменты,"
images_group_62_910_7978.png,припасовъ-,припасовъ -
images_group_62_910_7983.png,кормбыхъ,кормвыхъ
images_group_62_910_7995.png,речаной,ржаной
images_group_62_910_7996.png,но продовольствіе,напродовольствіе
images_group_62_910_8003.png,Дѣл,дѣлъ
images_group_62_910_8014.png,Генералъ-,Генералъ-е
images_group_62_910_8016.png,Старифического,Статистического
images_group_62_910_8020.png,Чиня Съ,Имя Сев
images_group_62_9122_8936.png,дѣвкѣ нумеров,дѣкѣ ну меров
images_group_62_9122_8938.png,потод,пятьд
images_group_62_9122_8939.png,мячь,сятъ
images_group_62_9122_8941.png,"Вѣрна М.,",Вѣрно Н.д.
images_group_62_908_15058.png,Обора,Сбора
images_group_62_908_15067.png,капитала,Капитала
images_group_62_908_15070.png,на жителяхъ,на жителяхъ-
images_group_62_908_15072.png,на хлѣбномъ,ни хлѣбномъ
images_group_62_908_15079.png,съжите,съ жите
images_group_62_908_15080.png,лей,лей:
images_group_62_908_15083.png,и Инород-,и инород
images_group_62_908_15086.png,", а съ крестьянъ",а съ крестьянъ
images_group_62_908_15087.png,по 3 копѣки,по 3 копѣки.
images_group_62_908_15089.png,за убылью-,за убылью
images_group_62_908_15090.png,душъ.,душъ
images_group_62_908_15099.png,года.,года
images_group_62_908_15100.png,За тѣмъ,за тѣмъ
images_group_62_908_15106.png,Въ дому,Въ долгу
images_group_62_908_15108.png,капита,Капита
images_group_62_908_15109.png,лѣ.,лѣ
images_group_62_908_15118.png,на жителяхъ,на жителяхъ.
images_group_62_908_15123.png,причисленія,причисленія-
images_group_62_908_15133.png,вступившихъ,встрившихъ
images_group_62_908_15141.png,оклада 1867 ро,оклада 1867-го
images_group_62_908_15154.png,За тѣмъ,за тѣмъ
images_group_62_908_15171.png,Въ 1865 году,Въ 1865 году 
images_group_62_908_15190.png,жителяхъ.,жителяхъ.-
images_group_62_908_17489.png,2457 р.,2457р.
images_group_62_908_17492.png,2249 р.,2249р
images_group_62_908_17495.png,110р.,110 р.
images_group_62_908_17496.png,27682 р,27682р
images_group_62_908_17498.png,34435 р.,34435р
images_group_62_908_17510.png,449 р.,449р.
images_group_62_908_17511.png,58р,58 р.
images_group_62_908_17512.png,12р.,12 р.
images_group_62_908_17516.png,26 1/4 к.,26 1/4к
images_group_62_908_17517.png,48 3/7 к.,48 3/4к
images_group_62_908_17520.png,60 1/2к,60 1/2 к.
images_group_62_908_17523.png,67 к.,67к.
images_group_62_908_17524.png,36 1/4к,36 3/4к
images_group_62_908_17527.png,79 к.,79к.
images_group_62_908_17532.png,2 1/2к,2 1/2 к.
images_group_62_908_17533.png,78 к.,78к
images_group_62_908_17535.png,23 3/4к,23 3/4 к.
images_group_62_908_17543.png,26 1/2 к.,26 1/2к
images_group_62_910_18075.png,4470,44 3/4 40
images_group_62_910_18076.png,32 1/7,92 3/4
images_group_62_910_18078.png,307.,507
images_group_62_910_18079.png,"26,565",65.
images_group_62_910_18082.png,15.718.,15718
images_group_62_910_18083.png,978.,978
images_group_62_910_18086.png,63971.,63971
images_group_62_910_18089.png,18881.,18.881.
images_group_62_910_18090.png,40258,40.258.
images_group_62_910_18092.png,20502,20.502.
images_group_62_910_18095.png,16605,16.605
images_group_62_910_18096.png,26 1/2,26 1/4
images_group_62_910_18097.png,51 3/4,51 1/4
images_group_62_910_18099.png,17272,17279
images_group_62_910_18101.png,48 1/4,48 1/2
images_group_62_910_18105.png,13.,19
images_group_62_910_18106.png,2822,2822.
images_group_62_910_18109.png,43 1/4,43 1/2
images_group_62_910_18110.png,1587,_1587.
images_group_62_910_18114.png,5250,5250.
images_group_62_910_18117.png,19 3/4,19 3/4 
images_group_62_910_21427.png,кой,коп
images_group_62_9091_21693.png,97,27
images_group_62_9091_21694.png,а,б)
images_group_62_9091_21695.png,а),з)
images_group_62_9087_21946.png,95,25
images_group_62_910_21965.png,Яно-8866 г.,Ян - 1816 г.
images_group_26_36_189.png,"м.,","М.,"
images_group_26_36_190.png,Бѣлые и,Бѣглые и
images_group_26_36_195.png,вродячи,вродяги
images_group_26_36_200.png,Красноярскѣ-,Красноярснкѣ-
images_group_26_36_203.png,174 и,114 и
images_group_26_36_208.png,ки,чи-
images_group_26_36_210.png,несполне,невполне
images_group_26_36_213.png,сил,слѣ
images_group_26_36_219.png,своей,свой
images_group_26_36_223.png,сибиръ,Сибирь
images_group_26_36_225.png,въ,16
images_group_26_36_234.png,менщинъ.,женщинъ.
images_group_26_36_243.png,по,но
images_group_26_36_246.png,сущ,суду
images_group_26_36_253.png,открыти,открыто
images_group_26_36_256.png,Енисейскѣ,"Енисейскѣ,"
images_group_26_36_258.png,наблюде,наблюде-
images_group_26_36_262.png,11.,"11,"
images_group_26_36_268.png,литета,митета
images_group_26_36_274.png,"п.,","н.,"
images_group_26_36_275.png,Арестанты.,Арестанты
images_group_26_36_278.png,виедно,видно
images_group_26_36_286.png,No5.,"No5,"
images_group_26_36_311.png,въ,16
images_group_26_36_318.png,варится,водится
images_group_26_36_320.png,позаключенномус,по заключенному съ
images_group_26_36_321.png,подрадчикомъ,подрядчикамъ
images_group_26_36_323.png,сени,жна
images_group_26_36_325.png,окончина,окончена
images_group_26_36_327.png,24 мъ,24 Iю-
images_group_26_36_329.png,мо,лю
images_group_26_36_334.png,по постройкѣ,по пострыйкѣ
images_group_26_36_335.png,де,де-
images_group_26_360_360.png,Испров,Исправ
images_group_26_3609_912.png,заиключеніемъ,за исключеніемъ
images_group_26_3609_921.png,никакой,ни какой
images_group_26_3609_924.png,живать,живатъ
images_group_26_3609_939.png,"193,688 р.","193,688р."
images_group_26_3609_960.png,предстоить,предстоитъ
images_group_26_3609_964.png,"испра,",испра-
images_group_26_3622_2049.png,Тапографія,Типографія
images_group_26_3622_2062.png,"состояніи,",состояніи
images_group_26_3622_2090.png,"1,082го","1,082-х"
images_group_26_3622_2096.png,чискихъ,ческіхъ
images_group_26_3622_2098.png,99 мѣзь.,99 назв.
images_group_26_3622_2102.png,на бумму,на сумму
images_group_26_3622_2105.png,Библитска,Библіотека
images_group_26_3629_2509.png,"углѣчило,","успѣшно,"
images_group_26_3629_2516.png,"дѣлъ,","дѣль,"
images_group_26_3629_2541.png,масолѣпітву,малолѣтству
images_group_26_3629_2542.png,на слѣд-,наслѣд-
images_group_26_3629_2546.png,глухонемота-,глухонемотѣ
images_group_26_3629_2547.png,торамъ,спорамъ
images_group_26_3629_2555.png,состояв-,состоя-
images_group_26_3629_2560.png,зноупотребленіе,злоупотребленіе
images_group_26_3635_3082.png,Коллен-,Коллеж-
images_group_26_3635_3100.png,Княгъ,Князь
images_group_26_3635_3101.png,Костровы-,Костровъ-
images_group_26_3635_3118.png,всѣмѣ,всѣмъ
images_group_26_3635_3122.png,"Чиновниковъ,",Чиновниковъ
images_group_26_3636_3131.png,числа,числѣ
images_group_26_3636_3134.png,орденами,Орденами
images_group_26_3636_3138.png,1/2,"1,"
images_group_26_3636_3139.png,4-о теп.,4-й степ.
images_group_26_3636_3143.png,выслугу,- выслугу
images_group_26_3636_3150.png,слава,"слава,"
images_group_26_3636_3153.png,3 капеп.,3-й степ.
images_group_26_3636_3155.png,серебряною,серебряного
images_group_26_3636_3156.png,медило,медалью
images_group_26_3636_3158.png,надпишью,надписью
images_group_26_3636_3163.png,лебнія.,шенія.
images_group_26_3636_3170.png,1-ю,1-мъ
images_group_26_3636_3173.png,"2.,","2,"
images_group_26_3636_3189.png,предположенія:,предположения:
images_group_26_3641_3507.png,Копія,Копія.
images_group_26_3656_5076.png,О Чиновникахъ,О Чиновникахъ.
images_group_26_3656_5080.png,судимихъ,судимыхъ
images_group_26_3656_5087.png,26 го,26-го
images_group_26_3656_5088.png,взыкнанія,взысканія
images_group_26_3656_5093.png,"за No1275,",за No 1275.
images_group_26_3656_5111.png,469,469.
images_group_26_3656_5112.png,"470,",470.
images_group_26_3656_5113.png,за NoNo,за NoNo-ми
images_group_26_3656_5124.png,отъ Мину-,отъ Мину
images_group_26_367_6261.png,11-го отдѣленія,11-го Отдѣленія
images_group_26_367_6273.png,золотопроснышленника,золотопромышленника
images_group_26_367_6282.png,занеокончаніемъ,за неокончаніемъ
images_group_26_367_6284.png,"публикацій,","публикаціи,"
images_group_26_367_6286.png,кредитеры,кредиторы
images_group_26_367_6305.png,Почетна го,Почетнаго
images_group_26_367_6306.png,драж-,Граж-
images_group_26_367_6333.png,"Апрѣля,",Апрѣля
images_group_26_367_6335.png,"мая,","Мая,"
images_group_26_367_6340.png,Ноября,7 Ноября
images_group_26_367_6345.png,"16259,","16,259,"
images_group_26_367_6351.png,7011,7071
images_group_26_367_6352.png,и,И
images_group_26_367_6359.png,"дѣлѣ,",дѣлѣ
images_group_26_367_6363.png,Губерніею,Губерніего
images_group_26_367_6375.png,за No1617,"за No 1617,"
images_group_26_367_6376.png,и 5842.,и 5842.-
images_group_26_367_6381.png,О долгихъ,О долгахъ
images_group_26_367_6382.png,золотопромышленно,золотопромышленни
images_group_26_367_6394.png,предъяв-,предъяв
images_group_26_3686_8157.png,Сыдѣльни-,Сидѣльни-
images_group_26_3686_8164.png,копескъ,копѣекъ
images_group_26_3686_8168.png,3 рубла,3 рубли
images_group_26_3686_8179.png,овзысканіи,о взысканіи
images_group_26_3686_8181.png,Подонесенію,По донесенію
images_group_26_3686_8189.png,1224 пуд.,1224 году.
images_group_26_3686_8191.png,У рядника,Урядника
images_group_26_3686_8192.png,Кандына,Кандина
images_group_26_3686_8203.png,ДѢЛЪ.,дѣлъ
images_group_26_3686_8205.png,подтвержденіе,подтверждено
images_group_26_3686_8213.png,доставленіи,доставленій
images_group_26_3686_8214.png,"за No7784,","за No784,"
images_group_26_3686_8245.png,О скорѣйшемъ,скорѣйшемъ
images_group_26_3686_8250.png,за No4102.,за No 4102.
images_group_26_3686_8256.png,Губернская,Губернскаго
images_group_26_3686_8265.png,Градскою,Градскою.
images_group_26_3686_8278.png,No1780-го,No1780-мъ.
images_group_26_3686_8289.png,Оскорѣшеніемъ,О скорѣйшемъ
images_group_26_3686_8292.png,за NoNo2754.,за No 2754.
images_group_26_36_8340.png,допипъ,одинъ
images_group_26_36_8341.png,тюремный за,тюремный за-
images_group_26_36_8342.png,С.,"о.,"
images_group_26_3656_8588.png,стивѣсшему,стивѣйшему
images_group_26_3686_9688.png,НЕРѢШЕННЫМИ.,НЕРѢШЕННЫМИ
images_group_26_3686_9702.png,Ка,ка
images_group_33_5185_7.png,расложенія,разложенія
images_group_33_5185_8.png,труповъ,труповъ.
images_group_33_5185_10.png,Задачи.,Падежи.
images_group_33_5185_13.png,наковидно,какъвидно
images_group_33_5185_22.png,ка.),No а.)
images_group_33_5185_23.png,обществен,Обществен-
images_group_33_5185_39.png,приказы,приказа
images_group_33_5185_40.png,въ 1859 г.,въ 1859г.
images_group_33_5185_42.png,"слинскомъ,","слийскомъ,"
images_group_33_5190_436.png,Пріютъ,пріютъ
images_group_33_5190_444.png,при,При
images_group_33_5190_448.png,полкѣ.,полкѣ:
images_group_33_5190_458.png,въ 1859г.,въ 1859 г.
images_group_33_5190_462.png,предшество,предшество-
images_group_33_5190_467.png,чь учениками.,46 учениками.
images_group_33_5190_469.png,вышеноказанныхъ,вышепоказанныхъ
images_group_33_5190_470.png,учеблыкъ,учебныхъ
images_group_33_5190_472.png,въ 1859 г.,въ 1859г.
images_group_33_5197_808.png,сформированія же,сформированія на
images_group_33_5197_819.png,и ми-,и Ми-
images_group_33_5197_827.png,череди,очереди
images_group_33_5197_829.png,мѣщане.,мѣшали.
images_group_33_5197_830.png,"2, Квартирная",д.) Квартирная
images_group_33_5197_853.png,въ 1859 г.,въ 1859г.
images_group_33_5197_854.png,не было.,небыло.
images_group_33_5197_855.png,"с,",4
images_group_33_5197_856.png,Земская Поли,Земская Поли-
images_group_33_5197_857.png,Дѣлопроизводство,"Дѣлопроизводство,"
images_group_33_520_1095.png,31 об,21 об
images_group_33_520_1098.png,22 11,22 21
images_group_33_520_1099.png,2322,23 22
images_group_33_520_1107.png,л),л.)
images_group_33_520_1120.png,36/7.,36 / т.
images_group_33_520_1122.png,хлѣбопашество-,хлѣбопашество.
images_group_33_520_1137.png,гу-,Гу-
images_group_33_520_1146.png,У,у
images_group_33_520_1171.png,запаги,запаги-
images_group_33_520_1177.png,увелычивается;,увеличивается;
images_group_33_520_1208.png,финскимъ,Финскимъ
images_group_33_520_1221.png,4,у
images_group_33_520_1252.png,чрезвычай но,чрезвычайно
images_group_33_520_1260.png,Совѣтникъ,совѣтник
images_group_33_5232_3451.png,надѣ,надъ
images_group_33_5232_3456.png,Дѣйствіе,Дѣйствія
images_group_33_5232_3466.png,и затѣмъ,и Затѣмъ
images_group_33_5232_3484.png,ко,К
images_group_33_5232_3493.png,причнанныхъ,признанныхъ
images_group_33_5232_3496.png,и наслѣдницѣ,и наслѣдницы Бо
images_group_33_5238_3819.png,Гавриля Типо,Гаврила Тихо
images_group_33_5238_3821.png,91,41
images_group_33_5238_3831.png,Совѣтника Але,Совѣтника Алек-
images_group_33_5246_4466.png,3 отдѣленія,3 Отдѣленія
images_group_33_5246_4470.png,Попредложенію Г.,По предложенію Г.
images_group_33_5246_4474.png,производимой,производились
images_group_33_5246_4480.png,хлѣбна,хлѣбно
images_group_33_5246_4487.png,порядокъ съл,порядокъ дѣлъ
images_group_33_5246_4492.png,запаснаго,Запаснаго
images_group_33_5246_4497.png,Поотношенію,По отношенію
images_group_33_5246_4498.png,Енисейской,Енисейскай
images_group_33_5246_4513.png,Апрѣля за А,Апрѣля за No
images_group_33_5249_4720.png,и Костинско-,и Костинска
images_group_33_5249_4725.png,No5752-мъ,No5752-
images_group_33_5249_4730.png,Покопіи,По копіи
images_group_33_5249_4731.png,постановлен,постановлені
images_group_33_5249_4735.png,но,не
images_group_33_5249_4740.png,Iю отдѣ,IV отдѣ
images_group_33_5249_4749.png,охлѣбной,о хлѣбной
images_group_33_5249_4755.png,считающейся нанъ,считающейся на по
images_group_33_5249_4761.png,проному,пооному
images_group_33_5249_4764.png,предписа-,предписа
images_group_33_5249_4770.png,орозысканіи,о розысканіи
images_group_33_5249_4776.png,федорѣ,Федорѣ
images_group_33_5249_4782.png,Исправляющъ,Исправляюща
images_group_33_5250_4990.png,скаю,скаго
images_group_33_5250_4997.png,чи,чис
images_group_33_5250_4999.png,напоселенце-,на поселенцѣ
images_group_33_5250_5002.png,Гилева,Гилевѣ
images_group_33_5250_5014.png,Туруха,Турухан
images_group_33_5250_5031.png,"за No1,519,","за No3,154,"
images_group_33_5250_5039.png,"кихъ,",коихъ
images_group_33_5250_5048.png,настоящею,настоящаю
images_group_33_5250_5052.png,98,98.
images_group_33_5250_5057.png,на,На-
images_group_33_5250_5061.png,быть едѣ-,быть сдѣ-
images_group_33_5250_5064.png,"Губерніи,",Губерніи
images_group_33_5250_5068.png,П.,Г.
images_group_33_5250_5071.png,находя,находя-
images_group_33_5251_5080.png,отомъ,о томъ
images_group_33_5251_5085.png,ся 26 г. Января,ся 26 ч. Января
images_group_33_5251_5088.png,магазинов,магазиновъ
images_group_33_5251_5089.png,мяркинг,и Яркинc
images_group_33_5251_5092.png,но.,110.
images_group_33_5251_5095.png,Туруханскѣ,Туруханска
images_group_33_5251_5098.png,нія,нія.
images_group_33_5251_5099.png,бывшимъ,бывшим
images_group_33_5251_5105.png,инбажскаго,инбатского
images_group_33_5251_5106.png,с кладочка,складочка
images_group_33_5251_5115.png,Судъ 22.,Судъ 22
images_group_33_5251_5123.png,порохарусс,пороха рухляд
images_group_33_5251_5128.png,налѣба.,и хлѣба.
images_group_33_5255_5314.png,Пр-віантскую,Провіантскую
images_group_33_5255_5315.png,Поручина,Поручика
images_group_33_5255_5317.png,руб.,"руб,"
images_group_33_5255_5328.png,отнош,отноше
images_group_33_5255_5331.png,Мая,мая
images_group_33_5255_5332.png,"1857 г. за No1956,","1857 г. За No1956,"
images_group_33_5255_5343.png,Очемь,Очемъ
images_group_33_5255_5348.png,"за No3502,","3а No3502,"
images_group_33_5255_5349.png,"10, Мая 3",10 Мая 3 и
images_group_33_5258_5496.png,неполу,не полу
images_group_33_5258_5498.png,Отдѣленія Итола,Отдѣленія 1 Стола
images_group_33_5258_5503.png,По непалученію,По неполученію
images_group_33_5258_5521.png,"нижними, чинами",нижными чинами
images_group_33_5258_5527.png,"14,350, было ему","11,350, было ему"
images_group_33_5258_5532.png,железныхъ,желѣзныхъ
images_group_33_5258_5541.png,въ Батай,въ Баталі
images_group_33_5258_5542.png,онкомъ,онномъ
images_group_33_5258_5548.png,кандалы и крѣпи,кандалы и крѣп
images_group_33_5271_6757.png,года.,годъ.
images_group_33_5271_6761.png,Корапорту,Порапорту
images_group_33_5271_6777.png,обо,о об
images_group_33_5271_6785.png,общей,Общей
images_group_33_5271_6786.png,городовой,Городовой
images_group_33_5271_6790.png,Поселенца Ла,ПоселенцаЛа
images_group_33_5271_6795.png,волости Ивано Сухоров,волости Ивана Сухфа
images_group_33_5271_6800.png,за No 416.,за No416.
images_group_33_5271_6802.png,Тобольска,тобольско
images_group_33_5271_6808.png,"Оссыльныхъ, о в","Оссыльныхъ, ов"
images_group_33_5271_6812.png,Эксподи,Экспеди
images_group_33_5271_6820.png,1856г.,и 1856 г.
images_group_33_5271_6824.png,"за No14,371,","за No 14371,"
images_group_33_5271_6826.png,былопредписыва,было предписыва
images_group_33_5271_6830.png,омо,емо
images_group_33_5271_6833.png,"1854 г. за No 1243,",1857 г. за No1243
images_group_33_5271_6835.png,15-го,18 ч.
images_group_33_5271_6837.png,денегъ,"денегъ,"
images_group_33_5271_6844.png,"за No7,478, 11,045-г.","за No 7,478,11,045 г."
images_group_33_5271_6845.png,имъ,имъ изъ
images_group_33_5271_6847.png,Стах,Стан
images_group_33_5271_6853.png,За неполученіемъ,Занеполученіемъ
images_group_33_5271_6860.png,оперечислен,о перечислен
images_group_33_5271_6865.png,Губерн,Губер
images_group_33_5271_6868.png,изъ,изъ-
images_group_33_5271_6873.png,до,20
images_group_33_5271_6874.png,Октября 1856 г.,Октября 1856 г
images_group_33_5271_6877.png,Новоселовскую,Новоселовскую въ
images_group_33_5271_6878.png,"за No14278,","за No 14,278,"
images_group_33_5271_6881.png,окому под-,оному под-
images_group_33_5271_6882.png,мость Минусинскаго округа,лость Минусинскаго округа
images_group_33_5271_6887.png,"за No15,19.",за No 15614.
images_group_33_5271_6888.png,долотность,должность
images_group_33_5185_7056.png,21 3/2,21%
images_group_33_5225_7891.png,Похабод,Похабову
images_group_33_5225_7907.png,на суд,на су
images_group_33_5225_7915.png,12000,12.000
images_group_33_5225_7929.png,Обѣтованной,"Обѣтованной,"
images_group_33_5225_7931.png,Гудиной,"Гудиной,"
images_group_33_5225_7936.png,Михайлѣ,"Михайлѣ,"
images_group_33_5225_7939.png,Сомсо,Сомо-
images_group_33_5225_7941.png,увостопленія,увѣдомленій
images_group_33_5225_7958.png,за проступи,за проступки
images_group_33_5225_7972.png,ереса,"ереси, а"
images_group_33_5225_7973.png,Г.,Г. г.
images_group_33_5225_7977.png,а так-,а так
images_group_33_5225_7980.png,ссыль,ссыль-
images_group_33_5225_7991.png,"надонесенія,","на донесенія,"
images_group_33_5225_8000.png,за No 1111,за NoNo111
images_group_33_5225_8010.png,требованія,требования
images_group_33_5226_8039.png,Оубійствѣ,О убйствѣ
images_group_33_5226_8044.png,Екатеринославъ,Екатеринослав
images_group_33_5226_8061.png,г,и
images_group_33_5226_8063.png,къселу,къ сему
images_group_33_5226_8067.png,"No 14660,","No14660,"
images_group_33_5226_8068.png,"о томъ,","отомъ,"
images_group_33_5226_8072.png,Саррь,Сарры
images_group_33_5226_8077.png,Метеровлевой.,Мейеровичевой.
images_group_33_5226_8089.png,Мѣщанка,Мѣщанки
images_group_33_5226_8090.png,Менеровичевой,Мейеровичевой
images_group_33_5226_8091.png,43 руб.,43 руб
images_group_33_5226_8095.png,февраля,феврал
images_group_33_5226_8099.png,За неполученіемъ,Занеполученіемъ
images_group_33_5226_8110.png,Город,город
images_group_33_5226_8116.png,пороздаеѣ,пороздачѣ
images_group_33_5226_8117.png,"правленія,","Правленія,"
images_group_33_5226_8121.png,1859 г.,1859
images_group_33_5226_8124.png,хлѣба-,хлѣба.
images_group_33_5226_8125.png,за,За
images_group_33_5226_8126.png,"No 4940,","No4940,"
images_group_33_5226_8129.png,взыскаными съ,взысканымъ съ
images_group_33_5226_8131.png,Таускева,Тауснева
images_group_33_5232_8484.png,Оденьгахъ,О деньгахъ
images_group_33_5232_8491.png,разсмотрѣніе спо-,раЗсмотрѣніе спо-
images_group_33_5232_8495.png,гихъ,чихъ
images_group_33_5232_8496.png,"претенций,","претензій,"
images_group_33_5232_8500.png,"долянникамъ,","должникамъ,"
images_group_33_5238_8676.png,Мѣщаниня,Мѣщанина
images_group_33_5238_8678.png,Малѣсъ,Малѣевъ
images_group_33_5238_8679.png,10,10.
images_group_33_5238_8682.png,Авгуфе,Августа
images_group_33_5238_8684.png,Сели,Семи
images_group_33_5238_8688.png,Сентябрь,Сентябр
images_group_33_5238_8691.png,Ноября,Ноября.
images_group_33_5238_8700.png,заглухонемородругой,за глухонемою другой
images_group_33_5238_8707.png,за No5707.,за No 5717.
images_group_33_5246_8949.png,"Комиссии,","Коммисіи,"
images_group_33_5249_9031.png,No109,No1909
images_group_33_5249_9047.png,и доставленіи,идоставленіи
images_group_33_5251_9072.png,Дѣло ото,Дѣло это
images_group_33_5251_9074.png,производот,производст
images_group_33_5251_9076.png,Отдѣльнаго,Отдѣльнаю
images_group_33_5251_9081.png,исправляющаго,исправляющаю
images_group_33_5255_9224.png,Коммина,Коммисію
images_group_33_5255_9228.png,"ніемъ,",ніемъ
images_group_33_5255_9241.png,за No214 и,за No 214 и
images_group_33_5255_9253.png,1го,1-го
images_group_33_5258_9356.png,13,IV
images_group_33_5258_9358.png,Командиро,Командира
images_group_33_5258_9367.png,50 чель,50 челъ
images_group_33_5271_9929.png,ЗА,за
images_group_33_5190_10075.png,1,1.
images_group_33_5190_10076.png,101.,107.
images_group_33_5226_10108.png,.,О
images_group_7_12576_448.png,постоянныхъ.,постоянныхъ
images_group_7_12576_450.png,2 2/4 к.,2 2/7 к.
images_group_7_12576_451.png,"О предѣлительныхъ,","Опредѣлительныхъ,"
images_group_7_12576_456.png,непостоянно,не постояннь
images_group_7_12576_457.png,хъ.,ихъ.
images_group_7_12576_459.png,34 3/4,34 3/7
images_group_7_12576_460.png,Исопредѣлительныхъ,Неопредѣлительныхъ
images_group_7_12576_472.png,людей,людей.
images_group_7_12576_473.png,3991,3991_
images_group_7_12576_476.png,серебромъ,Серебромъ.
images_group_7_12576_477.png,.10393 р.,10393 р.
images_group_7_12576_478.png,7 3/4 к.,7 5/7к.
images_group_7_12576_486.png,41 3/7,40 3/7
images_group_7_12576_489.png,остаточны-,остаточны
images_group_7_12576_495.png,Даходъ,Доходъ
images_group_7_12576_501.png,нін,ніи
images_group_7_12582_1142.png,Лѣкарскихъ,лѣкарскихъ
images_group_7_12582_1149.png,Городе,Города
images_group_7_12582_1155.png,Городе,Города
images_group_7_12582_1159.png,и,И
images_group_7_12582_1164.png,0),с)
images_group_7_12582_1167.png,"три,","Три,"
images_group_7_12582_1171.png,прахтихурощихъ Вра-,практикующихъ Вра-
images_group_7_12582_1176.png,Лѣ-,лѣ-
images_group_7_12582_1177.png,чей,чей.
images_group_7_12582_1184.png,У,у
images_group_7_12582_1191.png,и,И
images_group_7_12582_1193.png,зато,за то
images_group_7_12582_1203.png,оспопрививаніи,оспопрививаніи.
images_group_7_12582_1223.png,осталось,осталось 
images_group_7_12582_1229.png,же,не
images_group_7_12582_1243.png,тыхъ,твихъ
images_group_7_12582_1245.png,лѣ,иѣ
images_group_7_12582_1254.png,оспа-,оспа.
images_group_7_12582_1256.png,1844 года.,1841 года.
images_group_7_12582_1261.png,1592,"1,592."
images_group_7_12582_1271.png,1234.,1234
images_group_7_12582_1272.png,1317.,1317
images_group_7_12582_1278.png,818,818.
images_group_7_12582_1279.png,733,733.
images_group_7_12582_1281.png,532,532.
images_group_7_12582_1286.png,3131,3131.
images_group_7_12582_1291.png,Минусинску и,Минусинскѣ
images_group_7_12582_1295.png,2077.,2077
images_group_7_12582_1300.png,Туруханско,Туруханскъ
images_group_7_12582_1311.png,всей,всей-
images_group_7_12582_1313.png,"10,898","10,898."
images_group_7_12582_1314.png,6935.,"6,935."
images_group_7_12582_1316.png,234,234.
images_group_7_12582_1317.png,4197.,4197
images_group_7_12582_1325.png,За,за
images_group_7_12582_1326.png,2,2.
images_group_7_12582_1331.png,доставлено,доставлено.
images_group_7_12596_2812.png,450.,450
images_group_7_12596_2821.png,46,46.
images_group_7_12596_2833.png,"1,268","1,268."
images_group_7_12596_2834.png,душъ,душѣ.
images_group_7_12596_2837.png,скаго,нскаго
images_group_7_12596_2843.png,"1,244.","1,244"
images_group_7_12596_2848.png,дѣтей,дѣтей:
images_group_7_12596_2856.png,недостастъ,недостаетъ
images_group_7_12603_3656.png,1840,1840.
images_group_7_12603_3663.png,посѣяно,посѣян
images_group_7_12603_3665.png,И,и
images_group_7_12603_3673.png,2415,"2,415."
images_group_7_12603_3676.png,залогукъ,залогу къ
images_group_7_12603_3677.png,1841.,1841
images_group_7_12603_3689.png,246,246.
images_group_7_12603_3697.png,приплду,приплоду:
images_group_7_12603_3705.png,имѣютъ,имеютъ
images_group_7_12603_3709.png,Логиадей,Лошадей
images_group_7_12603_3715.png,"Начальник,",Начальник
images_group_7_12606_3900.png,ипостав-,и постав-
images_group_7_12606_3912.png,1665,"1,665"
images_group_7_12606_3913.png,срядъ,ерядъ
images_group_7_12606_3915.png,1289,1289.
images_group_7_12606_3920.png,Осурцовъ,Огурцовъ
images_group_7_12606_3929.png,244,244.
images_group_7_12607_3966.png,наэти,наоти
images_group_7_12607_3980.png,492,492.
images_group_7_12607_3984.png,14.,49.
images_group_7_12607_4008.png,1593,"1,593."
images_group_7_12607_4015.png,деревняхъ,деревняхъ.
images_group_7_12607_4023.png,водворено:,водворено.
images_group_7_12607_4031.png,Надворня,Надворный
images_group_7_1261_4212.png,Емель,Емель-
images_group_7_1261_4224.png,Хлѣбопаше-,Хлѣбопаше
images_group_7_1261_4240.png,Кругловъ,Кругловъ.
images_group_7_1261_4250.png,ствомъ.,ствомъ
images_group_7_1261_4273.png,У,у
images_group_7_1261_4274.png,Сикитинъ,викитинъ
images_group_7_1261_4281.png,Баранцевъ,Баранцевъ.
images_group_7_1261_4282.png,скомъ.,.скомъ.
images_group_7_1261_4334.png,Юксѣев,Юксѣев-
images_group_7_1261_4344.png,Илющенко.,Млющенко.
images_group_7_1261_4357.png,Базаровъ.,Базаровъ
images_group_7_1261_4371.png,работами,работами.
images_group_7_12620_5378.png,"Н., Опредположе-",Н.) О предположе-
images_group_7_12620_5393.png,неимѣлось:,неимѣлось
images_group_7_12620_5394.png,сооруженію.,сооруженію
images_group_7_12620_5408.png,Въ с. Копыловъ.,Въ с. Копыловъ.-
images_group_7_12625_5898.png,Отдѣленіе,Отдѣлениіе
images_group_7_12625_5901.png,Енисейской.,Енисейской
images_group_7_12625_5902.png,Ачинской,Ачинской.
images_group_7_12625_5914.png,Женскаго,Женская
images_group_7_12625_5928.png,С.,Е.
images_group_7_12625_5958.png,Кортусу:,Корпусу:
images_group_7_12625_5959.png,1),1.)
images_group_7_12625_5961.png,Штабѣ,Штабѣ:
images_group_7_12625_5968.png,и Кавалеръ,и Коваяръ
images_group_7_12627_6129.png,За,за
images_group_7_12627_6177.png,при родителяхъ.,при родителяхъ
images_group_7_12627_6233.png,расположенныхъ.,расположенныхъ:
images_group_7_12627_6241.png,7.,7.)
images_group_7_12627_6244.png,Чиновниковъ,Чиновниковъ.
images_group_7_12631_6675.png,За,за
images_group_7_12631_6677.png,- и,-й
images_group_7_12631_6682.png,Енисейской.,Енисейской
images_group_7_12631_6709.png,Моркое,Морское
images_group_7_12631_6716.png,нижнихъ,Нижнихъ
images_group_7_12631_6729.png,Итого.,Итого
images_group_7_12631_6733.png,вѣдомства.,вѣедомства.
images_group_7_12631_6749.png,сославъ,составѣ
images_group_7_12631_6750.png,палковъ,полковъ
images_group_7_12631_6767.png,1013,"1,013"
images_group_7_12635_7170.png,Женскаго,Женскаго.
images_group_7_12635_7173.png,Женскаго,Женскаго.
images_group_7_12635_7198.png,5504,"5,504"
images_group_7_12635_7207.png,13.,13
images_group_7_12635_7211.png,1896,"1,896"
images_group_7_12635_7220.png,5518,"5,518"
images_group_7_12635_7254.png,по,и
images_group_7_12635_7255.png,пелей,гелей
images_group_7_12635_7257.png,того,того.
images_group_7_12635_7259.png,1449,"1,449"
images_group_7_12635_7261.png,2278,"2,278"
images_group_7_12635_7263.png,877,877.
images_group_7_12635_7269.png,"5,753","5,753."
images_group_7_12635_7272.png,яне.,Яне.
images_group_7_12635_7273.png,1,1.
images_group_7_12635_7274.png,Крестьянъ,Крестьянъ.
images_group_7_12635_7284.png,11033,"11,033"
images_group_7_12635_7289.png,Конол,Эконол
images_group_7_12635_7291.png,1055,"1,055"
images_group_7_12635_7297.png,"1,219",1219
images_group_7_12635_7302.png,"2,821.",2821
images_group_7_12639_7752.png,за,За
images_group_7_12639_7756.png,первое,первое.
images_group_7_12639_7768.png,Женскаго,Женскаго.
images_group_7_12639_7782.png,3,3.
images_group_7_12639_7810.png,13,13.
images_group_7_12639_7813.png,5,5.
images_group_7_12639_7863.png,2171.,"2,171."
images_group_7_12639_7876.png,Приписанныхъ,Приписанныхъ.
images_group_7_12639_7884.png,1278,"1,278."
images_group_7_12639_7886.png,селеніемъ,селеніямъ
images_group_7_12639_7908.png,3647,"3,647"
images_group_7_12639_7914.png,и Кавалер-,и ковалеръ
images_group_7_1264_7924.png,No 12-го,No12-го
images_group_7_1264_7929.png,Шимен,Шилин
images_group_7_1264_7936.png,Хлѣбопашествомъ,Хлѣбопашествомъ.
images_group_7_1264_7955.png,сѣдель-,Сѣдель-
images_group_7_1264_7959.png,зимскомъ-,зимскомъ
images_group_7_1264_7965.png,Резервныхъ,Резереныхъ
images_group_7_1264_7985.png,Потылищинъ.,Потылицинъ.
images_group_7_1264_7993.png,Мокскевъ.,Моксеевъ.
images_group_7_1264_7994.png,скомъ.,скомъ
images_group_7_1264_8002.png,Хлѣбопашествомъ,Хлѣбопашествомъ.
images_group_7_1264_8014.png,137.,137
images_group_7_1264_8020.png,27-го,27го
images_group_7_1264_8025.png,подъем,Подъем
images_group_7_12642_8403.png,за,За
images_group_7_12642_8407.png,первое,первое.
images_group_7_12642_8431.png,женскаго.,Женскаго.
images_group_7_12642_8435.png,Духовенство.,Духовенство
images_group_7_12642_8436.png,Расколь,Расколѣ
images_group_7_12642_8462.png,Прочихъ,прочихъ
images_group_7_12642_8470.png,3.,3
images_group_7_12642_8474.png,"19,331","19,531"
images_group_7_12642_8475.png,24063,"24,063"
images_group_7_12642_8479.png,23387,"23,387."
images_group_7_12642_8482.png,18762,"18,762."
images_group_7_12642_8483.png,113794,"113,794"
images_group_7_12642_8506.png,пріемлющіх,пріемлющіе
images_group_7_12642_8512.png,Iудействующую,гу действующую
images_group_7_12642_8513.png,секту,секту.
images_group_7_12642_8531.png,Ламъ,Ламъ.
images_group_7_12642_8535.png,4330,"4,330."
images_group_7_12642_8537.png,"4,002","4,602"
images_group_7_12642_8542.png,"1,129",1129
images_group_7_12642_8546.png,336,336.
images_group_7_12642_8548.png,4605,"4,605"
images_group_7_12642_8560.png,ма-,Ма-
images_group_7_12657_10613.png,остава,Остава
images_group_7_12657_10634.png,къ,кѣ
images_group_7_12657_10644.png,тож,тож.
images_group_7_12657_10655.png,1841 му,1841-му
images_group_7_12657_10676.png,бумаг,бумаг.
images_group_7_12657_10683.png,Состав,Состав.
images_group_7_12657_10685.png,Дѣлъ,дѣлъ
images_group_7_12657_10690.png,бу,бус
images_group_7_12657_10695.png,Состав,Состав.
images_group_7_12657_10699.png,бумаг.,бумаг
images_group_7_12657_10730.png,3866,3866.
images_group_7_12657_10737.png,Прилѣчаніе.,Примѣчаніе.
images_group_7_12657_10738.png,количе-,Количе-
images_group_7_12657_10741.png,Управѣ.,Управѣ...
images_group_7_12657_10750.png,дѣлѣ,дѣлъ
images_group_7_12657_10754.png,окружнаго,Окружнаго
images_group_7_12657_10755.png,Земне-,Земле-
images_group_7_12657_10765.png,4-м,114
images_group_7_12657_10779.png,Градской,Градской.
images_group_7_12657_10780.png,Думоѣ,Думѣ
images_group_7_12657_10784.png,7,7.
images_group_7_12657_10792.png,И,и
images_group_7_12657_10801.png,"2079 11,927г.","20794.10,927-"
images_group_7_12657_10808.png,9020,"9,020"
images_group_7_12657_10814.png,В),В.)
images_group_7_12657_10820.png,А.),"А.,"
images_group_7_12657_10829.png,ленію,ленію.
images_group_7_12657_10830.png,Уголовныхъ,Уголовныхъ.
images_group_7_12657_10836.png,Гу,Гу-
images_group_7_12657_10850.png,14154,"14,164"
images_group_7_12659_11104.png,остава,Остава
images_group_7_12659_11120.png,Рѣшено,Вѣшено
images_group_7_12659_11121.png,Посту-Плановъ,Посту- Плановъ
images_group_7_12659_11140.png,1840 стр,1840 бу
images_group_7_12659_11158.png,нію,ніго
images_group_7_12659_11166.png,Вход,Вход.
images_group_7_12659_11169.png,Вход:,Вход.
images_group_7_12659_11174.png,Состав,состав
images_group_7_12659_11175.png,получ.,Получ.
images_group_7_12659_11176.png,Дѣлѣ,Дѣлъ
images_group_7_12659_11180.png,Вход,Вход.
images_group_7_12659_11185.png,Состав,Состав.
images_group_7_12659_11186.png,получ,Получ.
images_group_7_12659_11191.png,бумаг,бумаг.
images_group_7_12659_11199.png,Стреп-,Стряп-
images_group_7_12659_11206.png,чаго,чаго.
images_group_7_12659_11208.png,Сида,Суда
images_group_7_12659_11213.png,осо,асо
images_group_7_12659_11214.png,И,и
images_group_7_12659_11217.png,мину,Мину-
images_group_7_12659_11222.png,5,5.
images_group_7_12659_11224.png,округѣ.,округѣ..
images_group_7_12659_11230.png,4 8,48
images_group_7_12659_11233.png,985,985-
images_group_7_12659_11243.png,А.),"А.,"
images_group_7_12659_11263.png,ленію.,ленію
images_group_7_12659_11264.png,По,120
images_group_7_12659_11273.png,1050-,1050
images_group_7_12659_11274.png,бунскаго,бернскаго
images_group_7_12659_11282.png,Окружному,-Окружному
images_group_7_12659_11289.png,8,8.
images_group_7_12659_11311.png,"3,890",3890
images_group_7_12625_11815.png,Итого.,Итого
images_group_7_12625_11816.png,Чиновниковъ,Чиновнивовъ.
images_group_7_12635_11961.png,Округахъ:,Округахъ
images_group_7_12635_11963.png,Женскаго,Женскаго.
images_group_7_12639_12003.png,Женскаго,Женскаго.
images_group_7_12659_12165.png,10191,"10,191"
images_group_7_12659_12166.png,15931,5931
images_group_31_4951_1597.png,Дв,Для
images_group_31_4951_1599.png,есто,его
images_group_31_4951_1601.png,чел,для
images_group_31_4951_1602.png,распределение,"распоряженіе,"
images_group_31_4951_1613.png,его,на
images_group_31_4951_1624.png,ную,тую
images_group_31_4951_1633.png,бо-,бо -
images_group_31_4951_1635.png,как,какъ
images_group_31_4951_1637.png,предъявлении,предъявленіи
images_group_31_4951_1648.png,имеет,ими
images_group_31_4951_1661.png,башников.,большинство.
images_group_31_4976_7760.png,31,31.
images_group_31_498_8704.png,ю,к
images_group_31_498_8716.png,(сте,(сто
images_group_31_498_8718.png,триристов),три) лист(ов)
images_group_31_498_8744.png,ки,кл
images_group_31_498_8746.png,"62 р-""-","62 р - "" -"
images_group_31_498_8790.png,вещей.,вещей
images_group_31_498_8818.png,387 р,387р
images_group_31_498_8821.png,16574-84-,16574-84
images_group_31_498_8827.png,СШАГОВАНО,ОЦИФРОВАНО
images_group_31_498_8829.png,"2987,41 1/4к","2987,41 1/4 к."
images_group_31_498_8831.png,4475-66 1/2 %,4475-66 1/2
images_group_31_498_8832.png,2/4./2,26.12
images_group_31_498_8835.png,На,(х) На
images_group_31_498_8842.png,2.1.12.22г,21.12.22 г
images_group_31_498_8844.png,.,I
images_group_31_498_8845.png,кат,кот
images_group_31_498_8855.png,Гражданскій Губернаторъ. Старии,Гражданскій Губернаторъ
images_group_31_499_12197.png,к,No
images_group_31_499_12200.png,он,оц
images_group_31_499_12212.png,к-лед8,К-1898
images_group_31_499_12217.png,22,24
images_group_31_499_12230.png,за,32
images_group_31_499_12232.png,1865г.,1865 г.
images_group_31_499_12234.png,07.06.1860,07.06.1866
images_group_31_499_12244.png,ед. хр. А.,ед. хр. No
images_group_31_499_12248.png,СВ. К-1898,св. К-1898
images_group_31_5_15256.png,докъ 12 65,Фонд No1865
images_group_31_5_15258.png,1864,1864.
images_group_31_5_15268.png,гиб,губ
images_group_31_5_15298.png,29 что,29/ III - 48
images_group_31_5_15299.png,Шаморъ,Шандр
images_group_31_5_15300.png,2958 р. км,29/III/58
images_group_31_5_15301.png,довсе,для
images_group_31_5_15303.png,вития,выписа
images_group_31_5_15304.png,Преметрона,Просмотрено
images_group_31_5_15305.png,14 1/2 12,14/XII - 72
images_group_31_5_15306.png,Киниски.,выписки.
images_group_31_5022_22430.png,55.об.,55 об.
images_group_31_5_23247.png,формъ No12.,Форма No3.
images_group_31_5_23249.png,всеподолжение,всеподробейшего
images_group_31_5_23328.png,11 ренѣ,II/II 63
images_group_8_12662_16.png,Ачинскѣ,Ачинскѣ.
images_group_8_12662_24.png,Канскѣ,Канскѣ.
images_group_8_12662_36.png,Хри-,хри-
images_group_8_12662_63.png,деревянныхъ,Деревянныхъ
images_group_8_12662_66.png,кумиренъ.,кумиренъ
images_group_8_12662_69.png,Каменныхъ.,Каменныхъ
images_group_8_12662_72.png,деревянныхъ,Деревянныхъ
images_group_8_12662_73.png,деревянныхъ,Деревянныхъ
images_group_8_12662_75.png,Мужескихъ,мужескихъ
images_group_8_12662_100.png,"1,074",1074
images_group_8_12662_104.png,Деревянныхъ,деревянныхъ
images_group_8_12662_105.png,деревянныхъ,Деревянныхъ
images_group_8_12683_3357.png,1Х.,IX.
images_group_8_12683_3394.png,сборомъ,сборомъ.
images_group_8_12683_3493.png,состоящихъ,состоящихъ.
images_group_8_12683_3531.png,94 3/7,94 2/7
images_group_8_12683_3550.png,66 2/7,66 3/7
images_group_8_12683_3558.png,Устьянской,Устьянской.
images_group_8_12683_3575.png,съ,Съ
images_group_8_12683_3595.png,41 5/7,41 1/7
images_group_8_12691_4715.png,выхо-,высо-
images_group_8_12691_4755.png,коп.,Коп.
images_group_8_12691_4794.png,2 2/7,2 2/4
images_group_8_12691_4827.png,15 5/7,15 1/7
images_group_8_12691_4832.png,пудъ,Пудъ
images_group_8_12691_4839.png,85 2/7,85 6/7
images_group_8_12691_4840.png,41 2/7,71 2/7
images_group_8_12691_4850.png,1,1.
images_group_8_12691_4853.png,57 2/7,57 1/7
images_group_8_12691_4893.png,р,1
images_group_8_12691_4905.png,50,50.
images_group_8_12691_4912.png,31 4/7,31 1/7
images_group_8_12691_4951.png,17 3/7,77 1/7
images_group_8_12691_4956.png,17 1/7,14 1/7
images_group_8_12691_4962.png,леса,мяса.
images_group_8_12691_5001.png,Стерлядины,стерлядины
images_group_8_12691_5024.png,пубъ,пудъ
images_group_8_12691_5026.png,чировой.,чировой
images_group_8_12691_5029.png,Отднятся,Отделенія
images_group_8_12691_5033.png,65.,65
images_group_8_12691_5051.png,Икрон,Икры.
images_group_8_12696_6000.png,XV.,XIV.
images_group_8_12696_6004.png,ссыльныхъ.,ссыльныхъ
images_group_8_12696_6007.png,й,и
images_group_8_127_6649.png,Андра,Андрѣ-
images_group_8_127_6654.png,Крестьянски,Крестьянски-
images_group_8_127_6657.png,Его,Его-
images_group_8_127_6658.png,Вод,Въ с.
images_group_8_127_6660.png,ровь,ровъ
images_group_8_127_6661.png,Щетниковъ,Щетниковъ.
images_group_8_127_6664.png,Гавріилъ,Гавріиевъ
images_group_8_127_6665.png,205,223.
images_group_8_127_6668.png,Сайфинъ,Сайдинъ.
images_group_8_127_6671.png,сил,ми
images_group_8_127_6673.png,Даниловъ.,Даниловъ
images_group_8_127_6675.png,въ д.,въ с.
images_group_8_127_6679.png,294,224.
images_group_8_127_6683.png,161,евъ
images_group_8_127_6684.png,Мадуровъ.,Жабуровъ
images_group_8_127_6689.png,тами:,тами.
images_group_8_127_6691.png,Шарж,Шары
images_group_8_127_6699.png,Ученовъ,Ульяновъ
images_group_8_127_6702.png,Смесарный,Смирный
images_group_8_127_6705.png,пишской,шинской
images_group_8_127_6708.png,За,Га
images_group_8_127_6710.png,Смотренымъ,Слесарнымъ
images_group_8_127_6715.png,224,226.
images_group_8_127_6719.png,Шарж,Шары
images_group_8_127_6721.png,их,евъ
images_group_8_127_6722.png,Ворнисловъ,Ворошилінъ.
images_group_8_127_6726.png,Леонтой,Леонтій
images_group_8_127_6731.png,Въ д.,Въ с.
images_group_8_127_6736.png,Ремянъ,Романъ
images_group_8_127_6738.png,Въ,въ д.
images_group_8_127_6740.png,221,221.
images_group_8_127_6741.png,Спириденъ,Спиридонъ
images_group_8_127_6745.png,вышети,имени
images_group_8_127_6747.png,бинской,синской:
images_group_8_127_6749.png,дела.,села.
images_group_8_127_6750.png,Европ,Еворовъ
images_group_8_12709_7863.png,Табель,Габель
images_group_8_12710_8037.png,Закоповъ,Законовъ
images_group_8_12710_8041.png,опре-,Опре-
images_group_8_12710_8042.png,Затре-,За пре-
images_group_8_12710_8044.png,Онаж,О нака
images_group_8_12710_8050.png,за пре-,Запре-
images_group_8_12710_8064.png,ступле,ступле-
images_group_8_12710_8076.png,затро,запро
images_group_8_12710_8078.png,ступия.,ступле-
images_group_8_12710_8079.png,замяхъ,заніяхъ
images_group_8_12710_8083.png,челий,леніи
images_group_8_12710_8089.png,уголов,уголов-
images_group_8_12710_8091.png,V11,VII
images_group_8_12710_8096.png,затре-,запре-
images_group_8_12710_8105.png,ступле,ступле-
images_group_8_12710_8106.png,дѣлъ,дѣль
images_group_8_12710_8110.png,залжи,залжи-
images_group_8_12710_8126.png,безъ опа,безъопа
images_group_8_12710_8130.png,глава,Глава
images_group_8_12710_8134.png,XI.,xI.
images_group_8_12710_8135.png,X11.,XII.
images_group_8_12710_8139.png,тельству,тельства
images_group_8_12710_8146.png,раздѣхъ,раздѣлъ
images_group_8_12710_8155.png,V1.,VI.
images_group_8_12710_8156.png,имущеску,имущест
images_group_8_12710_8158.png,спости,сности
images_group_8_12710_8160.png,дѣлъ,дѣль
images_group_8_12710_8167.png,17,VI
images_group_8_12710_8169.png,ницъ,лицъ
images_group_8_12710_8173.png,V1.,VI.
images_group_8_12710_8181.png,ступпи,ступки
images_group_8_12710_8182.png,еловал,глава
images_group_8_12710_8183.png,11.,IV.
images_group_8_12710_8184.png,дѣлъ,дѣль
images_group_8_12710_8185.png,X.,х.
images_group_8_12710_8187.png,Глава,глава
images_group_8_12710_8189.png,разъѣлъ,раздѣлъ
images_group_8_12710_8191.png,1л.,IX.
images_group_8_12710_8193.png,радѣлъ,раздѣлъ
images_group_8_12710_8194.png,раздолъ,раздѣлъ
images_group_8_12710_8195.png,х.,X.
images_group_8_12710_8199.png,VII.,V11.
images_group_8_12710_8200.png,1-й,VI.
images_group_8_12710_8201.png,за,Въ
images_group_8_12710_8207.png,За,за
images_group_8_12710_8209.png,Зана-,Зака-
images_group_8_12710_8210.png,За за,За за-
images_group_8_12710_8211.png,Затри,За при-
images_group_8_12710_8212.png,За не,За не-
images_group_8_12710_8213.png,За,за
images_group_8_12710_8218.png,Заво-,За во-
images_group_8_12710_8220.png,На,на
images_group_8_12710_8222.png,и же,лже
images_group_8_12710_8224.png,Зломъ,зломъ
images_group_8_12710_8227.png,стато-,стано-
images_group_8_12710_8233.png,бѣгъ.,бѣгъ
images_group_8_12710_8238.png,то-,тю-
images_group_8_12710_8240.png,"тель,",тель
images_group_8_12710_8246.png,тоубей,тоубій-
images_group_8_12710_8252.png,во,во.
images_group_8_12710_8260.png,бежъ,божъ
images_group_8_12710_8263.png,поврет,повреж
images_group_8_12710_8264.png,вы-,въ с-
images_group_8_12710_8269.png,убейст,убійст
images_group_8_12710_8272.png,шенни-,шенни
images_group_8_12710_8274.png,ту,ту.
images_group_8_12710_8275.png,Женска,женск
images_group_8_12710_8277.png,деніи,денія
images_group_8_12710_8281.png,гла,вла
images_group_8_12710_8285.png,111.,III.
images_group_8_12710_8286.png,влава,глава
images_group_8_12710_8287.png,"IV """,IV и
images_group_8_12710_8293.png,1-III.,VIII.
images_group_8_12710_8296.png,пости,кости
images_group_8_12710_8302.png,Отдѣй.,Отдѣл.
images_group_8_12710_8303.png,таспор-,паспор-
images_group_8_12710_8311.png,бѣ,бѣ.
images_group_8_12710_8313.png,111.,III.
images_group_8_12710_8314.png,окон,жен
images_group_8_12710_8315.png,как-,Муж
images_group_8_12710_8316.png,уст.,жен.
images_group_8_12710_8317.png,веду-,Муж
images_group_8_12710_8318.png,сказ,жен
images_group_8_12710_8319.png,Испра,Муж.
images_group_8_12710_8320.png,Слава,глава
images_group_8_12710_8321.png,1-11,VII.
images_group_8_12710_8324.png,Марке,Муж.
images_group_8_12710_8325.png,Жен,Жен.
images_group_8_12710_8326.png,Мужеска,Муж.
images_group_8_12710_8327.png,Жен,Жен.
images_group_8_12710_8328.png,веж,Муж.
images_group_8_12710_8329.png,жен.,Жен.
images_group_8_12710_8330.png,муж.,Муж.
images_group_8_12710_8331.png,окан.,Жен.
images_group_8_12710_8332.png,вуж,Муж.
images_group_8_12710_8334.png,Мужеска,Муж
images_group_8_12710_8336.png,неж.,Муж.
images_group_8_12710_8337.png,осен.,Жен.
images_group_8_12710_8341.png,Муж,Муж.
images_group_8_12710_8342.png,Жено,Жен
images_group_8_12710_8343.png,Ниж,Муж.
images_group_8_12710_8345.png,Чарке,Муж.
images_group_8_12710_8346.png,ост.п.,Жен.
images_group_8_12710_8347.png,Чуж,Муж
images_group_8_12710_8348.png,жен.,Жен
images_group_8_12710_8349.png,через,Муж
images_group_8_12710_8350.png,оказать,Жен
images_group_8_12710_8351.png,часть,Муж.
images_group_8_12710_8352.png,Жан,Жен.
images_group_8_12710_8353.png,сущ,Муж
images_group_8_12710_8354.png,Ва,Жен
images_group_8_12710_8355.png,муж,Муж.
images_group_8_12710_8357.png,муж,Муж
images_group_8_12710_8358.png,жен.,Жен.
images_group_8_12710_8359.png,Суж,Муж.
images_group_8_12710_8360.png,Коп.,Жен.
images_group_8_12710_8361.png,Марк,Муж.
images_group_8_12710_8362.png,жен,Жен
images_group_8_12710_8363.png,муж.,Муж.
images_group_8_12710_8364.png,Украин-,Жен.
images_group_8_12710_8365.png,вид,Муж.
images_group_8_12710_8373.png,полка,полка.
images_group_8_12710_8375.png,Отставныя.,Отставныя
images_group_8_12710_8377.png,Козикъ,Козакъ
images_group_8_12710_8381.png,на,на.
images_group_8_12710_8386.png,званія,званія.
images_group_8_12710_8390.png,Мѣщаны,Мѣщанъ
images_group_8_12710_8401.png,6,6.
images_group_8_12710_8410.png,3,3.
images_group_8_12710_8413.png,2,2.
images_group_8_12710_8424.png,26,26.
images_group_8_12710_8434.png,3,3.
images_group_8_12710_8436.png,того.,того..
images_group_8_12710_8437.png,Примѣчаніе,Примѣчаніе.
images_group_8_12710_8446.png,жителей,жителей 
images_group_8_12710_8466.png,мужески,мужеска
images_group_8_12710_8481.png,Женска,женска
images_group_8_12710_8482.png,1,1.
images_group_8_12710_8483.png,19,19.
images_group_8_12710_8493.png,27.,"27.,"
images_group_8_12710_8500.png,35 28,35-28
images_group_8_12710_8519.png,"3.,",3.;
images_group_8_12710_8538.png,"2.,",2.;
images_group_8_12710_8543.png,40,40.
images_group_8_12710_8550.png,1,1.
images_group_8_12710_8563.png,25,25_
images_group_8_12710_8582.png,"лѣтъ,","лѣтъ,-"
images_group_8_12710_8583.png,"2.,",2.;
images_group_8_12710_8584.png,Ба,За
images_group_8_12710_8591.png,за пристанодержательство-,Запристанодержательство
images_group_8_12713_8784.png,О пре-,Опре-
images_group_8_12713_8789.png,наказа,наказа-
images_group_8_12713_8797.png,нозъ,новъ
images_group_8_12713_8802.png,заніхъ,заніяхъ
images_group_8_12713_8806.png,дѣйди,дѣла
images_group_8_12713_8808.png,дѣлъ,дѣль
images_group_8_12713_8812.png,уголов,уголов-
images_group_8_12713_8820.png,устав,уста-
images_group_8_12713_8826.png,уголовъ,уголов
images_group_8_12713_8827.png,17.,VI.
images_group_8_12713_8842.png,оповин-,о повин-
images_group_8_12713_8846.png,и протовъ,и противъ
images_group_8_12713_8847.png,семейст,семейст-
images_group_8_12713_8850.png,но тххъ,ностяхъ
images_group_8_12713_8852.png,отупле-,ступле-
images_group_8_12713_8854.png,бегъ,безъ
images_group_8_12713_8859.png,Главы,главы
images_group_8_12713_8861.png,Главал,Глава
images_group_8_12713_8866.png,велжато,веннаго
images_group_8_12713_8868.png,плотскимъ,плотскихъ
images_group_8_12713_8876.png,раздѣль,раздѣлъ
images_group_8_12713_8877.png,11.,II.
images_group_8_12713_8879.png,ществом,ществен
images_group_8_12713_8880.png,состояній,состоянія
images_group_8_12713_8887.png,11 и,II и
images_group_8_12713_8891.png,тельство,тельства
images_group_8_12713_8893.png,страс-,отрас-
images_group_8_12713_8897.png,сподучи,сности
images_group_8_12713_8901.png,раздѣлъ,разделъ
images_group_8_12713_8909.png,11.,II.
images_group_8_12713_8911.png,сточнія,стоянія
images_group_8_12713_8917.png,X.,х.
images_group_8_12713_8918.png,VI.,V1.
images_group_8_12713_8919.png,11.,II.
images_group_8_12713_8924.png,17,VI.
images_group_8_12713_8935.png,по,По
images_group_8_12713_8942.png,за буй-,За буй-
images_group_8_12713_8946.png,заворов-,заводов-
images_group_8_12713_8951.png,стал,ста
images_group_8_12713_8952.png,стые,стле
images_group_8_12713_8954.png,я же-,лже-
images_group_8_12713_8957.png,ных,ныя
images_group_8_12713_8963.png,нуга,нуго
images_group_8_12713_8966.png,фами,-фами-
images_group_8_12713_8977.png,итѣло,и тѣло
images_group_8_12713_8980.png,слова,глава
images_group_8_12713_8982.png,11 .,II и
images_group_8_12713_8985.png,1X.,IX.
images_group_8_12713_8987.png,на,ка
images_group_8_12713_8991.png,блужда,блужде
images_group_8_12713_8994.png,фань,фаль
images_group_8_12713_8997.png,щеніе,щенія
images_group_8_12713_9002.png,побѣгъ,побѣгъ.
images_group_8_12713_9013.png,ассияна-,ассигна-
images_group_8_12713_9016.png,акуровъ,актовъ
images_group_8_12713_9020.png,леніе.,"леніе,"
images_group_8_12713_9021.png,удушъ,удуше-
images_group_8_12713_9040.png,Главая,Глава
images_group_8_12713_9041.png,ми.,ліи.
images_group_8_12713_9045.png,11.,II.
images_group_8_12713_9046.png,тей,тей.
images_group_8_12713_9047.png,свальши,фальши-
images_group_8_12713_9050.png,111.,III.
images_group_8_12713_9052.png,ловѣка,ловѣка.
images_group_8_12713_9054.png,Глава,глава
images_group_8_12713_9056.png,от,бѣг-
images_group_8_12713_9059.png,171.,V11.
images_group_8_12713_9060.png,за,ва
images_group_8_12713_9061.png,ныхъ,лыхъ
images_group_8_12713_9062.png,сла,вла
images_group_8_12713_9066.png,111.,III.
images_group_8_12713_9068.png,бе-,би-
images_group_8_12713_9070.png,111.,III.
images_group_8_12713_9071.png,111.,III.
images_group_8_12713_9072.png,111.,III.
images_group_8_12713_9073.png,глава,Глава
images_group_8_12713_9076.png,летовъ,летовъ.
images_group_8_12713_9077.png,отдѣл.,Отдѣл.
images_group_8_12713_9078.png,1711.,VIII.
images_group_8_12713_9079.png,Мужеск.,Муж.
images_group_8_12713_9080.png,Женск.,жен.
images_group_8_12713_9082.png,Женск.,жен.
images_group_8_12713_9083.png,Мужеск.,Муж.
images_group_8_12713_9084.png,Женск.,жен.
images_group_8_12713_9085.png,Мужеск.,Муж.
images_group_8_12713_9086.png,Женск.,Жен.
images_group_8_12713_9087.png,Женск.,Муж.
images_group_8_12713_9088.png,Женск.,Жен.
images_group_8_12713_9089.png,Ж.,Муж
images_group_8_12713_9090.png,Женск.,Жен.
images_group_8_12713_9092.png,Женск.,Жен.
images_group_8_12713_9093.png,Женск.,Муж.
images_group_8_12713_9094.png,Женск.,Жен.
images_group_8_12713_9095.png,Женск.,Муж.
images_group_8_12713_9096.png,Женск.,Жен.
images_group_8_12713_9097.png,Женск.,Муж.
images_group_8_12713_9098.png,Женск.,Жен.
images_group_8_12713_9099.png,Журс.,Муж.
images_group_8_12713_9100.png,Женск.,Жен.
images_group_8_12713_9101.png,Ж.,Муж.
images_group_8_12713_9102.png,Женск.,Жен.
images_group_8_12713_9103.png,Мужеск.,Муж.
images_group_8_12713_9104.png,Мужеск.,Муж.
images_group_8_12713_9105.png,бубе,Жен.
images_group_8_12713_9107.png,Женск.,Жен.
images_group_8_12713_9108.png,Жу.,Муж.
images_group_8_12713_9109.png,Женск.,Жен.
images_group_8_12713_9111.png,Женск.,Жен.
images_group_8_12713_9113.png,Женск.,Жен.
images_group_8_12713_9114.png,Муж.,Муж
images_group_8_12713_9115.png,Женск.,Жен.
images_group_8_12713_9116.png,Женск.,Муж.
images_group_8_12713_9117.png,Женск.,Жен.
images_group_8_12713_9119.png,Женска,Жен.
images_group_8_12713_9120.png,Женск.,Муж.
images_group_8_12713_9121.png,Женск.,Жен.
images_group_8_12713_9123.png,Женск.,Жен.
images_group_8_12713_9130.png,1,1.
images_group_8_12713_9136.png,2,2.
images_group_8_12713_9160.png,12,12.
images_group_8_12713_9164.png,Игъ,Изъ
images_group_8_12713_9190.png,тиж-,тяж-
images_group_8_12713_9200.png,1.,1. -
images_group_8_12713_9206.png,1,1.
images_group_8_12713_9207.png,37.,37
images_group_8_12713_9214.png,фаньшивыхъ,фальшивыхъ
images_group_8_12713_9219.png,1.,- 1.
images_group_8_12713_9237.png,1.,_ 1.
images_group_8_12713_9239.png,60-,60 -
images_group_8_12713_9240.png,2.,2
images_group_8_12713_9247.png,30-,30_
images_group_8_12713_9273.png,лѣтъ -,лѣтъ-
images_group_8_12713_9274.png,2,2.
images_group_8_12713_9275.png,каторжныя,каторжных
images_group_8_12713_9280.png,27,27-
images_group_8_12713_9287.png,и 1,и 1.
images_group_8_12713_9293.png,1.,1
images_group_8_12713_9304.png,3,3.
images_group_8_12713_9336.png,9,9.
images_group_8_12713_9346.png,1,1.
images_group_8_12713_9355.png,25.-,25 _
images_group_8_12713_9359.png,3,3.
images_group_8_12713_9364.png,"3.,",3.;
images_group_8_12713_9384.png,25,25 _
images_group_8_12713_9386.png,1,1.
images_group_8_12713_9394.png,35-,35 _
images_group_8_12713_9395.png,2,2.
images_group_8_12713_9396.png,1,1.
images_group_8_12713_9402.png,"причишенія,","причисленія,"
images_group_8_12713_9422.png,каторжных,каторжныя
images_group_8_12720_10359.png,Правленіе,"Правленіе,"
images_group_8_12720_10390.png,служителей.-,служителей.
images_group_8_12720_10391.png,Впречемъ,Впрочемъ
images_group_8_12720_10392.png,дѣла въ,дѣла съ
images_group_8_12720_10395.png,управ-,Управ-
images_group_8_12720_10420.png,мебленность,медленность
images_group_8_12720_10424.png,стей,стеій
images_group_8_12720_10426.png,уголовнымъ,Уголовнымъ
images_group_8_12720_10435.png,Ачин-,Ачин.-
images_group_8_12720_10440.png,оторащенію,отвращенію
images_group_8_12728_11255.png,заведеній,заседеній
images_group_8_12728_11259.png,-т.,т.
images_group_8_12728_11268.png,высшаго,Высшаго
images_group_8_12728_11274.png,непослѣдовало.,непослѣдовало
images_group_8_12728_11284.png,А.,"4,"
images_group_8_12728_11297.png,ассигн.,ассигн:
images_group_8_12728_11300.png,3/7,3/4
images_group_8_12728_11302.png,сереб.),сереб:/
images_group_8_12728_11323.png,предшествова-о,предшествовав-
images_group_8_12728_11336.png,службъ.,служебъ.-
images_group_8_12728_11353.png,косиплек-,комплек-
images_group_8_12728_11358.png,распоряженіе.,распоряженіе
images_group_8_12728_11371.png,количестоѣ,количествѣ
images_group_8_12729_11382.png,числилось:,числилось.
images_group_8_12729_11384.png,Женск.пол.,женск. пол.
images_group_8_12729_11390.png,случѣ-,слугъ-
images_group_8_12729_11396.png,5943,5.943
images_group_8_12729_11397.png,3784,3.784.
images_group_8_12729_11398.png,между,Между
images_group_8_12729_11402.png,3481.,3.481.
images_group_8_12729_11408.png,8714,8.714
images_group_8_12729_11420.png,3545.,3.545.
images_group_8_12729_11424.png,Асачные,Ясачные
images_group_8_12731_11737.png,103,163
images_group_8_12731_11739.png,Департаментъ,Департаментъ:
images_group_8_12731_11742.png,Высочайшее,Высочайше
images_group_8_12731_11746.png,городовъ,городовъ.
images_group_8_12731_11751.png,онеразрѣшенномъ,о неразрѣшенномъ
images_group_8_12731_11761.png,вакансяхъ,вакансіяхъ
images_group_8_12731_11767.png,0,О
images_group_8_12731_11777.png,неваключающіе,незаключающія
images_group_8_12731_11781.png,лиоо,либо
images_group_8_12731_11787.png,Александ,Александръ
images_group_8_12731_11789.png,Метръ,Петръ
images_group_8_12731_11791.png,Декабря,Александръ
images_group_8_12731_11795.png,Константный,Константинъ
images_group_8_12731_11799.png,Василей,Василій
images_group_8_12731_11801.png,Алексендъ,Александръ
images_group_8_12731_11802.png,Дмитріевъ,Дмитревъ
images_group_8_12731_11805.png,Великницъ,вославникъ
images_group_8_12731_11808.png,Оронтъ,Федотъ
images_group_8_12731_11809.png,Шклариъ,Шкларевъ
images_group_8_12731_11812.png,Каректаровъ,Директоръ К.
images_group_8_12733_11833.png,Г. Министеру,Г. Министру
images_group_8_12733_11843.png,"Съеву,","всему,"
images_group_8_12733_11846.png,дить,Дить
images_group_8_12733_11849.png,ветой,вѣт
images_group_8_12733_11852.png,годова,годового
images_group_8_12733_11855.png,Столън,Столъ 1.
images_group_8_12733_11856.png,2,2.
images_group_8_12733_11859.png,ского,скаго
images_group_8_12733_11860.png,Гражд.,Графд.
images_group_8_12733_11865.png,за Вол,за 1840 г.
images_group_8_12733_11868.png,въ обра.,въ обра-
images_group_8_12733_11869.png,Вз,No
images_group_8_12733_11870.png,3743,5743.
images_group_8_12733_11873.png,монстве. -,монеты.-
images_group_8_12733_11875.png,Внутреннимъ,Внутреннихъ
images_group_8_12733_11877.png,Директоръ К,Директоръ К.
images_group_8_12733_11878.png,Времъ Поль,Фонъ Поль
images_group_8_12733_11879.png,выри,вѣрно
images_group_8_12733_11882.png,Минисевский,МИНИСТЕРСТВО
images_group_8_12739_12206.png,Енисейскою,Енисейского
images_group_8_12739_12207.png,Губерніею,Губерніего
images_group_8_12739_12211.png,No3,В
images_group_8_12739_12219.png,детиг,давно
images_group_8_12739_12220.png,несо,не
images_group_8_12739_12225.png,стветъ.,ствуетъ
images_group_8_12739_12227.png,зданій.,зданій.ё
images_group_8_12739_12234.png,промышленности,промышленности.
images_group_8_12739_12236.png,о,О
images_group_8_12739_12242.png,значущих,значущих-
images_group_8_12739_12248.png,мыванія,лыванія
images_group_8_12739_12249.png,посѣва,"посѣва,"
images_group_8_12739_12262.png,къ-,къ
images_group_8_12739_12264.png,Хлѣба.,хлѣба.
images_group_8_12739_12269.png,10,не
images_group_8_12739_12272.png,"О предпріятіяхъ,",О предпріятіяхъ
images_group_8_12739_12275.png,"продпріятій,","предпріятій,"
images_group_8_12739_12281.png,ус-,до-
images_group_8_12739_12284.png,содшеніи,осушеніи
images_group_8_12739_12285.png,Голо-,боло-
images_group_8_12739_12287.png,мѣстъ.,мѣстъ
images_group_8_12739_12290.png,небыло.,не было.
images_group_8_12739_12315.png,Крапъ,"Крапъ,"
images_group_8_12739_12339.png,тобаку,Тобаку
images_group_8_12739_12352.png,не большомъ,небольшомъ
images_group_8_12739_12368.png,"обывателей,",обывателей;
images_group_8_12739_12369.png,Начальник,Начальниц
images_group_8_12662_13704.png,городовъ.,городовъ
images_group_8_12662_13717.png,Лютеранский,Лютеранскихъ
images_group_8_12662_13721.png,1.,1
images_group_8_12683_14471.png,Вѣдомость,Вѣдомость.
images_group_8_12683_14475.png,Всего,В сего.
images_group_8_12683_14476.png,Итого,И того.
images_group_8_12683_14488.png,Итого,И того.
images_group_8_12683_14508.png,80,Съ
images_group_8_12683_14509.png,и,Съ
images_group_8_12683_14512.png,кажд,кажд.
images_group_8_12683_14517.png,Анцарской,Анцырской
images_group_8_12683_14520.png,1/7,4/7
images_group_8_12683_14531.png,28 1/7,28 4/7
images_group_8_12683_14533.png,61 2/7,61 3/7
images_group_8_12683_14536.png,1200,1000
images_group_8_12683_14541.png,28 4/7,52 2/7
images_group_8_12683_14542.png,903,905
images_group_8_12683_14552.png,38 4/7,38 1/7
images_group_8_12683_14591.png,31 3/7,31 5/7
images_group_8_12683_14592.png,86 6/7,86 5/7
images_group_8_12683_14604.png,35 5/7,35 3/7
images_group_8_12691_14977.png,потребности,потребности.
images_group_8_12691_14978.png,Губерніи,Губерніи.
images_group_8_12691_14986.png,1,1.
images_group_8_12691_15007.png,71 2/7,71 3/7
images_group_8_12691_15010.png,четверть,четверть.
images_group_8_12691_15020.png,1.,1
images_group_8_12691_15041.png,44 2/7,14 2/7
images_group_8_12691_15044.png,6,6.
images_group_8_127_15589.png,Крестьянским,крестьянскими
images_group_8_127_15591.png,223,228
images_group_8_127_15592.png,Серь,Серб.
images_group_8_127_15593.png,Макси,Жакеи
images_group_8_127_15596.png,20.,218.
images_group_8_127_15603.png,Въ д.,Въ с.
images_group_8_12710_15717.png,VI,VI.
images_group_8_12710_15721.png,3,з.
images_group_8_12710_15724.png,е,с
images_group_8_12710_15727.png,повып-,повин-
images_group_8_12710_15728.png,сніе,ніе
images_group_8_12710_15729.png,чиновно,чиновни
images_group_8_12710_15734.png,тего,того
images_group_8_12710_15735.png,леніе,"леніе,"
images_group_8_12710_15743.png,1.,1
images_group_8_12710_15747.png,4,4.
images_group_8_12710_15759.png,1,1.
images_group_8_12710_15767.png,1.,1
images_group_8_12710_15787.png,2,2.
images_group_8_12710_15789.png,0,о
images_group_8_12710_15791.png,сточнія,стоянія
images_group_8_12710_15792.png,ни,на
images_group_8_12710_15793.png,иму,иму-
images_group_8_12710_15798.png,Глава,глава
images_group_8_12710_15799.png,За,за
images_group_8_12710_15804.png,11.,II.
images_group_8_12710_15817.png,обазап-,обязан-
images_group_8_12710_15833.png,че,и.
images_group_8_12710_15834.png,въ,во
images_group_8_12710_15837.png,шенія,шеніе
images_group_8_12710_15839.png,жо-,мо-
images_group_8_12710_15841.png,на,ра-
images_group_8_12710_15843.png,фами,фаль-
images_group_8_12710_15851.png,Ва,за
images_group_8_12713_15861.png,эт,н
images_group_8_12713_15862.png,того о.,того.
images_group_8_12713_15863.png,слапо,слать
images_group_8_12713_15869.png,рѣз-,раз-
images_group_8_12713_15872.png,х1-,XI-
images_group_8_12713_15880.png,удовлет,удовлет-
images_group_8_12713_15884.png,запре,запре-
images_group_8_12713_15887.png,равство,ровство
images_group_8_12713_15889.png,За,за
images_group_8_12713_15893.png,За,за
images_group_8_12713_15898.png,За,за
images_group_8_12713_15902.png,80,во
images_group_8_12713_15907.png,За,за
images_group_8_12713_15908.png,смер,смер-
images_group_8_12713_15909.png,За,за
images_group_8_12713_15911.png,очасти,Жен.
images_group_8_12713_15912.png,чу.,Муж.
images_group_8_12713_15913.png,жен,Жен.
images_group_8_12713_15914.png,1,I
images_group_8_12713_15942.png,46,46.
images_group_8_12713_15956.png,1.-,1. _
images_group_8_12713_15959.png,6,6.
images_group_8_12713_15962.png,4,4.
images_group_8_12713_15966.png,4,4.
images_group_8_12713_15980.png,прожива,противо
images_group_8_12713_15981.png,нажей,леніи
images_group_8_12713_15986.png,при,при-
images_group_8_12731_16063.png,о,О
images_group_8_12731_16066.png,О,О.
images_group_8_12739_16100.png,неразводятъ,не разводятъ
images_group_8_12739_16101.png,Хреу-,жераз-
images_group_8_12739_16102.png,8.,2.
images_group_8_12739_16105.png,Хозяйственныхъ,хозяйственныхъ
images_group_8_12683_16173.png,45 3/7,45 5/7
images_group_35_5371_424.png,въ,Въ
images_group_35_5371_435.png,несостоитъ,несостоитъ.
images_group_35_5371_442.png,нѣть,нѣтъ
images_group_35_5375_706.png,бинкѣ,банкѣ
images_group_35_5375_707.png,Т. т. ев. зак,ХIII т. св. зак
images_group_35_5375_725.png,4 Октября,4 октября
images_group_35_5375_740.png,XIII,ХIII
images_group_35_5375_756.png,поео,пред
images_group_35_5375_761.png,ренныхъ,реннихъ
images_group_35_5375_766.png,губернитору,Губернитору
images_group_35_5375_768.png,Оиби,Сиби
images_group_35_5375_774.png,за,да
images_group_35_5375_784.png,81 2/7,81 3/4
images_group_35_5375_789.png,вероя,Егоровъ
images_group_35_5375_790.png,Стафортивание,Старовикова
images_group_35_5375_791.png,Анитеръ а,Александръ
images_group_35_5376_794.png,копія,Копія No9
images_group_35_5376_835.png,Бомницъ,Больницъ
images_group_35_5376_846.png,уѣздныхъ,Уѣдныхъ
images_group_35_5376_847.png,городахъ,городахъ:
images_group_35_5376_853.png,Богадѣльна,Богадельня
images_group_35_5376_858.png,1894,1894.
images_group_35_5376_859.png,Сомѣ умалишенныхъ,Домъумалишенныхъ.
images_group_35_5376_861.png,Смиршилестаго,Смирительнаго
images_group_35_5376_862.png,рабочахъ,рабочаго
images_group_35_5376_864.png,Приказа,приказа
images_group_35_5385_1742.png,1,1.
images_group_35_5385_1748.png,дсего,Всего
images_group_35_5385_1750.png,Въ,въ
images_group_35_5385_1754.png,Православных,Православныхъ
images_group_35_5385_1756.png,8,8.
images_group_35_5385_1757.png,Монистырей,Монастырей
images_group_35_5385_1759.png,часовня,Часовня
images_group_35_5385_1761.png,1,1.
images_group_35_5385_1781.png,острогъ,Острогѣ
images_group_35_5385_1783.png,1.,1
images_group_35_5385_1785.png,дворъ каменной,дворъкаменный
images_group_35_5385_1786.png,учи,Учи
images_group_35_5385_1789.png,питейныхъ,Питейныхъ
images_group_35_5385_1793.png,Заводов,Заводовъ
images_group_35_5385_1796.png,деревен-,деревнян.
images_group_35_540_3188.png,11 об,41 об
images_group_35_540_3196.png,губерніи.,губерніи
images_group_35_540_3211.png,ркия,rhus
images_group_35_540_3212.png,соптадіозия,contagіosus
images_group_35_540_3213.png,"воит:/,",boum :/
images_group_35_540_3220.png,язва !,язва/;
images_group_35_540_3222.png,Киз,hus
images_group_35_540_3223.png,сачвип-,carbun
images_group_35_540_3226.png,си Лозизъ.,culosus :/
images_group_35_540_3229.png,: Рачіо,:Varіo
images_group_35_540_3230.png,ва,la
images_group_35_540_3233.png,Крача,Врача-
images_group_35_540_3234.png,окіопа %;,ovіona.);
images_group_35_540_3236.png,лошадяхъ-,лошадяхъ -
images_group_35_540_3237.png,Сибир-,Сибир
images_group_35_540_3241.png,заботли.,Заботли.
images_group_35_540_3246.png,овцахъ,овцахъ.
images_group_35_540_3247.png,На,На-
images_group_35_540_3255.png,"Фадіова; .,","Varіola :/,"
images_group_35_540_3286.png,предшествовавшихъ,предмествовавшихъ
images_group_35_540_3311.png,па-,па
images_group_35_540_3342.png,д.),"д.,"
images_group_35_540_3343.png,Падежи:,Падежи.
images_group_35_540_3362.png,"литуки,","штуки,"
images_group_35_540_3368.png,Севретарь,Секретарь
images_group_35_5403_3648.png,15170 р,15170р
images_group_35_5403_3649.png,Больши,Больным
images_group_35_5403_3652.png,чистін,частію
images_group_35_5403_3653.png,Салотопенныхъ,Салотопенных
images_group_35_5403_3656.png,1499,1499.
images_group_35_5403_3661.png,кирпичныхъ,кирпичныхъ.
images_group_35_5403_3663.png,гончарныхъ,Гончарныхъ
images_group_35_5403_3665.png,экипажныхъ,Экипажныхъ
images_group_35_5403_3667.png,Г. Красноярск,г. Красноярскъ
images_group_35_5403_3675.png,Енисе,Енисей
images_group_35_5403_3676.png,тельный.,тельный.-
images_group_35_5403_3677.png,"2650,",2650 р
images_group_35_5403_3678.png,скуются,скую и Ты
images_group_35_5403_3680.png,Фаянсовая,фаянсовая
images_group_35_5403_3686.png,Терентъ,Теренть
images_group_35_5403_3687.png,свои,евой
images_group_35_5403_3689.png,Эску,деку
images_group_35_5403_3690.png,внутръ,внутр
images_group_35_5403_3691.png,ловкѣ,лоскѣ
images_group_35_5403_3697.png,Енисейскѣ,Енисейскѣ.
images_group_35_5403_3703.png,скѣлвъ,скѣ и въ
images_group_35_5403_3705.png,"4490,",4490 р
images_group_35_5403_3706.png,округѣ,округа
images_group_35_5403_3708.png,681 р,681р
images_group_35_5403_3717.png,округѣ,Округѣ
images_group_35_5403_3721.png,Ужурской,Ужурской-
images_group_35_5423_5501.png,комъ,гомъ
images_group_35_5423_5502.png,производитесъ,производится
images_group_35_5423_5505.png,денегъчар,денегъ час
images_group_35_5423_5528.png,деньгамичаст,деньгамичас
images_group_35_5423_5535.png,слау,суду
images_group_35_5423_5539.png,жиновныхъ,виновныхъ
images_group_35_5423_5540.png,неоткрыт,неоткрыто
images_group_35_5423_5561.png,2.,"2.,"
images_group_35_5423_5564.png,Злоутотребленія,Злоупотребленія
images_group_35_5423_5568.png,винов-,винов
images_group_35_5423_5574.png,вузаконныя,вузаконных
images_group_35_5423_5584.png,составу,состоитъ
images_group_35_5436_6448.png,132.,192.
images_group_35_5436_6450.png,Гостину,Господину
images_group_35_5436_6452.png,дѣламъ,дѣлами
images_group_35_5436_6462.png,препроводито,препроводить
images_group_35_5436_6469.png,Апдѣль,Апрѣля
images_group_35_5436_6470.png,186 г.,1861 г.
images_group_35_5436_6483.png,IV.,No
images_group_35_5436_6485.png,носто,ность
images_group_35_5436_6504.png,Данты,даннъевъ
images_group_35_5438_6605.png,В.,Въ
images_group_35_5438_6606.png,семъ,семь
images_group_35_5438_6609.png,помированныхъ,померованныхъ
images_group_35_5438_6613.png,лоста,листа.
images_group_35_5438_6621.png,проном рованных-,пронумерованных
images_group_35_5438_6622.png,143,193
images_group_35_5438_6624.png,ои,си
images_group_35_5438_6629.png,шу,что
images_group_35_5438_6631.png,"гия,",имя
images_group_35_5438_6632.png,20/38,"20/ I 58,"
images_group_35_5438_6633.png,Вп,Зуг
images_group_35_544_6731.png,25 об,45 об
images_group_35_544_6737.png,75,45
images_group_35_544_6748.png,муж.,Муж.
images_group_35_544_6755.png,ВХ.),"(х) 3.,"
images_group_35_544_6768.png,ца,ща
images_group_35_544_6793.png,губерн-,губерн
images_group_35_544_6800.png,лица,лища
images_group_35_544_6802.png,6.),"6.,"
images_group_35_544_6804.png,Мужской,мужской
images_group_35_544_6807.png,Гимна-,Гимна
images_group_35_544_6817.png,лица,лища
images_group_35_544_6820.png,въ,Въ
images_group_35_544_6824.png,женской,Женской
images_group_35_544_6831.png,пожертво,пожертво-
images_group_35_544_6834.png,"8.,",8.)
images_group_35_544_6844.png,или,иля
images_group_35_544_6850.png,Бого,Бого-
images_group_35_544_6858.png,9.),"9.,"
images_group_35_544_6872.png,лицъ,лищъ
images_group_35_544_6879.png,107 р.,107р.
images_group_35_544_6880.png,"10 1/2 к.) 10.,","10 1/2 к. 10.,"
images_group_35_544_6894.png,пожертвованій,пожертвованія
images_group_35_548_7392.png,48 об,49 об
images_group_35_548_7407.png,Крини,Крини-
images_group_35_548_7410.png,Ребиковой..,Ребиковой.-
images_group_35_548_7420.png,Частный,частный
images_group_35_548_7424.png,пансіонъ.,"пансіонъ,"
images_group_35_548_7439.png,"земли,","Земли,"
images_group_35_548_7467.png,30,30/т.
images_group_35_548_7469.png,литета,митета
images_group_35_548_7493.png,а,о
images_group_35_548_7497.png,исходатайствованіи,исходатайствованій
images_group_35_548_7531.png,опредѣлен-,опредѣлен
images_group_35_548_7542.png,ми.,ми
images_group_35_548_7545.png,Сим-,Гим
images_group_35_552_8041.png,53.,53
images_group_35_552_8045.png,коман,коман-
images_group_35_552_8055.png,повинность:,повинность.
images_group_35_552_8057.png,повин.,повин-
images_group_35_552_8065.png,губерніи-,губерніи
images_group_35_552_8070.png,устрой,устрой-
images_group_35_552_8087.png,г.г.,г. г.
images_group_35_552_8131.png,исполненіе.,"исполненіе,"
images_group_35_552_8156.png,рѣ,рѣ-
images_group_35_552_8157.png,"стояніи,",стояніи.
images_group_35_552_8159.png,дѣлъ,Дѣлъ
images_group_35_556_8662.png,39т.,30/т.
images_group_35_556_8663.png,Помощникахъ,Помощника. (х)
images_group_35_556_8685.png,отдѣлені,отдѣлені-
images_group_35_556_8703.png,29 п.,20/т.
images_group_35_556_8734.png,No 1398.-,No 1398.
images_group_35_558_8875.png,Капиталѣр,Капиталѣ
images_group_35_558_8890.png,работамъ-,работамъ
images_group_35_558_8893.png,недоимки-,недоимки
images_group_35_558_8901.png,54 3/7 к.-,54 3/4 к.-
images_group_35_558_8912.png,немог,не мог-
images_group_35_558_8940.png,та,та-
images_group_35_558_8972.png,числящахся,числящаяся
images_group_35_558_8984.png,вре,вре-
images_group_35_558_9006.png,Мѣст-,мѣст
images_group_35_5371_9300.png,а,с
images_group_35_5376_9383.png,1.,1
images_group_35_5376_9385.png,1.,1
images_group_35_5376_9387.png,396,396.
images_group_35_5376_9388.png,310.,300.
images_group_35_5376_9397.png,1642,4642
images_group_35_5376_9398.png,2908,2968.
images_group_35_5376_9399.png,3593,5693
images_group_35_5376_9403.png,Г.,4.
images_group_35_5376_9405.png,4325,4326
images_group_35_5376_9407.png,"36,8",3678
images_group_35_5376_9409.png,63 2/4,63 3/4
images_group_35_5376_9413.png,573,57 1/2
images_group_35_5376_9419.png,6%,67
images_group_35_5376_9420.png,71 у,70 1/4
images_group_35_5376_9422.png,и,до
images_group_35_5376_9424.png,гражданскій,Гражданскій
images_group_35_5385_9904.png,1.,1
images_group_35_5385_9906.png,диновъ ей,домовъ об
images_group_35_5385_9907.png,шествен,щественн
images_group_35_5385_9910.png,1,1.
images_group_35_5385_9912.png,6.,6
images_group_35_5385_9917.png,916.,916
images_group_35_5385_9920.png,58.,2
images_group_35_5403_10222.png,2,2.
images_group_35_5403_10227.png,13.,3.
images_group_35_5403_10230.png,1,1.
images_group_35_5403_10231.png,въ,Въ
images_group_35_5403_10232.png,скую,скун
images_group_35_5403_10233.png,и,Гу
images_group_35_5403_10234.png,берній,берніи.
images_group_35_5423_11132.png,и,а
images_group_35_5436_11757.png,семъ,силѣ
images_group_35_544_11786.png,100 р,100р
images_group_35_556_12093.png,37,57
images_group_35_556_12097.png,5.,5
images_group_35_558_12104.png,52 об,59 об.
images_group_28_3795_1699.png,линине-,лишили
images_group_28_3795_1715.png,15,15.
images_group_28_3795_1716.png,Убійствъ,Убійствъ.
images_group_28_3795_1722.png,нихъ,ныхъ
images_group_28_3795_1728.png,пряданы,преданы
images_group_28_3795_1730.png,но,по
images_group_28_3795_1746.png,виновные же,выновные же
images_group_28_3795_1763.png,достоинство,достоинства
images_group_28_3795_1768.png,а по,и по
images_group_28_3795_1784.png,и преданы судут,"и преданы суду,"
images_group_28_38_2058.png,58.,53.
images_group_28_38_2060.png,никъ,нихъ
images_group_28_38_2064.png,Въ губернскомъ.,Въ губернскомъ
images_group_28_38_2073.png,Округиныхъ,Окружныхъ
images_group_28_38_2076.png,2- (поведеніи,2-оповеденіи
images_group_28_38_2077.png,2 неиз-,2) неиз-
images_group_28_38_2082.png,выбытіемъ,выбытиемъ
images_group_28_38_2091.png,3,3-
images_group_28_38_2099.png,Вально практикующихъ,Военно практикующихъ
images_group_28_38_2123.png,"3 порядочно,","3-порядочно,"
images_group_28_38_2131.png,назначе,о назначе-
images_group_28_38_2132.png,недавнему,Недавнему
images_group_28_38_2136.png,ній,ніи
images_group_28_38_2141.png,Городоваго,городоваго
images_group_28_38_2142.png,врачи-,врача
images_group_28_38_2146.png,земли,земель
images_group_28_38_2151.png,15-ги,15-ти
images_group_28_38_2154.png,по-,по
images_group_28_38_2157.png,литическимъ,литическихъ
images_group_28_38_2161.png,дѣланіе,дѣланно
images_group_28_38_2168.png,"16,","VI,"
images_group_28_38_2173.png,днѣ,двѣ-
images_group_28_38_2177.png,зеравіе.,здравіе.
images_group_28_38_2178.png,"ав,","а.,"
images_group_28_38_2179.png,Враж,Врачи
images_group_28_38_2186.png,.,въ
images_group_28_38_2192.png,посодержа,посодержа-
images_group_28_381_2854.png,71,71.
images_group_28_381_2881.png,Киеловскаго,Кисловскаго
images_group_28_381_2913.png,О хлѣбной,Охлѣбной
images_group_28_381_2915.png,числя,числя-
images_group_28_381_2921.png,занеполу-,за неполу-
images_group_28_381_2930.png,по,по 
images_group_28_381_2933.png,Костин-,Костин
images_group_28_381_2936.png,Суда ватребованныхъ,Суда [затребованныхъ]
images_group_28_381_2946.png,"No 1907, 0","No 1907, о"
images_group_28_381_2957.png,года за No954.,года за No 954.
images_group_28_381_2974.png,которо,котора-
images_group_28_381_2996.png,за No190,За No 190
images_group_28_39_4156.png,нію.,нію
images_group_28_39_4157.png,Аптенъ,Аптекъ
images_group_28_39_4158.png,въ 1063 году необна,въ 1865 году необна-
images_group_28_39_4165.png,которого,которою
images_group_28_39_4172.png,вело-,вело
images_group_28_39_4173.png,31.,"31,"
images_group_28_39_4178.png,"6, Оспориви","в., Оспоприви-"
images_group_28_39_4182.png,Мая,Мая.
images_group_28_39_4184.png,виніе.,ваніе.
images_group_28_39_4190.png,8 Октя-,8 Октя
images_group_28_39_4194.png,"вря,","бря,"
images_group_28_39_4209.png,билась,вилась
images_group_28_39_4216.png,/:,1:
images_group_28_39_4222.png,дѣятельное-,дѣятельнос-
images_group_28_39_4225.png,Першской,Пермской
images_group_28_39_4230.png,исяо-,исхо-
images_group_28_39_4237.png,"2,",2
images_group_28_39_4263.png,го,го-
images_group_28_39_4264.png,"г, Заразитель","г., Заразителитель-"
images_group_28_39_4268.png,за,за-
images_group_28_39_4272.png,теченіи,теченіе
images_group_28_39_4275.png,болѣело,больно
images_group_28_39_4281.png,подыр-,подвер-
images_group_28_39_4282.png,выздоровало,выздоровѣло
images_group_28_39_4283.png,64,64.
images_group_28_39_4286.png,Бо,Бо-
images_group_28_39_4289.png,слѣзнь,лѣзнь
images_group_28_39_4303.png,деревнѣ,Деревнѣ
images_group_28_39_4304.png,"Абакшиной,","Абаканской,"
images_group_28_391_4457.png,82.,"82,"
images_group_28_391_4580.png,397,397.
images_group_28_391_4617.png,387,387.
images_group_28_391_4618.png,387,387.
images_group_28_391_4620.png,1889,1889.
images_group_28_391_4631.png,568,568.
images_group_28_391_4635.png,3650 р,3650
images_group_28_391_4659.png,09,о 9
images_group_28_391_4666.png,востаются,6 остаются
images_group_28_391_4668.png,засправками,за справками
images_group_28_395_5063.png,Кочневъ,Кочневъ.
images_group_28_395_5064.png,зяйствомъ.,зяйствомъ
images_group_28_395_5075.png,низоннагобаталіо-,низоннаго баталіо-
images_group_28_395_5098.png,Сибирскаго,сибирскаго
images_group_28_395_5143.png,мастерствомъ,мастерствомъ.
images_group_28_395_5154.png,No16.,No16
images_group_28_395_5166.png,Занимается кресть,Занимается кресть-
images_group_28_400_6032.png,21,91.
images_group_28_400_6080.png,No2 Баталіо,No2 Баталіо-
images_group_28_400_6088.png,Офицеры:,офицеры:
images_group_28_400_6100.png,лости въ д.,лостивъ въ д.
images_group_28_400_6137.png,Потылищинъ.,Потылицинъ.
images_group_28_400_6143.png,Той же,той же
images_group_28_403_6501.png,де Емельяновой,д. Емельяновой
images_group_28_403_6544.png,Киндяковой.,Киндяковой
images_group_28_403_6604.png,С.,с.
images_group_28_403_6628.png,полубаталіона.,Полубаталіона.
images_group_28_403_6634.png,Лаврен,Лаврен-
images_group_28_403_6650.png,3обковъ.,Зобковъ.
images_group_28_403_6654.png,въ д,въ д.
images_group_28_403_6655.png,ми-,Минусинскаго
images_group_28_41_7499.png,"в., Больницы","б, Больницы"
images_group_28_41_7500.png,Больничныя,Больничные
images_group_28_41_7502.png,въ го,въ го-
images_group_28_41_7503.png,непрекратились,непрекратилась
images_group_28_41_7505.png,енисейской,Енисейской
images_group_28_41_7508.png,тадемѣ,о падежѣ
images_group_28_41_7510.png,понепрочности,по непрочности
images_group_28_41_7511.png,своей,свой
images_group_28_41_7516.png,No 10,No10.
images_group_28_41_7517.png,удобству.,удобству
images_group_28_41_7518.png,"помѣщеній,",помѣщеній
images_group_28_41_7519.png,не соот,не соот-
images_group_28_41_7528.png,Обществен,Обществен-
images_group_28_41_7533.png,Общественное,Общественнаго
images_group_28_41_7536.png,исправленіе,исправлені
images_group_28_41_7543.png,каза:,каза.
images_group_28_41_7546.png,64 р. Ю.,64 р. 70 к.
images_group_28_41_7548.png,No дока-,No8 пока-
images_group_28_41_7553.png,"зываетъ,",зываетъ
images_group_28_41_7559.png,67,6/2
images_group_28_41_7562.png,Ачинскѣ,Ачинскѣ.
images_group_28_41_7563.png,7-50.,7 50.
images_group_28_41_7566.png,номъ,намъ
images_group_28_41_7567.png,капиталъ,капиталѣ
images_group_28_41_7570.png,81,81-
images_group_28_41_7573.png,36 р/ к.,36 1/2 р.
images_group_28_41_7574.png,Капитали,Капиталы
images_group_28_41_7582.png,ссудусъ съ соб-,ссуду съ соб-
images_group_28_41_7584.png,слѣдуеть,слѣдуетъ
images_group_28_41_7585.png,стнести,отнести
images_group_28_41_7595.png,лечеб-,леиб-
images_group_28_41_7597.png,платежий по,платежей по
images_group_28_41_7602.png,зависимъ,займамъ
images_group_28_41_7605.png,зованія,зования
images_group_28_41_7607.png,больныѣ,больныхъ
images_group_28_41_7609.png,"сословій,","сословіи,"
images_group_28_410_7623.png,сапож-,сапож
images_group_28_410_7637.png,202,202.
images_group_28_410_7654.png,инва-,Инва-
images_group_28_410_7656.png,Серебряковъ,Серебряковъ.
images_group_28_410_7684.png,той же,тои же
images_group_28_410_7714.png,широковой.,Широковой.
images_group_28_410_7727.png,офицеръ,Офицеръ
images_group_28_410_7730.png,Баталіона.,Баталіона:
images_group_28_410_7745.png,лости въ С.,лости въ с.
images_group_28_413_8050.png,Баталіо на.,Баталіона.
images_group_28_413_8052.png,офицеры:,Офицеры:
images_group_28_413_8054.png,офицеры.,Офицеры:
images_group_28_413_8082.png,хлѣбопаше=,хлѣбопаше-
images_group_28_413_8087.png,с. Казачинскомъ.,с. Казачинскомъ
images_group_28_413_8098.png,Той же во-,той же во-
images_group_28_413_8109.png,лости въ д.,лостис въ д.
images_group_28_413_8125.png,Брюхиновъ.,Брюхановъ.
images_group_28_413_8130.png,д. Бидѣйской.,д. бидѣйской.
images_group_28_413_8134.png,Евсевоевъ,Евсевьевъ
images_group_28_413_8135.png,Кежемской,Кажемской
images_group_28_413_8150.png,вер-,Вер-
images_group_28_413_8154.png,Изолови,Изголови.
images_group_28_413_8158.png,Той же во-,той же во-
images_group_28_413_8161.png,Алексѣй Лаврентъ,Алексѣй Лавренть-
images_group_28_418_8657.png,"109,",109.
images_group_28_418_8701.png,Пестеровъ,Пестеровъ.
images_group_28_418_8715.png,Езагашинской,Езагашинской.
images_group_28_418_8730.png,Дютинской.,Сютинской.
images_group_28_418_8748.png,Изын,Изын-
images_group_28_418_8760.png,жульскомъ.,Жульскомъ.
images_group_28_419_8793.png,Баталіона,Баталіона.
images_group_28_419_8798.png,-офицеръ,офицеръ
images_group_28_419_8814.png,Тихановъ,Тихановъ.
images_group_28_419_8854.png,Балантин-,Балахтин-
images_group_28_419_8866.png,Сибирскаго ли-,Сибирскаго Ли-
images_group_28_419_8875.png,сибирскаго Ли-,сибирскагоЛи-
images_group_28_419_8883.png,Мона.,ліона.
images_group_28_430_10479.png,хлѣбопашествомъ,Хлѣбопашествомъ
images_group_28_430_10485.png,"121,",121.
images_group_28_430_10489.png,въ дер. Мир-,водер. Мир-
images_group_28_430_10499.png,7 запаснаго Ба-,7 Запаснаго Ба-
images_group_28_430_10501.png,одескаго,обескаго
images_group_28_430_10502.png,нѣ-,пѣ-
images_group_28_430_10504.png,пѣютнаго,пѣхотнаго
images_group_28_430_10511.png,Графа дибича,Графадибича
images_group_28_430_10528.png,симъ,симь
images_group_28_430_10537.png,Ирбей-,Иребей-
images_group_28_430_10559.png,Бѣлогр-,бѣлогр-
images_group_28_430_10563.png,хри,хри-
images_group_28_430_10565.png,Рах-,Реих-
images_group_28_430_10569.png,бога-,Бога-
images_group_28_430_10572.png,Лыковъ.,лыковъ
images_group_28_430_10602.png,ничны,ничнь
images_group_28_430_10603.png,имъ,ешь
images_group_28_3795_12184.png,но,на
images_group_28_3795_12186.png,но,не
images_group_28_3795_12187.png,винов.,винов-
images_group_28_38_12224.png,- 5.,-5.
images_group_28_381_12410.png,и нѣ,и нѣ-
images_group_28_39_12455.png,сте,сте-
images_group_28_39_12458.png,съ,въ
images_group_28_41_12558.png,до 2:,до 2%
images_group_28_41_12559.png,"эной,","оной,"
images_group_28_41_12564.png,нас,ное
images_group_28_41_12565.png,219-10.,219-10
images_group_12_1320_8.png,Полуэктъ,Полужтъ
images_group_12_1320_21.png,951,951.
images_group_12_1320_27.png,жульскомъ,жульскомъ.
images_group_12_1320_39.png,тюль,Тюль
images_group_12_1320_43.png,губернскихъ,Губернскихъ
images_group_12_1320_49.png,Ба,ва
images_group_12_1320_59.png,Киричевъ.,Киричевъ
images_group_12_1320_73.png,Говъ,Iовъ
images_group_12_1320_83.png,имы,Имы
images_group_12_1320_105.png,9.,д.
images_group_12_1320_107.png,работами,работами.
images_group_12_1321_123.png,Уродственниковъ,У родственниковъ
images_group_12_1321_126.png,Ѳедоръ,Федоръ
images_group_12_1321_129.png,7 родственниковъ,У родственниковъ
images_group_12_1321_133.png,янскими работами,янскими работами.
images_group_12_1321_161.png,964,964.
images_group_12_1321_180.png,вкоробогатовъ.,Скоробогатовъ.
images_group_12_1321_186.png,подсосен,Подсосен
images_group_12_1321_189.png,скомъ,скомъ.
images_group_12_1321_192.png,Госифъ,Iосифъ
images_group_12_1321_195.png,Скоробога,Скоробоча
images_group_12_1321_209.png,скомъ,скомъ.
images_group_12_1330_1468.png,No8,No8.
images_group_12_1330_1489.png,На,Ува
images_group_12_1330_1502.png,досташими,достигшими
images_group_12_1330_1505.png,17ти,17-ти
images_group_12_1330_1506.png,Руз,Руб
images_group_12_1330_1516.png,учребидено,учреждено
images_group_12_1330_1560.png,р.,р
images_group_12_1330_1577.png,шитрафныхъ,штрафныхъ
images_group_12_1330_1579.png,"63 1/4 к.,","63/4 к.,"
images_group_12_1330_1591.png,14 1/4 к.,14/4 к.
images_group_12_1330_1603.png,Съѣдникнымъ,Съ подлиннымъ
images_group_12_1330_1608.png,Чиновникъ,Чиновника
images_group_12_1330_1611.png,Е. Моврустукій,Е. Мокрушукій
images_group_12_1344_3867.png,177,171
images_group_12_1344_3885.png,2,2.
images_group_12_1344_3902.png,каменна.,каменнаг.
images_group_12_1344_3907.png,губернскаго,Губернскаго
images_group_12_1344_3912.png,каменных.,Каменныхъ
images_group_12_1344_3913.png,2,2.
images_group_12_1344_3920.png,Военных сборных,Военныя сборных
images_group_12_1344_3957.png,7,7.
images_group_12_1344_3965.png,деревн,деревен
images_group_12_1344_3969.png,дасо-,Часо-
images_group_12_1344_3983.png,водяннаг.,водянная.
images_group_12_1344_3987.png,Провіантскихъ,Провіантскихъ.
images_group_12_1344_3995.png,церковы,церковн
images_group_12_1344_3999.png,2,2.
images_group_12_1345_4003.png,179,178
images_group_12_1345_4010.png,обществ..,обществ.
images_group_12_1345_4017.png,Каз-,каз-
images_group_12_1345_4029.png,богадѣльня,Богадѣльня
images_group_12_1345_4034.png,Кожевенныхъ.,кожевенныхъ.
images_group_12_1345_4047.png,Маелобойный,Маслобойный
images_group_12_1345_4096.png,уш,учи
images_group_12_1345_4097.png,Каменное,Каменное.
images_group_12_1345_4100.png,лицъ,лищъ
images_group_12_1345_4116.png,новъ.,но въ.
images_group_12_1345_4118.png,2,2.
images_group_12_1348_4397.png,десят,десят.
images_group_12_1348_4414.png,418448,418.448
images_group_12_1348_4435.png,/,/.
images_group_12_1348_4455.png,команды-,Команды-
images_group_12_1348_4464.png,Солдатскихъ,солдатскихъ
images_group_12_1348_4467.png,"Кантонистовъ-684,","кантонистовъ-684,"
images_group_12_1348_4479.png,Церкви,Церкви:
images_group_12_1348_4500.png,113.-,"11 3.-,"
images_group_12_1348_4511.png,земли,земли.
images_group_12_1348_4512.png,6-,"6-,"
images_group_12_1348_4538.png,"1,","1.,"
images_group_12_1348_4551.png,пашна,пашней
images_group_12_1348_4558.png,кумиренъ,кумирень
images_group_12_1353_5287.png,3.),3)
images_group_12_1353_5298.png,4-я Января,4-е Января
images_group_12_1353_5302.png,трой,Трой
images_group_12_1353_5310.png,тамъ же,Тамъ же
images_group_12_1353_5313.png,9-го полк-,9-го по 12-е
images_group_12_1353_5316.png,волости.,волости:
images_group_12_1353_5317.png,9,9.)
images_group_12_1353_5322.png,5),"5.),"
images_group_12_1353_5327.png,ровскомъ-въ,ровскомъ - въ
images_group_12_1353_5337.png,въ те,-въ те
images_group_12_1353_5345.png,дней,дней.
images_group_12_1354_5390.png,Богоявленская,Богоявленская.
images_group_12_1354_5438.png,Петровская,Петровская.
images_group_12_1354_5451.png,Iюля,Iюля.
images_group_12_1354_5465.png,8 іюня.,8 Iюня.
images_group_12_1354_5475.png,Октября.,Октября
images_group_12_1354_5483.png,Никольская,Никольская.
images_group_12_1354_5484.png,тамъ жесъ,тамъ же съ
images_group_12_1354_5488.png,небыло,небыло.
images_group_12_1354_5489.png,2000 р.,2000 р-
images_group_12_1369_8025.png,1867,1867  г.
images_group_12_1369_8046.png,родившихъ,родивших
images_group_12_1369_8056.png,муж.,Муж.
images_group_12_1369_8058.png,муж.,Муж.
images_group_12_1369_8062.png,No,и
images_group_12_1369_8064.png,3-6,264
images_group_12_1369_8072.png,277,277.
images_group_12_1369_8080.png,5-87,587.
images_group_12_1369_8083.png,1777,1777.
images_group_12_1369_8103.png,18.845.,18.845
images_group_12_1369_8122.png,28,28.
images_group_12_1369_8134.png,577,577.
images_group_12_1369_8139.png,в4.,64.
images_group_12_1369_8185.png,в.,6.
images_group_12_1369_8197.png,.р.,+
images_group_12_1369_8199.png,.,+
images_group_12_1369_8200.png,17,17.
images_group_12_1369_8210.png,3,5
images_group_12_1369_8213.png,7831.,7831
images_group_12_1369_8216.png,67-ез.,6723.
images_group_12_1369_8221.png,346. 297.,346.297.
images_group_12_1369_8227.png,345586,345586.
images_group_12_1369_8228.png,347586,345586
images_group_12_1369_8229.png,185 3 48,185338 160248
images_group_12_1369_8247.png,"1041 """,".1041 """
images_group_12_1369_8248.png,158 и,"158 """
images_group_12_1369_8250.png,34628 2/2,346297 5262
images_group_12_1369_8257.png,15418,154185
images_group_12_1369_8258.png,17.48.,179489
images_group_12_1369_8259.png,351 584,351559 564
images_group_12_1369_8261.png,56848,50848
images_group_12_1369_8262.png,3 36674,336674
images_group_12_1369_8263.png,35092 5,350995
images_group_12_1387_10916.png,213,218
images_group_12_1387_10918.png,дѣшшей,здѣшней
images_group_12_1387_10940.png,1го,1-го
images_group_12_1387_10967.png,дѣшней,здѣшней
images_group_12_1387_10991.png,11942.,11 942.
images_group_12_1387_10994.png,247675-6 3/4,247675 - 6 3/4
images_group_12_1387_11010.png,51586,51 586.
images_group_12_1387_11014.png,жителяхъ.,жителяхъ
images_group_12_1387_11020.png,сей,сеи
images_group_12_1387_11078.png,68086,68086-
images_group_12_1387_11110.png,довелкѣ,довескѣ
images_group_12_1387_11116.png,поновому,по новому
images_group_12_1387_11124.png,гильдіи - по,гильдіи-по
images_group_12_1387_11127.png,2-й гиль-,2-й числь
images_group_12_1387_11134.png,Севретара,Секретарь
images_group_12_1388_11153.png,поступлениемъ,поступленіемъ
images_group_12_1388_11172.png,душъ -,душъ-
images_group_12_1388_11175.png,5244,5244.
images_group_12_1388_11176.png,73,73 1/2
images_group_12_1388_11185.png,14957,14957.
images_group_12_1388_11200.png,ссуду.,ссуду
images_group_12_1388_11202.png,91/2,91 1/2
images_group_12_1388_11212.png,сожите-,съжите
images_group_12_1388_11213.png,5278,5278.
images_group_12_1388_11217.png,пов коп.,по 6 коп.
images_group_12_1388_11218.png,5094,5094.
images_group_12_1388_11223.png,душъ -,душъ-
images_group_12_1388_11265.png,совключеніемъ,со включеніемъ
images_group_12_1388_11268.png,21 1/2,21 1/4
images_group_12_1388_11271.png,213,213.
images_group_12_1388_11273.png,сборъ,Сборъ
images_group_12_1388_11278.png,встутило,вступило
images_group_12_1388_11279.png,4866,4866.
images_group_12_1388_11280.png,17,17 1/4
images_group_12_1388_11285.png,доходямъ,доходамъ
images_group_12_1388_11309.png,ес-,ос-
images_group_12_1388_11325.png,Статистическаго,Статистических
images_group_12_1392_11873.png,14,19
images_group_12_1392_11875.png,1868г,1868 г
images_group_12_1392_11877.png,57100,No142
images_group_12_1392_11901.png,7,7.
images_group_12_1392_11919.png,чта,что
images_group_12_1392_11926.png,яніи,янію
images_group_12_1392_11944.png,17 іюля,17 Iюля
images_group_12_1392_11953.png,донести,донеста
images_group_12_1392_11967.png,іюля,Iюля
images_group_12_1392_11979.png,И. д.,и.д.
images_group_12_1392_11981.png,Губернатора,Губернатора с
images_group_12_1392_11986.png,Порученій.,Порученій
images_group_12_140_12665.png,341 Димидъ,341 Демидъ
images_group_12_140_12667.png,Аланской,Яланской
images_group_12_140_12669.png,въ д.,10 2
images_group_12_140_12672.png,Чурукаевъ.,Чуруксаевъ
images_group_12_140_12673.png,Рядные:,Рядовые:
images_group_12_140_12674.png,Плад-,Плад.
images_group_12_140_12675.png,1353 Матвей,353. Матвѣй
images_group_12_140_12676.png,Дани Анцыре,Дани Янинъ
images_group_12_140_12681.png,368. Явовъ,346. Яковъ
images_group_12_140_12687.png,кнскомъ.,ковскамъ.
images_group_12_140_12696.png,Коноратій,Кондратій
images_group_12_140_12697.png,Ива-,Ива
images_group_12_140_12702.png,Васотинъ.,Висотинъ.
images_group_12_140_12704.png,349. Матвѣй,349. Матвй
images_group_12_140_12705.png,Василъ,Василь
images_group_12_140_12709.png,160,евъ
images_group_12_140_12710.png,Новыхъ.,Новыхъ
images_group_12_140_12713.png,Доменть,Ременть
images_group_12_140_12715.png,168,евъ
images_group_12_140_12716.png,Ячменевъ.,Ячменевъ
images_group_12_140_12717.png,кой,ной
images_group_12_140_12722.png,хазбопашествомъ,Хлѣбопашествомъ
images_group_12_140_12725.png,шенскомъ-,женскомъ.
images_group_12_140_12731.png,351 с,351. с
images_group_12_140_12733.png,Афонае,Афона
images_group_12_140_12743.png,фокинъ.,Фокинъ.
images_group_12_140_12748.png,No 4-го,No4-го
images_group_12_140_12753.png,357 Михайцо,357. Михайло
images_group_12_140_12764.png,Безсоницынъ.,Безсоницынъ
images_group_12_140_12766.png,работами.,работами
images_group_12_1408_13988.png,человѣка.,человѣка
images_group_12_1408_14022.png,3 мя,3-мя
images_group_12_1408_14089.png,рабоіе,рабочіе
images_group_12_1408_14101.png,218,218.
images_group_12_1408_14110.png,261,261.
images_group_12_1408_14120.png,Всего,Всего-
images_group_12_1320_14411.png,У,у
images_group_12_1320_14419.png,въ с. Балахстин,въ с. Балахрин
images_group_12_1321_14426.png,Уродственниковъ,У родственниковъ
images_group_12_1344_14503.png,-,{
images_group_12_1344_14504.png,1,{
images_group_12_1344_14506.png,2,2.
images_group_12_1344_14511.png,1,{
images_group_12_1344_14513.png,1,{
images_group_12_1344_14520.png,(,{
images_group_12_1345_14543.png,-,{
images_group_12_140_14809.png,Крестьянскими,крестьянскими
images_group_12_140_14810.png,350,350.
images_group_12_140_14812.png,355,355.
images_group_12_140_14813.png,356.,356
images_group_15_1600_764.png,8-го,8-го.
images_group_15_1600_768.png,Дѣло,"Дѣло,"
images_group_15_1600_776.png,капитале,капитало
images_group_15_1600_799.png,учрея,учреж
images_group_15_1600_800.png,отожестихъ,отошедшихъ
images_group_15_1600_805.png,Комписіею,Коммисію
images_group_15_1600_811.png,30 Июня,30 Iюня
images_group_15_1600_817.png,дѣлъ,дѣль
images_group_15_1600_820.png,капитаму;,капиталу;
images_group_15_1600_823.png,отсшедшихъ,отошедшихъ
images_group_15_1600_831.png,кругѣ.,округѣ.
images_group_15_1600_832.png,читель,житель
images_group_15_1602_960.png,донесе-,донеса
images_group_15_1602_962.png,29.,29
images_group_15_1602_963.png,О производствѣ,Опроизводствѣ
images_group_15_1602_966.png,Казакомъ,казакомъ
images_group_15_1602_982.png,хлѣбѣ,"хлѣбѣ,"
images_group_15_1602_987.png,27 Ан,27 Ян
images_group_15_1602_996.png,О попуж-,О понуж-
images_group_15_1602_1000.png,Скорѣйшему,скорѣйшему
images_group_15_1602_1002.png,ремъ,ромъ
images_group_15_1602_1009.png,Фев-,Фев
images_group_15_1602_1010.png,рама,раля
images_group_15_1602_1011.png,за,зас
images_group_15_1602_1014.png,Темское,Томское
images_group_15_1602_1017.png,бернское,"бернское,"
images_group_15_1602_1027.png,Декас,Декаб
images_group_15_1602_1031.png,"увѣдомимо,","увѣдомило,"
images_group_15_1602_1034.png,понужденій,понужденіи
images_group_15_1602_1035.png,Тоиское,Томское
images_group_15_1602_1041.png,представлены,представлено
images_group_15_1602_1042.png,Гу-,гну
images_group_15_1602_1044.png,о,С
images_group_15_1607_1517.png,No 7.,No7
images_group_15_1607_1519.png,85,80
images_group_15_1607_1533.png,ва,въ
images_group_15_1607_1534.png,умѣ,умѣ.
images_group_15_1607_1535.png,глухонѣмотѣ,глухонемотѣ.
images_group_15_1607_1537.png,наслѣ,наслѣд
images_group_15_1607_1543.png,ихъ.,ихь.
images_group_15_1607_1546.png,имѣ,имъ
images_group_15_1607_1553.png,расточительное,расточительность
images_group_15_1607_1554.png,за,"за,"
images_group_15_1607_1558.png,вности,влости
images_group_15_1607_1592.png,Канскѣ.,Канскѣ
images_group_15_1607_1599.png,Минусинскѣ:,Минусинскѣ
images_group_15_1607_1617.png,непла,непва
images_group_15_1611_2103.png,1869 годъ.,1869 годъ
images_group_15_1611_2119.png,муж,скуд
images_group_15_1611_2124.png,жен.,дин.
images_group_15_1611_2125.png,человѣкъ,человѣ
images_group_15_1611_2126.png,года,года 
images_group_15_1611_2136.png,кой,кѣй
images_group_15_1611_2140.png,Больницъ,Больницъ:
images_group_15_1611_2145.png,/,1
images_group_15_1611_2151.png,23.,23
images_group_15_1611_2232.png,несуществуетъ,несуществуетъ.
images_group_15_1612_2238.png,1869 годъ,1869 годъ.
images_group_15_1612_2307.png,1067,1067.
images_group_15_1612_2336.png,387,387.
images_group_15_1612_2380.png,Итого.,Итого..
images_group_15_1612_2386.png,Примѣчаніе.,Примѣчаніе:
images_group_15_1612_2388.png,Падемъ,Падежъ
images_group_15_1612_2398.png,Реб ій,Pestіs
images_group_15_1612_2399.png,Возит,"Borum,"
images_group_15_1612_2401.png,Исповняющий,Исправляющій
images_group_15_1612_2402.png,довленость,доверенность
images_group_15_1615_2764.png,86,86.
images_group_15_1619_3464.png,54.,54
images_group_15_1619_3494.png,года,годо
images_group_15_1619_3518.png,Этимъ,этимъ
images_group_15_1619_3519.png,участь,участ-
images_group_15_1619_3538.png,92%,92 1/2
images_group_15_1619_3541.png,51 2/7,51 1/2
images_group_15_1619_3545.png,94045.,94045
images_group_15_1619_3555.png,дешевы,дешевке
images_group_15_1619_3558.png,13 3/4,13 3/4.
images_group_15_1619_3560.png,6 3/4,-6 3/4
images_group_15_1619_3581.png,"провіанъ,","провіантъ,"
images_group_15_1619_3588.png,21906,21906-
images_group_15_1619_3595.png,7079.,7079
images_group_15_1619_3612.png,88 1/4,-88 1/4
images_group_15_1619_3627.png,мѣ-,мѣ
images_group_15_1619_3636.png,городамъ:,городамъ.
images_group_15_1619_3648.png,округовъ,округовъ-
images_group_15_1619_3687.png,5837 р. 81 к.,5837 р. 81к.
images_group_15_1619_3717.png,Вѣрно.,Вѣрно:
images_group_15_1619_3720.png,Сворон.,Своровъ
images_group_15_1619_3721.png,исправляющий,исправляющій
images_group_15_1619_3722.png,довысш отъ,доверенность
images_group_15_1619_3723.png,Секретаря,Секретарь
images_group_15_1619_3728.png,исправляющій,Исправляющий
images_group_15_1619_3729.png,довысил отъ,доверенность
images_group_15_1619_3730.png,Секретарн,Секретарь
images_group_15_1640_7728.png,Разность междъ,Разность между
images_group_15_1640_7733.png,ширъ,шихъ
images_group_15_1640_7746.png,муж.,Муж.
images_group_15_1640_7750.png,ковъ,ковъ.
images_group_15_1640_7753.png,1307.,7307.
images_group_15_1640_7759.png,112,112 +
images_group_15_1640_7771.png,1330,+330
images_group_15_1640_7792.png,1-382,+382
images_group_15_1640_7798.png,58,58.
images_group_15_1640_7812.png,1559.,+559.
images_group_15_1640_7816.png,1432,1432.
images_group_15_1640_7832.png,918,918.
images_group_15_1640_7833.png,-444,+444.
images_group_15_1640_7834.png,1511.,+511.
images_group_15_1640_7835.png,566.,566
images_group_15_1640_7838.png,1942,1942.
images_group_15_1640_7851.png,46299,46299.
images_group_15_1640_7856.png,11171.,+1171.
images_group_15_1640_7857.png,1-317,+1337.
images_group_15_1640_7865.png,26,6/90.
images_group_15_1640_7866.png,6/3,6/63
images_group_15_1640_7869.png,4-64,4/61.
images_group_15_1640_7870.png,7 5/7,5/41
images_group_15_1640_7871.png,56.,1/56.
images_group_15_1640_7883.png,губернія 188850.,губерніи 188850.
images_group_15_1640_7884.png,164003.,164003
images_group_15_1640_7889.png,-2427,+2427
images_group_15_1640_7890.png,13267,+3267
images_group_15_1640_7893.png,18275,18275.
images_group_15_1640_7895.png,15694,+ 5694.
images_group_15_1643_8298.png,143,113
images_group_15_1643_8299.png,ствіемъ,ствіемъ.
images_group_15_1643_8300.png,припадкихъ,припадкахъ
images_group_15_1643_8303.png,1,1-
images_group_15_1643_8307.png,завиняемый,Завиняемый
images_group_15_1643_8321.png,виновныя,виновные
images_group_15_1643_8343.png,по,По
images_group_15_1643_8356.png,то,то.
images_group_15_1643_8373.png,По,по
images_group_15_1643_8382.png,59,-59
images_group_15_1643_8384.png,грабежей,грабетий
images_group_15_1643_8399.png,3 завиняемыхъ,завиняемыхъ
images_group_15_1643_8403.png,д завиняемыхъ,завиняемыхъ
images_group_15_1643_8433.png,чествъ,читвъ
images_group_15_1643_8444.png,обвиняемых,обвиняемыхъ
images_group_15_1643_8452.png,Подмоговъ,Поджоговъ
images_group_15_1643_8471.png,1-виновный,1 виновный
images_group_15_1643_8480.png,1 завиняемый,завиняемый
images_group_15_1645_8681.png,-3),-3;
images_group_15_1645_8684.png,"муж.,","Муж:,"
images_group_15_1645_8689.png,1830,1230
images_group_15_1645_8700.png,Этого,этаго
images_group_15_1645_8739.png,перемѣна,Перемѣна
images_group_15_1645_8743.png,мѣчется,мѣста
images_group_15_1645_8746.png,осужденъ,нужденъ.
images_group_15_1645_8750.png,о,О
images_group_15_1645_8751.png,питейномъ,питеиномъ
images_group_15_1645_8795.png,"7,","-7,"
images_group_15_1647_8825.png,Пріемнющихъ,Пріемлющихъ
images_group_15_1647_8828.png,"Мазакановъ,","Маликановъ,"
images_group_15_1647_8830.png,Суббятниковъ,Субботниковъ
images_group_15_1647_8838.png,прихрающихъ,признающихъ
images_group_15_1647_8845.png,Iудействующихъ,Iудействующих
images_group_15_1647_8848.png,скопчествъ,скопчества
images_group_15_1647_8853.png,м,М
images_group_15_1647_8854.png,и,п
images_group_15_1647_8855.png,ж н.,ж. п.
images_group_15_1647_8857.png,ж.п.,ж. п.
images_group_15_1647_8859.png,ж,ж.
images_group_15_1647_8861.png,м.,М
images_group_15_1647_8868.png,ли,М
images_group_15_1647_8870.png,ж р.,ж. п.
images_group_15_1647_8871.png,жѣ,ж. п.
images_group_15_1647_8884.png,178,178.
images_group_15_1647_8889.png,8.,8
images_group_15_1647_8901.png,13,13.
images_group_15_1647_8924.png,/,1
images_group_15_1647_8940.png,8.,8
images_group_15_1647_8951.png,28,28.
images_group_15_1647_8956.png,86,86.
images_group_15_1647_8976.png,краѣ:,краѣ.
images_group_15_1647_8981.png,1376,1376.
images_group_15_1647_8989.png,522,522.
images_group_15_1647_8991.png,168,168.
images_group_15_1647_9006.png,изъ,-изъ
images_group_15_1647_9007.png,сектъ,сектъ:
images_group_15_1647_9009.png,2 м,2 м.
images_group_15_1647_9020.png,довольствомъ,довѣренность
images_group_15_1652_9775.png,гумно,гумна
images_group_15_1652_9782.png,у),у
images_group_15_1652_9789.png,Гражданскій,гражданскій
images_group_15_1652_9793.png,"пристройками,","пристроиками,"
images_group_15_1652_9802.png,д) въ,;д) въ
images_group_15_1652_9803.png,г.,2.
images_group_15_1652_9808.png,е),у
images_group_15_1652_9814.png,пристройками,пристроиками
images_group_15_1652_9819.png,ж.,"ж,)"
images_group_15_1652_9833.png,"домовъ,","6 домовъ,"
images_group_15_1652_9834.png,3 мельни,Змельни
images_group_15_1652_9883.png,У,4)
images_group_15_1652_9903.png,разнаю,разнаго
images_group_15_1652_9904.png,"рода,",рода
images_group_15_1652_9913.png,4.50.,и. 5) О.
images_group_15_1652_9939.png,/3535000,"%35335000,"
images_group_15_1652_9940.png,руб.,руб
images_group_15_1670_13701.png,19407,19407.
images_group_15_1670_13712.png,недоимкѣ.,недоимкѣ
images_group_15_1670_13728.png,о ста,оста
images_group_15_1670_13745.png,/ капиталъ,капиталъ
images_group_15_1670_13746.png,сеи,сей
images_group_15_1670_13751.png,3687,3687.
images_group_15_1670_13765.png,четамъ,счетамъ
images_group_15_1670_13774.png,окружными,Окружными
images_group_15_1670_13776.png,гуммахъ,суммахъ
images_group_15_1670_13809.png,поступило,Поступило
images_group_15_1670_13823.png,потерпѣвшими,потерпѣвшимъ
images_group_15_1670_13842.png,9,9.
images_group_15_1670_13849.png,Января,января
images_group_15_1670_13852.png,оставилось,оставалось
images_group_15_1670_13874.png,Исключено,исключено
images_group_15_1670_13884.png,46,46.
images_group_15_1680_14770.png,285367 р.,"285,367 р."
images_group_15_1680_14785.png,221330 р.,"221,330 р."
images_group_15_1680_14791.png,эпизотіи,эпизоотіи
images_group_15_1680_14798.png,718.734 р.,"718,734 р."
images_group_15_1680_14799.png,"52 3/4 к,",52 3/4 к;
images_group_15_1680_14800.png,не,не-
images_group_15_1680_14804.png,мѣ-,мѣ
images_group_15_1680_14806.png,64.037 р.,"64,037 р."
images_group_15_1680_14808.png,"к.,","К.,"
images_group_15_1680_14809.png,Т.,т.
images_group_15_1680_14810.png,с.,е.
images_group_15_1680_14815.png,необхо-,необхо
images_group_15_1680_14832.png,повинностей.,повинностей
images_group_15_1680_14834.png,недо,недои
images_group_15_1680_14836.png,48з,48 з.
images_group_15_1680_14838.png,"дол.,",дол.;
images_group_15_1680_14840.png,прочилаго,прошлаго
images_group_15_1680_14851.png,10 ф.,10 ср.
images_group_15_1680_14863.png,За,за
images_group_15_1680_14865.png,испрашиваемыя,испрашиваемых
images_group_15_1680_14873.png,497 р.,497 р
images_group_15_1680_14882.png,940064 р.,"940,064 р."
images_group_15_1680_14883.png,64 с.,64 к.
images_group_15_1680_14885.png,должно.,должно
images_group_15_1680_14893.png,107,107.
images_group_15_1680_14901.png,"54,756 р.","547,556р."
images_group_15_1680_14902.png,15к,15 к.
images_group_15_1619_15249.png,2 3/4,3/4
images_group_15_1619_15259.png,-7.,-7
images_group_15_1619_15262.png,90 1/2,-90 1/2
images_group_15_1619_15264.png,86,86.
images_group_15_1619_15268.png,11170,+1170
images_group_15_1619_15270.png,-22 1/2,- 22 1/2
images_group_15_1619_15275.png,59,59.
images_group_15_1640_15547.png,188850.,.188850.
images_group_15_1643_16810.png,1,1.
images_group_13_1410_2.png,21.,21
images_group_13_1410_5.png,Енисенской,Енисейской
images_group_13_1410_13.png,церквеи,церквей
images_group_13_1410_15.png,"количествѣ,",количествѣ;
images_group_13_1410_24.png,Священниковъ-,Священниковъ
images_group_13_1410_26.png,повядины,говядины
images_group_13_1410_31.png,Дьячковъ-,Дьячковъ
images_group_13_1410_99.png,верной,верного
images_group_13_1410_136.png,семенными.,семеиными.
images_group_13_1410_147.png,системахъ;,"системахъ,"
images_group_13_1410_154.png,рабоіе,рабочіе
images_group_13_1410_164.png,И,и.
images_group_13_1410_169.png,для,Для
images_group_13_1410_196.png,пріиготовлялась,приготовлялась
images_group_13_1412_415.png,богатыс,богатые
images_group_13_1412_416.png,пріиски,приіски
images_group_13_1412_443.png,крыти,крытіи
images_group_13_1412_468.png,датковъ,датковъ 
images_group_13_1412_486.png,"золотопромышленники,","золотопромышеленники,"
images_group_13_1412_509.png,предвидѣть.,предвидѣть
images_group_13_1412_510.png,за,да
images_group_13_1412_534.png,промыслахъ.,промыслахъ
images_group_13_1412_549.png,"фуражъ,","фуражь,"
images_group_13_1412_564.png,возложен-,возложен.
images_group_13_1425_2983.png,Нажитье:,Нажиты:
images_group_13_1425_3002.png,1:282,1 :282.
images_group_13_1425_3015.png,преступленияхъ,преступленіяхъ
images_group_13_1425_3043.png,досланныхъ,сосланныхъ
images_group_13_1425_3073.png,6/6,1/6
images_group_13_1425_3081.png,2034,2034.
images_group_13_1425_3094.png,52,52.
images_group_13_1425_3130.png,Губерневки,Губернский
images_group_13_1431_4005.png,63.,63
images_group_13_1431_4013.png,31 1/2 к.,31 1/2 к
images_group_13_1431_4025.png,1,1_
images_group_13_1431_4037.png,24-,24
images_group_13_1431_4040.png,недобритель-,неодобритель-
images_group_13_1431_4048.png,1,1_
images_group_13_1431_4052.png,партій-,партій
images_group_13_1431_4105.png,человѣкъ,человѣкъ.
images_group_13_1431_4156.png,Чиновника,Чиновникъ
images_group_13_1432_4157.png,37,37.
images_group_13_1432_4224.png,вольно,вольно-
images_group_13_1432_4233.png,Енисейской,Енисенской
images_group_13_1432_4239.png,8 ни,8-ми
images_group_13_1432_4255.png,Сельскихъ,сельскихъ
images_group_13_1432_4259.png,лекарь-,лекарь.
images_group_13_1432_4270.png,успѣхомь.,успѣхомъ.
images_group_13_1432_4293.png,денцамъ,денцамъ.
images_group_13_1432_4302.png,Енисейскѣ,Енисейскѣ.
images_group_13_1433_4324.png,67.,67
images_group_13_1433_4326.png,Кровавый,кровавый
images_group_13_1433_4327.png,"поносъ,",Поносъ
images_group_13_1433_4328.png,Длябственія,Dіssentherіa
images_group_13_1433_4331.png,надлежащего,надлежащею
images_group_13_1433_4358.png,болезнію,болезнею
images_group_13_1433_4376.png,того.,того
images_group_13_1433_4377.png,невскры-,невскры
images_group_13_1433_4407.png,человѣкъ,человѣкъ.
images_group_13_1433_4429.png,выздоровало,выздоровѣло
images_group_13_1433_4450.png,незначительны.,незначительны
images_group_13_1433_4473.png,выз,выя
images_group_13_1433_4479.png,доровѣло,доровѣло-
images_group_13_1433_4487.png,болѣзни.,болѣзни
images_group_13_1433_4492.png,лошадяхъ-,лошадяхъ
images_group_13_1433_4496.png,скотѣ,скотѣ-
images_group_13_1433_4502.png,Ребія,Restіs
images_group_13_1433_4504.png,/,:/
images_group_13_1433_4510.png,распространения,распространенія
images_group_13_1433_4514.png,Рекитопіа,Pneumonіa
images_group_13_1433_4526.png,Фачіова: ),Varіola:/
images_group_13_1436_4899.png,72,72.
images_group_13_1436_4903.png,Зданія,зданія
images_group_13_1436_4955.png,"г., г.",г. г.
images_group_13_1436_4960.png,сейскѣ,сейскѣ.
images_group_13_1436_5055.png,чело,чело-
images_group_13_1436_5066.png,Для,для
images_group_13_1436_5073.png,обывателий,обывателей
images_group_13_1436_5093.png,Алек-, . Алек-
images_group_13_1436_5104.png,Чурновнія,Управленія
images_group_13_1440_5736.png,81.,81
images_group_13_1440_5764.png,Щего,Щего-
images_group_13_1440_5816.png,1:23.,1 :23.
images_group_13_1440_5833.png,18- день,18-й день
images_group_13_1440_5854.png,сящіеся,сящиеся
images_group_13_1440_5876.png,для,Для
images_group_13_1440_5877.png,содержа-,содержа
images_group_13_1440_5883.png,"губерній,","губерніи,"
images_group_13_1440_5895.png,Атамано,Атамана
images_group_13_1440_5901.png,М,м. г.
images_group_13_1449_7054.png,части.,"части,"
images_group_13_1449_7055.png,No5,No 5.
images_group_13_1449_7073.png,No 8.,No8.
images_group_13_1449_7074.png,о,О
images_group_13_1449_7082.png,No 9.,No9.
images_group_13_1449_7083.png,о,О
images_group_13_1449_7084.png,заведеніяхъ,заведенияхъ
images_group_13_1449_7096.png,о,О
images_group_13_1452_7536.png,опекъ,опекѣ
images_group_13_1452_7541.png,1851 г.,1850 г.
images_group_13_1452_7544.png,Титуларнаго,Титулярнаго
images_group_13_1452_7568.png,"Губернатьру,","Губернатору,"
images_group_13_1452_7574.png,Иуки,Ицки
images_group_13_1452_7584.png,5 в,5 6
images_group_13_1452_7587.png,Коновалово,Коновалова
images_group_13_1452_7589.png,2,2.
images_group_13_1452_7593.png,Сентябъ,Сентябр
images_group_13_1452_7598.png,7 9,79
images_group_13_1457_8042.png,1864 г.,1864г.
images_group_13_1457_8048.png,Хоярякова,Хохрякова
images_group_13_1457_8054.png,Чиновница,Чиновницы
images_group_13_1457_8063.png,Балова,Бахова
images_group_13_1457_8067.png,іюля,Iюля
images_group_13_1457_8070.png,Всевосхода,Всеволода
images_group_13_1457_8073.png,наслѣдниками,наслѣдниками съ
images_group_13_1457_8084.png,наслѣдниками сл-,наслѣдниками съ
images_group_13_1457_8090.png,Забана,Зыбина.
images_group_13_1457_8093.png,Свидитской,Солдатской
images_group_13_1457_8094.png,мины,жины
images_group_13_1457_8095.png,Зольтаревскй,Золотаревой
images_group_13_1460_8457.png,Казначейся,Казначейе
images_group_13_1460_8462.png,За,за
images_group_13_1460_8463.png,10.,10
images_group_13_1460_8473.png,числян,числящ
images_group_13_1460_8491.png,Го,го
images_group_13_1460_8493.png,Полицейскими,Полицейскими.
images_group_13_1460_8516.png,1868 г.,4868 г.
images_group_13_1460_8519.png,этихъ,Этихъ
images_group_13_1460_8526.png,20,"20,"
images_group_13_1460_8529.png,гос,гае
images_group_13_1460_8530.png,No85303,"NoNo5303,"
images_group_13_1460_8535.png,Уи,Уп
images_group_13_1460_8543.png,No3470,"No3470,"
images_group_13_1460_8546.png,"4150,","4750,"
images_group_13_1460_8551.png,20,"20,"
images_group_13_1460_8558.png,5583,5583.
images_group_13_1460_8563.png,1843 г.,1843
images_group_13_1460_8567.png,Запасно,запасно
images_group_13_1460_8571.png,Енисейскою,Енисейского
images_group_13_1460_8577.png,8.,8.-го
images_group_13_1460_8605.png,ною с,ною
images_group_13_1460_8610.png,пора,пори
images_group_13_1460_8614.png,указѣ,указъ
images_group_13_1460_8629.png,капиталу,"капиталу,"
images_group_13_1460_8636.png,Скорѣйшемъ,скорѣйшемъ
images_group_13_1460_8637.png,дополненіи,дополненіе
images_group_13_1460_8641.png,инородцевъ,инфородцевъ
images_group_13_1460_8642.png,земляя,земля
images_group_13_1471_10449.png,3-е,3-е) с
images_group_13_1471_10458.png,82 1/2,82 1/4
images_group_13_1471_10459.png,10774,"10,774."
images_group_13_1471_10467.png,"25,817 р.",25817 р.
images_group_13_1471_10470.png,50 коп.,50коп.
images_group_13_1471_10486.png,26 1/4к,26 1/4 к.
images_group_13_1471_10494.png,немъ,номъ
images_group_13_1471_10497.png,ро,р.
images_group_13_1471_10524.png,79 1/2к,79 1/2 к
images_group_13_1471_10533.png,"21,126 р.",21.126 р.
images_group_13_1471_10545.png,98 1/4 184493.,98 1/4 184.493.
images_group_13_1471_10559.png,"поступившихъ - 76,67 2",поступившихъ - 5762 р
images_group_13_1471_10565.png,процентовь,процентовъ
images_group_13_1471_10573.png,9 1/2 к.,9 1/2к.
images_group_13_1471_10587.png,убочихъ,убогихъ
images_group_13_1471_10588.png,и 8 р,и 8р
images_group_13_1471_10615.png,93115 р.,"93,115 р."
images_group_13_1471_10626.png,государ,государ-
images_group_13_1471_10627.png,7924 р.,1924 р.
images_group_13_1471_10628.png,3 1/4к.,3 1/4 к.
images_group_13_1471_10637.png,8481.,8481
images_group_13_1471_10642.png,долгу,дому
images_group_13_1471_10647.png,желѣзныхъ,желзныхъ
images_group_13_1471_10649.png,283034.,"283,034."
images_group_13_1471_10651.png,97780.,"97,780."
images_group_13_1471_10653.png,72774.,"72,774."
images_group_13_1471_10655.png,308040.,"308,040."
images_group_13_1471_10661.png,остаст-,остает-
images_group_13_1483_12613.png,деревянная -,деревянная-
images_group_13_1483_12621.png,дерев-,дерев.-
images_group_13_1483_12630.png,дерев-,дерев.
images_group_13_1483_12634.png,каменная-,каменная.
images_group_13_1483_12639.png,деревянныхъ,Деревянныхъ
images_group_13_1483_12651.png,деревянныхъ,Деревянныхъ
images_group_13_1483_12655.png,Каменныхъ,Каменныхъ.
images_group_13_1483_12657.png,Всего..,Всего.
images_group_13_1483_12659.png,Итого,Итого-
images_group_13_1483_12665.png,417,417.
images_group_13_1483_12681.png,пра,Пра
images_group_13_1483_12682.png,камен,камен.
images_group_13_1483_12685.png,каменная-1,каменная - 1
images_group_13_1483_12714.png,деревянныхъ-,деревянныхъ
images_group_13_1483_12715.png,Домовъ обществ.,Домовъобществ.
images_group_13_1483_12739.png,(Кожевенный,(Кожевенный-
images_group_13_1483_12745.png,Мыловарен,Мыловарен.
images_group_13_1483_12760.png,Провіантскій,Провіантскіи
images_group_13_1483_12761.png,Провіантскій,(Провіантскій-
images_group_13_1483_12764.png,Соляной,Солянои.
images_group_13_1483_12767.png,Солянои,Солянои.
images_group_13_1483_12771.png,2,2.
images_group_13_1483_12775.png,Винныхъ-,Винныхъ
images_group_13_1483_12784.png,дерев-,дерев.-
images_group_13_1483_12789.png,дерев-,дерев.-
images_group_13_1483_12790.png,1.,1
images_group_13_1485_12986.png,воискъ,войскъ
images_group_13_1485_12998.png,"211,039111","211,039,111"
images_group_13_1485_13009.png,"214825,235","214,825,235"
images_group_13_1485_13014.png,Енисейскаго,Енисенскаго
images_group_13_1485_13017.png,Полка-,полка-
images_group_13_1485_13027.png,Соядатскихъ,Солдатскихъ
images_group_13_1485_13032.png,Безсрочно-,Безсрочно
images_group_13_1485_13036.png,церквей,церквеи
images_group_13_1485_13060.png,6,6-
images_group_13_1485_13071.png,исповѣданій,исповѣданій:
images_group_13_1485_13075.png,содержаніи,содержаніи-
images_group_13_1485_13079.png,человѣкъ.,человѣкъ
images_group_13_1485_13086.png,каменная.,каменныг.
images_group_13_1485_13091.png,4-,4_
images_group_13_1485_13092.png,идолопоклонническихъ,Идолопоклонническихъ
images_group_13_1485_13103.png,"строениями,","строеніями,"
images_group_13_1485_13128.png,доходы.,"доходы,"
images_group_13_1485_13154.png,29766,"29,766"
images_group_13_1485_13177.png,неудобной,неудобной-
images_group_13_1485_13178.png,419435,"419,435"
images_group_13_15_15948.png,тревуютъ,требуютъ
images_group_13_15_15950.png,увеличиваться,увеличиваться.
images_group_13_15_15955.png,и заю-,и заво-
images_group_13_15_15961.png,Енисйской,Енисейской
images_group_13_15_15964.png,По,Къ
images_group_13_15_15965.png,шелу,числу
images_group_13_15_15967.png,рода,роди
images_group_13_15_15969.png,"буетъ,","вустъ,"
images_group_13_15_15971.png,домчена,должена
images_group_13_15_15974.png,довыча,добыча
images_group_13_15_15983.png,прискахъ.,пріискахъ.
images_group_13_15_15998.png,зало,золо
images_group_13_15_16001.png,промышлахъ.,промыслахъ.
images_group_13_15_16005.png,пуб.,пуд.
images_group_13_15_16007.png,54 зол,54 зол.
images_group_13_15_16009.png,58 долг.,58 дня.
images_group_13_15_16014.png,намыто,нашито
images_group_13_15_16017.png,б пуд.,5 пуд.
images_group_13_15_16018.png,34 ф.,34ф.
images_group_13_15_16019.png,85 зд.,85 зол.
images_group_13_15_16021.png,дой.,дол.
images_group_13_15_16023.png,38 3/4 к.,38 3/4 м.
images_group_13_15_16024.png,заоста,золота
images_group_13_15_16030.png,бомъ.,былъ.
images_group_13_15_16034.png,"четырехъ,",четырехъ
images_group_13_15_16036.png,"1863 г.,","1863г.,"
images_group_13_15_16039.png,мелѣзныхъ,желѣзныхъ
images_group_13_15_16041.png,заводъ,заводахъ.
images_group_13_15_16042.png,"вочкахъ,","бочкахъ,"
images_group_13_15_16044.png,"боронахъ,","воронахъ,"
images_group_13_15_16047.png,изо,изо-
images_group_13_1432_16160.png,7,7.
images_group_13_1433_16161.png,р. Гурьно;,Typhus
images_group_13_15_16742.png,селѣ,силѣ
images_group_13_15_16751.png,рубы,руды
images_group_13_15_16759.png,и заводовъ,и заводовъ.
images_group_13_15_16769.png,горун.,2 оруж.
images_group_13_15_16771.png,"49,97","49,977"
images_group_13_15_16776.png,жилѣза,желѣза
images_group_13_15_16790.png,срабитахъ,фабрикахъ
images_group_13_15_16791.png,вырадо-,вырабо-
images_group_13_15_16794.png,"507,84","507,784"
images_group_13_15_16797.png,1362,1862.
images_group_13_15_16806.png,"411,847 р.","411,347 р."
images_group_13_15_16807.png,38 3/4к,38 3/4 к.
images_group_13_15_16823.png,77 р.,77 1/2
images_group_13_1452_17109.png,"30,",30.?
images_group_13_1457_17124.png,Алексѣйя,Алексѣя
images_group_13_1460_17165.png,предписаніями,предпісаніями
images_group_13_1460_17167.png,1868г.,1868 г
images_group_13_1460_17170.png,гол,20й
images_group_13_1460_17173.png,Оскорѣйшемъ,О скорѣйшемъ
images_group_13_1460_17180.png,га,за
images_group_13_1460_17181.png,инфорческихъ,инородческихъ
images_group_13_1485_17260.png,303301,"303,301"
images_group_13_1485_17261.png,необработанной,необработанной-
images_group_13_1410_17306.png,розды,ѣзды
images_group_13_1440_17676.png,-какъ,какъ
images_group_13_1431_17863.png,16,16_
images_group_13_1433_17868.png,132.,_132.
images_group_13_1436_17879.png,7260,1260
images_group_13_1452_17916.png,недостижениемъ,недостиженіемъ
images_group_13_1471_18109.png,"а.,",а.)
images_group_13_1471_18112.png,2850 р.,2850р.
images_group_13_1483_18186.png,1.,1
images_group_13_15_18340.png,"Э11,","ж,"
images_group_13_15_18341.png,Заводы,Заводы.
images_group_36_5796_2934.png,2.ч.,227
images_group_36_5796_2961.png,дал,1906
images_group_36_5796_2965.png,Юб.,202
images_group_36_5796_2967.png,Ж,No
images_group_36_5796_2973.png,Поэти,No 25 опись
images_group_36_5796_2975.png,-8,8
images_group_36_5796_2979.png,туть-же,тутъ-же
images_group_36_5796_2980.png,"""",11
images_group_36_5796_2981.png,статиезмечению,статистическихъ
images_group_36_5796_2982.png,таблицы,таблицъ
images_group_36_5796_2983.png,отпер,отчет
images_group_36_5796_2988.png,(Котча),(Копія)
images_group_36_5796_2990.png,786виста,7 Августа
images_group_36_5796_2991.png,1902г.,"1902 г,"
images_group_36_5796_2992.png,1904г.,1904 г.
images_group_36_5797_3012.png,1/2,1а
images_group_36_5797_3014.png,12.,Къ
images_group_36_5797_3035.png,Ую,Iю
images_group_36_5797_3040.png,No 6289,No6289.
images_group_36_5797_3062.png,1.,г.
images_group_36_5797_3064.png,Потравляющій,Исправляющій
images_group_36_5797_3066.png,горунаторъ,губернаторъ
images_group_36_5797_3067.png,Лиф-,ваш-
images_group_36_5797_3068.png,прорикторъ,губернатор
images_group_36_5797_3080.png,этопопроизводитель,Дѣлопроизводитель
images_group_36_5808_6443.png,Подмный,Подлиный
images_group_36_5857_21722.png,83,33.
images_group_36_5796_25541.png,Всеподданый,Всеподданнѣйшій
images_group_36_5845_26008.png,37,27
images_group_39_6290_574.png,1992,1892
images_group_39_632_10828.png,32-го,32 го
images_group_39_632_10834.png,Троимъ,Троиц-
images_group_39_632_10836.png,робота,работа-
images_group_39_632_10840.png,въ с.,въ С.
images_group_39_632_10847.png,Мошлевскаго,Могилевскаго
images_group_39_632_10854.png,Устьян-,Устьян
images_group_39_632_10883.png,дер,дер.
images_group_39_632_10890.png,28го,28-го
images_group_39_632_10891.png,Полацкаго,Полоцкаго
images_group_39_632_10899.png,Верх,Верх-
images_group_39_632_10901.png,"Уваръ,",Уваръ
images_group_39_632_10910.png,Селенчинскаго.,Селенгинскаго.
images_group_39_632_10915.png,Илан,Илан-
images_group_39_632_10930.png,Курышинской,"Курышинской,"
images_group_39_634_11275.png,Финляндскаго,Финляндскаго:
images_group_39_634_11281.png,Арсаній,Арсеній
images_group_39_634_11283.png,въ С.,въ с.
images_group_39_634_11284.png,План-,Илан-
images_group_39_634_11293.png,Бурмакинъ,Бурмакинъ.
images_group_39_634_11298.png,Кавардинскаго,Кабардинскаго
images_group_39_634_11301.png,Батареи,батареи
images_group_39_634_11314.png,Бригады:,Бригады.
images_group_39_634_11323.png,Анцыр,Анцыр-
images_group_39_634_11328.png,Старо,Старо-
images_group_39_634_11334.png,Торентьевъ,Терентьевъ
images_group_39_634_11339.png,Гавріи,Гвардіи
images_group_39_634_11343.png,полковъ.,полковъ:
images_group_39_634_11352.png,Хлѣбопашествомъ.,Хлѣбопашествомъ
images_group_39_634_11362.png,дере,дер.
images_group_39_634_11367.png,Тасѣевскимъ,Тасѣевскомъ
images_group_39_634_11369.png,Очурчиковой,Огурчиковой
images_group_39_635_11374.png,No36,136
images_group_39_635_11445.png,Присъ,Прыт-
images_group_39_635_11484.png,460,460.
images_group_39_635_11489.png,На-,На
images_group_39_635_11512.png,Сергѣевй,Сергѣевъ
images_group_39_635_11524.png,No No-го,No 1-го
images_group_39_635_11525.png,унтеръ,Унтеръ
images_group_39_635_11546.png,Бари-,Бири-
images_group_39_6448_14001.png,городовъ,городовыхъ
images_group_39_6448_14014.png,двухъ,двумъ
images_group_39_6448_14021.png,глады,завода
images_group_39_6448_14022.png,Гут,97
images_group_39_6448_14024.png,Губерніи,Губернских
images_group_39_6448_14028.png,о,и
images_group_39_6448_14029.png,Губерніи.,Губерніи
images_group_39_6448_14033.png,3-.,за-
images_group_39_6448_14037.png,(042),(149)
images_group_39_6448_14042.png,Губерніи,Губерна-
images_group_39_6448_14059.png,губерніи,Губерніи
images_group_39_6448_14061.png,тов-бы,тововыхъ
images_group_39_6448_14072.png,бытаіой,бытлевой
images_group_39_6448_14075.png,Соловькой,Енисейской
images_group_39_6448_14076.png,2 уб.ра,Губерні
images_group_39_6448_14082.png,заводятся,заводовыми
images_group_39_6455_14539.png,Губернскахъ,Губернскаго
images_group_39_6455_14540.png,Упражненія.,Управленія
images_group_39_6455_14541.png,19-й,19 ч
images_group_39_6455_14544.png,Отдаленіи,Отделеніе/
images_group_39_6455_14546.png,Внертію,Внутрен
images_group_39_6455_14550.png,1554,1854
images_group_39_6455_14552.png,Дѣлъ,дѣлъ
images_group_39_6455_14559.png,красноярского,Красноярскъ
images_group_39_6455_14563.png,за,За
images_group_39_6455_14567.png,приложеніями,"приложеніями,"
images_group_39_6455_14571.png,при имъ,при симъ
images_group_39_6455_14574.png,"Комитетовъ,",Комитетовъ
images_group_39_6455_14581.png,житольномъ,Начальникъ
images_group_39_6461_15035.png,"31,099г","31,099,"
images_group_39_6461_15036.png,более,болѣе
images_group_39_6461_15041.png,Умельшеніе,Уменьшеніе
images_group_39_6461_15042.png,довычи,добычи
images_group_39_6461_15048.png,Золотъ,золото
images_group_39_6461_15050.png,песковъ,песковъ.
images_group_39_6461_15054.png,золотопроизводства,золотопроизводство
images_group_39_6461_15055.png,прилагаются,прилагаютс
images_group_39_6461_15058.png,подъ-,подъ
images_group_39_6461_15063.png,30,30.
images_group_39_6461_15065.png,32.,"32,"
images_group_39_6461_15068.png,"з.,","з,"
images_group_39_6461_15083.png,"Губею,",Губер
images_group_39_6461_15084.png,но ніи,ніи
images_group_39_6461_15086.png,въ города,въ городѣ
images_group_39_6461_15087.png,Еги,Ени
images_group_39_6461_15090.png,"Енисѣ,","Енисеѣ,"
images_group_39_6466_15270.png,79,10
images_group_39_6466_15284.png,Минусинскій округъ.,Минусинскій округъ
images_group_39_6466_15285.png,Затятія,Занятія
images_group_39_6466_15289.png,и работа промыслѣ,и рыбномъ промыслѣ;
images_group_39_6466_15292.png,един.,един-
images_group_39_6466_15301.png,не сужда и эле,не чужда и хлѣ-
images_group_39_6466_15303.png,осѣдлы жа,осѣдлые же
images_group_39_6467_15306.png,гонородцевъ,инородцевъ
images_group_39_6467_15312.png,полой,пола
images_group_39_6467_15315.png,и долопоклонники,идолопоклонники
images_group_39_6467_15322.png,шимановъ,шамановъ.
images_group_39_6467_15324.png,не имѣютъ,неимѣютъ.
images_group_39_6467_15325.png,я,л)
images_group_39_6467_15326.png,Сельское,сельское
images_group_39_6467_15328.png,составляетъ,составляетъ.
images_group_39_6467_15330.png,здѣев,здѣсь
images_group_39_6467_15333.png,сель.,сель
images_group_39_6467_15346.png,до 61 г,до 61 к.
images_group_39_6468_15355.png,долгы же,далѣе же
images_group_39_6468_15359.png,"клемата, прекращается","климата, прекращается."
images_group_39_6468_15362.png,бреля,время
images_group_39_6468_15367.png,имени,именно
images_group_39_6468_15369.png,города,города.
images_group_39_6468_15370.png,Верхне,Верхне-
images_group_39_6468_15372.png,опиты,опыты
images_group_39_6468_15374.png,хоти,хотя
images_group_39_6468_15376.png,но.,"но,"
images_group_39_6468_15377.png,Турухъно,Турухан
images_group_39_6468_15381.png,видѣо.,видѣ.
images_group_39_6468_15382.png,Писивъ,Посевъ
images_group_39_6468_15387.png,въ минуъ,въ минув
images_group_39_6468_15393.png,меніе,менѣе
images_group_39_6478_16026.png,челючая,исключая
images_group_39_6478_16028.png,"полата,","Полата,"
images_group_39_6478_16045.png,нѣтъ;,"нѣтъ,"
images_group_39_6478_16064.png,почтовал,почтовыя
images_group_39_6484_16509.png,частною,частного
images_group_39_6484_16514.png,Австрійский,Австрійскій
images_group_39_6484_16517.png,приняру,присягу
images_group_39_6484_16519.png,"к, Прошешства","к, Происшествія"
images_group_39_6484_16522.png,я. Жаловы,л) Жалобы
images_group_39_6484_16524.png,Польменныхъ,Письменныхъ
images_group_39_6484_16525.png,посту,посту-
images_group_39_6484_16532.png,сведенія по 30,свѣдѣнія по... 30
images_group_39_6290_16740.png,Копія,Копія.
images_group_39_632_17046.png,388,133
images_group_39_632_17047.png,об,об.
images_group_39_632_17064.png,наймоу.,найму.
images_group_39_634_17082.png,Пермяковъ..,Пермяковъ.
images_group_39_634_17091.png,Либъ Гвардіи 2-й,Леибъ-Гвардіи 2:
images_group_39_6455_18667.png,года,года.
images_group_39_6455_18671.png,обдѣнній,отделеній
images_group_39_6455_18673.png,No223,No293
images_group_39_6461_18774.png,с.,и
images_group_39_6466_18848.png,поихъ,коихъ
images_group_39_6466_18850.png,проиму-,преиму-
images_group_39_6466_18852.png,звериномъ,звѣриномъ
images_group_39_6466_18856.png,главнѣй,главный.
images_group_39_6466_18857.png,ил,ше
images_group_39_6467_18861.png,ио,но
images_group_39_6467_18862.png,или,если
images_group_39_6467_18868.png,впрочесповѣданія,вѣроисповѣданія
images_group_39_6468_18871.png,отчеты,опыты
images_group_39_6468_18873.png,вниму помянутой,вышеупомянутой
images_group_39_6468_18874.png,чурта,черта
images_group_39_6468_18882.png,ныхъ,нынѣ
images_group_39_6478_19035.png,нам,наем
images_group_39_6478_19036.png,суммы исправи-,суммы исправле-
images_group_39_6478_19042.png,во,во-
images_group_39_6484_19135.png,происшествій,происшествий
images_group_39_6484_19136.png,означенъ,означено
images_group_39_6484_19138.png,жаловъ,жалобъ
images_group_39_6484_19141.png,изъ инострѣе.,изъ иностран-
images_group_30_4728_766.png,24.,311.
images_group_30_4752_7515.png,1,1.
images_group_30_4752_7533.png,11 то,11-ть
images_group_30_4752_7539.png,за,"за,"
images_group_30_4752_7540.png,1900,1900-й
images_group_30_4752_7543.png,иленъ,Илецъ
images_group_30_4752_7544.png,"И. А,",И.д.
images_group_30_4754_7566.png,уѣздным,уѣздный
images_group_30_4754_7573.png,уѣздный,Уѣдный
images_group_30_4754_7577.png,уѣздный,Уѣдный
images_group_30_4754_7847.png,5735,5135
images_group_30_4754_7854.png,22477,22147
images_group_30_4755_7956.png,Уѣздъ,уѣздъ
images_group_30_4755_8107.png,571,511
images_group_30_4755_8137.png,63513,63573
images_group_30_4755_8141.png,62220,6220
images_group_30_4755_8145.png,96543 89118,96573 89118
images_group_30_4755_8149.png,5712,5112
images_group_30_4761_9203.png,67.,67
images_group_30_4761_9213.png,городахъ,городахь
images_group_30_4763_9467.png,въ уюзахъ.,"въ уѣздахъ,"
images_group_30_4772_11933.png,до,90
images_group_30_4772_11936.png,51.,57.
images_group_30_4772_12079.png,1091,1001
images_group_30_4772_12224.png,в,6
images_group_30_4772_12841.png,4.,4
images_group_30_4772_12887.png,6,в
images_group_30_4772_12906.png,1.,1
images_group_30_480_18912.png,копія,Копія
images_group_30_480_18960.png,377,377.
images_group_30_480_19041.png,въ,Въ
images_group_30_480_19042.png,Турунанскомъ,Туруханскомъ
images_group_30_480_19059.png,227,227.
images_group_30_480_19066.png,Примѣчаніе:,Примѣчаніе
images_group_30_480_19068.png,Кромѣ,кромѣ
images_group_30_480_19079.png,1 му,1 му-
images_group_30_480_19083.png,Григоріан.,Григоріан-
images_group_30_481_19106.png,Самоѣдовъ,самоѣдовъ
images_group_30_481_19111.png,"и 3,","и 3.,"
images_group_30_481_19113.png,христіанскихъ,Христіанскихъ
images_group_30_481_19133.png,Свидѣтельствую Гражданскій,СвидѣтельствуюГражданскій
images_group_30_485_19510.png,171,171.
images_group_30_485_19528.png,привленіе,правленіе
images_group_30_485_19529.png,послѣденій,помѣщеній
images_group_30_485_19535.png,слой,ской
images_group_30_485_19548.png,13,В
images_group_30_485_19551.png,представлено,представлена
images_group_30_485_19553.png,преоставленіи,представленіи
images_group_30_485_19555.png,изъ,губ
images_group_30_485_19557.png,управленіо,Управленія
images_group_30_485_19566.png,за,за No
images_group_30_485_19573.png,Оченъ,"Очетъ,"
images_group_30_485_19575.png,основанія,основаній
images_group_30_485_19577.png,Р.,Г.
images_group_30_485_19585.png,іюля,Iюля
images_group_30_485_19588.png,морзо,Марта
images_group_30_485_19590.png,Канделярія,Канцелярія
images_group_30_485_19593.png,No 629.,No629.
images_group_30_485_19594.png,иаго,наго
images_group_30_485_19595.png,управленія,Управленія
images_group_30_485_19598.png,объ,Объ
images_group_30_485_19600.png,быста,быта
images_group_30_485_19602.png,Депортамента,Департаменту
images_group_30_485_19604.png,духовества,духовенства
images_group_30_485_19611.png,Въ,Къ
images_group_30_485_19612.png,тельниками,тельнейше
images_group_30_485_19613.png,сообщить,сообщить.
images_group_30_485_19614.png,Поднимать,Подписанъ
images_group_30_485_19615.png,предсѣдательствующий,Предсѣдательствующій
images_group_30_485_19621.png,Темучаъ,Генералъ
images_group_30_485_19622.png,Лейтелантъ,Лейтенантъ
images_group_30_485_19635.png,вѣдѣтіемъ,Отдѣленіемъ
images_group_30_485_19644.png,полнительных,полнительныя
images_group_30_485_19645.png,свѣдния.,свѣдѣнія.
images_group_30_485_19651.png,звух,двухъ
images_group_30_485_19655.png,тракѣ,трактъ
images_group_30_485_19656.png,эт,от
images_group_30_485_19660.png,представле,Представле
images_group_30_487_19737.png,Впутренихъ,Внутреннихъ
images_group_30_487_19740.png,наября,октябр
images_group_30_487_19751.png,проту,прошу
images_group_30_487_19763.png,означенныя,означенных
images_group_30_487_19766.png,Мая и,Мая 18
images_group_30_487_19775.png,No153,No153.
images_group_30_487_19779.png,"на 8,",на бу
images_group_30_487_19791.png,5.,Г.
images_group_30_487_19795.png,семъ,семь
images_group_30_487_19801.png,Учить,Упр По
images_group_30_487_19803.png,1го,1-го
images_group_30_487_19804.png,оположеніи,о положеніи
images_group_30_487_19808.png,всліе,вленіе
images_group_30_487_19809.png,спискамъ со,списками со
images_group_30_487_19810.png,всехъ,всепод
images_group_30_487_19811.png,лавнаго,главнаго
images_group_30_487_19812.png,управленія,Управленія
images_group_30_487_19817.png,доминѣйшихъ,даннѣйшихъ
images_group_30_487_19819.png,отдѣленіе,отдѣленія
images_group_30_487_19827.png,12,1-й
images_group_30_487_19832.png,четовъ,четовъ.
images_group_30_487_19840.png,Превосходи.,Превосходи-
images_group_30_487_19848.png,управляющій,Управляющій
images_group_30_487_19856.png,15.,В.
images_group_30_487_19871.png,( какъ,(какъ
images_group_30_487_19876.png,форма:,форма:)
images_group_30_49_20221.png,двѣ аго,Изъ сего
images_group_30_49_20225.png,"1883 году,","1863 году,"
images_group_30_49_20226.png,дѣй производство,дѣлопроизводство
images_group_30_49_20228.png,въ 1862г.,въ 1862 г.
images_group_30_49_20232.png,весьмъ,весьма
images_group_30_49_20233.png,"успѣйно,","успѣшно,"
images_group_30_49_20235.png,отнести,отнѣсти
images_group_30_49_20236.png,слѣду,слѣду-
images_group_30_49_20237.png,стъ,етъ
images_group_30_49_20249.png,Обоумушеніи,Объ улучшеніи
images_group_30_49_20251.png,валаснихъ церкей.,вославныхъ церквей:
images_group_30_49_20252.png,Соверхнаіне,Содержаніе
images_group_30_49_20255.png,удовлетворительному,удовлетворительномъ
images_group_30_49_20256.png,состояніи.,состояніи
images_group_30_49_20257.png,ховства,ховенства
images_group_30_49_20260.png,ги,гу-
images_group_30_49_20263.png,производимымъ,производи
images_group_30_49_20264.png,оному,онаму
images_group_30_49_20267.png,маловань,жаловань-
images_group_30_49_20274.png,повсемъ,по всѣмъ
images_group_30_49_20279.png,Палатъ дѣ,Палатъ дѣ-
images_group_30_49_20286.png,Церконо-,Церковно
images_group_30_49_20289.png,исканченіемъ,исключеніемъ
images_group_30_49_20301.png,устроены,устроеные
images_group_30_49_20302.png,дома.,дѣла.
images_group_30_49_20304.png,предсѣдательствомъ,предсѣдательствамъ
images_group_30_49_20306.png,"Архиерея,","Архіерея,"
images_group_30_49_20310.png,395.,895.
images_group_30_490_20337.png,1-гильдіи,1-й гильдіи
images_group_30_490_20339.png,по заимствованныхъ,позаимствованныхъ
images_group_30_490_20352.png,по 87 р,по 87р
images_group_30_490_20369.png,"по 51р,","по 51 р,"
images_group_30_490_20382.png,"коммисіи,","Коммисіи,"
images_group_30_490_20390.png,дѣламъ,дѣламь
images_group_30_490_20417.png,городъ,городѣ
images_group_30_490_20447.png,по 3р,по 3 р
images_group_30_490_20454.png,по р.,по 6 р.
images_group_30_490_20457.png,.4255 р. 9.,.4255 р.д.
images_group_30_490_20481.png,1-по,1 по
images_group_30_490_20483.png,2-,2
images_group_30_490_20485.png,3-по 24 к.,3- по 24 к.
images_group_30_490_20494.png,"ши,",ши
images_group_30_4935_22503.png,и,аб
images_group_30_4935_22504.png,улучшений,улучшенію
images_group_30_4935_22505.png,94,24.
images_group_30_4935_22506.png,Мая д5,Мая 95
images_group_30_4935_22509.png,рѣкт,рѣкѣ
images_group_30_4935_22510.png,Ангосѣрѣ,Ангарѣ
images_group_30_4935_22511.png,имменеру,инженеру
images_group_30_4935_22512.png,чернодову.,Чернецову.
images_group_30_4935_22514.png,Имею,Имѣю
images_group_30_4935_22518.png,М.г.,М.
images_group_30_4935_22520.png,свобщить,сообщить
images_group_30_4935_22521.png,шнь,мнѣ
images_group_30_4935_22522.png,Имѣющиеся,имеющиеся
images_group_30_4935_22523.png,7,у
images_group_30_4935_22524.png,Пла,Ва съ
images_group_30_4935_22526.png,о,О
images_group_30_4935_22528.png,работа,работъ
images_group_30_4935_22530.png,1814 года,1844 годъ
images_group_30_4935_22535.png,рѣкт,рѣкѣ
images_group_30_4935_22536.png,"Ангорѣ,","Ангарѣ,"
images_group_30_4935_22541.png,джныхъ,данныхъ
images_group_30_4935_22543.png,в сень,всей
images_group_30_4935_22544.png,дозел-,здан -
images_group_30_4935_22549.png,нае,нее
images_group_30_4935_22553.png,18,138
images_group_30_4935_22555.png,Теляковск,Теляковскій
images_group_30_4935_22559.png,Вѣрно,Вѣрно:
images_group_30_4936_22563.png,4,1/1
images_group_30_4936_22564.png,Ленералъ,Генералъ-
images_group_30_4936_22565.png,Доказану,Господину
images_group_30_4936_22568.png,30 Мая 95 г.,30 Мая 95 г
images_group_30_4936_22569.png,No431,No4137No4137No4137
images_group_30_4936_22570.png,Иштъ,Имѣю
images_group_30_4936_22576.png,благоусмонужные,благоусмотреніе
images_group_30_4936_22577.png,Вашей,Вашего
images_group_30_4936_22578.png,Высоко,Высоко-
images_group_30_4936_22581.png,всподденнйшаго,всеподданнейшего
images_group_30_4936_22585.png,Енисенской,Енисейской
images_group_30_4936_22587.png,"за 1894 г.,",за 1894 г.
images_group_30_4936_22592.png,сообще-,сообще
images_group_30_4936_22594.png,мнѣ,"мнѣ,"
images_group_30_4936_22607.png,"Дѣлъ,","Дѣль,"
images_group_30_4752_23158.png,10,IV
images_group_30_4752_23160.png,же н.,252/616
images_group_30_4752_23162.png,Фанисеорію,Канцелярію
images_group_30_4755_23311.png,Уѣ дный,Уѣдный
images_group_30_487_23374.png,No,45
images_group_30_487_23377.png,173.,173
images_group_30_49_23379.png,74.,14.
images_group_30_49_23382.png,въ г,въ г.
images_group_30_49_23383.png,ярскѣ,ярекѣ
images_group_30_49_23385.png,ванныхъ,военныхъ
images_group_30_49_23386.png,кинто-,канто-
images_group_30_49_23388.png,приображенныхъ,преобрѣтенныхъ
images_group_30_49_23391.png,Остаба,Остава
images_group_30_49_23393.png,ко,къ
images_group_30_49_23398.png,1444,1444.
images_group_30_49_23402.png,попроизводство,иопроизводство
images_group_30_49_23407.png,Канной,Конной
images_group_30_49_23408.png,Палитѣ,Палатѣ
images_group_30_49_23409.png,Губернскому,Губернскаму
images_group_30_49_23411.png,33,Въ
images_group_30_49_23412.png,4863,1863
images_group_30_49_23413.png,году,году.
images_group_30_49_23418.png,ко,Къ
images_group_30_49_23419.png,1862,1864
images_group_30_49_23424.png,листь,шить.
images_group_30_49_23425.png,лось.,нось.
images_group_30_49_23439.png,348910.,"348,970."
images_group_30_49_23442.png,порадкѣ,порядкѣ
images_group_30_49_23452.png,подозможности,повозможности
images_group_30_4936_23492.png,19 ягря 1819,19 января 1893
images_group_30_485_23586.png,Столопачальникъ,Столоначальнікъ
images_group_1_1017_7867.png,4.,41.
images_group_1_104_12483.png,Барабанщикъ.,Барабанщикъ:
images_group_1_104_12485.png,Ни,Жи
images_group_1_104_12486.png,Домошаниями,Домашними
images_group_1_104_12490.png,Вахрушев,Вахругинъ
images_group_1_104_12495.png,No4.,No4
images_group_1_104_12497.png,Ивановъ.,Ивановъ
images_group_1_104_12498.png,Рядовой.,No4 Рядовой.
images_group_1_104_12504.png,Иновой.,Иковой.
images_group_1_104_12508.png,Мелентъ,Миленть
images_group_1_104_12512.png,Бѣлянинъ.,Бѣлянинъ
images_group_1_104_12516.png,Прокопь,Прокопъ
images_group_1_104_12517.png,Пшевывоводствомъ,Письмоводствомъ
images_group_1_104_12518.png,Письмоводет,Письмоводст
images_group_1_104_12519.png,Нистеровъ,Нестеровъ
images_group_1_104_12521.png,офицеры,офицеръ
images_group_1_104_12522.png,по найму,по найму.
images_group_1_104_12528.png,ми,Ми
images_group_1_104_12531.png,Гавриловъ.,Гавріиловъ
images_group_1_104_12534.png,Домашніемъ,Домашними
images_group_1_104_12539.png,Уюзе,Юзе
images_group_1_104_12544.png,Крижинскій,Кричинскій
images_group_1_104_12552.png,офицеръ,офицеръ.
images_group_1_104_12555.png,Портнымъ ми-,Портнымъ ма-
images_group_1_104_12561.png,оредо,Федо
images_group_1_104_12568.png,Саталіоновъ,Баталіоновъ
images_group_1_1052_13928.png,И.,и
images_group_1_1052_13947.png,оть,отъ
images_group_1_1052_13958.png,"училищъ,","училищь,"
images_group_1_1052_13964.png,"семейныхъ,","семеиныхъ,"
images_group_1_1052_13969.png,Ухашия,Учащих
images_group_1_1052_13974.png,въ,во
images_group_1_1052_13989.png,предмест,предшест
images_group_1_1052_13992.png,И,и
images_group_1_1052_13996.png,125,125-ю.
images_group_1_1052_14003.png,адмистратие,адмистратив
images_group_1_1052_14034.png,полицейс-,полицеис-
images_group_1_1052_14035.png,управленіяхъ,Управленія
images_group_1_1052_14041.png,разнообраз,разнообраз.
images_group_1_1054_14174.png,6.,10.
images_group_1_1054_14175.png,Копія,Копія.
images_group_1_1054_14188.png,была,были
images_group_1_1054_14202.png,доворность,довѣрность
images_group_1_1054_14205.png,Губернского,Губернском
images_group_1_1054_14207.png,Статскіе,Статскій
images_group_1_1055_14495.png,59 2435,592435
images_group_1_1055_14539.png,49 8824,498827
images_group_1_1055_14560.png,1953981,1953381
images_group_1_104_28452.png,в.,8.
images_group_1_104_28453.png,9,9.
images_group_1_104_28456.png,No 3-ю,No3-го
