image,incorrect,correct
test1004.png,назначения,назначение
test1014.png,30.08.2004,30. 08. 2004
test1015.png,дов обратную,дав обратную
test1020.png,1 классу,1 класса
test1025.png,выдом обр,выдан ОВД
test1028.png,Ания Сергеевич,Анна Сергеевна
test1029.png,7.10.2017г.,7.10.2017 г.
test103.png,куольник,угольник
test1032.png,. Сомкт- нетербузы,г. Санкт-петербург
test1033.png,Иванов гевол,Иванов Иван
test1036.png,12.10.2005,17.10.2005
test1037.png,распорт серея,паспорт серия
test1039.png,18.03.2007г.,18.03.2007 г
test1041.png,деньи,деньги
test1044.png,"полнот серия,",паспорт серия
test1045.png,зареметривован,зарегистрирован
test1046.png,"г, Севоевак,",г. Севаевск
test1047.png,дележную сумму,денежную сумму
test1048.png,ул левина,ул. Ленина
test1049.png,"вышеуказаньную,",вышеуказанную
test1051.png,Иванов М.И.,Иванов И.И.
test1053.png,14 лег,14мг
test1054.png,Плоскотожи,Плоскостопие
test1058.png,в размере 534 000,в размере 334 000
test1059.png,Васин,Вагин
test1060.png,ОВД Южного,ОВД Юшного
test1061.png,25.06.2005,25.06.2005.
test1063.png,Логикин Юрий,Ложкин Юрий
test1064.png,9404,94 04
test1067.png,16.08.2004г.,16.08.2004 г.
test1069.png,Тристы тридцать,триста тридцать
test107.png,Диресториальное,Директориальное
test1073.png,Три тысячи девяться,Три тысячи девятьсот
test1089.png,на моё ммя,на моё имя
test1091.png,в колестве задатна,в качестве задатка
test110.png,вопрос,Вопрос
test1100.png,20.01.2016.,25. 01. 2016.
test1106.png,12.09.2013г.,12.09.2013г
test1107.png,12.09.2013г.,12.09.2013 г.
test1108.png,30.09.2013г.,30.09.2013г
test1109.png,12.09.201,12.09.2013
test1111.png,Савгенко И.А.,Савченко И. А.
test1116.png,планом,Планом
test1122.png,и предлогиены,и предложены
test1126.png,Раменко Д.А.,Фоменко В.А.
test1127.png,Савченко лев.,Савченко И.А.
test113.png,Метод,Метод:
test1131.png,Информационная,информационная
test1132.png,эндолеодинамического,эндогеодинамического
test1140.png,инбор,выбор
test1142.png,Выбор технологий,выбор технологий
test1143.png,Дасписка,Расписка.
test1144.png,23 марта 2018г.,23 марта 2012г.
test1145.png,2. Санкт. Потероду,г. Санкт-Петербург
test1150.png,22.07.2010г.,22. 07. 2010
test1152.png,Санкт. Бетертург,Санкт-Петербург
test1153.png,пр. Просвещение,пр Просвещения
test1156.png,выдал,выдан
test1158.png,до 50 моны вовд гла,до 30 июня 2009 года
test1159.png,Салкт-Бемертурга,Санкт - Петербурга
test1160.png,14.12.2003г.,14. 12. 2003г
test1162.png,Сами - болерут,Санкт - Петербург
test1165.png,рутяет в счет,рублей в счет
test1166.png,стоимости кваржирн,стоимости квартиры
test1168.png,аресу,адресу
test1169.png,54 июля 2009г.,24 июня 2009 г.
test1170.png,Самки - Бемертур,Санкт-Петербург
test1171.png,по заговору,по договору
test1172.png,Претегией не имею,Претензий не имею.
test1174.png,Бугрово В.2.,Бугрова В.Г.
test1176.png,04.01.1992г.,04. 01. 1992 г.
test1178.png,по оказанию,содействие
test1181.png,в самм увеличения,в части увеличения
test1183.png,г. Иргутск,г. Иркутск
test1184.png,одинадцатого,одиннадцатого
test1187.png,Мамедов. Р.Г.,Мамедов.Р.Г.
test1188.png,Мустафаева Р.И.,Мустафаева Ф. М
test1189.png,Максимов Р.Н.,Максимов Р. Н
test1190.png,Момедов Д. Х,Мамедов Д. Х
test1192.png,Молядова А.Э,Момедова А.Э.
test1193.png,Мамаоов А р,Мамедов А Г
test1194.png,"Ахьяева О.А.,",Яхьяева Э.А.
test1195.png,"Яхьяев, м я",Яхьев М Я
test1196.png,Юзбекова С.Б.,Розбекова С. Б.
test1198.png,Наталь,Наталью
test1199.png,Заявление,Заявление.
test120.png,покалыся,покажем
test1202.png,гор Омек,гор Омск
test1204.png,адволатов,адвокатов
test1207.png,Вас щьять дело,Вас изьять дело
test1209.png,Тночевой,Ткачевой
test1210.png,г. Дарнаула,г. Барнаула
test1211.png,Железнодорожного,железнодорожного
test1214.png,комская обл.,Омская обл.
test1216.png,Савселова,Савилова
test1218.png,Шатолова,Шаталова
test1220.png,Нашалья Константиновна,Наталья Константинова
test1221.png,проходила практику,проходила практика
test1225.png,в брикё,в браке
test1226.png,летоу,МБОУ
test1227.png,лицей.,лицей
test123.png,дома,дама
test1230.png,студентску удалось,студентке удалось
test1236.png,иван,Ивановы
test1239.png,психологически,психологическим
test1249.png,коллестива,коллектива
test1251.png,воспитателеных,воспитательных
test1256.png,в качестве,В качестве
test1257.png,Студентка,студентка
test1258.png,сталикал обл,Онинская обл
test1259.png,с угащимися,с учащимся
test1268.png,знакомилась,с правилами
test1269.png,участностических посолюдаро,ул Ленина 11
test1270.png,догументации,документации
test1275.png,Заречнева Е.В.,Заречнева Е.Н
test1276.png,Савилова И.В,Савилова Н.В.
test1282.png,получи,получил
test1286.png,22.03.2006г.,22.03.2006 г.
test1287.png,Свитунов А. Г.,Свистунов А.Т.
test1288.png,г. моста,г. Москва
test1289.png,24.11.1986г.,24.11.1986
test1290.png,гор. Воронеис,гор. Воронеж
test1293.png,гор. Челябина,гор. Челябинск
test1299.png,яндекс-комелька,яндекс-кошелька
test1304.png,8800700 3000,88007008000
test1305.png,Лебеденко Н. Н.,Лебеденко Н.Н.
test1307.png,Историю опораций,История операции
test1308.png,и детализацию но,и детализацию по
test1312.png,в количестве,В конечестве
test1313.png,1604 2000.,10.04.2000
test1315.png,по кахрону,по каждому
test1320.png,Андек доньги,Яндекс-деньги
test1323.png,Столенское,Смоленское
test1327.png,г.Ленза,г.Пенза
test133.png,сходимся,сходится
test1336.png,02 декабря 1980г.,02 декабря 1980 г.
test1337.png,условия поставки),условия поставки
test1339.png,для загисления,для зачисления
test1340.png,4272 2903 8396 6819.,4272 2903 8396 6819
test1341.png,30201810100000000176,30101810100000000716
test1342.png,302328104811000000009,30232810481100000009
test1343.png,044525716,44525716
test1344.png,Разрав,Разрыв
test1345.png,Преведения,Проводить
test1346.png,27.11 2016г,27.11.2016 г
test1347.png,В. Воронеж,Г. Воронеж
test1348.png,мне быю,мне было
test1349.png,в потодении,в помещении
test135.png,стандартизованные,стандартизование
test1351.png,в качестве лица,в качестве лида
test1352.png,регистраути в келестве,регистрации в качестве
test1353.png,Аналогичное,Аналогичные
test1355.png,Бандура Д. В,Бандура Д. В.
test1357.png,Заявление,заявление
test136.png,сходамость,сходимость
test1360.png,В городе,в городе
test1364.png,В данный ломент,В данный момент
test1365.png,Морозоса,Морозова
test1368.png,зоявление,заявление
test1369.png,БЕРЕЗКИН,Березкин
test1370.png,08.02.2012г.,08.02.2012г
test1373.png,представителем,представлением
test1377.png,Гамяева А.М.,Галяева А. М.
test1381.png,полудета,наизусть
test1382.png,На этих декументах,На этих документах
test1387.png,13 января 2012,13 января 2012г
test1390.png,произвуема,произведена
test1392.png,Брошу рас,Прошу Вас
test1398.png,гражданской,гражданкой
test140.png,совонутость,совокупность
test1402.png,ПРосрочкой,просрочкой
test1405.png,Саватючина А.Л.,Саватюгина А.Л.
test1409.png,Заявления.,Заявление.
test1416.png,Домомнительно сообщец,Дополнительно сообщу
test1418.png,В виду,В ввиду
test1419.png,по февраль 2005г.,по февраль 2005 г.
test1426.png,Прилагается,Приглашается
test1428.png,Фомина В.Л,Фомина В. Л
test1430.png,от ткача 5 разряда,От ткача 5 разряда
test1433.png,Л.М. Петровой,Л. М. Петровой
test1440.png,1 февраля 1965 г.,1 февраля 1965г.
test1441.png,Заявление.,Заявление
test1447.png,в мая 1942 г.,в мае 1942 г.
test1454.png,26.03.2014,26. 03. 2014
test1455.png,Сидоренко СВ,Сидоренко С. В.
test1456.png,брошу разрешения,Прошу разрешения
test1460.png,Долженко л.У.,Долженко Л. У.
test1464.png,прошу разрешение,прошу разрешения
test1467.png,28 декабря 2006г.,28 декабря 2006 г.
test1469.png,В 1948г.,В 1942г
test1471.png,перевором,переводом
test1472.png,медлинской,медицинского
test1478.png,не получаю.,не получаю
test1481.png,факультета мту,факультета МГУ
test1483.png,Кафедны зоологии,Кафедра зоологии
test1490.png,по стоиности,по стоимости
test1494.png,не сим карте,на сим карте
test1497.png,телефон чает,телефон чист
test15.png,обознаним,Обозначим
test1503.png,пришло заключение,пришлю заключение
testt1508.png,могадино,магазина
test1510.png,данные есть,Данные есть
test1513.png,В 1959 г.,В 1959г.
test1515.png,ханидуплина1.Ф,Ханидуллине Л.Ф.
test1516.png,в отдел архитектура,в отдел архитектуры
test1519.png,была произведены,была произведена
test1523.png,что обнарушилось,что обнаружилось
test1524.png,факультет ДВГУ.,факультет ДВГУ
test1530.png,Для вление,Зая вление
test1531.png,Прошу цвонишь,Прошу уволить
test1534.png,на действие,на действия
test1536.png,19.08.2018г.,19.08.2018 г.
test1539.png,Полицие в составе,Полиция в составе
test1541.png,соогруники,сотрудники
test1544.png,принеть меры,принять меры
test1545.png,студеит группы,студент группы
test1546.png,Расписка,Расписка.
test1547.png,в ДВГУ в 1964г.,в ДВТУ в 1964 г
test1548.png,Объяснительное.,Объяснительная
test1549.png,Максиливой Т.В.,Максимовой Т. В
test1551.png,построения,настроения
test156.png,оступами,отступами
test1560.png,объяснительная,Объяснительная
test1563.png,15.09.03г,15.09.03 г
test1571.png,15/09/303,15/09/03
test1587.png,перед работой.,перед работой
test1588.png,28.20.2016,28.10.2016
test1591.png,спициалистов,специалистов
test1593.png,06.12.10,06. 12. 10
test1599.png,10.12.10,10. 12. 10
test160.png,спала,схема
test1603.png,Аеще у,А еще у
test1604.png,в горм,в ШРМ
test161.png,аддитивной,аддитивный
test170.png,грудно,трудно
test171.png,нег,нет
test172.png,решил,решения
test174.png,заметишь,заметить
test182.png,сти,если
test186.png,предполочим,предположим:
test187.png,Анаму,Анализ
test191.png,полушата,полушага
test193.png,опека,схема
test197.png,реализацие,реализации
test213.png,дом. тел. 53-48-82,доп. тел.:53-48-82
test214.png,моб. :375-44-794,моб.: 375-44-794
test215.png,расцепления,расщепления
test218.png,"- Горизонт""",Горизонт
test219.png,Введёль,Введём
test220.png,охратеры,операторы
test222.png,Равновели,Равновесие
test224.png,вдои,вдоль
test226.png,Ем,Если
test229.png,тастичности,пластичность
test235.png,жестко-,жестко.
test239.png,разлогляется,разлагается
test248.png,вырущи,выразим
test266.png,Безультат,безусловная
test269.png,строксимаций,аппроксимация
test270.png,скема,схема
test282.png,Правый,правый
test288.png,скому,схему
test289.png,СЕТОЧНАЯ,сеточная
test290.png,будешь,будем
test295.png,ОПЕРАТОР,оператор
test296.png,точная,-точная
test298.png,сомасована,согласована
test301.png,торма,-норма
test302.png,сотасована,согласована
test304.png,норма,-норма
test306.png,следимымъ,сходимость
test311.png,аптроксимирует,аппроксимирует
test312.png,Теорема.,Теорема
test314.png,сходимости,сходимость
test315.png,Очевидно-,очевидно
test317.png,2020,.2020
test324.png,сетки.,сетки
test329.png,Условия,Условие
test334.png,Если,Сети
test335.png,устойчивости,устойчивость
test338.png,05.11. гого,05.11.2020
test34.png,перестановочип,перестановочный
test343.png,Если,если
test355.png,Грюк,Трюк
test361.png,месть,место
test362.png,имеет,иметь
test363.png,характеристик,-характеристик
test364.png,стема,схема
test365.png,Неявная,неявная
test366.png,Лекция.,Лекция
test369.png,вычислений,вычислений.
test38.png,полу-,полу
test383.png,прафесуальное,процессуальное
test385.png,сиглационное,миграционное
test386.png,300.000 (триста тысяч),300.000(триста тысяч)
test387.png,долларов США,) долларов США
test389.png,10 июля 2016..,10 июня 2016 г.
test396.png,благовщинск,Благовещенск
test4.png,Определим,определим
test408.png,имущества,имущество
test417.png,ол.ло. 1992,01.10.1992
test418.png,крести на,кредит на
test420.png,увеличить йлайц,увеличить плату
test422.png,йо собственному,по собственному
test436.png,поверхности,поверхости
test446.png,посе,поле
test448.png,троуночных,треугольник
test45.png,РАЗНОСТНАЯ,разностная
test455.png,прямочтольнике,прямоугольнике
test460.png,схемо,схема
test461.png,лучь,чуть
test475.png,Вспомотательной,вспомогательной
test483.png,Явкая,Явная
test486.png,проектирован,проектирования
test489.png,входными,выходными
test500.png,УРАВНЕНИЕ,уравнение
test502.png,свесчи,свести
test511.png,числе,чили
test515.png,гоператор,оператор
test523.png,разный,разными
test528.png,ВИА.,ВИД
test538.png,апроксинация,проксимация
test540.png,безусловна:,БЕЗУСЛОВНА:
test541.png,я,Я
test546.png,Фаньше,раньше
test547.png,Хотим,хотим
test555.png,чех,тех
test556.png,точкя,точке
test56.png,нижний уголок,НИЖНИЙ уголок
test561.png,Будем,будем
test562.png,элеммитов,элементов
test563.png,явиая,явная
test565.png,апроксмирусии,аппроксимируем
test569.png,скемы,схемы
test570.png,усповие,условие
test572.png,двуспойной,двуслойной
test573.png,апроксимации,аппроксимации
test579.png,безусповно,безусловно
test58.png,ПРАВЫИ,правыи
test580.png,Посмотрин,Посмотрим
test582.png,апроксинации.,апроксимации.
test584.png,(хехема,схема
test586.png,Берусновна,безусловна
test587.png,эквивамитность,эквивалентность
test589.png,вершен,вершин
test59.png,Врад,ряд
test598.png,разлечных,различных
test599.png,колечно,конечно
test605.png,Если,если
test609.png,случае:,случая:
test610.png,возможная,возможны
test614.png,Ингулиция,Интуиция
test615.png,слонность,сложность
test617.png,Гулуса,Гаусса
test62.png,рассладывать,расскладывать
test623.png,эллисс,эллипс
test630.png,"шар,",шар
test642.png,Выбор был.,Выбор был
test65.png,обозначим,обозначения
test650.png,авторский.,Авторский
test653.png,18.00 Олимптада,18.00 Олимпиада
test654.png,Далеко и навида.,Далеко и навсегда
test656.png,Строим Б БТ,Строим ДДТ
test657.png,в станах,в стенах
test661.png,"с рождением ребенка,",с рождением ребенка
test664.png,родителям.,родителям
test67.png,со значением,со значениями
test671.png,периатрического,педиатрического
test674.png,Сабалина Ю.С.,Сабалина Ю. С.
test675.png,Степанова Н.М.,Степанова Н. М.
test680.png,качестве Комощника,качестве помощника
test681.png,интернет -рогда,интернет-фонда
test683.png,горорская,городская
test688.png,поликлишки,поликлиники
test69.png,снему,схему
test691.png,а такие,а также
test696.png,злания,знания
test697.png,в хоре,в ходе
test701.png,закосила,заносила
test702.png,мео карту,мед карту
test705.png,проворила,проводила
test706.png,пакровов,покровов
test707.png,судимых,видимых
test710.png,претензий,претензии
test716.png,Минск-Мошьев,Могилев-Минск
test718.png,овести,двести
test720.png,тысяче,тысяча
test724.png,по туа. Водная,по ул. Водная
test727.png,ген орректор,ген. директор
test730.png,выран,выдан
test731.png,Зарутоинова СТ.П.,Зарутдинова С. Г.
test732.png,Фора Фокус,Форд Фокус
test734.png,идам легковой,сдам легковой
test737.png,авалийном сос-не цвет,авиабилеты сое-и
test740.png,Фонерь зак,фонарь зад
test742.png,Крышка болахн.,крышка багажн.
test743.png,Степло зад,Стекло зад
test745.png,насколота,расколота
test749.png,Камера зав. вида,Камера зад. вида
test751.png,располож,расколоты
test753.png,22.09.16г,22.04.16 г.
test755.png,На левоем,На левом
test756.png,Искровое,исковое
test759.png,юнверт,конверт
test76.png,посталовна,постановка
test760.png,прокол,протокол
test762.png,потокол,протокол
test766.png,Злевление,заявление
test767.png,уведомнише,уведомление
test770.png,12 сентября ноовъ.,12 сентября 2006 г.
test772.png,Костареву АВ,Костареву А В
test773.png,от Сгоровой АА,от Егоровой АА
test774.png,прошивающей,проживающего
test778.png,получить посылку,получила посылку
test78.png,поле,поле.
test783.png,Посыпко находилась,Посылка находилась
test785.png,обклеёной,обклееной
test786.png,скобчем,скотчем
test790.png,Внутри я обнаружился,Внутри я обнаружила
test791.png,подранные почтовы,подранные почтовые
test792.png,Костюн спорт,Костюм спорт
test793.png,упановочные,упаковочные
test794.png,покусанные продукт,покусанные продукты
test795.png,похожие на следа,похожие на следы
test797.png,Также в посыпке,Также в посылке
test798.png,было обидружено,была обнаружена
test799.png,зеленя,земля
test8.png,выдел,введем
testt801.png,прогошедшего,произошедшего
test802.png,Посыпка,Посылка
test803.png,Футболк,Футболке
test804.png,2106/2018г.,2/06/ 2018
test805.png,Егорову ак,Егорову А К
test806.png,Егоровой Александр,Егоровой Александре
test808.png,За вымя,За время
test809.png,педагогической,педагогическом
test811.png,Нашалья,Наталья
testt812.png,теорепический,теоретический
test815.png,по русскому ярку,по русскому языку
test819.png,владеет навигами,владеет навыками
test825.png,Крепл. 75тт,Крепл. 75мм
test843.png,Студентсе,Студентка
test847.png,Пятерубией,пять рублей
test85.png,ошибки,ошибка
test850.png,отношении,отношением
test858.png,Белове О.А.,Белова О.А.
test865.png,подствентивать любой,поддерживать любой
test87.png,Эллипе.,Эллипс.
test874.png,суффикы,суффиксы
test875.png,н-с. пушкин,А.С. Пушкин
test876.png,Зимнее утро,зимнее утро
test878.png,Анаторьевича,Анатольевича
test879.png,Чуволиская Республика,Чувашская Республика
test882.png,небокорский,Чебоксарский
test886.png,20.11.2017 году,20.11.2017 года
test892.png,г. Перми,г.Перми
test893.png,188101211711106972617,18810121171106972617
test897.png,сограниченной,с ограниченной
test898.png,Транс ТехСервис,ТрансТехСервис
test902.png,22 сентября 2017 года.,22 сентября 2017 года
test906.png,вернуть на,Вернуть на
test91.png,Длимы,Длины
test910.png,сборбане,сбербанк
test913.png,кпо 2129 02001.,КПП 212902001
test915.png,Александров В.А.,Александров В. А.
test916.png,Бубенцов. А.В,Бубенцов А. В
test918.png,01 од.2016.,01.08.2016.
test921.png,Савченко А.В.,Савченко А. В.
test923.png,яровства,яковлева
test926.png,Болова Б.А,Попова Б.А
test931.png,Денисовой Олье,Денисовой Ольге
test933.png,АлиявыД.М.,-АлиеваДМ.
test934.png,Вяземским РОВД,Вяземский РОВД
test937.png,Блинов м.ч.,Блинов М.И.
test938.png,21.05.10,31.05.10
test940.png,29.02.1901г.,29.02.1901г
test945.png,Вечина горина,Вепина Ирина
test946.png,ОЗАГО,озагс
testt946.png,гор аптичеріи,гор.Мытищи
test948.png,очец,отец
test95.png,плоскости.,плоскости
test955.png,31 февраля -О2,31 февраля 02
test958.png,Биотваева П. Г.,Сарваева П.Т.
test962.png,16.12.2009.,16.12.2002
test963.png,УВД г.Сыепивка В,УВД г. Сыктывкара
test965.png,Сидовова,Сидорова
test966.png,Товарный,товарный
test968.png,01.03.2006,02.03.2006
test969.png,Лебедева Исл,Лебедева И.А.
test970.png,01.03.2006,02.03.2006
test974.png,05.04.1999г.,05.04.1999г
test975.png,ОВД Индустр р-на,ОВД Индустр. р-на
test976.png,г. Лерми,г. Перми
test983.png,Лебяжева М.И,Лебянеева М И
test992.png,выдал ОВД,выдан ОДД
test993.png,28.09.2017г.,28.09.2017 г.
test999.png,поспика,посылка
testt1218.png,Елепа,Елена
testt1225.png,росственно суд стоит,не состоит
testt1236.png,струдовнис,Борис
testt1267.png,июльного,школьного
testt1298.png,тоего,моего
testt1348.png,отказаю,отказано
testt1366.png,пропурору,прокурору
testt1384.png,путись на,подпись на
testt681.png,"""Помоги, орг",Помоги Орг
testt850.png,дешей,детей
testt882.png,район.,район
testt884.png,постановления:,постановления
testt965.png,Петд,Петр
testtt1059.png,Влядимирович,Владимирович
testtt1118.png,анали,анализ
testtt1183.png,Иргутская,Иркутская
testtt1184.png,дне тысячи,две тысячи
testtt1261.png,общемиальным,общественным
testtt1267.png,питание,питания
testtt1322.png,бата,банка
train1.png,п,и
train7.png,9,2
train9.png,две,двое
train25.png,силующим,"ситуации,"
train28.png,Незара,Недля
train44.png,Вовенур,Вовенарг
train45.png,говорил,говорил:
train50.png,"сердца"".",сердца:
train60.png,настоящими,настоящимы
train63.png,затмевают,затливают
train64.png,противоречейщий,противоречещий
train70.png,монам,можем
train76.png,Тургенева,"Тургенева,"
train85.png,Базаров,"Базаров,"
train87.png,нимилистом,"ымилистом,"
train105.png,белибердой,"белибердой,"
train108.png,"дурью...""",дурью.
train112.png,наперекор,наперетор
train114.png,взглядов,"взглядов,"
train119.png,Одинцовой,"Одинцовой,"
train120.png,женщиной,"женщнной,"
train128.png,пле,ме
train130.png,1439 м,Разум
train132.png,47 апо,чувство
train133.png,тапок,такое
train134.png,Это,? Это
train135.png,дле,две
train136.png,влинейшее,замнейшие
train137.png,сила,силы
train138.png,вичутнено,внутреннего
train139.png,мур.,миря
train140.png,мелонек,человека
train141.png,сторые,которые
train142.png,ниждаются,наждаются
train143.png,СРЧГ,друг
train144.png,п,из
train146.png,Фтиа,Фукл
train147.png,исловена,исловека
train149.png,СЛОМАН,сложна
train150.png,Бысают,Былают
train152.png,когд А,когда
train153.png,ЧУВСТВА,ичастка
train154.png,челокена,челокека
train155.png,преобладают,предлаздают
train156.png,нед,над
train157.png,8134404,разумом
train159.png,РАЗ 4,газун
train160.png,почет,ведет
train161.png,пер,тех
train162.png,под,над
train163.png,чиствани,чувствами
train165.png,1817,389
train169.png,Роялард,Волгарс
train170.png,оторил,оргорал
train171.png,"О1244,",Размну
train172.png,1-го,не
train173.png,лести и,постиц
train174.png,следовностей,надебностей
train175.png,сердца,сордца
train176.png,Владь,Ведь
train179.png,придел,прилеем
train180.png,шелании,мелании
train182.png,сиборон,способян
train183.png,ЧАРЛЕЛИТ,управлять
train184.png,настоящих,настоящими
train185.png,чистыми,"чистыми,"
train187.png,путельная,зателевают
train189.png,корецкий,поречений
train190.png,РЛЭЧМ,РАЗУМ
train192.png,сюнит,сюмет
train193.png,м.р.,мы
train194.png,мощем,можен
train195.png,наблюдать,наблюдать в
train196.png,Ронане,Романе
train197.png,имел,Ивана
train199.png,и ил,или
train200.png,1 урненевз,ургенева
train201.png,Отуч,Отцы
train202.png,"идети""","и дети,"
train203.png,буде,вде
train204.png,ИСВОНИЯ,тельный
train205.png,черо б,теро б
train206.png,в бениб,вбений
train207.png,В СЕМЕВЧИ,Васильевич
train208.png,влиров,вызаров
train209.png,будучи,будции
train210.png,николистем,наполистем
train211.png,отрицал,отразал
train212.png,рукопуль,Букадльно
train213.png,псё,всё
train214.png,выполь,заботь
train215.png,д. Д,до
train216.png,ИНОБРИ,люпки
train217.png,Ебо,Его
train218.png,инственный,ииттвенная
train219.png,плунцио,принцио
train220.png,111л,так
train221.png,пробив,против
train222.png,в докоб,всяют
train223.png,РОНАНЧИКИ,ронантики
train224.png,лучей,чтвсть
train228.png,фельвердой,Беливердой
train229.png,непростительно,непростительной
train230.png,доверь,дарью
train231.png,вешающей,решлющей
train232.png,черто б,портой
train233.png,облост,были
train234.png,ест,ей
train235.png,налерея,намедяное
train237.png,Узблядив,изблядов
train238.png,выл,были
train239.png,возресил,встречи
train240.png,Луной,Лицоб
train241.png,одинуской,Одинцокой
train242.png,менщиноб,менщиной
train243.png,корода,котерая
train244.png,БИЛ.А.,была
train246.png,чекл.,закля
train247.png,КАЛ,как
train248.png,как,Все
train250.png,исучения,искрения
train251.png,плюратетет,влюдяется
train252.png,п,4
train253.png,не,неё
train254.png,поэти,ноэти
train255.png,ЧУВСТЪ,чувсты
train256.png,двиание,являние
train258.png,С,в
train259.png,Вения,вления
train260.png,неориемлиными,неприемлиными
train261.png,о,и
train262.png,стренильник,страшными
train263.png,У,у
train264.png,Анны,Анна
train265.png,сил,те
train266.png,ие,не
train267.png,25 011.,выпо
train268.png,ч ихи,таких
train269.png,седенных,соеданным
train270.png,Склонностей,склонностей
train271.png,только,кладе
train272.png,6414 9,были
train273.png,въ 7103а,влажрова
train275.png,взя ческа,всячески
train276.png,Мылья,пытался
train278.png,сирыть,скрыть
train279.png,Вед.,ведь
train280.png,ул.111312,усравляя
train281.png,ед.),его
train282.png,признак,жизнью
train283.png,очнея,мни
train284.png,Д.п.,64 го
train285.png,прознач,под
train286.png,сущ,силу
train287.png,ЛИША,лишь
train288.png,растоку,плостока
train289.png,Героя,Герой
train290.png,110,не
train291.png,но,ног
train293.png,ронато,ронто
train294.png,сосн,всен
train295.png,происходит,происходять
train296.png,(11,им
train299.png,0016 А,Борьба
train300.png,РАФИА,разума
train303.png,ДОМАЛА,земла
train304.png,стоя,свое
train307.png,иконей,нлконец
train308.png,оризношество,признавшись
train310.png,Молгори,любви
train311.png,Думу,Одину
train313.png,получит,получает
train314.png,отрежения,отвержения
train317.png,разграда К,разирова к
train318.png,первокуальные,перионачальным
train319.png,иванция,кванционн
train320.png,где,годе
train321.png,джигные,дижерные
train322.png,полыви,потывы
train323.png,япляются,являются
train324.png,досто,место
train325.png,разредон,взратом
train327.png,солнению,сильнению
train329.png,оследучан,клас устен
train331.png,пылдет,вывает
train334.png,Арбовь,Моровь
train335.png,мосто,Мосто
train336.png,телехотом,"глело, хоты и"
train337.png,повед,поред
train338.png,считью,сместью
train340.png,р,ь
train341.png,Ездение,Евгении
train343.png,пле,все
train344.png,1кл,эки
train345.png,воздается,(13 юрается
train347.png,достает,встает
train348.png,лотив,против
train349.png,е д.,его
train350.png,РАЗИНА,Разуна
train351.png,О,а
train352.png,и тобле,и тобе
train353.png,локсидая,совсидая
train354.png,он,Он
train355.png,"ВИОР, в",вновь
train356.png,мегомцест,встоминает
train358.png,холови,ктова
train359.png,к,т.
train360.png,А уне,Анна
train361.png,11 15,их
train362.png,в-А,как
train363.png,осудку,Госудка
train364.png,дикод Х,никогда
train365.png,10,70
train366.png,мости 2.,постим
train369.png,диим,однин
train370.png,и,их
train372.png,принеров,примеров
train373.png,поглюборотла,ротиворта
train374.png,"р.13,",раз
train375.png,тип,что
train376.png,ЧАМСТРА,чувстка
train377.png,имелется,является
train378.png,авоизо,2804366
train380.png,4 М,НМ
train381.png,Кумущее,Карамзина
train384.png,Словой,Гельков
train385.png,необлад,простий
train386.png,лодости,лодести
train387.png,меняется,является
train388.png,оценен.,страинент
train389.png,Бедид,ведил
train390.png,п.,2)
train391.png,вкрестьянка,Перестьянка
train392.png,113.,Лиза
train393.png,которая,которы
train394.png,31051995ел,умобляется
train395.png,А бедатетя,л бобателя
train396.png,добтина,дворонина
train397.png,ЭРСДА,Эраста
train400.png,и,из
train401.png,либоров,людовь
train402.png,никола,никогд
train403.png,1,+
train404.png,112,не
train405.png,поектика,прекретится
train407.png,В.п,Воз
train408.png,уже,4 же
train409.png,чивостительная,чувствительная
train410.png,ден ФЦИ,делчител
train411.png,полостью,полностью
train412.png,эфекса,объетать
train413.png,своену,своему
train414.png,почиолементому,поклюбленному
train415.png,с с,бе
train418.png,недх,108 х
train419.png,нач,ная
train420.png,изуячно,РАЗТАТО
train421.png,м,и
train422.png,Но,"Но,"
train423.png,сомалению,сожалению
train424.png,Чурствах,чувстал
train426.png,уюлянин,уюряним
train427.png,состоянная,постепенно
train428.png,охлучивают,"охладывают,"
train429.png,ксаоде,хаове
train430.png,онзоцыкет,онтезнает
train431.png,2,12
train432.png,лосимой,лоенный
train433.png,поход 130,"поход, за"
train434.png,произвыв лет,произрывает
train436.png,состянце,состояние
train441.png,ск,ми
train442.png,бодател,волитой
train443.png,19052,19012
train444.png,На,НА
train445.png,этем,этек
train446.png,берплецие,берпутие
train447.png,Лизыне,лизья не
train448.png,инферживает,"индерживает,"
train450.png,она,онг
train451.png,лев,прожает
train452.png,н,4
train453.png,1 149,1149
train457.png,посуток,постъюк
train458.png,людимого,любимого
train459.png,66 к,661 к
train460.png,илиным,ильным
train461.png,удтеон,"удном,"
train462.png,приносиршино,примосльшим
train463.png,фушейную,душенную
train464.png,2016.,"6016,"
train465.png,избавиться,изъявиться
train466.png,04,от
train467.png,королоб,которой
train468.png,о исп.,ОНА
train469.png,хорелу,хотели
train470.png,лише,лишь
train471.png,Асмоурийском,Амоурийством
train472.png,Её,Е ё
train473.png,1737М,(13км
train474.png,плотек,протию
train475.png,речил,печил
train476.png,бакому,букону
train477.png,09%,оду
train478.png,советуй,совытий
train480.png,осилить,осклить
train481.png,полного,пытное
train483.png,ену,е ну
train484.png,(не,не
train485.png,УФАЛОСЬ,удалось
train486.png,Акин,ТАКИН
train487.png,ОБРАЗОН,образон
train488.png,ВДРВД,борьба
train489.png,АНРУ,тых
train490.png,ваниейских,важнейших
train492.png,витреннего,онтуреннего
train493.png,МИЛА,мина
train494.png,челонка,человека
train495.png,30,то
train496.png,эрид,один
train497.png,И.В.,из
train498.png,НИИ,самых
train500.png,прош.,проц
train501.png,сео,его
train502.png,Р,В
train504.png,длине,для
train505.png,какоего,каждого
train506.png,Илу,Или
train507.png,Фунства,чувство
train508.png,председать,необходить
train509.png,О1344,из44
train510.png,силу,или
train511.png,1814,РЕВММ
train513.png,Уакод,ТАКИЕ
train514.png,идбигречих,матиковская
train515.png,оправлялся,являются
train516.png,рескончиноб,бесконечной
train517.png,духью,длунью
train519.png,же,все
train520.png,то,же
train521.png,РАЗЧМУ,РАЗУМУ
train522.png,Никоб91,никотору
train525.png,оскоенные,искленник
train526.png,чулета,44 ста
train529.png,чувство.,чувство...
train531.png,же,не
train535.png,бъе,две
train536.png,вашнейшие,важнейшие
train539.png,мигра,мира
train540.png,человека,"человека,"
train548.png,спонина,Сложна
train550.png,ситуации,"ситуации,"
train552.png,чувства.,чувства
train555.png,разумом,"разумом, а"
train556.png,инсойда,иногда
train562.png,Не,не
train563.png,зад,зат
train567.png,Везенарь,Воденарь
train573.png,"сербца""",сердца
train575.png,дейстительно,действительно
train581.png,способень,способен
train582.png,управляв,управлять
train584.png,чедествами,"и двствами,"
train587.png,заключают,заиимедают
train589.png,61м,им
train592.png,сложет,сюжет
train596.png,8,в
train601.png,Аомуы и,АОмцы и
train602.png,"дети,",дети;
train604.png,гладный,гловный
train606.png,Евгений,Елений
train608.png,Базаров,"Базаров,"
train610.png,неместом,нмилистом
train612.png,букебально,букбально
train613.png,бсе,все
train614.png,блать,бллот
train616.png,любви.,"любы,"
train623.png,белой,былой
train624.png,романтики,"романтики,"
train627.png,счи,они
train628.png,тал,"тал,"
train629.png,это,"это,"
train630.png,белибердой,"белибердой,"
train633.png,бурью,дурью
train634.png,ч.,3
train640.png,110,его
train641.png,безслядоб,"взглядов,"
train642.png,были,была
train643.png,встреча с,бстреча с
train645.png,Обинцовой,"Одинцовой,"
train646.png,женщиной,"женщиной,"
train650.png,такое,такая
train651.png,кок,как
train656.png,б неё,"б неё,"
train659.png,чувства.,чувства
train660.png,яблялись,являлись
train662.png,Евгения,Евгение
train667.png,У,у
train673.png,склонностей,"склонностей,"
train675.png,були,были
train677.png,Базорова,Базарова.
train679.png,вачески,всячески
train682.png,"спрып5,","скрыть,"
train691.png,ним,ниц
train696.png,контролировать,контролировав
train698.png,происходящим,"происходящим,"
train706.png,свое,своё
train707.png,дело,дело.
train717.png,вдалеке,в далеке
train719.png,гордо,", гордо"
train721.png,зорко,"зорко,"
train722.png,казалось,"казалось,"
train726.png,С,с
train729.png,степи,стени
train736.png,ветренно.,встренно.
train739.png,каки,колей
train743.png,озорничая,"озорничая,"
train746.png,бурьяном,бурьяном.
train750.png,жителей,"жителей,"
train751.png,погода,"погода,"
train752.png,явно,"явно,"
train753.png,ночала,начала
train754.png,улучшаться,улучшаться.
train759.png,я,"я,"
train761.png,дыхание,"дыхание,"
train765.png,окрестности,окрестности.
train767.png,мной,"мной,"
train769.png,западе,"западе,"
train771.png,рисовались,"рисовалась,"
train773.png,гори-,гори -
train784.png,кла,клое
train793.png,на,на-
train794.png,встречу,"встречу,"
train800.png,и,"и,"
train802.png,душой,"душой,"
train805.png,чувствои,чувством
train808.png,Передамной,Передомной
train814.png,кургар,курлан
train815.png,стьял,стоял
train818.png,и,"и,"
train823.png,"казалось,","кадалось,"
train827.png,Сутра,С утра
train834.png,"и, радумеется","и разумеется,"
train835.png,ветренно.,встренно.
train839.png,грядной,грязной
train842.png,"озорничая,","одорничая,"
train844.png,прошлогодним,прошлолодним
train846.png,Выреки,Вопреки
train858.png,здешних,здешких
train859.png,мест,"мест,"
train860.png,я,"я,"
train875.png,гаридонте,"гаридонте,"
train884.png,тусклье,тусклья
train898.png,коло-,холо-
train900.png,лицо,"лицо, рукава."
train904.png,и ховладева,и овладева
train906.png,душой,душой;
train912.png,к,как
train920.png,курган,курчан
train922.png,вдалеке,в далеке
train925.png,возвышая,возвышаях
train926.png,"здрю,","зорно,"
train939.png,", разумеется,","разумеется,"
train940.png,ветренно.,встренно.
train942.png,просушивал,просумсивал
train959.png,"Ввиду,",Ввиду
train962.png,здесніих,зделиних
train965.png,затакв,затаив
train972.png,№,и
train973.png,по,на
train981.png,меновых,меловых
train985.png,-,226
train989.png,стариннымиа,старинным
train990.png,ое,ее
train991.png,тусклав,тусклае
train995.png,опа,она
train1015.png,все,вал
train1017.png,свежести-,свежести.
train1018.png,Наверное,"Наверное,"
train1022.png,людей,"людей,"
train1027.png,0,о
train1032.png,содерживаем,одерживаем
train1046.png,слабостями,"слабостями,"
train1050.png,тридцать,придцать
train1051.png,минут,монут
train1052.png,ранние,"раньше,"
train1056.png,секции,"секции,"
train1058.png,уроки,"урони,"
train1068.png,успеху,"успеху,"
train1079.png,поражением,"поражением,"
train1081.png,поражение,"поражение,"
train1083.png,сути,"сути,"
train1086.png,В комедии,В камедии
train1088.png,Грибодыва,Грибоедова
train1089.png,"""Горе",Горе
train1092.png,славный,главный
train1095.png,Чащний,Чацкий
train1096.png,нам,после
train1097.png,трехлетел,трёхлетки
train1101.png,в щество,"общество,"
train1106.png,знакомо,"знакомо,"
train1116.png,суждение.,"суждение.,"
train1117.png,Дема,Дома
train1118.png,новы,"новы,"
train1122.png,-,в
train1126.png,обновлённой,одновлённой
train1128.png,молодой,"молодой,"
train1139.png,опищу,ойщу
train1140.png,п,и
train1141.png,согну,сыну
train1142.png,чести,честь
train1143.png,подудь,", будь"
train1145.png,сенький,"хенький,"
train1150.png,тысяки,тысячки
train1155.png,"жених"",","жених,"
train1157.png,отперте,отперта
train1161.png,незваных,"незваных,"
train1162.png,особенно,", особенно"
train1164.png,инстранных,иностранных
train1166.png,то,"то,"
train1168.png,новидым,новедны
train1169.png,введили,"вводили,"
train1170.png,-никогда,"-никогда,"
train1172.png,всему,"всему,"
train1173.png,везде,"везде,"
train1174.png,над,", над"
train1175.png,ними,нимих
train1178.png,И,и
train1180.png,подобострастие,"подобострастие,"
train1181.png,чинопочитание,"чиколочитание,"
train1182.png,лице,лице-
train1183.png,терие,мерие
train1193.png,клам,класса
train1194.png,Чащний,Чацкий
train1202.png,мнению,"мнению,"
train1205.png,"даются"",","даются,"
train1206.png,"""а люди",", а люди"
train1208.png,обмануться,обмануться;
train1209.png,"""ленать",", искать"
train1214.png,-низко,"-низко,"
train1216.png,успеха,ушеха
train1218.png,умом,"умом,"
train1221.png,раболеством,раболенством
train1222.png,Фамусов,"Фамусов,"
train1226.png,рассуждения,"рассуждения,"
train1227.png,затыснает,затыкает
train1228.png,улил,"ушл,"
train1230.png,по-,и-
train1233.png,"""Он",Он
train1237.png,Чащного,Чацкого
train1238.png,революционером,"революционером,"
train1239.png,"""карбонарием"",",", карбарием,"
train1240.png,онемным,опасным
train1241.png,человеком,"человеком,"
train1245.png,слозута,лозуба
train1248.png,внеказывать,высказывать
train1251.png,вслуг.,вслус.
train1261.png,взгляды,"взгляды,"
train1263.png,уходит,"уходит,"
train1271.png,Одномо,Однако
train1282.png,мундиров,мундиров.
train1289.png,баму,балу
train1290.png,у,уз
train1291.png,Фамусова:,Фашусова:
train1293.png,хозяин,"хозять,"
train1294.png,Содая,Софья
train1300.png,выюсит,выносит
train1302.png,веруше,вердик
train1303.png,Фамисов,Рамусов
train1310.png,подъестить,подъезжать
train1312.png,столице,"стоячье,"
train1314.png,говорит,"говорит,"
train1317.png,"""не",не
train1319.png,"-змея"",",-змея;
train1320.png,"""а",", а"
train1321.png,Молчалии,Молчалин
train1322.png,решист,"решент,"
train1324.png,Чащкий,Чацкий
train1326.png,неудачник,неудачник.
train1329.png,вередный,вердикт
train1331.png,свето.,света
train1335.png,момент,"момент,"
train1341.png,речь,"речь,"
train1347.png,ею.,его.
train1349.png,сказать,"сказать,"
train1351.png,Чащний,Чацкий
train1352.png,терпит,тернит
train1353.png,поражение,"поражение,"
train1354.png,но,по
train1358.png,И.,1 гл.
train1360.png,Гонгаров,Гончаров
train1361.png,считает,"считает,"
train1365.png,победитель,"победитель,"
train1370.png,согласиться,согласиться.
train1374.png,встряжную,встряхнуло
train1377.png,общество,"общество,"
train1380.png,Сафьи,"Софьи,"
train1381.png,поглатнуло,пошатнуло
train1383.png,Молголина.,Молчалина.
train1384.png,В,Я
train1387.png,"""Онцы и",Отцы и
train1388.png,дейли,дейме
train1389.png,стелкиваются,сталкиваются
train1391.png,сморе,скоре
train1393.png,опроженте:,опрожента:
train1397.png,-нигилист,-нишлист
train1399.png,а,и
train1402.png,Киреанов.,Кирсанов.
train1403.png,Озин,Один
train1406.png,праздную,"праздную,"
train1407.png,потратил,постратил
train1408.png,ловичую,ловиную
train1417.png,просовеце,"красавице,"
train1418.png,светской,", светской"
train1419.png,львице,ловице
train1420.png,кнашне,княгине
train1422.png,Но,"Но,"
train1427.png,жизни,"жизни,"
train1429.png,арёл,брёл
train1430.png,жный,"жит,"
train1431.png,испытал,"испытал,"
train1432.png,"""наверное","наверное,"
train1435.png,чувство,"чувство,"
train1438.png,его,"его,"
train1442.png,сбило,", сбила"
train1443.png,енесь,спесь
train1453.png,всём,"всём,"
train1456.png,самоломанным,самоломанным;
train1457.png,", человеком",человеком
train1463.png,трудом,"трудом,"
train1464.png,умом,", умом."
train1467.png,Кирановым,Кирсановым
train1469.png,категоричен,"категоричен,"
train1470.png,"""резок",", резок,"
train1475.png,прилигия,"приличия,"
train1476.png,ч,а
train1477.png,вот,вой
train1483.png,срывается,"срывается,"
train1487.png,"""болваном",", болваном"
train1488.png,ч.,50
train1490.png,они,Они
train1493.png,болваны,"боеваны,"
train1498.png,ничинаетъ,ничимисты
train1500.png,победы,победа
train1504.png,скоре,"споре,"
train1513.png,Вестреннив,Встретив
train1518.png,любовь,"любовь,"
train1520.png,чело-,гело-
train1523.png,спасобен,способен
train1524.png,пережеть,перепить
train1525.png,поражение,"поражение,"
train1526.png,не,", не"
train1527.png,желодей,желает
train1529.png,крас,"крас,"
train1530.png,но,", но"
train1533.png,может,можей
train1534.png,позелать.,поделать
train1536.png,любви,"любви,"
train1539.png,глаз,"глаз,"
train1541.png,желечных,желопных
train1542.png,руке,рук
train1549.png,стоновится,становится
train1550.png,рассеянным,"рассеанным,"
train1553.png,сосредоточится,"сосредоточится,"
train1555.png,ничалос,никакое
train1556.png,отричание,отрицание
train1559.png,ет,ей
train1563.png,противостотный.,противостоянии.
train1564.png,Да,"Да,"
train1565.png,кашется,"катется,"
train1567.png,победил,"победил,"
train1571.png,станчение,стоически
train1574.png,смерти,"смерти,"
train1575.png,малча,молча
train1576.png,борется,борейка
train1579.png,но,", но"
train1584.png,проиграл,"проиграл,"
train1588.png,всё,"всё,"
train1590.png,чело,чего
train1603.png,идры,подъяс
train1606.png,самоуверенность,"самоуверенность,"
train1608.png,вокруг,"вокруг,"
train1610.png,кламику,"классику,"
train1616.png,выборе.,выборе
train1623.png,кого-то,"кого-то,"
train1624.png,подумой,"подумой,"
train1626.png,побеза,победа
train1629.png,Передорькой,Передольной
train1632.png,рустынное,пустынное
train1635.png,сторожева,сторожевшей
train1636.png,курган,"курган,"
train1638.png,вдолике,в долике
train1641.png,"возвашись,","возвалиясь,"
train1643.png,"казалось,","казалась,"
train1646.png,ровнины.,равникы.
train1648.png,С,е
train1653.png,повесениему,по-весеннему
train1656.png,разумеется,"разумается,"
train1657.png,"ветуянно,","встренно,"
train1659.png,просушивал,"просушивал,"
train1660.png,Колеин,колецы
train1665.png,озорнивая,"озорнился,"
train1667.png,прошлоюдним,прошлогодним
train1668.png,бульяком.,бурьяком.
train1672.png,жителей,"жителей,"
train1673.png,", погода",погода
train1674.png,явно,Явно
train1676.png,улужшаться.,улутшаться.
train1680.png,здешник,зделених
train1685.png,ние,"ние,"
train1687.png,рассмаруивать,рассматривать
train1690.png,мной,"мной,"
train1693.png,казтинно,кортинно
train1694.png,рисовалась,"рисовалась,"
train1706.png,сумбро,"сулбра,"
train1707.png,чернью,"чернью,"
train1709.png,топула,татула
train1711.png,уруеннем,утрением
train1712.png,тумане,тумане.
train1713.png,"ветер,","Ветер,"
train1718.png,лицо,"лицо,"
train1719.png,рукава,рукава.
train1721.png,увлекала,"увлекала,"
train1727.png,чувствов,чувством
train1728.png,"радости,",выполнялъ
train1731.png,мный,мной
train1743.png,зорко,зорно
train1745.png,Глядел,глядел
train1754.png,о весеннему,о-вессниему
train1757.png,"разуместся,","разумеется,"
train1761.png,полеи,полен
train1762.png,грязной,грязный
train1768.png,бурьяном,бурьяном.
train1769.png,Вопрски,Вопреки
train1778.png,особый,особой
train1780.png,зденных,зделених
train1784.png,дыкание,"дыхание,"
train1791.png,"занаде,","западе,"
train1799.png,Темняя,Темнея
train1806.png,чернью,"чернью,"
train1813.png,Руя,Дуя
train1816.png,колобил,колодил
train1820.png,увленала,увлекала
train1821.png,и,"и,"
train1828.png,свежести,свежести.
train1836.png,Подве,Это две
train1838.png,ине,шие
train1839.png,силы,симы
train1842.png,Это,Что
train1852.png,ситуации,"ситуации,"
train1858.png,разумом,"разумом,"
train1870.png,Вовенар2,Вовенарг
train1877.png,"сердца""",сердца.
train1880.png,При,при
train1888.png,чувствами,"чувствами,"
train1899.png,вромане,в романе
train1903.png,"""Отциидети"",","Отцы дети,"
train1909.png,Базаров,"Базаров,"
train1911.png,нагилистом,"начилистом,"
train1919.png,внутренний.,внутренний
train1923.png,веяной,всякой
train1924.png,романтики,"романтику,"
train1926.png,Онсчитал,Он считал
train1928.png,"""белибердой","белистердой,"
train1933.png,чертой,"чертой,"
train1937.png,взглядов,"взглядов,"
train1940.png,С,с
train1943.png,НС,ЖС
train1944.png,енциной,"енциной,"
train1947.png,металая,петалая
train1949.png,все,все.
train1951.png,искренне,искрение
train1954.png,неё,"неё,"
train1958.png,7,у
train1964.png,страшными,страшными.
train1966.png,нее,же
train1969.png,такие,таких
train1971.png,склонностей,"склонностей,"
train1972.png,нание,какие
train1977.png,веячески,всячески
train1978.png,пытатся,пытался
train1980.png,скрыть,"скрыть,"
train1981.png,ведъ,ведь
train1984.png,жизнью.,жизнью
train1997.png,дящее,"дящее,"
train2000.png,бороба,борьба
train2005.png,Свое,своё
train2006.png,дело,дело.
train2008.png,напопец,наконец
train2009.png,то,-то
train2013.png,Одинцовой,"Одинцовой,"
train2016.png,отвержение,отвержение.
train2022.png,чальним,чальным
train2023.png,Принципам,принципам
train2029.png,вздором.,вздором
train2035.png,удном.,удком.
train2040.png,такого,"такого,"
train2043.png,Любовь,любовь
train2047.png,хотви,хотьи
train2049.png,ветает,встает
train2052.png,смертью,"смертью,"
train2055.png,все-томки,все-таки
train2057.png,разума,"разума,"
train2059.png,побеждая,побеждая.
train2061.png,вновь.,вновь
train2064.png,Люб,люб
train2074.png,сердца,сердца.
train2078.png,ярних,ярких
train2079.png,примеров.,примеров
train2080.png,прота,проти
train2081.png,в соборства,воборства
train2087.png,н м.,Н.М.
train2092.png,герошей,героиней
train2095.png,сентсегенительная,сентиминтальная
train2097.png,крестьянна,крестьянка
train2098.png,Лиза,"Лиза,"
train2102.png,дворяжина,дворянина
train2103.png,Граста.,Эраста.
train2104.png,Казалось,"Казалось,"
train2111.png,прекратится,прекратится.
train2119.png,возлюбленному,возмобленному
train2122.png,берет.,берет
train2126.png,Но,"Но,к"
train2127.png,сожалению,"сожалению,"
train2132.png,охладевают,"охладевают,"
train2134.png,вспоре,вскоре
train2136.png,уозжает,уезжает
train2139.png,поход,"поход,"
train2141.png,проигрывает,проигривает
train2142.png,все,всё
train2151.png,вдове.,вдове
train2155.png,Кузы,Лизы
train2157.png,выдерживает,"выдерживает,"
train2160.png,прыгает,пригает
train2162.png,труд.,пруд.
train2167.png,поступаю,поступан
train2171.png,ударом,"ударом,"
train2175.png,боль,"боль,"
train2176.png,избавиться,избавится
train2184.png,разум.,разум
train2188.png,событий,"событий,"
train2189.png,но,по
train2190.png,осилить,деилить
train2191.png,Полиое,пылкое
train2195.png,удалось.,"удалось,"
train2196.png,Раним,Таким
train2197.png,образом,"образом,"
train2201.png,сал,сил
train2203.png,мара,мира
train2210.png,нених,жных
train2215.png,Ипи,Или
train2219.png,разум.,разум
train2229.png,элью,элью.
train2232.png,нее,же
train2236.png,постичь,постить
train2237.png,истренних,искренних
train2239.png,м,и
train2245.png,8,2
train2247.png,Зарум,Разум
train2248.png,зв,зве
train2250.png,сила,силы
train2261.png,олось,очень
train2262.png,сложно.,сложна.
train2263.png,Баволот,Баволой
train2268.png,преобладолот,преобладают
train2270.png,разумоле,"разумом,"
train2272.png,геогода,гекогда
train2275.png,вверх-,вверх
train2279.png,Не,Ме
train2280.png,зря,дря
train2283.png,Кламье,Клапье
train2284.png,Вовнист,Вовшарг
train2285.png,говория,говорил
train2287.png,Фазуму,Разуму
train2289.png,постея,постег
train2292.png,ца-,ца
train2298.png,желомей,желомего
train2300.png,способей,способен
train2303.png,чувство.,чувства
train2304.png,леч,"ми,"
train2307.png,протавореющий,противорегащий
train2311.png,сложот,сложет
train2312.png,лов,мы
train2313.png,мотём,можем
train2316.png,ромаме,романе
train2317.png,левома,Ивана
train2319.png,Бургеева,Буршива
train2320.png,Отцы,Отца
train2322.png,"дети"",","дежи,"
train2324.png,главит,главный
train2328.png,всего,всег
train2329.png,Базаров,"Базаров,"
train2330.png,будут,будучи
train2331.png,ингиместом,нигиместом
train2333.png,бухвально,буквально
train2337.png,либви,любви
train2341.png,бил,был
train2344.png,рамоятики,рамолетчени
train2345.png,чувств,чувств.
train2346.png,Оле,Он
train2349.png,бело,бело.
train2353.png,делающий,дешающей
train2354.png,гертой,"чертой,"
train2355.png,стависти,ставшей
train2356.png,катерскор,каперекор
train2358.png,взипедов,"взилядов,"
train2360.png,встрега,встреча
train2361.png,Аиной,Анной
train2362.png,одинцовой,"Одннцовой,"
train2363.png,жели,жен-
train2365.png,изиной,щиной
train2368.png,нев,не
train2369.png,токая,тожая
train2370.png,ком,как
train2376.png,неё,"неё,"
train2382.png,Евсемия,Евгения
train2383.png,истреемое,итриемле
train2384.png,мымая,мымее
train2386.png,строле,стром
train2387.png,ители,ними.
train2390.png,чувство.,чувство
train2392.png,же,не
train2393.png,750,это
train2394.png,темое,такое
train2395.png,?,с
train2398.png,хнейсия,Анейские
train2401.png,миря,мира
train2402.png,человека,"человека,"
train2405.png,служдаются,нуждаются
train2408.png,Думе,Дума
train2410.png,огни,бить
train2411.png,сложие.,сложне.
train2412.png,Бывого,Бывают
train2413.png,мот,ситу
train2414.png,сцуи,"оции,"
train2415.png,когде,когда
train2418.png,ид резумом,"подрезумом, а"
train2419.png,имоде,"иногда,"
train2420.png,резум,разум
train2423.png,мер,мед
train2424.png,увывание,чувствение.
train2427.png,рюкзе,мок де
train2428.png,Кленье,Клепье
train2429.png,Вовенер,Вовенар
train2431.png,Рогуму не,Резумуне
train2434.png,сердце,сердца.
train2437.png,иловк,человек
train2440.png,Желошии,желании
train2441.png,ие,не
train2442.png,способей,способск
train2444.png,положими,постоящими
train2445.png,чувствами,"чувствами,"
train2447.png,зотлявают,затливают
train2449.png,гл,га
train2450.png,изни,изги
train2453.png,Токой,токой
train2454.png,его теб,сложет
train2455.png,мн,мы
train2457.png,поблюдов,поблюдать
train2462.png,туренка,"Тургенева,"
train2464.png,дети,и дети;
train2466.png,главивий,главный
train2469.png,Васильевач,Васильевич
train2470.png,Безеров,"Базеров,"
train2471.png,будуги,будучи
train2472.png,нигимиом,"нигимитом,"
train2473.png,отрядал,отрицал
train2474.png,буквольно,буквально
train2478.png,любви,"любви,"
train2485.png,роментики,"романтики,"
train2487.png,Он,Ол
train2488.png,считая,считал
train2489.png,это 1/4,это
train2491.png,бердой,"бердой,"
train2492.png,непростительно,непросительно
train2493.png,я,об
train2495.png,Решеющей,Решающей
train2496.png,герой,"чертоб,"
train2497.png,стовшей,ставшей
train2500.png,взглядов,"взглядов,"
train2503.png,с.,с
train2505.png,Одинцовой,"Одинцовой,"
train2506.png,пейщиной,"Денщиной,"
train2509.png,ие,не
train2510.png,герой,героб
train2511.png,искрения,искрение
train2514.png,теке,така
train2517.png,все,все.
train2518.png,ил,"ил,"
train2523.png,Двлять,являлись
train2527.png,Силимыми,Слышеми
train2529.png,строимыми,строшными
train2530.png,у Анин,У Анны
train2534.png,точки,таких
train2536.png,склониобей,склонностей
train2537.png,кекле,какие
train2539.png,Баррова,Базарова
train2540.png,Он,Ол
train2541.png,вед гессии,всячески
train2542.png,лытема,пытался
train2544.png,скрыть,"скрыть,"
train2551.png,пор,под
train2555.png,герой,герей
train2558.png,колоролировать,контролировать
train2560.png,происходящим,"происходящим,"
train2563.png,борьба,борьбе
train2564.png,резума,разума и
train2570.png,неконец-то,поконеу-то
train2574.png,гробви,любви
train2575.png,Одинцовый,"Одинцовой,"
train2577.png,отвержения,отвержение
train2580.png,Бозерово,Безарова
train2582.png,нерапочельными,первоначальным
train2584.png,ципам,"ципам,"
train2586.png,дулявшие,душевные
train2587.png,порыевы,порывы
train2588.png,Являются,являются
train2589.png,Кросто,прото
train2592.png,сровнешно,сравнению
train2594.png,рассузком,рассузком.
train2598.png,теколя,такого
train2599.png,годы,чтобы
train2601.png,брого,прото
train2602.png,госте,"госте,"
train2606.png,смяртью,"смертью,"
train2607.png,40,но
train2609.png,Евгении,Евгения
train2610.png,ота,она
train2612.png,-,в
train2613.png,такие,таки
train2614.png,разоря -,разгорос-
train2615.png,съ,ся
train2617.png,всей,встей
train2620.png,разуме,"резума,"
train2622.png,итоге,стые
train2624.png,где,года
train2625.png,А,7
train2628.png,вспоминой,вспоминает
train2632.png,Анне,"Анпе,"
train2636.png,пикогда,никогда
train2638.png,постичь,посточь
train2639.png,сердце.,сердца.
train2640.png,Ещё,Еще
train2641.png,деним,одним
train2642.png,су,из
train2643.png,8 рких,ярких
train2645.png,противоборства,противоборова
train2646.png,разумя и,резулся и
train2650.png,м. Ле-Ка-,А.М. Ка-
train2651.png,размена,рамзина
train2652.png,Бедиая,Бедега я
train2653.png,"Лиза""",Лиза:
train2657.png,Два,Нел
train2658.png,деся 9,яется
train2659.png,сентиментальна,сентиментально
train2660.png,Д,я
train2661.png,бедло я,бедло т
train2666.png,впробляетс,влюбляется
train2668.png,оготого,боготого
train2670.png,Росса,трей.
train2671.png,Королось,"Козолось,"
train2672.png,го,что
train2675.png,шекогда,никогда
train2676.png,ие,не
train2677.png,прекратителя,прекратится
train2681.png,чувствительных,чувствительная
train2683.png,ко,на
train2684.png,полностого,полносью
train2687.png,возлюбленному,"возмобленному,"
train2690.png,береб,берег
train2693.png,рерумам,резумом.
train2694.png,Но,"но,"
train2696.png,сожалению,"сожалению,"
train2699.png,двор.,двор
train2700.png,блик,ямена
train2701.png,постепения,постепенно
train2703.png,волот,"волгот,"
train2705.png,вноре,вскоре
train2710.png,поход,"поход,"
train2711.png,год,где
train2712.png,проицывой,произывой
train2714.png,сособилие,состояние
train2717.png,прикубуемию,принуждению
train2718.png,фесится,женится
train2719.png,их,на
train2723.png,Атом,этом
train2726.png,ся,не
train2727.png,выдерживает,"выдерживает,"
train2729.png,ога,она
train2731.png,в круг.,в пруд.
train2736.png,любимао,любимого
train2738.png,сильный,сильным
train2739.png,удерам,"удером,"
train2740.png,приносившие,примосившим
train2741.png,душевшую,душевную
train2742.png,боль,"боль,"
train2743.png,избеви,избави
train2747.png,оне,она
train2749.png,риль,лишь
train2750.png,сомоубий,самоутий
train2752.png,Ре,Ее
train2754.png,противорение,противорении
train2756.png,году,ходу
train2757.png,событий,"событий,"
train2759.png,осилиъ,осилить
train2762.png,ие,не
train2775.png,вияжейшие,важнейшие
train2776.png,сили,силы
train2778.png,миръ,мира
train2781.png,нуждаются,неридаются
train2787.png,слорил,сложна
train2788.png,Бывист,Бывагот
train2789.png,сигуации,"ситуации,"
train2790.png,полу,когда
train2793.png,ну,над
train2794.png,разумом,"разумом, а"
train2795.png,Иногда,иногда
train2801.png,Н,Не
train2802.png,зр,дря
train2805.png,Класье,Клапье
train2806.png,Вовенири,Вовенир
train2808.png,Ризуму,Разуму
train2811.png,назобнытей,надобностей
train2812.png,"серуца""",сердца
train2813.png,Вер,Ведь
train2819.png,желанный,желании
train2821.png,спосьбей,способен
train2824.png,настящими,настоящими
train2825.png,чувствами,"чувствами,"
train2827.png,зитливизат,затливают
train2828.png,противоречащи,противорегащий
train2830.png,разум,разум.
train2832.png,стотет,сюжет
train2834.png,Можем,можем
train2839.png,геевиго.,геевича
train2840.png,жер,17
train2841.png,Отца,Отцы
train2848.png,Василевич,Васильевич
train2849.png,Базаров,"Базаров,"
train2850.png,будус,будучи
train2851.png,нагишестом,начимаетом
train2853.png,духвально,бухвально
train2854.png,Он,всё
train2855.png,влють,внять
train2864.png,всякой,всеной
train2865.png,ромонтики,"ромонтики,"
train2866.png,чувств,чувств.
train2872.png,дуррю...,дурего
train2873.png,Ремающей,Решающей
train2874.png,черты,черной
train2876.png,наперекр,наперекоп
train2883.png,Одинцовый,"Одинцовой,"
train2884.png,женщины,женщиний
train2886.png,был,была
train2889.png,нам,как
train2892.png,шуренне,истренне
train2895.png,неё,"неё,"
train2901.png,рля,для
train2903.png,непреемлимыми,непремленными
train2905.png,странными,страшными.
train2908.png,оже,эти
train2913.png,силонностей,"склонностей,"
train2914.png,какие,капие
train2920.png,питался,пытался
train2922.png,скрить,"скрить,"
train2925.png,эти,тяже
train2927.png,жизньго,жизнью
train2929.png,было над,было под
train2932.png,рассужу,рассудку
train2933.png,Герой,Герай
train2936.png,костую,контро
train2939.png,промехуумции,"приисходящий,"
train2945.png,напорщ-,напожу-
train2946.png,по,то
train2951.png,свое,своё
train2953.png,навшиль,навшись
train2956.png,Одинцовой,"Одинцовой,"
train2958.png,отверянение,отвержение
train2961.png,Бизирова,Базарова
train2964.png,принципам,"принципом,"
train2965.png,гл,где
train2972.png,угавнению,уравнению
train2973.png,раслуком,раслудком
train2977.png,пра-,на-
train2978.png,поло,кого
train2982.png,голла,"галла,"
train2983.png,Хоти,Хоть
train2986.png,смертью,"смертью,"
train2989.png,Евгении,Евгений
train2992.png,разгорост-,разгорает-
train2998.png,разума,"разума,"
train3006.png,о,а
train3009.png,Ажне,"Ажне,"
train3010.png,там,так
train3015.png,постнич,постичь
train3018.png,дним,одним
train3030.png,Караш-,Карам-
train3032.png,"""Педная",Педная
train3033.png,"Лиза""",Лиза
train3035.png,громнее,геромнем
train3037.png,яв.,кв.
train3040.png,безная,бедная
train3041.png,пристьянка,крестьянка
train3042.png,Лиза,"Лиза,"
train3047.png,дворенина,дворянина
train3048.png,Эроста,Эроста.
train3055.png,прекрытится,прекратится
train3061.png,полностего,полностно
train3062.png,от-,от -
train3065.png,возлюбленному,возмобленному
train3072.png,Но,"Но,"
train3074.png,сокалению,"сокалению,"
train3076.png,молодого зво-,молодого дво-
train3078.png,потрененно,постяженно
train3079.png,оходевают,охлавают
train3081.png,вскори,вскоре
train3083.png,дезжа-,уезжа-
train3087.png,поход,"поход,"
train3088.png,где,у
train3089.png,проигриват,проигрывает
train3099.png,взова,вдова
train3100.png,вает,"вает,"
train3104.png,пригает,причает
train3105.png,терпение,терпения
train3108.png,Везь,Ведь
train3113.png,выдержи-,выдерят-
train3114.png,постучок,поступок
train3115.png,любимого,мобимого
train3118.png,ударом,"ударом,"
train3121.png,думявную,думевшую
train3123.png,избавиться,издавиться
train3125.png,корпорой,которой
train3130.png,Е,Её
train3132.png,противоречил,противоричил
train3133.png,токому,такому
train3135.png,собитий,событий
train3138.png,рынное,пылное
train3139.png,чувство,увство
train3144.png,образом,"образом,"
train3145.png,бориба,борьба
train3169.png,н,и
train3174.png,тилое,такое
train3178.png,ватнейше,важнейшие
train3179.png,сили,силы
train3181.png,тренном,стренной
train3182.png,мыра,мира
train3183.png,человека,"человека,"
train3186.png,друз,друг
train3193.png,ситуации,"штуации,"
train3194.png,Когда,когда
train3198.png,разумом,"разумом,"
train3200.png,нног-,иног-
train3203.png,терет,берет
train3208.png,дря,для
train3211.png,Клатье,Кланье
train3214.png,рих: и,рил:
train3217.png,постигв,постичь
train3225.png,желании,желанин
train3230.png,чувствами,"чувствами,"
train3231.png,Которие,которые
train3232.png,займевают,затливают
train3233.png,противорегаций,противорегащий
train3234.png,н.м,им
train3244.png,Тургнева,Тургенева
train3245.png,"""Отун",Отцы
train3246.png,н,и
train3247.png,"детн,","дети,"
train3254.png,будут,будучи
train3255.png,ничи-,ниж-
train3256.png,местом,"местом,"
train3260.png,вылоть,вплоть
train3265.png,принцию,принцип
train3269.png,романники,"романтики,"
train3272.png,счетая,считал
train3274.png,белибердой,"белибердой,"
train3278.png,Решающей,Ремающей
train3279.png,чертой,"чертой,"
train3280.png,счавшей,ставшей
train3283.png,взглядов,"взглядов,"
train3285.png,встроча,встреча
train3286.png,Анкой,Анной
train3287.png,Одинцовой,"Одинцовой,"
train3288.png,женщнной,"женщиной,"
train3289.png,которыя,которая
train3296.png,искрен-,нокрен-
train3300.png,неё,"неё,"
train3308.png,к,и
train3317.png,склонностей,"склонностей,"
train3323.png,питался,пытался
train3325.png,скрыть,"серыть,"
train3330.png,ракее,ранее
train3334.png,лить,лишь
train3341.png,происходящим,"происходящим,"
train3346.png,н,и
train3350.png,дело,дело.
train3356.png,Одинцовой,"Одинцовой,"
train3364.png,принулнам,"принципам,"
train3367.png,порывы,корывы
train3377.png,бивай,бывай
train3378.png,такого,"такого,"
train3382.png,гасла,"часла,"
train3384.png,н,и
train3386.png,смертью,"смертью,"
train3392.png,разорастая,разгорастия
train3397.png,разума,"разума,"
train3400.png,побеждая,побеждая.
train3408.png,Анне,"Анне,"
train3415.png,сердца,сердца.
train3427.png,н,Н.
train3428.png,м.,М.
train3429.png,Каранзина,Карамзина
train3431.png,Лиза?,Лида:
train3432.png,4,и
train3440.png,Лиза,"Лиза,"
train3441.png,котория,которая
train3446.png,Эраста,Эраста.
train3447.png,Казалось,"Казалось,"
train3460.png,помностью,полностью
train3464.png,ленному,"ленному,"
train3466.png,еердце,сердце
train3471.png,Но,"Но,"
train3473.png,сожалению,"сожалению,"
train3478.png,охладевают,"охладевают,"
train3479.png,4,и
train3486.png,поход,"поход,"
train3488.png,прокгрывает,проигрывает
train3491.png,н,и
train3496.png,бегатой,богатой
train3501.png,Лицы,Лизы
train3503.png,выдерживает,"выдерживает,"
train3504.png,н,и
train3508.png,пруд,пруд.
train3509.png,Ведь,ведь
train3516.png,ударом,"ударом,"
train3517.png,приносившим,прилосившим
train3519.png,боль,"боль,"
train3521.png,ду,от
train3524.png,хотса,хотела
train3525.png,лишѣ,лишь
train3526.png,самоубийством,самоубийством.
train3528.png,рузум,резум
train3529.png,противорочия,противоречил
train3532.png,событий,"событий,"
train3534.png,осмить,омлить
train3535.png,нылкое,пылкое
train3544.png,вашнейших,важнейших
train3548.png,чевновека,человека
train3564.png,чувства,чувства.
train3572.png,тие,же
train3577.png,некремних,нокренних
train3583.png,гие,же
train3584.png,Это,это
train3586.png,?,2
train3588.png,де,две
train3589.png,васинейшие,важнейшие
train3590.png,сина,сился
train3593.png,человека,"человека,"
train3595.png,нуждаются,тридаются
train3600.png,человеко,человека
train3602.png,Сльгина,Сложна
train3604.png,ситуации,"ситуации,"
train3607.png,провладают,преследают
train3609.png,раздном,"разумом,"
train3611.png,отига,тогда
train3613.png,бусет,берет
train3616.png,израивали.,чувствами.
train3617.png,пс,Не
train3619.png,Мак,Люк
train3621.png,Клатье,Клапье
train3622.png,Военорг,Вовенорг
train3623.png,совершл,говерил:
train3624.png,Разуму.,Разуму
train3627.png,надобросией,надобностей
train3628.png,"сердца""","сердца ""."
train3631.png,человек.,человек
train3634.png,игрании,желании
train3640.png,чувствами,"чувствами,"
train3641.png,конгорие,которые
train3642.png,заимевают,закомевают
train3643.png,претиворечайший,противоречений
train3644.png,призум.,тразум.
train3646.png,сюжит,сюжет
train3647.png,мы,Мел
train3650.png,в декане,в романе
train3652.png,Сергаевич,Сергеевича
train3653.png,Туракова,Турченева
train3656.png,дети,"дети,"
train3660.png,Басильевич,Васильевич
train3661.png,Базаров,"Базаров,"
train3663.png,начинатем,"ничилистом,"
train3665.png,Прицел,отрицал
train3666.png,Вукольно,бурвально
train3667.png,все,всё
train3668.png,выпоть.,вылоть
train3670.png,рюбива.,любви.
train3672.png,внутренний,внутренный
train3673.png,принцеп,принцип
train3674.png,Лел,был
train3676.png,веяной,всякой
train3677.png,домантаки,"Романтики,"
train3678.png,чувшов,чувств.
train3679.png,Он,Оп
train3680.png,настал,считал
train3682.png,"""Олиберуей",велибердой
train3683.png,непростентальной,непростительной
train3684.png,дурф.,дурью.
train3687.png,черток,"чертой,"
train3691.png,взглядов,"взглядов,"
train3692.png,Кира,Кара
train3693.png,выпрека,витрика
train3694.png,5,в
train3696.png,Одинцовой,"Одицовой,"
train3697.png,капцаней.,"плищиной,"
train3698.png,Которая,которая
train3699.png,Илл,была
train3700.png,пе,не
train3702.png,раз,как
train3703.png,въ,все
train3704.png,Герои,Герой
train3705.png,истрение,искрение
train3706.png,вливается,вмовляется
train3707.png,в неё,"в пеё,"
train3710.png,чувства,чувство
train3714.png,неприемкириями,неприемниками
train3716.png,странными,странциями
train3717.png,У,2.
train3718.png,Аннея,Анна
train3721.png,Лало,было
train3723.png,сердечная,сердечных
train3726.png,Какие,были
train3728.png,Базарова,"Базарова,"
train3730.png,видиски,влячески
train3731.png,нотальная,пытался
train3733.png,ирить,"скрыть,"
train3736.png,въ,его
train3737.png,жиз.,жиз
train3739.png,даже,ранее
train3740.png,Влю,блю
train3743.png,рошь,лишь
train3744.png,рассуду,рассудку
train3747.png,мог,мы
train3750.png,происходящем,происледящим
train3752.png,Прис,Что
train3753.png,берева,борьба
train3755.png,н,и
train3757.png,делам,делала
train3761.png,нахолец,наконец
train3763.png,признавшиесь,признавшись
train3766.png,Одинцовой,"Одинцовой,"
train3767.png,н,к
train3768.png,полутит,получает
train3772.png,праводит,приводит
train3773.png,Базарва,Базарова
train3774.png,нерваначальным,первеначальным
train3775.png,принисам,принципам
train3776.png,деревние,дерневные
train3777.png,по ревил,порывы
train3778.png,Являются,являются
train3779.png,росто,просто
train3780.png,воздорем,вздором
train3782.png,фавнению,фавлению
train3786.png,Повел,не
train3787.png,вывает,бывает
train3788.png,такого,"такого,"
train3792.png,часла,"часла,"
train3793.png,хоть,Хоть
train3794.png,п,и
train3796.png,смертью,"смертью,"
train3797.png,по,но
train3800.png,око,она
train3803.png,п,и
train3804.png,выпаст,встает
train3806.png,ею,его
train3807.png,разума,"разума,"
train3810.png,побежуая,леждая.
train3812.png,вслов.,вновь
train3816.png,Л,А
train3817.png,Ание,"Анне,"
train3823.png,постить,ростичь
train3824.png,Сердца,сердца
train3825.png,Ещё,Еще
train3826.png,сурма,одним
train3827.png,183,из
train3829.png,филерв,примеров
train3830.png,противоверства,противоборства
train3833.png,чувства.,чувство
train3836.png,П м,1.М.
train3837.png,Каранзина,Карамзина
train3841.png,герояней,героиней
train3842.png,завести,повести
train3844.png,интементальная,сентиментальная
train3847.png,Лиза,"Лиза,"
train3849.png,вновляется,влюбляется
train3851.png,(честого,(патого
train3853.png,эроста,Эроста.
train3855.png,ино,что
train3856.png,121,их
train3861.png,И,и
train3862.png,вопу,вот
train3864.png,подвигательная,чувствительная
train3865.png,девушка,девушки
train3869.png,вознабретому,"возмобленному,"
train3875.png,разумом,разумом.
train3876.png,Но,"Но,"
train3878.png,согласению,"согналению,"
train3880.png,мелодого,молодого
train3881.png,зарянить,дворянина
train3883.png,опадовирет.,опладовают
train3884.png,"""",а
train3885.png,ветере,встре
train3892.png,произволяет,проигрывает
train3896.png,120,по
train3898.png,гидению,ждению
train3901.png,Легиской,богатой
train3902.png,взве.,вдове.
train3905.png,тучные,техние
train3908.png,воздухновление,выдерживает
train3912.png,О,в
train3913.png,труд,пруд.
train3919.png,свит,был
train3921.png,удерем,"ударом,"
train3922.png,приносившим,приносываем
train3923.png,дуплавную,душевную
train3924.png,(ль,"боль,"
train3925.png,избивиться,избавиться
train3927.png,ну,из
train3932.png,самоулийством.,самоурейством.
train3933.png,Ее,Её
train3935.png,противерении,противеречия
train3937.png,ходу,году
train3938.png,сибитий,"событий,"
train3939.png,на,не
train3940.png,хипить,осилить
train3941.png,телкое,талкое
train3946.png,Поким,Таким
train3947.png,образом,"образом,"
train3948.png,береба.,борьба
train3949.png,фут.,двух
train3950.png,вагипейших,важнейших
train3953.png,мигра,мира
train3956.png,один.,один
train3959.png,Ологиник,сложных
train3963.png,каждого,каждого.
train3964.png,Исли,Или
train3965.png,нерество,чувство
train3966.png,приводит,превосходит
train3967.png,разум,разды
train3970.png,чувства.,"чувства,"
train3972.png,противоречия,противоречий
train3973.png,двляются,являются
train3974.png,Леконечий,бесконечной
train3975.png,душко,дуэлью
train3976.png,Но,но
train3980.png,ракода,никогда
train3982.png,постали,постить
train3983.png,истречаниях,искрепных
train3984.png,чувств.,чувств
train3988.png,Что,что
train3989.png,не,же
train3992.png,),2
train3993.png,700,Это
train3996.png,мне,лик
train4008.png,очень,Очень
train4009.png,слонено,сложна
train4010.png,5ы,Бы
train4011.png,Лают,вают
train4018.png,о,а
train4020.png,иде,где
train4030.png,класье,кланье
train4031.png,Вовенар,Вовенара
train4033.png,Резуму,Разуму
train4035.png,постить,постичь
train4049.png,ноего,насто
train4051.png,чувствами,"чувствами,"
train4055.png,гиворечащий,гиворегаций
train4056.png,разум,"разум,"
train4066.png,Сёр-,Сер-
train4067.png,живила,чеевичи
train4069.png,Огуи и,Отцы и
train4070.png,"дели"",",дети;
train4072.png,глев,глов
train4078.png,озяров,"озаров,"
train4080.png,чигилистом,нигилистом
train4085.png,п,П.
train4089.png,внутренния,внутренний
train4093.png,всякой,в зякой
train4094.png,мантику,мантики
train4101.png,дурь ю,дурью
train4109.png,в стрега,встреча
train4111.png,А нной,Анной
train4114.png,женщиной,"женщиной,"
train4115.png,когорая,которая
train4135.png,У,9
train4140.png,гаких,таких
train4142.png,х,к
train4152.png,литалка,пытался
train4160.png,ронее,ранее
train4172.png,потому,по 170 му
train4181.png,но,Но
train4182.png,наконещ,наконец
train4184.png,признавшиев,признавщись
train4190.png,отвержение,отвержения
train4191.png,это,Это
train4194.png,н,к
train4196.png,принцы,гранцы
train4199.png,душевны,душевное
train4201.png,Являются,являются
train4203.png,в здором,вздором
train4208.png,но,Но
train4211.png,такого,"такого,"
train4215.png,часло,часла
train4224.png,тони,таки
train4225.png,разгорается,разгоряется
train4227.png,встает,в стает
train4229.png,пев,тив
train4231.png,разума,"разума,"
train4234.png,побеждая,побеждая.
train4242.png,ток,так
train4247.png,посрочь,посточь
train4261.png,м.,М.
train4262.png,каранзуна,каромзуна
train4264.png,"Лиза"".","Лиза,"
train4269.png,сентиментальной,сентиментальное
train4271.png,крестьянно,крестьянка
train4277.png,дворянине,дворянина
train4278.png,Эроста,7 раста
train4283.png,нико,Нико
train4284.png,где,гда
train4287.png,4,и
train4290.png,чувствительняя,чувствительная
train4291.png,девушке,девушка
train4293.png,лностью,жностью
train4296.png,возрюбленному,возлюбленному
train4303.png,но,"но,"
train4308.png,дворянино,дворянина
train4311.png,окладевают,"охладевают, и"
train4314.png,уезисает,уезжает
train4317.png,поход,"поход,"
train4328.png,но,на
train4335.png,терпение,терпения
train4336.png,Лулов,Лизов
train4351.png,ударом,"ударом,"
train4357.png,избавиться,избовиться
train4361.png,хотело,хотеле
train4363.png,самоубийством,самоубийском
train4364.png,ся,се
train4367.png,геворечил,неворечил
train4368.png,какому,такому
train4369.png,ходу,хо ду
train4373.png,симить,силить
train4374.png,пылков,пылкое
train4379.png,Таким,таким
train4382.png,двухо,двую
train4383.png,важеней,важней
train4390.png,7 00,это
train4393.png,сомых,самых
train4398.png,каждого.,каледого.
train4406.png,токие,такие
train4410.png,дуэлью,дуэлью.
train4411.png,но,Но
train4418.png,искренних,искренных
train4425.png,?,2
train4428.png,вашнейшие,важнейшие
train4444.png,сигуации,ситуации
train4452.png,разуме,разум
train4458.png,бря,дря
train4459.png,люк,Люк
train4461.png,клащье,кланье
train4463.png,нарг,карг
train4465.png,Радуму,Разуму
train4467.png,поспишь,постичь
train4470.png,Бедо,Ведь
train4471.png,земствительно,действительно
train4480.png,муими,ящими
train4481.png,чувствами,"чувствами,"
train4485.png,противоречащии,произворесащий
train4486.png,им,или
train4490.png,сложет,сюжет
train4495.png,ивана,Ивана
train4497.png,Тургеева,Тургенева
train4498.png,"""Опут и",", Отцы и"
train4499.png,"дели""",дети и
train4504.png,семии,сени
train4508.png,киимитом,плилистом
train4509.png,отрещал,оприцал
train4512.png,видоть,вирть
train4518.png,опп,опл
train4522.png,чувств.,чувств
train4526.png,белибердой,телибердой
train4528.png,дурью,зурью
train4529.png,Решающей,Ремающей
train4532.png,напрекор,наперскор
train4534.png,озимядов,в зглядов
train4536.png,выроча,встреча
train4538.png,(чтоб,Анной
train4542.png,опыла,была
train4543.png,пе,не
train4546.png,вес.,все
train4548.png,шкрепке,некрение
train4552.png,по,но
train4558.png,не приемнимыми и,неприемнимыми и
train4560.png,У,и
train4561.png,(ины,Анны
train4564.png,это,было
train4565.png,чаких,таких
train4567.png,склонности,складностей
train4569.png,опли,были
train4572.png,он,Он
train4573.png,виечески,всечески
train4581.png,раки,реки
train4582.png,тко,токо
train4587.png,улев,пять
train4590.png,маг,ма
train4592.png,ролидовать,полидовать
train4594.png,происход,проиход
train4595.png,ящим,"ящим,"
train4600.png,мо,ма
train4603.png,делама,делала
train4604.png,свои,свое
train4606.png,но,по
train4608.png,по,то
train4609.png,ирлу,приз
train4610.png,новись,новшись
train4613.png,одинцовой,"Одинцовой,"
train4615.png,отвержение,отвершение
train4616.png,это,Это
train4618.png,Буарова,Бугрова к
train4622.png,думевные,душевные
train4625.png,юня,ются
train4631.png,рассудком,рассудном
train4634.png,твает,тывает
train4635.png,пакого,такого
train4639.png,село,часла
train4640.png,хот,хоть
train4641.png,г,и
train4644.png,по,но
train4649.png,паки,таки
train4652.png,ветой,ветает
train4657.png,иноге,итоге
train4659.png,.он,Он
train4661.png,вскоминает,вспоминает
train4662.png,о,0
train4663.png,людви,любви
train4665.png,Ание,Анне
train4671.png,папись,постись
train4672.png,сердца,сердца.
train4685.png,н.,Н.
train4686.png,каращина,каралина
train4687.png,"""бедная",Бедная
train4688.png,лиза,риза:
train4689.png,равной,Павной
train4693.png,септиментальная,сентменральная
train4694.png,одная,бедная
train4700.png,до,то
train4701.png,сколо,гатого
train4704.png,казалось,"Казалось,"
train4718.png,своиму,своему
train4719.png,возрюблен-,возлюблен-
train4720.png,ному,пому
train4723.png,терет,берет
train4727.png,но,"но,"
train4729.png,сожалению,"сожалению,"
train4730.png,чувства,чувство
train4732.png,дворяника,дворянина
train4734.png,охладевают,"охладевают, и"
train4737.png,уезжает,усужает
train4742.png,проигрывает,проирывает
train4746.png,выкуп,вынут
train4747.png,ден,одн
train4748.png,тениться,жениться
train4750.png,досатом,богатом
train4755.png,Луды,Луп
train4765.png,комунск,поступок
train4767.png,Тп,был
train4770.png,прикосившим,приносившим
train4771.png,душев.,душев-
train4778.png,хале,хотела
train4779.png,лись,лишь
train4780.png,самоутинством,самоутийством
train4781.png,Е,Ее
train4785.png,сходу,ходу
train4788.png,ошитеть,ошлить
train4789.png,пылное,пылкое
train4794.png,таким,Таким
train4795.png,образом,"образом,"
train4796.png,тороба,торьба
train4798.png,вашнейший,важнейших
train4809.png,спонных,сложных
train4810.png,процес,процесс
train4815.png,или,Или
train4817.png,привосходит,превосходит
train4821.png,чувива.,чувства.
train4822.png,ракие,такие
train4825.png,ресконечной,бесконечной
train4826.png,дуолью,дуэлью.
train4829.png,на,же
train4830.png,разушу,разуму
train4831.png,николда,никогда
train4834.png,шкренних,искренних
train4835.png,чувев.,чувств.
train4843.png,?,г
train4850.png,человека,"человека,"
train4859.png,сложка,сложна
train4869.png,разуле,разум
train4871.png,дерх,верх
train4875.png,зря,зра
train4876.png,Люк,Мок
train4881.png,"""Разуму",Разуму
train4885.png,"сердца""",сердца
train4887.png,действие.,действи-
train4897.png,чувствами,"чувствами,"
train4914.png,дети,"дети,"
train4921.png,будуги,будучи
train4922.png,непалистом,непилистом
train4923.png,отрицал,стрицал
train4926.png,впроть,вплоть
train4928.png,Любви,любви
train4932.png,бол,был
train4933.png,пропов,против
train4935.png,романтики,"романтики,"
train4936.png,чувств.,чувств
train4940.png,белибердой,"белибердой,"
train4942.png,дурью....,дурью...
train4944.png,чертой,"чертой,"
train4945.png,ставкий,ставшей
train4948.png,взглядам,"взглядам,"
train4949.png,богла,была
train4951.png,Акской,Анной
train4953.png,женщенной,"женщиной,"
train4965.png,по,не
train4973.png,странными,страшными
train4974.png,У,у
train4975.png,Анкы,Анны
train4989.png,Это,это
train5013.png,делела,делала
train5017.png,наконец-те,наконец-то
train5020.png,любви.,любви
train5021.png,Одинцовой,"Одинцовой,"
train5029.png,принципам,"принципам,"
train5038.png,С,с
train5039.png,рассудком,рассудком.
train5052.png,по,", но"
train5057.png,разграется,разгорается
train5062.png,разума,"разума,"
train5064.png,итоге,итые
train5065.png,побеждая,побеждая.
train5069.png,О,о
train5072.png,Анке,"Анке,"
train5078.png,лости и,лостичь
train5079.png,сердца,сердца.
train5091.png,Н. М.,Н.М.
train5092.png,карамзина,"Карамзина,"
train5094.png,Лиза-,Лица.
train5103.png,Лиза,"Лиза,"
train5110.png,Казалось,"Казалось,"
train5119.png,дже,уже
train5126.png,возлюбленному,"возмобленному,"
train5131.png,разумом,разумом.
train5134.png,сожалению,"сожалению,"
train5139.png,охладевают,"окладевают,"
train5146.png,поход,"поход,"
train5161.png,лизы,Лизы
train5166.png,прыгает,прычает
train5168.png,груд,пруд
train5174.png,бол,был
train5176.png,ударом,"ударом,"
train5182.png,П,от
train5185.png,котела,хотела
train5188.png,Евд.,Её
train5190.png,претиворечил,противоречил
train5192.png,ходу,коду
train5194.png,по,", по"
train5195.png,хилить,осилить
train5196.png,пылкое,лылкое
train5200.png,узалось,удалось
train5202.png,образом,"образом,"
train5203.png,"""борьба",", борьба"
train5204.png,звук,двух
train5205.png,важенейших,важнейших
train5211.png,один,дан
train5225.png,чувства.,чувства
train5229.png,веснонечной,бесконечной
train5230.png,дуэлью,дуэлью.
train5237.png,костич,постич
train5238.png,икренник,шкренник
train5239.png,чувств,чувств.
0_2.png,то,"то,"
0_8.png,того,"того,"
0_17.png,кричал,"кричал,"
0_25.png,"Герапла""","Геракла"""
0_43.png,роста,"роста,"
0_56.png,думаю,"думаю,"
0_48.png,счастью,"счастью,"
0_67.png,помню,"помню,"
0_69.png,заниматься,"заниматься,"
0_85.png,осознать,"осознать,"
0_73.png,"школу"",","школу"",-"
0_70.png,уговарывал,уговаривал
0_106.png,Григорьевича,григорьевича
0_95.png,ситуация,"ситуация,"
0_128.png,""" Уроки","""Уроки"
0_136.png,но,"но,"
0_142.png,"""слиг-","""слиш-"
0_152.png,считал,"считал,"
0_156.png,нерягиливыми,неряшливыми
0_163.png,Но,"Но,"
0_170.png,выбритый,"выбритый,"
0_167.png,"""Большеголовый","""Большеголовый,"
0_178.png,одетый,"одетый,"
0_180.png,учителя,"учителя,"
0_195.png,блохи,"блохи,"
0_197.png,Родины -,Родины-
1_237.png,характер,"характер,"
1_243.png,Конечно,"Конечно,"
1_261.png,воспитания,"воспитания,"
1_259.png,организованным.,организованным
1_269.png,учеников,"учеников,"
1_270.png,индивидуальны,"индивидуальны,"
1_282.png,спокойная,"спокойная,"
1_285.png,строгим,"строгим,"
1_304.png,то,"то,"
1_325.png,мальчика,"мальчика,"
1_341.png,мнению,"мнению,"
1_336.png,Единственное,"Единственное,"
1_339.png,Желательно,"Желательно,"
1_347.png,судьба,"судьба,"
1_355.png,разные,"разные,"
1_360.png,ученикам,"ученикам,"
1_391.png,норм,"норм,"
1_397.png,вся,"вся,"
1_418.png,голов,гогов
1_423.png,уроком,"уроком,"
1_420.png,легким,"легким,"
1_419.png,Михайловна,Михайловны
1_424.png,проверять,"проверять,"
1_431.png,учителя,"учителя,"
1_464.png,повышался,"повышался,"
1_478.png,ум,"ум,"
2_494.png,Недавно,недавно
2_504.png,литературы,"литературы,"
2_510.png,оды,"оды,"
2_522.png,отображаго-,отображаю-
2_518.png,баллады,"баллады,"
2_512.png,жизнь,"жизнь,"
2_521.png,уроке,уроне
2_520.png,стихотворения,"стихотворения,"
2_524.png,местности,"местности,"
2_533.png,улыбка,улыбка.
2_555.png,поведение,"поведение,"
2_558.png,конкурсах,"конкурсах,"
2_569.png,""" чахленькой""","""чахленькой"""
2_588.png,Олеговна,"Олеговна,"
2_609.png,части,"части,"
2_614.png,местности,"местности,"
2_625.png,сокровенном,"сокровенном,"
2_647.png,учеников,"учеников,"
2_649.png,На,на
2_653.png,ситуации,"ситуации,"
2_659.png,упрекающее,"упрекающее,"
2_664.png,учеником,"учеником,"
2_693.png,ревни,"ревни,"
2_700.png,улыбается,"улыбвается,"
2_713.png,чувства,"чувства,"
2_707.png,прослезиться.,"прослезиться..."""
3_726.png,концы.,"концы""."
3_742.png,деревню,"деревню,"
3_749.png,к юность,"""юность"
3_754.png,снегу,"снегу,"
3_751.png,детей,"детей,"
3_771.png,деревней,"деревней,"
3_767.png,осин,"осин,"
3_779.png,показать,"показать,"
3_778.png,Не,не
3_799.png,человек,"человек,"
3_805.png,"поцеловать,","поцеловать"","
3_811.png,нас,"нас,"
3_809.png,обрадовался,"обрадовался,"
3_823.png,это,"это,"
3_825.png,наний,наний.
3_833.png,осин.,"осин""."
3_834.png,деревни,"деревни,"
3_850.png,вечер,"вечер,"
3_851.png,ность,"ность,"
4_879.png,ярмарок,"ярмарок,"
4_886.png,мудрости,"мудрости,"
4_876.png,фестивалей,"фестивалей,"
4_889.png,творчество,"творчество,"
4_883.png,гесанров.,жанров.
4_884.png,приметы,"приметы,"
4_900.png,познавательно,"познавательно,"
4_913.png,поколения-,поколения -
4_918.png,поколения.,покаления.
4_919.png,обновляются,"обновляются,"
4_943.png,живо.,живо
4_945.png,сейчас,"сейчас,"
4_955.png,близко,"близко,"
4_956.png,старших-,старших -
4_957.png,поучительно,"поучительно,"
4_972.png,загадки,"загадки,"
4_974.png,сказки,"сказки,"
4_975.png,поговорки,"поговорки,"
4_966.png,трогательно,"трогательно,"
4_993.png,баллады,"баллады,"
4_981.png,театрализованности,"театрализированности,"
4_995.png,душевности,"душевности,"
4_985.png,человеку,"человеку,"
4_997.png,исполнения,"исполнения,"
4_999.png,былины,"былины,"
4_1001.png,древности 2,"древности,"
4_1007.png,фольклор-,фольклор -
5_1018.png,Рёдор,Фёдор
5_1015.png,Тютчев-,Тютчев -
5_1038.png,Пом,/1ош
5_1040.png,связаны,"связаны,"
5_1047.png,главное-,главное -
5_1058.png,кажется,"кажется,"
5_1074.png,Пютчева;,"Тютчева,"
5_1072.png,ч,и
5_1077.png,века,"века,"
5_1080.png,сохранено,"сохранено,"
5_1086.png,свободны,"свободны,"
5_1092.png,природу,"природу,"
5_1101.png,се.,ее.
5_1099.png,деле,"деле,"
5_1109.png,Р.,Р
5_1115.png,процветать,"процветать,"
5_1112.png,основа,"основа,"
5_1126.png,жизни:,жизни.
5_1145.png,землёй,"землёй,"
5_1172.png,птицу,"птицу,"
5_1168.png,очишь,лишь
5_1177.png,жизни,"жизни,"
5_1187.png,угрозы,"угрозы,"
5_1180.png,воздух,"воздух,"
5_1197.png,кормуна,"коршуна,"
5_1198.png,пария,парил
5_1202.png,на,На
5_1200.png,сравния,сравнил
5_1208.png,кормун,коршун
5_1214.png,противоречиями,"противоречиями,"
5_1222.png,он-,он -
5_1224.png,потрясения,"потрясения,"
5_1229.png,земле,"земле,"
5_1230.png,то,"то,"
6_1238.png,испытаний,"испытаний,"
6_1232.png,мощных,"мощных,"
6_1239.png,жизни,"жизни,"
6_1242.png,четверостишие,"четверостишия,"
6_1243.png,небо,"небо,"
6_1250.png,корищном,"коршуном,"
6_1257.png,показать,"показать,"
6_1272.png,прыжке,"прыжке,"
6_1273.png,вверх,"вверх,"
6_1294.png,НС,Н.С
6_1302.png,"Русь...""-","Русь..."","
6_1297.png,"""леснов",Лесков
6_1308.png,сказе.,сказе
6_1315.png,лучше,лучшие
6_1307.png,"есть "",","есть"","
6_1318.png,скромность.,"скромность,"
6_1322.png,левши,Левши
6_1327.png,традициям,традициям.
6_1325.png,земле,"земле,"
6_1342.png,цеб,"цей,"
6_1335.png,талантливого.,"талантливого,"
6_1345.png,произведении,произведение
6_1348.png,Родине,"Родине,"
6_1353.png,особое,"особое,"
6_1368.png,писатель,"писатель,"
6_1370.png,никами,"никами,"
6_1377.png,грустное,"грустное,"
6_1382.png,одарённых,"одарённых,"
6_1383.png,создал,"создал,"
6_1389.png,оклудая,ожидая
6_1392.png,произведения-,произведения -
6_1404.png,"""Приро-","""приро-"
6_1406.png,"красла"",","крыма"","
6_1412.png,4/,2/1
6_1416.png,он,ош
6_1425.png,"""Левша-","""Левша -"
6_1427.png,"""Лесков-","""Лесков -"
6_1430.png,русский,"русский,"
6_1435.png,настоящего.,"настоящего,"
6_1439.png,умельца-,умельца -
6_1434.png,книги,"книги,"
6_1446.png,мощных,"мощных,"
6_1438.png,Родины,"Родины,"
6_1447.png,патриат,"патриот,"
6_1458.png,мало,"мало,"
6_1452.png,"""Я","""я"
6_1456.png,земли,"земли,"
6_1465.png,"""4","""У"
6_1473.png,трудолюбие,"трудолюбие,"
7_1486.png,В. Г.,В.Г.
7_1496.png,Испандера.,Искандера.
7_1501.png,отрадальца,"страдальца,"
7_1514.png,языка,"языка,"
7_1515.png,?,","
7_1519.png,"""",","
7_1522.png,е,с
7_1536.png,учителя,"учителя,"
7_1546.png,душоб.,душой.
7_1556.png,героя,"героя,"
7_1573.png,народа-,народа -
7_1575.png,"""",","
7_1566.png,ругани,"ругани,"
7_1577.png,под-,под
7_1580.png,над,Над
7_1587.png,унижения,"унижения,"
7_1594.png,холодно,"холодно,"
7_1593.png,автора,"автора,"
7_1603.png,глаза,"глаза,"
7_1605.png,Двадцатипятелетняя,Двенадцатилетняя
7_1612.png,когда,Когда
7_1610.png,сердцем,"сердцем,"
7_1609.png,Михаиловна,Михайловна
7_1621.png,Диогенович-,Диогенович -
7_1630.png,н,к
7_1632.png,красивая,"красивая,"
7_1635.png,отовсюду,"отовсюду,"
7_1648.png,прицуривала.,прищуривала.
7_1647.png,рассказчика,"рассказчика,"
7_1651.png,незаднядных,незаурядных
7_1653.png,дисциплина,"дисциплина,"
7_1657.png,"""Уреки","""Уроки"
7_1662.png,Михайловна-,Михайловна -
7_1677.png,посят,косят
7_1678.png,власти,"власти,"
7_1681.png,забыли,"забыли,"
7_1692.png,аккуратна,аккуратно
7_1688.png,царит,царят
7_1710.png,на,На
7_1711.png,роста,"роста,"
7_1721.png,Простых,"Простых,"
7_1726.png,правильное,"правильное,"
7_1739.png,"""",","
7_1730.png,3/5,4/5
7_1743.png,происхождения,"происхождения,"
7_1745.png,гостинцы,гостиницы
7_1748.png,посьмать,посылать
7_1747.png,деньги,"деньги,"
7_1756.png,улыбку,"улыбку,"
7_1753.png,предмет,"предмет,"
7_1758.png,учеников,"учеников,"
8_1774.png,любя,"любя,"
8_1775.png,пеихике.,психике.
8_1773.png,занятиями,"занятиями,"
8_1784.png,учителя,"учителя,"
8_1806.png,5/5,5-/5
9_1815.png,Лёгкий -,Лёгкий-
9_1831.png,роще.,роше.
9_1822.png,подтянул,подтянул;
9_1832.png,парашли,пара шли
9_1834.png,берёзовой,"берёзовой,"
9_1849.png,часовой,"часовой,"
9_1852.png,Часок,"Часок,"
9_1848.png,часомо.,часом.
9_1856.png,Потянух-,Потянун-
9_1863.png,выплыло.,выплыло
9_1855.png,Ветерок,"Ветерок,"
9_1871.png,етайка,стайка
10_1930.png,нобрать,набрать
10_1946.png,св,се
10_1951.png,пробежит,"пробежит,"
10_1955.png,обень,ооень
10_1968.png,2),2.)
10_1972.png,(деревья,"(деревья,"
10_1984.png,Лыжник,"Лыжник,"
10_1987.png,ого,юг
10_2011.png,Можно,можно
10_2024.png,сквордцы.,скворцы.
10_2030.png,холодно,"холодно,"
10_2031.png,шлёса,шлёт
10_2059.png,ковер,ковёр
10_2056.png,Бежит -,Бежит-
10_2065.png,небо,"небо,"
10_2069.png,перебежит,"перебежит,"
10_2083.png,обота,абота
10_2075.png,дрог.,дрог-
10_2087.png,3,З
10_2086.png,ты.,та.
10_2098.png,леса,"леса,"
10_2103.png,"""",","
10_2100.png,красивых,красивыы
10_2107.png,осень,"осень,"
10_2117.png,потому,"потому,"
10_2118.png,"""",","
10_2128.png,30,ю
11_2133.png,В,р
11_2136.png,прил.,прил
11_2143.png,лесу,"лесу,"
11_2134.png,седей,сущ
11_2140.png,дождей,"дождей,"
11_2150.png,Лесо,Лесе
11_2154.png,срине,спине
11_2168.png,Шоссе,"шоссе,"
11_2181.png,снег,сне
11_2183.png,шурка,шурш
11_2179.png,шофёр,"шофёр,"
11_2190.png,Дась,Дик
11_2200.png,аллея,"аллея,"
11_2207.png,автобус,"автобус,"
11_2211.png,четверг,"четверг,"
11_2204.png,лейбус,"лейбус,"
11_2219.png,вокзал,"вокзал,"
11_2221.png,праздник,"праздник,"
11_2223.png,компьютер,"компьютер,"
11_2226.png,трамвай,"трамвай,"
11_2225.png,бол,"бол,"
11_2244.png,4,4.
11_2246.png,Ракета,"Ракета,"
11_2254.png,пшеница,"пшеница,"
11_2267.png,посветлеет,"посветлеет,"
11_2294.png,убор,"убор,"
11_2306.png,ногами,"ногами,"
11_2321.png,на,пр
11_2312.png,сущ.,сущ
11_2317.png,Т.п,Тп
11_2314.png,П.п,Пп
11_2329.png,звориных,звериных
11_2327.png,Путок,Пушок
11_2330.png,"""зде",пред
11_2347.png,ки-,пи-
11_2343.png,О,Он
11_2356.png,"""",","
11_2362.png,жуков.,жуков
11_2360.png,тушок,пушок
11_2363.png,пыхтел,"пыхтел,"
11_2375.png,и,л
12_2378.png,чеку,ёлку
12_2391.png,Сущ,сущ
12_2395.png,В.п.,Вп
12_2399.png,Д.п,Дп
12_2400.png,Т.п,Тп
12_2397.png,П.п,Пп
12_2406.png,едв,одв
12_2407.png,лесу,"лесу,"
12_2404.png,16,ю
12_2410.png,и,ц
12_2423.png,Д.п,Дп
12_2420.png,предл,пред
12_2435.png,елью,"елью,"
12_2447.png,поляне,"поляне,"
12_2450.png,топором,"топором,"
12_2455.png,Чудесная,Удесная
12_2449.png,землю,"землю,"
12_2452.png,Захтел-,Захотел-
12_2459.png,проснулась,"проснулась,"
12_2475.png,решит,решиш
12_2483.png,укросить,украсить
12_2486.png,вчехал,"въехал,"
12_2488.png,хочет,"хочет,"
12_2494.png,трещал,"трещал,"
12_2492.png,декабрь,"декабрь,"
12_2490.png,маленький,"маленький,"
12_2505.png,срала,спала
12_2501.png,лесную,"Лесную,"
12_2498.png,заплакал,"заплакал,"
12_2502.png,медведица,"медведица,"
12_2508.png,мома,мама
12_2517.png,Трещел,Трещал
12_2528.png,кружиность,кружилась
12_2513.png,Мишутка,.Минутка
12_2532.png,землю,земли
12_2536.png,землю,"землю,"
12_2539.png,у,Ч
12_2543.png,Списывание.,Списыввание.
12_2534.png,лесную,"лесную,"
12_2547.png,полёт,"полёт,"
12_2544.png,полезет.,"полезет,"
12_2548.png,4,4.
12_2541.png,маленк,моленк
12_2542.png,зится,"зится,"
12_2546.png,напугалась,"напугалась,"
12_2545.png,спать,"спать,"
12_2549.png,избернии.,изберлоги.
12_2558.png,животе,"животе,"
12_2556.png,морковку,"морковку,"
12_2552.png,проснулась,"проснулась,"
12_2564.png,веткам,"веткам,"
12_2561.png,след,"ёлку,"
12_2573.png,веткам,"веткам,"
12_2572.png,берёзка,"берёзка,"
12_2575.png,красовицу,красавицу
12_2578.png,х,+
12_2581.png,поляне,"поляне,"
12_2584.png,ошибк ками.,ошибК ками.
12_2613.png,есть-,есть.
12_2616.png,Тп,Рп
12_2619.png,предл,пред
12_2626.png,П.п.,Пп
12_2632.png,предл,пред
12_2634.png,Вр,Вп
12_2620.png,сущ,есущ
12_2638.png,Вр.,Вп
12_2637.png,Т.п.,Тп
12_2640.png,П.п,Пп
13_2658.png,площ,пищу
13_2643.png,3.,л
13_2651.png,2,е
13_2671.png,я,Я
13_2665.png,Джек-,.Джек-
13_2679.png,собока,собака
13_2684.png,я,Я
13_2688.png,меглов.,щеглов.
13_2696.png,летела,летели
13_2715.png,капелки,капельки
13_2707.png,лучо,луч.
13_2723.png,Рос,Реб
13_2730.png,напол-,напал-
13_2725.png,Троринка,Тропинка
13_2751.png,вдруг,Вдруг
13_2763.png,расса,рассл
13_2770.png,лопки,лапки
13_2774.png,случай,"случай,"
13_2775.png,положима,положила
13_2788.png,день,"день,"
13_2791.png,залезса,залезла
13_2798.png,издела,извест
13_2808.png,глушки.,глуши.
13_2802.png,росн.,росы.
13_2804.png,Натизи-,Нанзи-
13_2827.png,птич,птиь
13_2830.png,поглядеть,поглядать
13_2820.png,Полум,чащи
13_2826.png,Майыш,Маиыш
13_2843.png,Ресело,весело
13_2845.png,дети,"дети,"
13_2844.png,осенки.,осенни.
13_2842.png,опушках,опушкой
13_2848.png,синетра,синица
13_2879.png,предалека,недалеко
13_2887.png,Контрольнали,Контрольна ый
13_2893.png,Головедой,Повадки
13_2898.png,Дп.,Дп
13_2908.png,?,","
13_2911.png,"""",","
14_2939.png,капель,"капель,"
14_2935.png,прибела,"привела,"
14_2944.png,звери,"звери,"
14_2946.png,зарят-,зверей-
14_2951.png,клаза-,глаза-
14_2954.png,радость,"радость,"
14_2957.png,Превела-,Привела-
14_2958.png,правёл,"привёл,"
14_2963.png,Дорожка,"Дорожка,"
14_2960.png,листочках,листочках.
14_2968.png,малыш,"малыш,"
14_2969.png,Вокруг,вокруг
14_2976.png,катится,"катится,"
14_2967.png,Росы,"Росы,"
14_2978.png,круги,"круги,"
14_2979.png,Лапке,лапке
14_2984.png,выбрался,"выбрался,"
14_2993.png,вокруг -,вокруг-
14_3003.png,лисят -,лисят-
14_3005.png,рядостная-,радостная-
14_3007.png,дрожь,"дрожь,"
14_2999.png,норы,норы.
14_3000.png,Певей,Певец
14_3008.png,весть,"весть,"
14_3014.png,тр,т
14_3013.png,Щелкнул,"Щелкнул,"
14_3015.png,роб.,ряба.
14_3018.png,глушь,"глушь,"
14_3016.png,рябь,рябь.
14_3025.png,весело -,весело-
14_3020.png,повод,"повод,"
14_3023.png,вес-,весё-
14_3039.png,родостная,"радостная,"
14_3035.png,глубиш,глушь
14_3046.png,ж.р.,жр
14_3045.png,Пп.,Тп
14_3054.png,сук.,сук
14_3053.png,продолжили.,предложила.
14_3066.png,тым,"там,"
14_3073.png,навала,начала
14_3078.png,Это,это
14_3093.png,сквордна,скворца
14_3104.png,Их,И
14_3108.png,скворца,сквордца
14_3119.png,Хотел,хотел
14_3117.png,Закотилась,Закатилось
14_3131.png,пленника,пленника.
14_3132.png,Понок,чонок
14_3140.png,-,при-
14_3138.png,ж.р,ж.р.
14_3135.png,г,2
14_3142.png,скл.,скл
14_3139.png,м.р,м.р.
14_3145.png,П.п.,Пп
14_3141.png,П.п,Вп
14_3157.png,Обнялись,"Обнялись,"
14_3159.png,1000В + 10Ом,тетрадь
14_3154.png,другу,друг
14_3158.png,статьей,омных
14_3164.png,чуточку,"чуточку,"
14_3169.png,засвистал,"засвистал,"
14_3166.png,права,работ!
14_3168.png,рто,для
15_3176.png,В.п.,Вп
15_3175.png,ч,1
15_3191.png,Кно,Кто
15_3192.png,по,ко
15_3197.png,сидиет,сидит
15_3199.png,есть,Птич
15_3210.png,клею.,кле юв.
15_3212.png,вы-,Лег-
15_3209.png,Ана,ка
15_3213.png,головку,"головку,"
15_3217.png,ж.р.,жр
15_3216.png,П.п,Пп
16_3220.png,слава,"слава,"
16_3227.png,благо,"благо,"
16_3229.png,свято,"свято,"
16_3226.png,нис-,ние-
16_3231.png,нис-,ние-
16_3239.png,валикое,великое
16_3237.png,умный,"умный,"
16_3232.png,свет,"свет,"
16_3238.png,образованый,"образованый,"
16_3240.png,шинствованный,"шенствованный,"
16_3243.png,образо-,оброзо-
16_3254.png,звучен,"звучен,"
16_3253.png,чен,"чен,"
16_3262.png,слов,"слов,"
16_3269.png,язык-,язык -
16_3265.png,Языке,языке
16_3278.png,богатый,"богатый,"
16_3274.png,Разитом,Разитои
16_3283.png,наполненный,"наполненный,"
16_3289.png,чары,"чары,"
16_3295.png,языков.,языков
16_3293.png,повоще-,повеще-
16_3304.png,Мира,мира
17_3316.png,х,1
17_3328.png,Апольсин,"Апельсин,"
17_3324.png,приче-,приме-
17_3329.png,котютер,"коппютер,"
17_3327.png,5 зв.,5зв.
17_3330.png,прозрачности,прозрачости
17_3334.png,баскотболь,"баскетбомл,"
17_3336.png,беседовать,"беседовать,"
17_3335.png,увяданы,"увяданье,"
17_3332.png,брощюю,"брощюра,"
17_3338.png,(Повест,"(Повест,"
17_3339.png,люботство,мнохество
17_3343.png,недоимевать,"недоимивать,"
17_3354.png,Орфогрофический,Орографический
17_3353.png,олони:,осени:
17_3359.png,гласн,гласн.
17_3365.png,5б,5б.
17_3361.png,тный,"тный,"
17_3364.png,деревьев,"деревьев,"
17_3372.png,леса.,леса...
17_3375.png,втроел,"втроем,"
17_3374.png,вскоре,"вскоре,"
17_3377.png,здесь,"здесь,"
17_3379.png,испуства,искуства
17_3378.png,гардероб,"гардероб,"
17_3380.png,велосипед,"велосипед,"
17_3391.png,издалска,"издалека,"
17_3386.png,космонавт,"космонавт,"
17_3384.png,тераса,"тераса,"
17_3396.png,рассчет,"рассчёт,"
17_3387.png,сверстница,"сверстница,"
17_3390.png,слов,слов.
17_3389.png,ца,"ца,"
17_3388.png,Я,я
17_3399.png,участвовать,"учавствовать,"
17_3398.png,удивить,удивите-
17_3409.png,терретория,"терретория,"
17_3400.png,труженик,"труженик,"
17_3406.png,здоровье,"здоровье,"
17_3413.png,нс,не
17_3411.png,чувствовать,"чувствовать,"
17_3416.png,АС.,А.С.
17_3425.png,худож,худож-
17_3418.png,рюкзак,"рюкзак,"
17_3427.png,обделёный-,обделеный-
17_3428.png,[р'],[р]
17_3435.png,жури,"жури,"
17_3436.png,ванье,ванье.
17_3434.png,вокзал,"вокзал,"
17_3446.png,[хароший'е,[харошийе]
17_3447.png,расчитать,"расчитать,"
17_3444.png,шкудный,"искусный,"
17_3458.png,чествоные,жественые
17_3459.png,О,о
17_3466.png,тренер,"тренер,"
17_3463.png,Яркичи,Яркими
17_3469.png,писателей,писателей.
17_3468.png,тверд,тверд.
17_3470.png,Хороший)-,Хороший-
17_3482.png,посвоей,по своей
17_3487.png,выдающихся,выдающихя
17_3489.png,поразительный,поразительнный
17_3493.png,и,И
17_3491.png,янс,мне
17_3488.png,кустов,"кустов,"
18_3502.png,послудь,жёлудь
18_3501.png,шелковый,шёлковый
18_3504.png,положен-,полотен-
18_3509.png,свежом,свежем
18_3518.png,больше,"больше,"
18_3512.png,ширетка,шёрстка
18_3517.png,Я,я
18_3516.png,новскую,новеную
18_3513.png,воздухо,воздухе
18_3528.png,тся,тем
18_3530.png,нсярким,неярким
18_3546.png,Я,я
18_3548.png,край,"край,"
18_3552.png,было,"было,-"
18_3561.png,зелеля,земля
18_3566.png,узнаешь,"узнаешь,"
18_3567.png,земли,"земли,"
18_3576.png,Упражнение.,Упражнение
18_3578.png,невзросно,невзрачно
18_3581.png,научивший,научившй
18_3592.png,Чёрточка,чёрточка
18_3590.png,глубинс,глубине
18_3601.png,страну,"страну,"
18_3597.png,прекрасное,"прекрасное,"
18_3608.png,бовь.,бовь
18_3606.png,защищат,защищать
18_3604.png,знать,"знать,"
18_3616.png,стерствён,стережёт
18_3612.png,большол,большом
18_3613.png,отуом,отцом
18_3621.png,цитруковый,цитрусовый
19_3652.png,к,х
18_3633.png,четный,чётный
19_3648.png,||спр,IIспр.
19_3647.png,||спр.,IIспр.
19_3656.png,|спр.,Iспр.
19_3653.png,какомъ,каком?
19_3660.png,II спр,IIспр
19_3666.png,каком?,какая?
19_3675.png,сумки,"сумки,"
19_3679.png,матром;,матрац;
19_3673.png,П п),"П.п.),"
19_3678.png,пличат,"климат,"
19_3683.png,мороз,"мороз,"
19_3676.png,ветки,"ветки,"
19_3685.png,экономить,"экономить,"
19_3688.png,солдат,"солдат,"
19_3686.png,Поражать,"Поражать,"
19_3681.png,камень,"камень,"
19_3689.png,парреа,"террса,"
19_3687.png,соканомить,"сэканомить,"
19_3704.png,О,о
19_3702.png,павильбне,"павильёне,"
19_3701.png,(1скл.)п,(1скл..Рп.)
19_3716.png,П.п.),"П.п.),"
19_3714.png,Д.п.),"Д.п.),"
19_3709.png,2,","
19_3717.png,П.п.),"П.п.),"
19_3718.png,усилия,"усилия,"
19_3721.png,характер,"характер,"
19_3723.png,грязным,грязный
19_3732.png,осень,"осень,"
19_3724.png,воротничек,"воротничёк,."
19_3737.png,ланой,лесной
19_3731.png,цветок,"цветок,"
19_3736.png,облока,"облока,"
19_3733.png,В Возднюю,Ввпозднюю
19_3743.png,рядом,"рядом,"
19_3744.png,полидеть,посидеть
19_3745.png,полискать,поласкать
19_3755.png,суровый,"суровый,"
19_3753.png,старьный,старыый
19_3754.png,перила,"перила,"
19_3756.png,кофе,"кофе,"
19_3757.png,услышишь,услуышишь
19_3762.png,ёлочке,"ёлочке,"
19_3768.png,ручья,"ручья,"
19_3766.png,располож,располоп
19_3771.png,ежевики,"ежевики,"
19_3767.png,растения,"растения,"
19_3772.png,часов,"часов,"
19_3779.png,станции,"станции,"
19_3778.png,подъехать,подеехать
19_3777.png,К,к
19_3784.png,цию,"цию,"
19_3786.png,циклон,"циклон,"
19_3785.png,лка,мка
19_3782.png,льцы,"льцы,"
19_3788.png,Я,э
19_3796.png,спокойный,спокойный;
19_3801.png,ружьё,"ружьё,"
19_3800.png,больс,"бельё,"
19_3806.png,Упражнение.,Упражнение
19_3803.png,ребёнка,"ребенка,"
19_3804.png,старости,"старости,"
19_3812.png,лесу,"лесу,"
19_3820.png,волгс,волге
19_3826.png,Дп.),"Дп.),"
19_3822.png,Отправился,Отправимся
19_3825.png,(2 скл,(2скл
19_3828.png,(2скл,(2скл.
19_3831.png,погоду,"погоду,"
19_3829.png,простыре,"просторе,"
19_3834.png,грядке,"грядке,"
19_3835.png,тепография,"тепография,"
19_3840.png,журнал,"журнал,"
19_3845.png,грунт,"грунт,"
19_3841.png,урок,"урок,"
19_3851.png,И,и
20_3859.png,собоку.,собаку.
20_3858.png,бучага,бумага
20_3876.png,передный,передний
20_3878.png,пирилами,"пирилами,"
20_3886.png,Упращение,Упрощение
20_3883.png,"""Замолаживает""!","""Замолаживает"""
20_3893.png,рож-,пож-
20_3888.png,ландши-,ландша-
20_3889.png,волнуюсь,валнуюсь
20_3897.png,(паслур-,(пасмур-
20_3896.png,(страницы,страницы
20_3902.png,стол,"стол,"
20_3909.png,кувшин,"кувшин,"
20_3918.png,Герои,"Герои,"
20_3919.png,вычетления,впечатления
20_3914.png,нест),неет)
20_3921.png,конкретных,"конкретных,"
20_3940.png,скарта,"скарта,"
20_3934.png,метафоры,метафоры.
20_3935.png,сюжеты,"сюжеты,"
20_3939.png,Реформы,"Реформы,"
20_3943.png,глобус,"глобус,"
20_3949.png,четырнадцатом,четырнадцатым
20_3944.png,правители,"правители,"
20_3945.png,46,116
20_3956.png,104к,104N
20_3954.png,Плак,План
20_3974.png,умножения,"умножения,"
20_3975.png,задачи,"задачи,"
20_3977.png,схатил,сжатия
20_3983.png,сжатому,сжатаму
20_3984.png,Обобищение,Обобщение
21_3994.png,ткани,"ткани,"
21_3998.png,( согл.,[согл.
21_3992.png,словом,"словам,"
21_3996.png,л.),л]
21_3999.png,[л'отки],[лотк'и]
21_4003.png,Ходки-,Лодки-
21_4001.png,л,Л
21_4010.png,Прикаснулась,"Прикаснулась,"
21_4013.png,дна,"дна,"
21_4025.png,распологаться,"распологаться,"
21_4023.png,а,"а,"
21_4032.png,орасти,"орасти,"
21_4039.png,ест,нет
21_4033.png,чередования,чередованием
21_4051.png,как,кас
21_4062.png,сочаннию-,сочинению-
21_4063.png,колнату,комнату
21_4070.png,выгля-,выгле-
21_4069.png,колнаты,коматы
21_4068.png,Я,я
21_4075.png,б,б)
21_4074.png,сисно,шено
21_4081.png,шкаф,"шкаф,"
21_4094.png,череда,"череда,"
21_4083.png,Я,я
21_4096.png,чередивать,"чередавать,"
21_4099.png,очередь,"очередь,"
21_4098.png,очередность-,"очерёдность,-"
21_4106.png,ясстами,"местами,"
21_4103.png,а,"а,"
21_4111.png,Собераться,"Собираться,"
21_4112.png,замирать,"замирать,"
21_4115.png,придприложние,"придприложение,"
21_4114.png,сложение,"сложение,"
21_4125.png,),","
21_4121.png,частатным,частотным
21_4127.png,первос,первое
21_4122.png,О,о
21_4132.png,с,е
21_4139.png,Коснулось,"Коснулось,"
21_4149.png,Трид.,Прид
21_4150.png,соприходнулись,соприкоснулись
21_4160.png,5 зв.,5зв.
21_4151.png,этогосуффика,этого суффикса
21_4152.png,а),"а),"
21_4159.png,(кеста),"(нет а),"
21_4164.png,бумагу,бумагу.
21_4169.png,Чередование,"Чередавание, -"
21_4168.png,вколноте,вкомноте
21_4170.png,другом,дрругом
21_4171.png,безуд,безуд.
21_4165.png,согл,согл.
21_4178.png,1,","
21_4186.png,настолько,"настолько,"
21_4193.png,2,г
21_4207.png,"""",","
21_4192.png,ч.,ч
22_4222.png,пенце,"пенцне,"
22_4224.png,кино,"кино,"
22_4217.png,давино,"давино,"
22_4210.png,(очетко),(метко)
22_4215.png,Андерсена,"Андерсена,"
22_4213.png,пальто,"пальто,"
22_4214.png,конгуру,"кенгуру,"
22_4216.png,льта,"льта,"
22_4229.png,Морсхода,морехода
22_4223.png,снял,"снял,"
22_4220.png,Дониэля,Даниэля
22_4226.png,Упражнение.,Упражнение
22_4230.png,кано,"кино,"
22_4241.png,радио,"радио,"
22_4251.png,"""Овод"",","""Овод,"""
22_4250.png,Рофмана,"Гофмана,"
22_4252.png,Табимки,"Табилиси,"
22_4261.png,сущ,"сущ,"
22_4259.png,(Р.п),(Р.п.)
22_4255.png,коснитесь,коснетесь
22_4253.png,Шивченно,"Шивченно,"
22_4263.png,Мисс,"мисс,"
22_4257.png,дюба,"дюба,"
22_4268.png,о,"о,"
22_4265.png,Русские,"Русские,"
22_4269.png,Наснатесь,Коснитесь
22_4271.png,Дефо,"Дефо,"
22_4273.png,"жук"".","жук."""
22_4279.png,Рюго,"Гюго,"
22_4288.png,кафе,"кафе,"
22_4282.png,Дайнско,"Дайнеко,"
22_4280.png,Войнича,"Войнича,"
22_4284.png,кенгурд,"кенгуру,"
22_4287.png,"модая,","модам,"
22_4293.png,фертспиано,"фортепиано,"
22_4294.png,обезьяна,"обезьяна,"
22_4295.png,польто,"пальто,"
22_4301.png,кино,"кино,"
22_4300.png,кобнулся,коснулся
22_4312.png,шимпанузе,шимпандзе
22_4311.png,ивам,"иваси,"
22_4313.png,кине,"кине,"
22_4315.png,ых,"ых,"
22_4317.png,склонясчые,склоняемые
22_4318.png,гл:,гл.:
22_4321.png,льсятпандызе,"шимтпандезе,"
22_4320.png,заимствованье,заимствованые
22_4323.png,фам,"фам,"
22_4325.png,кашка,"кашна,"
22_4333.png,кападу,какаду
22_4324.png,пальть;,пальто;
22_4329.png,Пр.,П.п.;
22_4327.png,пибкино,"пианино,"
22_4322.png,обознах,обознач
22_4334.png,женскогорода:,женского рода:
22_4335.png,кико,нко
22_4340.png,Левчонко,"Левченко,"
22_4339.png,имсна:,имена:
22_4349.png,д,у
22_4355.png,Токчо,"Токио,"
22_4342.png,Левче.,Левче-
22_4354.png,Хложно.,Сложно.
22_4357.png,сочи,"сочи,"
22_4352.png,Петрадь,Тетрадь
22_4350.png,"""Ранса",Ганса
22_4358.png,два,"два,"
22_4359.png,чипалино,"чипалино,"
22_4370.png,"Крузь"",","Крузо"","
22_4366.png,На,на
22_4372.png,камнек,кашне
22_4380.png,1,?
22_4384.png,1,х
22_4389.png,гдех,где?
22_4397.png,П,П.п.
22_4392.png,Рп,Р.п.
22_4401.png,ля,мя
22_4406.png,-что,-(что
22_4413.png,манту,"манту,"
22_4420.png,колибря,"колибри,"
22_4409.png,жалюзи,"жалюзи,"
22_4421.png,хаки,"хаки,"
22_4411.png,пиано,"пиано,"
22_4422.png,портчоне,"портмоне,"
22_4418.png,манго,"манго,"
22_4416.png,фас,"фас,"
22_4417.png,0,"'о,"
22_4415.png,планино,"пианино,"
22_4423.png,метро,"метро,"
22_4424.png,падежей,"падежей,"
22_4426.png,пальто,"пальто,"
22_4427.png,трико,"трико,"
22_4439.png,и,"и,"
22_4429.png,радио,"радио,"
22_4435.png,одежда,"одежда,"
22_4432.png,жилищи,"жилищи,"
22_4445.png,кашпо,"кашпо,"
22_4437.png,кашке,"кашпе,"
22_4446.png,плачени,пламени
22_4440.png,сущ,"сущ.,"
22_4444.png,пенине,"пенцне,"
22_4447.png,кино,"кино,"
22_4453.png,ю,"ю,"
22_4459.png,плачяни,пламяни
22_4455.png,кофе,"кофе,"
22_4460.png,какаду,"какаду,"
22_4461.png,какад,"какао,"
22_4464.png,безделей,безделие
22_4467.png,чаислая,"чоислам,"
22_4469.png,пони,"пони,"
22_4463.png,плаченая,пламенем
22_4466.png,"жизри,","жюри,"
22_4468.png,фонте,форте
22_4471.png,Макто,"манто,"
22_4472.png,у,"у,"
22_4479.png,ителье,"ателье,"
22_4475.png,эскимо,"эскимо,"
22_4480.png,кенчуру,"кенгуру,"
22_4478.png,шоу,"шоу,"
22_4477.png,фель,"феле,"
22_4482.png,кафе,"кафе,"
22_4485.png,трюмо,"трюмо,"
22_4484.png,е,"е,"
22_4483.png,домино,"домино,"
22_4488.png,салями,"салями,"
23_4494.png,х,(
22_4492.png,шоссе,"шоссе,"
22_4491.png,табло,"табло,"
23_4499.png,какоо,какао
23_4502.png,Сайлланзе,шимпанзе
23_4500.png,(ср.р.),"(ср.р.),"
23_4518.png,с,С
23_4535.png,Буркая,Бурная
23_4528.png,нья,ным
23_4532.png,сущ,"сущ,"
23_4529.png,сущ,"сущ,"
23_4539.png,планино,пианино
23_4543.png,(М.с.р.),"(мж.р.),"
23_4542.png,горячис,горячие
23_4546.png,Дело,Депо
23_4547.png,Алёзани,Алазани
23_4545.png,(ср.р.),"(ср.р.),"
23_4558.png,Нонго,Конго
23_4563.png,(улица),"(улица),"
23_4565.png,замечить,заменить
23_4564.png,Тбимби-,Тбилиси-
23_4567.png,кольром,кольраби
23_4570.png,сокращеных,ксопращеных
23_4562.png,монголии,монголии.
23_4568.png,(м.р.),"(м.р.),"
23_4577.png,судар),"(удар),"
23_4587.png,стеди,среди
23_4592.png,(ж.р,(жр
23_4594.png,ср.п.,ср.р.
23_4593.png,жр,ж.р.
23_4590.png,Онтарно-,Онтарио-
23_4599.png,окрачивое,красивое
23_4603.png,мр.,м.р.
23_4605.png,мр.,м.р.
23_4609.png,подлодки,"подлодки,"
23_4617.png,ров,роо
23_4637.png,вуза,"вуза,"
23_4639.png,запчастей,"запчастей,"
23_4640.png,подлодкой,"подложкой,"
23_4644.png,турпоходе,"турпоходе,"
23_4646.png,Большенство.,Большинство
23_4645.png,турпогодом;,турпоходом;
23_4649.png,мужкого,мужского
23_4652.png,Кл,Ке
23_4655.png,проду,роду
23_4654.png,женскаго,женского
23_4657.png,хоскопому,женскому
23_4660.png,мождом,"мопедом,"
23_4663.png,подлоди,"подлодке,"
23_4662.png,запчастями,"запчастями,"
23_4678.png,запчастями,"запчастями,"
23_4676.png,турпохода,"турпохода,"
23_4674.png,вузом,"вузом,"
23_4683.png,моледе.,мопеде.
23_4681.png,мореда,"мопеда,"
23_4680.png,зак-,зан-
23_4686.png,Т.;,ТС;
23_4693.png,РФ,"РФ,."
24_4701.png,П.р.,м.р.
23_4697.png,шосс,шоссе
24_4703.png,дубравы,"дубравы,"
24_4699.png,м.р.,М.р.
24_4707.png,Какой,"""Какой"
24_4706.png,(РП-й,"[""РП""-а]"
24_4710.png,Мр.,М.р.
24_4718.png,телвидение,телевидение
24_4724.png,Т.В,ТВ
24_4731.png,в,е
24_4721.png,телесистеми.,телесистемы.
24_4729.png,мача,мама.
24_4723.png,срр.,ср.р.
24_4720.png,яхлт,МХАТ
24_4738.png,А,М
24_4740.png,жр.,ж.р.
24_4752.png,внутрених,внутренних
24_4742.png,Весросинский,Всеросийский
24_4744.png,Российская,Российское
24_4755.png,поле,"поле,"
24_4758.png,[,[...?ш]!
24_4764.png,понсволе,поневоле
24_4767.png,ападемиче.,академиче-
24_4779.png,театр,театр.
24_4781.png,Надчно-,Научно-
24_4775.png,сущ.],сущ]
24_4785.png,институт,институт.
24_4792.png,м.р.,м.р.;
24_4803.png,зазнайка,"зазнайка,"
24_4788.png,удевать,удевитель-
24_4790.png,рета,рота
24_4794.png,яима,"мама,"
24_4802.png,забляка,забияка
24_4804.png,ж.р,ж.р.
24_4805.png,(ду-,[сущ.-
24_4807.png,осс-,осе-
24_4822.png,ж р.,ж.р.
24_4821.png,ручей,"ручей,"
24_4815.png,ветерок,"ветерок,"
24_4825.png,Редест,Редеет
24_4817.png,"""Накая","""Какая"
24_4832.png,диантный,десантный
24_4830.png,арота,сирота
24_4837.png,звозда,звезда
24_4831.png,печальная,"печальная,"
24_4834.png,убор,"убор,"
24_4836.png,зазнайка,"зазнайка,"
24_4838.png,мр.,м.р.
24_4840.png,вечерняя,"вечерняя,"
24_4863.png,М.В.,МВД
24_4867.png,М.р.;,м.р.;
24_4873.png,двядшие,увядшие
24_4869.png,опр.,ж.р.
25_4876.png,мр,м.р.
25_4875.png,солнение,сомнение
25_4889.png,горес,горее
25_4884.png,спротиволос),(противопос)
25_4886.png,задача,"задача,"
25_4893.png,усталать,усталасть
25_4899.png,ели,если
25_4902.png,тропоти-,тррати-
25_4896.png,лажь,ложь
25_4904.png,друг,"друг,"
25_4906.png,какозыми,хашуыми
25_4900.png,правда,"правда,"
25_4910.png,могу,"могу,"
25_4920.png,непогода,не погода
25_4924.png,нездоровье,"нездоровье,"
25_4925.png,сплохой,(плохой
25_4922.png,неорганизованность,"неорганизованность,"
25_4931.png,внесорьезности!,несерьёзности)
25_4937.png,(город),"(город),"
25_4930.png,неранительности,"неришительности,"
25_4933.png,невехливость),невежливость)-
25_4935.png,друга,друг
25_4948.png,впечатлениях,впечатлениям
25_4943.png,несамостоятельность,"несамостоятельность,,"
25_4949.png,удовлетворение,удовльтворение
25_4951.png,потренение,потрисение
25_4956.png,вилье,веселье
25_4962.png,м.р),м.р.)
25_4963.png,колибре,калибри
25_4968.png,озаменить,заменить
25_4978.png,нем,нам
25_4976.png,дне,"дне,"
25_4974.png,равнадимие-,равнодишие
25_4980.png,лит,слит
25_4979.png,слом,если
25_4977.png,личи,лиш
25_4975.png,Выселаная,Вселеная
25_4984.png,умею,"умею,"
25_5008.png,ластье,счастье
25_5007.png,вылды,вывды
25_5014.png,упрск,упрёк
25_5016.png,лаленькая,маленькая
25_5031.png,паставление,пастовление
25_5032.png,Невнимание,"Невнимание,"
25_5021.png,(животное),"(животное),"
25_5020.png,лучае,случае
25_5033.png,бездее,без не
25_5028.png,кападу,какаду
25_5034.png,кам,кем
25_5043.png,(подразух.,подразуе
25_5050.png,чувствоми,чувствами
26_5055.png,стройчая,стройная.
26_5062.png,ста,"ста,"
26_5068.png,еду,"еду,"
26_5084.png,добрая,"добрая,"
26_5097.png,косметикой,"косметикои,"
26_5100.png,лицо,"лицо,"
26_5106.png,глаза,"глаза,"
26_5118.png,С,с
26_5124.png,рос,росс
26_5134.png,значит,"значит,"
26_5133.png,ямычки.,ямочки.
26_5142.png,ресницы,"ресницы,"
26_5139.png,бается,"бается,"
26_5144.png,выслушает,"выслушает,"
26_5164.png,волчистые,"волнистые,"
26_5158.png,улыбается,"улыбается,"
26_5173.png,колитановые,"каштановые,"
26_5174.png,плачино.,пианино.
27_5197.png,шины,"шины,"
27_5208.png,помню,"помню,"
27_5207.png,программи,программис
27_5212.png,да,ды
27_5214.png,то,"то,"
27_5218.png,4),6)
27_5221.png,ландышали,ландышами
27_5222.png,-.,-
27_5217.png,1),11)
27_5228.png,реплом.,пеплом.
27_5232.png,Отец-,"Отец,"
27_5246.png,Изложены,Изложени
27_5237.png,ся,"ся,"
27_5241.png,зчаю,знаю
27_5240.png,красивая,красивая.
27_5257.png,жечный,жённый
27_5268.png,глухие,"глухие,"
27_5264.png,каблу.,каблу-
27_5272.png,работала,работала.
27_5293.png,Я,я
27_5300.png,свежо,"свежо,"
27_5309.png,высоковольтные,"высоковольтные,"
27_5316.png,вычеслительный,вычеслительныи
27_5315.png,в.,"в,"
27_5318.png,заменили,"заменили,"
27_5328.png,союзали,союзами
27_5355.png,электростанция,"электростанция,"
27_5357.png,складов,"складов,"
27_5356.png,центр,"центр,"
27_5363.png,чувшая,нувшии
27_5373.png,востник,"ватник,"
27_5375.png,высокий,"высокий,"
27_5367.png,вкусом,"вкусом,"
27_5372.png,стране,стране.
27_5377.png,зачивысьтных,заневысотных
27_5376.png,сигая,иная
27_5392.png,вай,всей
27_5390.png,й,а
27_5387.png,солонных,соленных
27_5385.png,ках,"ках,"
27_5393.png,свой,свои
27_5394.png,смаяся,шаяся
27_5396.png,гархают,чаухают
27_5405.png,х,+
27_5411.png,ошибка,ошибк.
27_5401.png,занятая,запятая
27_5408.png,затылок?),затылок?!
27_5418.png,4),7)
27_5422.png,4,2)
27_5428.png,?,","
27_5429.png,вспоминают,"вспоминают,"
27_5432.png,шоферы,шофёры
27_5437.png,),","
27_5435.png,редки,"редки,"
27_5455.png,х,+
27_5456.png,союзами,"союзами,"
28_5468.png,школьники,"школьники,"
28_5461.png,матч,"матч,"
28_5481.png,Еще,Ещё
28_5488.png,штачы,штаны
28_5505.png,видимо,"видим,"
28_5512.png,бо,бо.
28_5507.png,"""Рыбочок","""Рыбочок"""
28_5532.png,матч,"матч,"
28_5531.png,рой,"рой,"
28_5542.png,школьников,"школьников,"
28_5551.png,Заслужин-,Заслужен-
28_5557.png,большими,"большими,"
28_5553.png,колкомал.,комсомол.
28_5554.png,тепанный,тёпанный
28_5560.png,заштепаонны,заштёпанны
28_5561.png,мужа,мужс-
28_5570.png,"двайки"",","двойки"","
28_5572.png,картины.,"картины,"
28_5573.png,малечькой,маленькой
28_5574.png,Украины,"Украины,"
28_5582.png,пищей,ницей
28_5588.png,ботинки,"ботинки,"
28_5594.png,Мальчик,"Мальчик,"
28_5599.png,стоя,стая
28_5602.png,порторелей,портфелей
28_5609.png,шляге.,шляпе.
28_5619.png,шов,"шов,"
28_5623.png,спала,"спала,"
28_5636.png,бревнах.,брёвнах.
28_5653.png,пять,пять-
28_5657.png,носков.,"носков,"
28_5658.png,примерчо,примерно
28_5677.png,лет,"лет,"
28_5682.png,просто,"просто,"
28_5686.png,воротами,"воротами,"
28_5685.png,к,кп
28_5687.png,игрои,"игрой,"
29_5691.png,перебинтовано,"перебинтовано,"
29_5693.png,калаши.,калоши.
29_5703.png,улица,"улица,"
29_5705.png,оттенки,"оттенки,"
29_5707.png,двенадцати,"двенадцати,"
29_5711.png,бледные,"бледные,"
29_5721.png,тем,"тем,"
29_5735.png,Я,я
29_5737.png,Я,я
29_5734.png,ес.,ес-
29_5748.png,кап,как
29_5746.png,игру,"игру,"
29_5771.png,напряженную,напряжённую
29_5768.png,загольчым.,загольным.
29_5783.png,спала,"спала,"
29_5777.png,Проснувшись,"Проснувшись,"
29_5786.png,кофту,"кофту,"
29_5819.png,тратуаре,тротуаре
29_5821.png,истаж,иотаж
29_5817.png,мостовая,"мостовая,"
29_5832.png,сичюю,синюю
29_5845.png,температуру,температуру.
29_5849.png,поразило,"поразило,"
29_5862.png,вилась,"вилась,"
29_5872.png,белого,"белого,"
29_5870.png,картина,Картина
29_5881.png,место,"место,"
29_5893.png,понимая,"понимая,"
29_5894.png,жаль,"жаль,"
29_5885.png,проис.,проис-
29_5904.png,?,","
29_5922.png,маленокого,маленького
29_5932.png,Я,я
29_5931.png,улицу.,"улицу,"
29_5936.png,"""",","
29_5939.png,и,А
30_5943.png,1,","
30_5947.png,которое,которые
30_5944.png,оскорбительно,оскорбительно.
30_5951.png,1,","
30_5955.png,1,","
30_5950.png,Прозвища,"Прозвища,"
30_5957.png,на,не
30_5963.png,Непобедимых,Непобедимый
30_5967.png,10.:,10:
30_5977.png,рад,"рад,"
30_5982.png,всём,"всём,"
30_5991.png,хоровода,"хоровода,"
30_5988.png,белым.,белым-
30_5989.png,бе.,бе-
30_6016.png,лом,"лом,"
30_6020.png,како,как
30_6022.png,ошибаются,"ошибаются,"
30_6047.png,безобидно,"безобидно,"
30_6044.png,Я,я
30_6054.png,домах.,"домах,"
30_6055.png,делам,"делам,"
30_6077.png,зноит,"знает,"
30_6090.png,мало,"мало,"
30_6097.png,зы-,му-
30_6098.png,разному,"разному,,"
30_6109.png,богатств,"богатств,"
30_6106.png,лесов.,"лесов,"
30_6111.png,оно,то
30_6119.png,похуже,похуже.
30_6123.png,лицемерие,"лицемерие,"
30_6132.png,"""толтый"",","""толстый"","
30_6148.png,рад,"рад,"
30_6155.png,коны-,конеч-
30_6156.png,верно,верно.
30_6160.png,Важно,"Важно,"
30_6158.png,ха,ха-
30_6168.png,си,...
31_6177.png,фл,даль-
31_6181.png,я-,Я.
31_6182.png,увидет,увидеть
31_6195.png,находитесь,"находитесь,"
31_6193.png,ма,ме
31_6216.png,озёра,"озёра,"
31_6217.png,Мадферском,Мещёрском
31_6209.png,лес,лее
31_6213.png,мало,"мало,"
31_6227.png,глубо.,глубо-
31_6235.png,сольно.,солью.
31_6242.png,левитана,"Левитана,"
31_6240.png,воздуха,воздуха.
31_6239.png,ястребов,"ястребов,"
31_6253.png,картины,"картины,"
31_6248.png,дятла,"дятла,"
31_6252.png,скошечным,скошенным
31_6256.png,галки,"галки,"
31_6261.png,ночью,"ночью,"
31_6262.png,стога,"стога,"
31_6267.png,пахнукие,пахнущие
31_6268.png,скромностью,"стромностью,"
31_6275.png,травы,трава
31_6286.png,покрывает,покрывает-
31_6288.png,октябре,"октябре,"
31_6281.png,же,"же,"
31_6295.png,боры,"боры,"
31_6297.png,инеем,"инеем,"
31_6310.png,луга,"луга,"
31_6308.png,скоменные,скошенные
31_6316.png,усла,услы
31_6318.png,ноче,ноче-
32_6324.png,школы,школы.
32_6323.png,1,","
32_6338.png,весёлами,"весёлами,"
32_6329.png,улицу,"улицу,"
32_6360.png,эвукуация,"эвукуация,"
32_6369.png,Ес,Её
32_6370.png,сккс,икс
32_6373.png,Элюции,Эмоции
32_6379.png,учеников,"учеников,"
32_6384.png,место,"место,"
32_6388.png,наши,нами
32_6394.png,того,"того,"
32_6432.png,физиономая,физиономия
32_6447.png,того,"того,"
32_6435.png,т,п
32_6443.png,лица,"лица,"
33_6465.png,вратарь,вратарь.
33_6458.png,восиль,восемь
33_6462.png,двойки;,"двойки"","
33_6467.png,Вратарь,Вратарь.
33_6480.png,увидим,"увидим,"
33_6481.png,пустыре,"пустыре,"
33_6489.png,то,"то,"
33_6499.png,Эта,эта
33_6502.png,понять,"понять,"
33_6517.png,б.,б
33_6516.png,слова,"слова"","
33_6534.png,картина-,картина -
33_6543.png,главное,"главное,"
33_6547.png,Серый,Сергей
33_6565.png,И,г
33_6570.png,понимаю,"понимаю,"
33_6586.png,цвета,"цвета,"
33_6595.png,привличь,привлечь
33_6605.png,нае,нас
33_6602.png,радовался,"радовался,"
33_6610.png,хороше,"хорошее,"
33_6623.png,агрестю,агрессию
33_6618.png,жёлтый,"жёлтый,"
33_6621.png,напряжённая,"напряжённая,"
33_6627.png,Крысный,Красный
33_6634.png,листьев,"листьев,"
33_6633.png,ветров,ветров.
33_6649.png,о,О
33_6659.png,картине,картине.
34_6679.png,улицу,"улицу,"
34_6685.png,телефоная,телефонная
34_6687.png,видно,"видно,"
34_6688.png,погоду.,"погоду,"
34_6708.png,30.,"30,"
34_6730.png,А1.,11
34_6729.png,снег,"снег,"
34_6742.png,дома,"дома,"
34_6750.png,oo,00
34_6754.png,улицу,"улицу,"
34_6762.png,веселилий.,веселились.
34_6769.png,взгляду,"взгляду,"
34_6770.png,слезах,"слезах,"
34_6788.png,увидеть,"увидеть,"
34_6787.png,находится,находился
34_6791.png,светло,"светло,"
34_6809.png,будка,"будка,"
34_6820.png,р,?
34_6827.png,понял,"понял,"
34_6833.png,И,г
34_6832.png,дворе,дворе.
34_6855.png,видила,"видила,"
34_6854.png,неё,"неё,"
35_6890.png,летом,Летом
35_6884.png,заночи.,заноги.
35_6896.png,очень,ачень
35_6893.png,стена,"стена,"
35_6916.png,бьюа,бьюо
35_6921.png,мирно,Мирно
35_6932.png,дороженьна,дороженька
35_6938.png,рясью.,рысью.
35_6935.png,плечалии-,плечамие-
36_6956.png,осень),"осень"""
36_6957.png,о,","
36_6964.png,"""",","
36_6967.png,"""",","
36_6970.png,п,","
36_6982.png,котороя,которая
36_6984.png,картию,картин
36_6985.png,1,","
36_6989.png,художник.,художниок.
36_6991.png,Я,я
36_6997.png,переоде-,ререоде-
36_7000.png,зраманных,знаминитый
36_7006.png,жр.,ж.р.
36_7008.png,',","
36_7022.png,Также,также
36_7026.png,"""",","
36_7030.png,"""",","
36_7025.png,з,у
36_7044.png,Плош:,План:
36_7045.png,),","
36_7064.png,чистая,"чистая,."
36_7072.png,пест-,пёст-
36_7079.png,парава.,трава.
36_7069.png,3:,3.
36_7081.png,чувства,"чувства,"
36_7083.png,пожухлая,рожухлая
36_7094.png,смолкии,смолкли
36_7097.png,написавше,нарисаваа
36_7096.png,душе,душе!
36_7104.png,иде,идё
36_7109.png,развивается,развеваеться
36_7123.png,та-,так
36_7145.png,людную,модную
36_7156.png,ж.р.,"ж.р.,"
36_7163.png,сущ,сущ.
37_7167.png,пе,по
36_7164.png,сущ,сущ.
37_7168.png,Е,ё
37_7173.png,глав-,назва-
37_7179.png,лыжем,лыжи
37_7181.png,наделит,наделис
37_7183.png,Посека,Пасека
37_7187.png,Стоял,Стаял
37_7198.png,',","
37_7200.png,тахти,"пыхтел,"
37_7202.png,1,","
37_7208.png,Еды.,еды.
37_7210.png,ёжий.,ёжик.
37_7215.png,гулять,гулять.
37_7218.png,Ёжик,Ежик
37_7225.png,Мя,Мы
37_7229.png,были,бым
37_7224.png,жило,жим
37_7232.png,ручно,ручной.
37_7244.png,Москва,"Москва,"
37_7249.png,пшо.,пше-
37_7252.png,Пушок,Пушок.
37_7264.png,широких,"широких,"
37_7267.png,проллейбус,"троллейбус,"
37_7269.png,о,.
37_7272.png,аллея,"аллея,"
37_7279.png,малина,"малина,"
37_7273.png,праздник,"праздник,"
37_7274.png,морковь,"морковь,"
37_7286.png,январь,"январь,"
37_7289.png,ница,"ница,"
37_7305.png,мяжах,лыжах
37_7304.png,компьютер,"компьютер,"
37_7318.png,словарный,словарный.
37_7323.png,ноября,ноября.
37_7322.png,ница,"ница,"
37_7325.png,прихи,прижи-
37_7336.png,слноил,слиоил
37_7343.png,Четверг,"Четверг,"
37_7341.png,Грязно,"Грязно,"
37_7347.png,погода,"погода,"
38_7350.png,собаку,"собаку,"
38_7352.png,лиленьким,меленьким
38_7361.png,морковку,"морковку,"
38_7365.png,поляне,"поляне,"
38_7369.png,щеночка.,щеночка...
38_7377.png,нёс,пёс
38_7379.png,мишут,Мишут-
38_7390.png,стубка,стука
38_7388.png,зимся,зился
38_7400.png,Дн ;,"Дп:,"
38_7407.png,Джорданя,Джордан!
38_7413.png,лесную,"лесную,"
38_7426.png,П п;,Пп;
38_7424.png,лет,"лет,"
38_7430.png,проснулась,"проснулась,"
38_7433.png,но,по
38_7434.png,землю,"землю,"
38_7440.png,медведица.,Медведица.
38_7441.png,елью,"елью,"
38_7452.png,0),о)
38_7469.png,засплакал.,заплакал.
38_7472.png,Я,я
38_7471.png,мне,Мне
38_7473.png,веткам,"веткам,"
38_7475.png,ж,Т
38_7478.png,выхал,въехал
38_7481.png,замёру-,замёрз-
38_7488.png,Я,я
38_7490.png,Двадцать,двадцать
38_7500.png,смог,омог
38_7501.png,лететь,"лететь,"
38_7494.png,пропор-,топор-
38_7506.png,Стволу-,Ствому-
38_7505.png,медведица,медведиуа
38_7504.png,згласть.,згрысть.
38_7510.png,ошибался,"ошибался,"
38_7515.png,х,Х
38_7526.png,||,II
38_7518.png,|,I
38_7523.png,спрак,1скДп
38_7522.png,3скл,2скТп
38_7528.png,|,I
38_7527.png,ж.р.,жр.
38_7530.png,"""",","
38_7537.png,леньким,"леньким,"
38_7547.png,полег,полес
39_7554.png,сплены,"стены,"
39_7553.png,Обитанные,битонные
39_7558.png,),","
39_7561.png,-,","
39_7564.png,когда,Когда
39_7568.png,?,","
39_7565.png,Охордана,Джордана
39_7574.png,1,","
39_7572.png,грых,грыс
39_7578.png,учия,"учин,"
39_7585.png,Шос-се,"Шос-се,"
39_7587.png,Максим.,"Максим,"
39_7588.png,мн,мы
39_7590.png,ухин,"ужин,"
39_7595.png,Мама,Мача
39_7593.png,знакомство.,знокомство.
39_7597.png,Ванна,"Ван-на,"
39_7608.png,умена,уменя
39_7611.png,барабану,барабану.
39_7612.png,спокой.,спокоин.
39_7631.png,когда,тагда
39_7629.png,кона.,кота.
39_7639.png,вопное,"вотное,"
39_7634.png,наш,нам
39_7647.png,коллекция,"кол-лекция,"
39_7644.png,соловей,"соловей,"
39_7643.png,аллея,"аллея,"
39_7648.png,програм-ма,"програм-ма,"
39_7649.png,выгуливать,"выгуливать,"
39_7654.png,ж.-,жи-
39_7655.png,приучит,приучин
39_7660.png,Сирень,Сирень.
39_7665.png,один-надцать,"один-надцать,"
39_7669.png,четвет,"четверг,"
39_7670.png,октябрь,"октябрь,"
39_7668.png,шоссе,"шоссе,"
39_7672.png,январь,"январь,"
39_7671.png,О,о
39_7677.png,Догордан,Джордан
39_7694.png,знился,злился
39_7697.png,терраса,"тер-раса,"
39_7698.png,уехалиток,уехалиот
39_7700.png,вот,Вот
39_7701.png,см.,См
39_7705.png,болото,"болото,"
39_7710.png,пошидер,"помидор,"
39_7707.png,вохожи,"вож-жи,"
39_7709.png,овощ,"овощ,"
39_7712.png,февраль,"февраль,"
39_7719.png,коп,кот
39_7724.png,магазин,"магазин,"
39_7727.png,Максим,"Максим,"
39_7735.png,Телеграмму.,Телеграм-му.
39_7739.png,Сирень,"Сирен,"
39_7743.png,тарелка,"тарелка,"
39_7740.png,повторов,"повторов,"
39_7748.png,р,о
39_7744.png,ак-куратно,"ак-куратно,"
40_7750.png,ворхушке,вархушке
40_7757.png,такой,"такой,"
40_7765.png,дрозда.,дрозды.
40_7768.png,свожим,свежим
40_7769.png,полыхи,полыни
40_7782.png,защебе,голубое
40_7777.png,зяблике,"зяблики,"
40_7783.png,Прошлогое,Промитое
40_7784.png,Ливень,"Ливень,"
40_7787.png,соловьи,"соловьи,"
40_7793.png,улыбацы,улыбало-
40_7799.png,Годовой,Грозовой
40_7802.png,Авокрус,Авокруг
40_7798.png,ласновый,ласковый
40_7808.png,побелать,побегать
40_7811.png,февраля.,фввраля.
40_7826.png,мятя.,мяты.
40_7823.png,р,+
40_7839.png,2/2,2/2.
40_7844.png,вля-,вы-
40_7847.png,увидки,увидил
40_7861.png,н,ы
40_7866.png,леню,лоню
40_7872.png,Эй,"Эй,"
40_7874.png,леню,лоню
40_7871.png,одна-,одно-
40_7881.png,смеется.,смеётся.
40_7887.png,3,З
40_7910.png,коо,као
40_7916.png,3,5
40_7914.png,I,5
40_7931.png,водой,"водой,"
40_7924.png,точ-,толь-
40_7926.png,"""",","
40_7938.png,трелетало,трепетало
41_7950.png,осина,"осина,"
41_7949.png,сирень,"сирень,"
41_7951.png,Декабрь,"Декабрь,"
41_7946.png,прис,прил.
41_7943.png,и,ц
41_7948.png,винегрет,"винегрет,"
41_7958.png,капает,капоет
41_7966.png,радость,"радость,"
41_7970.png,вести,"вести,"
41_7987.png,радостная,"радостная,"
41_7988.png,висит,"висит,"
41_7992.png,з,}
41_8003.png,дорога,"дорога,"
41_8002.png,детёналшей.,детёниышей.
41_8009.png,Радостная,Радостноия
41_8004.png,ухин,"ужин,"
41_8012.png,зачем?.,зачем?
41_8017.png,аддостная-,Радостная-
41_8025.png,извест,известь
41_8032.png,Шестнадцатое,Шестнаддатое
41_8034.png,Дорожка,"Дорожка,"
41_8040.png,сунок,"сунок,"
41_8043.png,ВII,В-II
41_8049.png,Москва,"Москва,"
41_8041.png,единстветную,единнственуюю
41_8046.png,расстояние,"расстояние,"
41_8052.png,ла,"ла,"
41_8051.png,нялись,"нялись,"
41_8061.png,Повадка-,Повадки-
41_8058.png,зайчиш,зайчиш-
41_8060.png,потом,"потош,"
41_8090.png,глушь,глушь.
41_8098.png,сойнечный,солнечный
42_8102.png,ярче,"ярче,"
42_8101.png,Маляшки,Малчишки
42_8124.png,Небо,небо
42_8119.png,нас.,нис.
42_8121.png,ло?,ло;
42_8127.png,птичьи,птичыи
42_8134.png,рустим,руским
42_8145.png,сквоп-,сквор-
42_8147.png,белые,белые.
42_8162.png,ручьи,ручьи.
42_8176.png,танке,танке.
42_8168.png,Дворогах,Дорогах
42_8183.png,смышны,слышны
42_8197.png,весна.,весна
42_8200.png,ли,мо-
42_8196.png,Светом,светит
42_8201.png,травка,травка.
42_8204.png,оснилась,осталась
42_8206.png,слочины,слышны
42_8209.png,прикольная!,прикольная?
42_8214.png,Почки,Почка
42_8218.png,голубое,"голубое,"
42_8219.png,а,и
42_8224.png,редю,"редко,"
42_8225.png,серёжки,серёжки.
42_8245.png,личь,сущ
42_8253.png,Не,Н
42_8256.png,.,","
42_8257.png,Чем,чем
42_8268.png,1,","
42_8275.png,но,"но,"
42_8274.png,"""",","
42_8280.png,"""",","
42_8281.png,качела,начела
43_8287.png,личо,лицо
43_8291.png,ед.ч.мр),ед.ч.м.р.)
43_8294.png,прош.вр.,прошвр
43_8299.png,(,(2
43_8309.png,прил,наст
43_8308.png,бу,буд
43_8303.png,улиц,лицо
43_8326.png,И,ед
43_8344.png,ед ч),едч)
43_8347.png,космонает,"космонавт,"
43_8354.png,ни,нее.
43_8358.png,рассказ,"рахсказ,"
43_8359.png,полее,полес
43_8361.png,однажды,"однажды,"
43_8360.png,ила,или
43_8368.png,багаж,"Багаж,"
43_8374.png,глагз.,гласз.
43_8379.png,помашешь,"помашешь,"
43_8376.png,растаям,растаяш.
43_8380.png,большо,"болото,"
43_8383.png,горох,"горох,"
43_8393.png,сентябрь,"сентябрь,"
43_8398.png,пиножное,"пирожное,"
43_8391.png,осина,"осина,"
43_8397.png,троллейбус,"троллейбус,"
43_8406.png,полес,полс
43_8411.png,кол-,ком-
43_8415.png,Словарный,Словарный/
43_8414.png,полажу,"поглажу,"
43_8426.png,уважать,"уважать,"
43_8418.png,сделать?),сделашь?)
43_8429.png,металл,"металл,"
43_8427.png,рабочие,рабочие.
43_8447.png,баин,"баин,"
43_8442.png,внизз.,нисз.
43_8448.png,огурец,"огурец,"
43_8455.png,дружам.,дружат.
43_8457.png,скальжешь,скожешь.
44_8466.png,3 лицо,3лицо
44_8471.png,глицо-,2 лицо-
44_8464.png,лицо-,1 лицо-
44_8474.png,но,по
44_8470.png,встаёшо,"встаёшь,"
44_8468.png,встаю,встаю;
44_8476.png,встают,"встают,"
44_8473.png,встаёте,"встаёте,"
44_8475.png,оно,оно)
44_8480.png,ж.р),жр)
44_8483.png,встаем,"встает,"
44_8489.png,срите,спите
44_8486.png,едч,ед ч
44_8491.png,елиц,2 лиц
44_8494.png,будущ,будущ.
44_8493.png,спит,сплю
44_8496.png,посплю,"посплю,"
44_8498.png,родам,редам
44_8508.png,спят.,спят
44_8500.png,Девятнадцамое,Девятнадцатое
44_8506.png,1лиц,1 лиц
44_8510.png,встаём,"встаём,"
44_8524.png,вышел,вишел
44_8543.png,нужно,Нужно
44_8544.png,спал(с),спал(а)
44_8553.png,оно,",оно"
44_8558.png,разжечь,"разжечь,"
44_8569.png,цветочке-,цветочка-
44_8571.png,(едч),(ед ч)
44_8583.png,Тище,Тише
44_8587.png,Подчетела,Подлетела
44_8589.png,плась,плась!
44_8601.png,по,но
44_8622.png,(глаг,"(глаг,"
44_8625.png,кулич,кулич.
44_8628.png,( гог.,(гаг.
44_8632.png,он.,"он,"
44_8634.png,мы,ты
44_8639.png,и,с
44_8638.png,ед.,ед
44_8644.png,1,ч
44_8651.png,ед.,ед
44_8645.png,ед,едч
44_8646.png,полу,пош
44_8647.png,я,"я,"
44_8650.png,преди,будущ
44_8649.png,Члицо,ч3лицо
44_8659.png,43,ч3
44_8660.png,вн,вр
44_8661.png,ед.,ед
44_8662.png,он,вр
44_8656.png,П,ч1
44_8664.png,4,ч
45_8722.png,двернётся,свернётся
45_8724.png,ветерой,ветерок.
45_8727.png,хней.,пней.
45_8743.png,лига,лиса
45_8747.png,Списывание,Списывание.
46_8766.png,ти,ши
46_8775.png,липы,"липы,"
46_8780.png,рысью,"рысью,"
46_8801.png,грах,грач
46_8796.png,лёгомский;,лёгонький;
46_8797.png,берёзовой,"берёзовой,"
46_8803.png,убежит,"убежит,"
46_8806.png,Ветерок,"Ветерок,"
46_8837.png,пни.,пни
46_8844.png,убежит,"збежит,"
46_8839.png,часок,"часок,"
46_8842.png,крылья,крыльча
46_8855.png,Лыжник,"Лыжник,"
46_8866.png,.Вот,Вот
46_8874.png,Легкий-,Лёгкий-
46_8896.png,.Часики,"Часики,"
46_8897.png,2строки,2 строки
46_8908.png,и,у
46_8920.png,лень,"лень,"
47_8934.png,Я,я
47_8932.png,слнце,"олнце,"
47_8940.png,землю,"землю,"
47_8950.png,укадут,упадут
47_8962.png,Р.,Р
47_8971.png,закаты,"закаты,"
47_8969.png,Роща,"Роща,"
47_8977.png,лошадь,"лошадь,"
47_8986.png,(деревья,"(деревья,"
47_8995.png,зиме,"зиме,"
47_8992.png,ржи,"ржи,"
47_9003.png,широкий,"широкий,"
47_9004.png,голубоен,голубое
47_9008.png,васильки,"васильки,"
47_9006.png,небо,"небо,"
47_9005.png,(солнце,"(солнце,"
47_9021.png,небор,"небо,"
47_9028.png,грибы,"грибы,"
47_9035.png,птицы),птицы
47_9031.png,чуть,"чуть,"
47_9030.png,бьют,"бьют,"
47_9040.png,осень,"осень,"
47_9045.png,Осень,осень
47_9052.png,"""",","
47_9062.png,дубы,"дубы,"
47_9056.png,В,Б
47_9057.png,Колосья,"Колосья,"
47_9064.png,ножки,"ножки,"
47_9067.png,м,М
47_9066.png,узенький,"узенький,"
47_9073.png,грибов,"грибов,"
47_9074.png,"""",","
47_9082.png,стой,"стой,"
47_9084.png,бег,"бег,"
47_9086.png,Узкую -,Узкую-
47_9089.png,дороженька,"дороженька,"
47_9087.png,плечам -,плечам-
47_9103.png,грибочки,"грибочки,"
47_9107.png,"""",","
47_9106.png,засыпает,"засыпает,"
47_9112.png,веточки,"веточки,"
47_9113.png,крепок,"крепок,"
47_9116.png,плечи,"плечи,"
47_9129.png,Медведь,медведь
47_9131.png,"""",","
47_9127.png,страны,"страны,"
48_9136.png,красив,"красив,"
48_9139.png,воздухду.,воздухом.
48_9141.png,здоровье,"здоровье,"
48_9144.png,падают,"падают,"
48_9146.png,подьезд,"подъезд,"
48_9162.png,дутбом,"футбол,"
48_9165.png,шоссе,"шоссе,"
48_9186.png,шуршит,"шуршит,"
48_9190.png,Птичьи,"Птичьи,"
48_9192.png,ручьях,"ручьях,"
48_9197.png,серьёзный,"серьёзный,"
48_9206.png,шофёр,"шофёр,"
48_9209.png,ков.,ков-
48_9213.png,троллейбус,"троллейбус,"
48_9205.png,.,","
48_9216.png,пшеница,"пшеница,"
48_9229.png,трамвай,"трамвай,"
48_9234.png,Ракета,"Ракета,"
48_9230.png,четворг,"чеппверг,"
48_9244.png,есть,"есть,"
48_9247.png,нами,"нами,"
48_9253.png,спинке,"спинке,"
48_9263.png,аллея,"аллея,"
48_9260.png,подъемный,"подъемный,"
48_9265.png,компьютер,"компьютер,"
48_9274.png,ник,"ник,"
48_9281.png,5/5,5./5
48_9277.png,вокзал,"вокзал,"
48_9280.png,Объяснил,"Объяснил,"
48_9276.png,автонус,"автобус,"
48_9292.png,трава,"трава,"
48_9287.png,падуют,радуют
48_9307.png,зайвет,"зашьёт,"
48_9318.png,1скл,пр.ед.ч
49_9323.png,И.п,Ип
49_9321.png,П.п,Пп
49_9329.png,И.п,Ип
49_9324.png,Р.п,Рп
49_9325.png,мн.п,Пп
49_9326.png,И.п,Ип
49_9332.png,И.п,Ип
49_9327.png,В.п,Вп
49_9333.png,П.п,Дп
49_9331.png,П.п,Пп
49_9334.png,П.п,Пп
49_9337.png,Д.п,Дп
49_9338.png,Р.п,Рп
49_9355.png,Р.п.,Рп
49_9352.png,Вп.,Вп
49_9353.png,скл,Ип
49_9356.png,спр,Дп
49_9354.png,р,Ип
49_9357.png,И.п,Ип
49_9360.png,И.п,Ип
49_9359.png,1ск,Ип
49_9371.png,нижням,нижним
49_9386.png,Лесную,"Лесную,"
49_9405.png,5-.,5-
49_9404.png,яснов),Яснов)
49_9408.png,свинка,свинки
49_9406.png,окашки.,окошки.
49_9412.png,кухнис,кухни
49_9432.png,ужинам.,ужином.
49_9456.png,стуна,стука
49_9462.png,морковку,"морковку,"
49_9478.png,проснулась,"проснулась,"
49_9477.png,ёлью,"ёлью,"
49_9490.png,летучая,Летучая
49_9504.png,глядки.,оглядки.
49_9524.png,Мищутки,Мишутки
49_9542.png,П.п,Пп
50_9550.png,"""",","
50_9560.png,реплакал:,заплакал.
50_9552.png,имя.,имя
50_9554.png,внивоше,животе
50_9567.png,замёру,замёрз
50_9577.png,В.п.,Вп
50_9570.png,мамое,мама
50_9579.png,.,","
50_9587.png,мами,мама
50_9591.png,мея,моя
50_9603.png,удержались,удержалась
50_9608.png,ним,"ним,"
50_9606.png,.,","
50_9610.png,"""",","
50_9612.png,песель,пёсель
50_9616.png,больницу,больницы
50_9615.png,ветеринар,"ветеринар,"
50_9621.png,ип.,ипс.
50_9639.png,столу.,столу
50_9642.png,его.,его
50_9656.png,"""",","
50_9661.png,"""",","
50_9659.png,любит,"любит,"
50_9667.png,землю,"землю,"
50_9671.png,3,В
50_9678.png,березка,"березка,"
50_9683.png,утром,"утром,"
50_9701.png,милый,"милый,"
50_9699.png,"""",","
50_9704.png,воткам.,веткам.
50_9709.png,животе,"животе,"
50_9706.png,вый,"ый,"
50_9705.png,трус,трус-
50_9715.png,успокаевает.,"успокаевает,"
50_9722.png,топором,"топором,"
50_9721.png,спрыг,спрыг-
50_9726.png,"""",","
50_9736.png,лесную,"лесную,"
50_9735.png,поляне,"поляне,"
50_9734.png,"""",","
50_9738.png,елку,"елку,"
50_9744.png,Поламаг,"Поламар,"
50_9747.png,ленивый,"ленивый,"
50_9748.png,па,"па,"
50_9746.png,пр,"п,"
50_9752.png,психованьи.,психованый.
50_9758.png,почкой!,точкой!
50_9757.png,Лиза,"Лиза,"
50_9760.png,3скл,2скл
51_9772.png,щёглов.,щеглов.
51_9769.png,ч,1
50_9768.png,1склП.п.,1склПп
51_9785.png,Работа,Ребята
51_9793.png,Пущу,Пищу
51_9800.png,1скл,скл
51_9801.png,П.п,Пп
51_9803.png,В.п.,Вп
51_9802.png,2склТ.п,2склТп
51_9805.png,П.п,Пп
51_9804.png,Р.п,Рп
51_9806.png,В.п,Вп
51_9808.png,искл,1скл
51_9809.png,Р.п,Рп
51_9807.png,9склТ.п.,1склТп
51_9818.png,Р,?
51_9823.png,ч,1
51_9838.png,зеленье,зеленые
51_9837.png,светом,"светом,"
51_9842.png,ветки,"ветки,"
51_9849.png,местности,"местности,"
51_9847.png,гудат,гудят
51_9861.png,даход,заход
51_9869.png,паляну,"поляну,"
51_9927.png,опулке,опушке
51_9937.png,2,?
51_9944.png,мко,леко
51_9934.png,завтратил,завтракала
51_9939.png,чашим,чащи
51_9949.png,деревне,"деревне,"
51_9959.png,гл,"ги,"
51_9962.png,ёлкой,"ёлкой,"
51_9975.png,кормушке,"кормушке,"
52_9987.png,жр,ж.р
52_9994.png,друга,"друга,"
52_10009.png,Обнялись,"Обнялись,"
52_10016.png,детёнышей,детёнышей.
52_10017.png,поле,"поле,"
52_10025.png,глушь,"глушь,"
52_10026.png,Россота,Работа
52_10030.png,поводки-,повадки-
52_10024.png,дрожь.,"дрожь,"
52_10035.png,капель,"капель,"
52_10031.png,лисят,"лисят,"
52_10034.png,нары-,норы-
52_10032.png,рябит,рябит-
52_10036.png,точках,точках.
52_10045.png,поют.,поют
52_10057.png,глушь.,глушь
52_10077.png,радостная,"радостная,"
52_10082.png,радость,"радость,"
52_10084.png,круги,"круги,"
52_10081.png,привёл,"привёл,"
52_10085.png,повод,"повод,"
52_10087.png,норы,"норы,"
52_10101.png,нас.,нас
52_10104.png,выбожал,выбежал
52_10113.png,Дорожка,"Дорожка,"
52_10115.png,привела,"привела,"
52_10119.png,рябь,"рябь,"
52_10118.png,малыш,"малыш,"
52_10132.png,весть,"весть,"
52_10129.png,капельки -,капельки-
52_10131.png,самокат,"самокат,"
53_10140.png,Да,Дп
53_10139.png,жр.,жр
53_10142.png,п,1
53_10149.png,стм,скл
53_10147.png,п,р
53_10148.png,их,ж
53_10151.png,сущ,м.р
53_10157.png,ср.,ср
53_10173.png,тёплае,тёплое
53_10176.png,Спо-,Ско-
53_10187.png,спячки..,спячки...
53_10196.png,нуточ-,чуточ-
53_10199.png,Щёлкнул,"Щёлкнул,"
53_10202.png,весера,вечера
53_10204.png,засвистал,"засвистал,"
53_10213.png,"""",","
53_10224.png,просыпаются.,просыпаются
53_10223.png,?,","
53_10240.png,день,день.
53_10236.png,?,","
53_10246.png,ку,"ку,"
53_10249.png,чие,гие
53_10256.png,нивая,навая
53_10251.png,года,года.
53_10264.png,голову,"голову,"
53_10278.png,5/4.,5/.4.
53_10286.png,плювёт,плывёт
53_10294.png,вбродья.,воробья.
53_10304.png,"""",","
53_10314.png,мон,м.р.
53_10318.png,а,п
54_10325.png,коридор,"коридор,"
53_10320.png,ж.р.,ж.р
53_10319.png,Т.п,Тп
54_10323.png,извините,"извините,"
54_10322.png,километр,"километр,"
54_10326.png,Возьми,"Возьми,"
54_10330.png,АЧ.,А4.
54_10331.png,5,3)
54_10327.png,беж,ёж
54_10333.png,коллекция,"коллекция,"
54_10336.png,дрожжи,"дрожжи,"
54_10341.png,ненавидеть,"ненавидеть,"
54_10337.png,меньше,"меньше,"
54_10340.png,будущий,"будущий,"
54_10342.png,вокзал,"вокзал,"
54_10352.png,А,2)
54_10348.png,здесь,"здесь,"
54_10351.png,фонтан,"фонтан,"
54_10350.png,шоссе,"шоссе,"
54_10347.png,и,4)
54_10349.png,громадный,"громадный,"
54_10354.png,тротцар,"тротуар,"
54_10355.png,марты,"шорты,"
54_10358.png,а,4)
54_10356.png,Д,2)
54_10359.png,тоньше,"тоньше,"
54_10369.png,диван,"диван,"
54_10357.png,восклицание,"восклицание,"
54_10360.png,помиклиника.,поликлиника.
54_10368.png,терраса,"терраса,"
54_10366.png,космонавт,"космонавт,"
54_10367.png,баррикада,"баррикада,"
54_10372.png,велосилед,"велосипед,"
54_10378.png,восьми,"восьми,"
54_10374.png,перый,"перой,"
54_10382.png,Ав.,А6.
54_10377.png,И,4)
54_10375.png,приключение,"приключение,"
54_10380.png,а,2)
54_10384.png,баскетбол,"баскетбол,"
54_10386.png,витрина,"витрина,"
54_10387.png,шофёр,"шофёр,"
54_10383.png,роскать,"роскошь,"
55_10395.png,мычали.,мычали .
55_10389.png,Бабутска,Бабушка
55_10399.png,Ст.,С1.
55_10405.png,"прошла!"",","прошла!""."
55_10402.png,ветер,Ветер
55_10408.png,я,Я
55_10410.png,т Троза,"""Гроза"
55_10414.png,луни,"лужи,"
55_10415.png,105/4,16б/4
55_10412.png,евцы,"овцы,"
55_10411.png,дому,"дома ,"
55_10431.png,дождь,"дождь ,"
55_10423.png,елибый,"слабый,"
55_10433.png,на,нос
55_10441.png,грязи,"грязи,"
55_10443.png,корова,коровы
55_10442.png,росы,"росы,"
55_10444.png,облаками,"облаками,"
55_10447.png,дождь,"дождь,"
55_10454.png,бабушке:,бабушке :
55_10458.png,амбира,амбара
55_10465.png,вышла,вылила
55_10462.png,капельи,капельки
55_10470.png,житье,"житьё,"
55_10469.png,II),2)
55_10480.png,вдолеке,вдалеке
55_10485.png,бабушкой,бабушкой.
55_10474.png,свиньи,"свиньи,"
55_10479.png,вызнались,виднелись
55_10486.png,поблегодария,поблагодарил
55_10487.png,шебуриат.,шебуршат.
55_10506.png,ВД,В2.
55_10504.png,Фоном,"Фоном ,"
55_10507.png,в),В1
55_10510.png,В3),В3.
55_10517.png,4),4б/
55_10520.png,добрялись,добрались
55_10519.png,ростояек,"росточек,"
55_10523.png,волны,Волны
55_10524.png,подпирать,"подпирать,"
55_10525.png,шёлковый,"шёлковый,"
55_10526.png,далёкий,"далёкий,"
55_10530.png,Диктант.,Диктант .
55_10527.png,скачет,"скачет ,"
55_10537.png,въезд,"въезд,"
55_10532.png,Ирина:,Ирина.
55_10535.png,Капуста,"Капуста ,"
55_10538.png,сирени.,сирену.
55_10544.png,образовалась,обрадовалась
55_10545.png,стороны,стороны.
55_10541.png,высоко,"высохло,"
55_10549.png,сузить,"сузить ,"
55_10551.png,съёжиться,"съёжиться ,"
55_10547.png,тополями.,"тополями,"
55_10552.png,углу,"углу,"
55_10553.png,ветле,ветке
55_10556.png,полагать,"полагать,"
55_10560.png,дождём,"дождём ,"
55_10558.png,ветер,"ветер ,"
55_10562.png,жёлтый,"жёлтый,"
55_10565.png,бодза,"бодро,"
55_10561.png,Свечой,"Свечой,"
55_10574.png,человек,"человек,"
55_10575.png,приложить,"приложить,"
55_10580.png,в,В
55_10578.png,доллом,"домом,"
55_10581.png,запакло,запахло
55_10590.png,к.,к
55_10596.png,развехаться,"разъехаться,"
55_10591.png,скрипам,"скрипам,"
55_10592.png,чёрточка,"чёрточка,"
55_10598.png,вьюга,"вьюга ,"
55_10599.png,сыном,"сыном,"
55_10601.png,амбара,"амбары,"
55_10600.png,отличается,"отличается,"
55_10609.png,"море!"" -","море!""-"
55_10608.png,товарищем,"товарищем,"
55_10604.png,Съехидничать,"Съехидничать,"
55_10617.png,церковье,"церковью,"
56_10622.png,воин,"воин,"
56_10624.png,дочь,"дочь,"
56_10644.png,освобождена,"освобождена,"
56_10646.png,солнцем,"солнцем,"
56_10668.png,Яроглавль,Ярославль.
56_10667.png,проспой,простой
56_10666.png,чували,"чуваш,"
56_10673.png,в,В
56_10676.png,красавила,красавица
56_10689.png,захватчиков,"захватчиков,"
56_10688.png,Чувашка,"Чувашия,"
56_10684.png,.п.,4.
56_10698.png,Д -,В1-
56_10702.png,Прославля.,Ярославля.
56_10705.png,г,1
56_10701.png,ует,уст
56_10708.png,России,"России,"
56_10712.png,А -,А1-
56_10716.png,-,молодец!
56_10717.png,селение,"селение,"
56_10718.png,Дивнемы,Дивными
56_10722.png,стрельца,"стрельца,"
56_10727.png,чували,"чуваш,"
56_10731.png,польших,польских
56_10736.png,Д.,4.
56_10745.png,служба -,служба-
56_10750.png,служащий,"служащий,"
56_10749.png,Ярославль,"Ярославль,"
56_10769.png,джигита.,достигнута.
56_10783.png,14-,А4-
56_10787.png,той,"той,"
56_10794.png,уст,"уст,"
56_10800.png,(Д)-,В2-
56_10806.png,Изамбай,"Изамбай,"
57_10824.png,любуешься,"любуешься ,"
57_10835.png,17,12
57_10836.png,ж. р.,"ж. р.,"
57_10837.png,А.,р.п.
57_10841.png,ж.р.,"ж.р.,"
57_10852.png,задание.,задание .
57_10853.png,I скл.,"I скл .,"
57_10847.png,рябчик,"рябчик ,"
57_10854.png,поднимется,поднимается
57_10860.png,Шубкой-,Шубкой -
57_10861.png,I сил.,"I скл .,"
57_10865.png,Зима-,Зима -
57_10862.png,ж.р.,"ж. р.,"
57_10866.png,сугробы,"сугробы ,"
57_10871.png,шишки,"шишки ,"
57_10875.png,ед.ч.,"ед.ч.,"
57_10877.png,I скл.,"I скл .,"
57_10878.png,вариант.,Вариант.
57_10881.png,бельчоном.,бельчонок.
57_10887.png,января.,января .
57_10888.png,диктант.,диктант .
57_10891.png,спят,"спят,"
57_10893.png,ед.ч.,"ед.ч.,"
57_10894.png,ед.ч.,"ед.ч.,"
57_10903.png,ночом.,ночам.
57_10908.png,зима.,зима .
57_10898.png,сугробе.,сугробе .
57_10909.png,мышь,"мышь ,"
57_10916.png,ВЗ-,Вз -
57_10914.png,95/3,9б/3
57_10940.png,"речёнки"".",речёнки .
57_10932.png,другие.,другие .
57_10958.png,земля,"земля ,"
57_10959.png,набираем,набирает
57_10969.png,Пригоройшла,Припорошила
57_10967.png,силу.,силу .
57_10970.png,дни.,дни .
57_10972.png,России!,России !
57_10973.png,"совы"".",совы .
57_10986.png,с,С
57_10981.png,голос.,голос .
57_10983.png,семена:,семена.
57_10995.png,с,С
57_10991.png,глухарь.,глухарь .
57_11002.png,3,8
58_11016.png,Четвёртые,Четвёртье
58_11022.png,Блёстям.,Блестят.
58_11024.png,Речонии,"Речонки ,"
58_11021.png,квартира,"квартира ,"
58_11025.png,нзима,""" зима"
58_11026.png,группов?,"градусов!"""
58_11033.png,и,к
58_11031.png,синий,"синий ,"
58_11042.png,января.,января .
58_11043.png,счастья.,счасться.
58_11048.png,прийти,"прийти ,"
58_11047.png,пример,"пример ,"
58_11049.png,Сова,"Сова ,"
58_11054.png,Бахрома,"Бахрома ,"
58_11064.png,превратять,"превратить ,"
58_11065.png,салат,"салат ,"
58_11067.png,радуются.,радуются .
58_11072.png,речонки,"речонки ,"
58_11075.png,одиннадцать,"одиннадцать ,"
58_11078.png,на,не
58_11084.png,миллион,"миллион ,"
58_11079.png,Астре-,Астре -
58_11080.png,ошибками.,ошибками .
58_11081.png,великолепный,"великолепный ,"
58_11083.png,каморка,"каморка ,"
58_11090.png,командир,"командир ,"
58_11089.png,лейтенант,"лейтенант ,"
58_11093.png,гостиная,"гостиная ,"
58_11099.png,генерал,"генерал ,"
58_11092.png,улыбка,улыбке
58_11097.png,девяносто,"девяносто ,"
58_11104.png,зелёный,"зеленый ,"
58_11103.png,бетон,"бетон ,"
58_11091.png,искусство,"искусство ,"
58_11100.png,неприкотливый,неприхотливый
58_11108.png,февраля.,февраля .
58_11101.png,дворе,"дворе ,"
58_11115.png,осени.,осени .
58_11120.png,поспользнуться,"поскользнуться,"
58_11119.png,талант,"талант ,"
58_11116.png,триста,"триста ,"
58_11121.png,сельдерей,"сельдерей ,"
58_11123.png,профессиональный,"профессиональный ,"
58_11126.png,из,у
58_11127.png,астра,астро
58_11125.png,Астра,"Астра,"
58_11131.png,пиджак,"пиджак ,"
58_11128.png,привет,"привет ,"
58_11133.png,чувстве.,чувство .
58_11132.png,сирень,"сирень ,"
58_11134.png,презирать,"презирать ,"
58_11142.png,задание.,задание .
58_11138.png,уна,"уна,"
58_11145.png,цветок,"цветок ,"
58_11148.png,диктант.,диктант .
58_11150.png,(респения)-,(растение)-
59_11157.png,и.п.,п.п
58_11152.png,Астре-,Астре -
58_11154.png,зревнейшее,древнейшее
59_11158.png,-н,.п
59_11162.png,4,и
59_11161.png,.п,п
59_11166.png,недр.,недр .
59_11164.png,речь.,речь .
59_11168.png,выражена,Выражены
59_11167.png,прев.,"прев .,"
59_11172.png,говорят!,говорят:
59_11174.png,сказ.,сказ .
59_11176.png,Земли?,Зачем ?
59_11186.png,древнейшее,древнеишее
59_11187.png,цветов.,цветов .
59_11188.png,дворе,"дворе ,"
59_11198.png,планеты.,планеты .
59_11195.png,месте?,месте ?
59_11199.png,повеств.,"повеств.,"
59_11210.png,неосложнено,неосложнено)
59_11209.png,Предл:,Предл :
59_11205.png,сааз.,сказ .
59_11214.png,односост.,"односост.,"
59_11211.png,Пост.пр.,Пост. пр .
59_11218.png,поднимаются,"поднимаются,"
59_11219.png,землетрясения,"землетрясения ,"
59_11220.png,Подл.,Подл .
59_11225.png,ед.ч.,"ед. ч.,"
59_11227.png,незду?,назад ?
59_11223.png,нераспрост.,"нераспрост .,"
59_11233.png,И.п.,и.п.
59_11234.png,ошибками.,ошибками .
59_11240.png,километров.,километров .
59_11242.png,земли-,Земли -
59_11245.png,километров,"километров ,"
59_11262.png,"грядусов""","градусов ."""
59_11272.png,распение.,растение.-
59_11267.png,Позн.,Подл.
59_11282.png,известных,известные
59_11281.png,невоскл.,"невоскл .,"
59_11279.png,Непост.пр:,Непост. пр:
59_11284.png,ср.р.,ср. р.
59_11286.png,н,и
59_11287.png,прост.,"прост.,"
59_11292.png,Н.ф.-,Н. ор. -
59_11291.png,простое,"простое,"
59_11290.png,и.п.,"и. п.,"
59_11295.png,"""Зима",""" Зима"
59_11307.png,вулканов?,вулканов ?
59_11308.png,ископаемые?,ископаемые ?
59_11305.png,астре-,астря -
59_11309.png,Земли?,Земли ?
59_11314.png,бурение-,бурение -
59_11315.png,просто.,просто .
59_11322.png,выражена,выражены
59_11318.png,Астре-,Астро -
59_11321.png,планеты.,планеты .
59_11324.png,Двоеточие,Двоеточия
59_11331.png,и,а
59_11327.png,февраля.,февраля .
59_11337.png,осени.,осени .
59_11335.png,растение.,растение .
59_11334.png,Астре-,Астря -
59_11344.png,Астре,Астра
59_11346.png,т,ч
59_11357.png,прил,прев
59_11359.png,планеты?,планеты ?
59_11356.png,пред,прост
59_11360.png,Камой,Какой
59_11367.png,опускаются?,опускаются ?
59_11370.png,участии,участки
60_11382.png,повышается.,повышается .
60_11373.png,планеты.,планеты .
60_11378.png,солнца.,солнца .
60_11396.png,холодок,холодом
60_11397.png,пригорка,"пригорка,"
60_11393.png,глубина,"глубина ,"
60_11402.png,Овсенки!,Овсянки!
60_11398.png,низинах,"низинах ,"
60_11409.png,притяже.,притяж.
60_11412.png,разгазать,разгадать
60_11414.png,растения.,растения .
60_11417.png,просветие,просветах
60_11422.png,спутаешь,ступаешь
60_11425.png,простое,"простое ,"
60_11423.png,Н.ф-,Н.ф -
60_11424.png,невоскл.,"невоскл .,"
60_11428.png,распрост.,"распрост .,"
60_11432.png,повеств.,"повеств.,"
60_11436.png,двусост.,"двусост .,"
60_11440.png,земной.,земной
60_11437.png,Предл:,Предл :
60_11442.png,Глубинное-,Глубинное -
60_11439.png,глубина,глубины
60_11448.png,недр.,"недр,"
60_11441.png,I скл.,II скл.
60_11444.png,пение,"пение,"
60_11446.png,солнца.,солнца .
60_11457.png,и,И
60_11462.png,незр.,недр.
60_11455.png,Глубинное-,Глубинное -
60_11464.png,ср.р.,"ср.р.,"
60_11469.png,мн.ч.,"мн .ч.,"
60_11461.png,Н.ф-,Н .ор -
60_11473.png,градуса.,градуса .
60_11492.png,земных.,земных .
60_11491.png,скорость.,скорость .
60_11494.png,цветка.,цветка .
60_11493.png,лучей.,лучей .
60_11508.png,нариц.,"нариц.,"
60_11514.png,установили,"установили ,"
60_11505.png,(недр)-,(недр) -
60_11522.png,мн.ч.,"мн.ч.,"
60_11513.png,небо,"небо ,"
60_11520.png,коозум.,"неодуш .,"
60_11524.png,Непост.пр:,Непост . пр:
60_11527.png,разовом,розовом
60_11534.png,Пост.пр:,Непост. пр :
60_11537.png,задание,"задание ,"
60_11549.png,р. п.,"р.п.,"
60_11543.png,(каких?),(каких ?)
60_11545.png,земных.,земных .
60_11551.png,Пост.пр:,Непост .пр :
60_11555.png,вот,Вот
60_11556.png,недра.,недра .
60_11568.png,опр.,сущ.
60_11569.png,2,?
60_11563.png,останками,остатками
61_11577.png,диктант.,диктант .
60_11573.png,нареч.,нареч
61_11583.png,опрещение.,отриц.
61_11588.png,корзанки,корзинки
61_11587.png,прил.,прит.
61_11582.png,местн.,личн.
61_11585.png,непоср-,неопр.
61_11590.png,Диктант.,Диктант .
61_11598.png,их.,их .
61_11595.png,нетом!,летом !
61_11605.png,его.,его .
61_11606.png,никакие,"никакие ,"
61_11603.png,коллекция,"коллекция ,"
61_11604.png,Алюминиевый,"Алюминиевый ,"
61_11601.png,квартира,"квартира ,"
61_11611.png,Лето-,Лето -
61_11619.png,перила,"перила ,"
61_11617.png,террассе,"террасса ,"
61_11624.png,сирень,"сирень ,"
61_11631.png,палисадник,"палисадник,"
61_11620.png,эвкалипт,"эвкалипт ,"
61_11626.png,биография,"биография,"
61_11618.png,то,"то ,"
61_11621.png,юный,"юный,"
61_11622.png,свиной,"свиной ,"
61_11623.png,январский.,январский .
61_11627.png,корреспондент,"корреспондент,"
61_11630.png,девяноста,"девяноста,"
61_11628.png,исследование,"исследование,"
61_11635.png,телеграмма,"телеграмма ,"
61_11639.png,генерал,"генерал ,"
61_11634.png,бетон,"бетон ,"
61_11644.png,дело!,дело !
61_11645.png,багряный,"багряный ,"
61_11642.png,пригрятало,припрятало
61_11649.png,Говорят,"Говорят ,"
61_11646.png,колоссальный,"колоссальный ,"
61_11643.png,искусство,"искусство ,"
61_11651.png,и,г
61_11652.png,одиннадцать,"одиннадцать ,"
61_11650.png,спелые,"спелые ,"
61_11654.png,учреждение,"упреждение ,"
61_11655.png,апреля.,апреля .
61_11657.png,болом ?,яблоки ?
61_11653.png,то,"то ,"
61_11659.png,лейтенант,"лейтенант ,"
61_11668.png,чем,"чем ,"
61_11671.png,ее,её
61_11673.png,великолепный,"великолепный,"
61_11672.png,им,"им ,"
61_11676.png,некоторое,"некоторое,"
61_11679.png,мая.,мая .
61_11683.png,(цветка),"(цветка) ,"
61_11684.png,то,"то ,"
61_11686.png,иллюстрация,"иллюстрация ,"
61_11698.png,их,"их ,"
61_11705.png,местам.,"местам,"
61_11699.png,гостиная,"гостиная,"
61_11706.png,миллион,"миллион ,"
61_11716.png,следние.,сладкие .
61_11709.png,румяный,"румяный ,"
61_11718.png,листочком.,"листочком.,"
61_11710.png,бордовый,"бордовый ,"
61_11707.png,это?,дто.
61_11711.png,сказочник,"сказочник ,"
61_11719.png,надкусила.,надкусила .
61_11722.png,чудес.,чудес .
61_11720.png,расслышать,"расслышать ,"
61_11725.png,траве,"траве ,"
61_11723.png,приметить,"приметить,"
62_11752.png,чать,чють
62_11768.png,ветками.,веткоми.
62_11778.png,Крепкие,Крепиие
62_11783.png,птицы.,птици.
62_11799.png,6,ь
62_11798.png,пр,пк
63_11801.png,прил,прил.
63_11809.png,время,Время
63_11831.png,е,"е,"
63_11829.png,крепкие,"крепкие,"
63_11834.png,"""",","
63_11836.png,Узкую,"Узкую,"
63_11835.png,колосья,"колосья,"
63_11838.png,длинными,"длинными,"
63_11840.png,птицы.,"птицы,"
63_11857.png,осень-,"осень"""
63_11872.png,Уснули,"Уснули,"
63_11876.png,природну.,природу.
63_11877.png,золотнийстый,золотийстый
63_11904.png,Соченение,Сочинение
63_11913.png,Полнов,Поленов
63_11918.png,птицы,"птицы,"
63_11908.png,взглядом,взглядем
63_11911.png,азисовал,рисовал
63_11922.png,Золотая,"""Золотая"
63_11926.png,Пейдаж,Пейзаж
63_11941.png,качает,"качает,"
63_11937.png,л,Л
63_11942.png,чуть,"чуть,"
63_11943.png,хвастаном,"хватают,"
63_11954.png,ветками.,"ветками,"
63_11960.png,1,","
64_11982.png,паселу,пасеку
64_11985.png,дерево,"дерево,"
64_11990.png,широких,"широких,"
64_11988.png,слышалое,слышала
64_12010.png,лес,"лес,"
64_11999.png,Трешал-,Трещал-
64_12017.png,Он,От
64_12011.png,неста.,нести.
64_12016.png,поляне.,"поляне,"
64_12023.png,елью,"елью,"
64_12032.png,землю,"землю,"
64_12024.png,Мяшутка,Мишутка
64_12056.png,Собралась,"Собрались,"
64_12053.png,морковку,"морковку,"
64_12058.png,проснулась.,"проснулась,"
64_12069.png,Сноял,Стоял
64_12080.png,Лесную.,"Лесную,"
64_12078.png,поле,"поле,"
64_12092.png,собрании,собрались
64_12097.png,веткам,"веткам,"
64_12102.png,стойка,"стойка,"
64_12108.png,ж. р.,"ж.р.,"
64_12119.png,ж.р.,"ж.р.,"
64_12123.png,воздухоль.,воздухом.
64_12128.png,м.р.,"м.р.,"
64_12125.png,то,ть
64_12133.png,ч,1
64_12134.png,П.п.,П.п
64_12142.png,сущ,сущ.
64_12143.png,гвагол,глагол
64_12136.png,х,1
64_12144.png,нашли,пошли
65_12165.png,собака,"собака,"
65_12166.png,уба,уби
65_12168.png,с,С
65_12173.png,убуралась,убералась
65_12181.png,попрятать,попрята-
65_12180.png,удавилась.,удивилась.
65_12185.png,становилась,становилось
65_12190.png,Роберта,"Роберта,"
65_12232.png,друг!!,друг!!!
65_12244.png,Алата,"Агата,"
65_12249.png,"""",","
65_12240.png,много,мною
65_12246.png,ночего,нечего
65_12253.png,1,","
65_12255.png,Я,я
65_12265.png,лепеть,лететь
65_12270.png,"""",","
65_12272.png,перевернуты,"перевёрнута,"
65_12275.png,наловаю,налеваю
65_12303.png,сторанам,"сторонам,"
65_12301.png,мячик.,мячик
65_12309.png,с,С
65_12314.png,бидто,будто
65_12319.png,зима,зима.
65_12328.png,предложениях,"предложениях,"
65_12325.png,черно,черно-
66_12332.png,Т.в.,",Т.п."
66_12330.png,П.в,П.п.
66_12346.png,Х.,П.
66_12339.png,скл,ск.
66_12341.png,п,п.
66_12347.png,3скл.,"3ск.,"
66_12348.png,П.п,П.п.
66_12349.png,1скл,"1ск.,"
66_12372.png,компьютер,"компьютер,"
66_12374.png,Вошь,вошь
66_12375.png,небом,"небом,"
66_12382.png,листья,"листья,"
66_12386.png,солома,"солома,"
66_12394.png,ветром,ветром.
66_12396.png,Кремль,"Кремль,"
66_12401.png,аркане,"аркане,"
66_12400.png,бежая,бежал
66_12410.png,килограмм,"килограмм,"
66_12414.png,сердц,сердцу
66_12417.png,кармане,кармане.
66_12420.png,Нам,Наш
66_12424.png,-Эй,"-Эй,"
66_12429.png,Перелетела-,Перелетел -
66_12443.png,метро,"метро,"
66_12448.png,кусает,"кусает,"
66_12456.png,Заяц -,Заяц-
66_12455.png,кровать,"кровать,"
66_12451.png,тяжести,"тяжести,"
66_12463.png,вьются,"вьются,"
66_12458.png,троллебус,троллейбус
66_12461.png,тролейбус.,тралейбус.
66_12476.png,рисунок,"рисунок,"
66_12474.png,виснет,"виснет,"
66_12477.png,растояние,"растояние,"
66_12475.png,воли,ваш
66_12482.png,обед,"обед,"
66_12489.png,зависти.,"зависти,"
66_12484.png,лихости,лихости.
66_12490.png,беседе,"беседе,"
66_12491.png,Хоккей,"Хоккей,"
66_12500.png,судит,седит
66_12513.png,спр,"ск.,"
66_12504.png,яблока,яблони
66_12516.png,1,1.
66_12519.png,ск,"ск.,"
66_12521.png,ск.,"ск.,"
66_12517.png,ск,"ск,"
66_12515.png,ск,"ск.,"
66_12523.png,скл.,"ск,П.п."
66_12528.png,ср.,ск.
67_12535.png,ср.,"ск.,"
67_12542.png,скл,"ск.,"
67_12537.png,В-е,В.п.
67_12540.png,сл.,"ск.,"
67_12544.png,скл,"ск.,"
67_12548.png,вёжки,"ветки,"
67_12546.png,скл,"ск.,"
67_12551.png,местности,"местности,"
67_12554.png,Лестой,"Лесной,"
67_12557.png,праздних,праздник
67_12556.png,заход,"заход,"
67_12558.png,(ж.р.,"(ж.р.,"
67_12561.png,(1 ск.)-,1ск.)-
67_12574.png,Х. п.,П.п.
67_12568.png,свежом,"светом,"
67_12575.png,П.п,П.п.
67_12582.png,скр,"ск.,"
67_12583.png,х,2
67_12587.png,П.п.,",П.п."
67_12585.png,х,1
67_12584.png,ск.,"ск.,"
67_12597.png,муха,мухи
67_12611.png,3 ск.)-,3ск.)-
67_12608.png,цвета.,цветы.
67_12615.png,сердце,сердце.
67_12610.png,земля,"земля,"
67_12616.png,статье,против
67_12618.png,спеть,степь
67_12621.png,черв,червь
67_12640.png,(ж.р.,"(ж.р.,"
67_12642.png,стене,"стене,"
67_12634.png,ча-щое,ча-ща
67_12653.png,по,то
67_12651.png,задости,радости.
67_12678.png,скрень,сирень
67_12672.png,орехн,"орехе,"
67_12673.png,шерсти,шерсти.
67_12687.png,степы-,степи-
67_12692.png,маленькие,миленькие
67_12695.png,светом,светом.
68_12708.png,непросить,"непросить,"
68_12729.png,я,и
68_12730.png,бельё;,"бельё,"
68_12739.png,мам.,"мам""."
68_12753.png,пыль,"пыль,"
68_12759.png,напиток,"напиток,"
68_12757.png,сделать.,"сделать,"
68_12768.png,убираюсь,"убираюсь,"
68_12789.png,лисицое,лисица
68_12791.png,поглядень,поглядеть
68_12799.png,глал.,галг.
68_12816.png,рябат,рябит
68_12818.png,Обнялись,"Обнялись,"
68_12849.png,покот,поют
69_12869.png,Радостая-,Радостная-
69_12870.png,правилась,"привела,"
69_12874.png,(,!
69_12880.png,освальт.,асвальт.
69_12886.png,начам,ночам
69_12882.png,морозно,"морозно,"
69_12894.png,весна.,"весна,"
69_12888.png,весна,"весна,"
69_12892.png,харошее,"хорошее,"
69_12895.png,днём,днем
69_12899.png,годы,года
69_12904.png,которая,которое
69_12908.png,весу,весну
69_12921.png,начинают,начанают
69_12928.png,десна,весна
69_12938.png,ведчеится,веднеится
69_12939.png,Дорожка,"Дорожка,"
69_12943.png,Шестье,Шестое
69_12953.png,громке.,громче.
69_12948.png,греммя,громче
69_12955.png,1,","
69_12968.png,голыбым.,голубым.
69_12970.png,1,","
69_12972.png,ето-,что-
69_12979.png,плохой:,плохоё.
69_13000.png,радостная;,"радостная,"
69_12998.png,вясне,весне
69_13015.png,шталах,штанах.
69_13019.png,радость,"радость,"
69_13022.png,дромав,домов
69_13028.png,оч,ч
69_13024.png,векти;,вести;
70_13031.png,( что,(что
70_13049.png,зазелянеет,зазеленеет.
70_13053.png,работать,работать.
70_13058.png,скворца.,"скворца,"
70_13059.png,растаям.,растаял.
70_13067.png,скворю,"скворца,"
70_13063.png,вьюги.,вьюш.
70_13064.png,что,(что
70_13083.png,чить.,нить.
70_13085.png,мых,мая
70_13093.png,скворец,скварец
70_13096.png,скворчение,скворчонок
70_13097.png,сук.,"сук,"
70_13112.png,с,С
70_13106.png,замете.,замети-
70_13116.png,галга,галка
70_13119.png,Вариант-,Вариант-1
70_13121.png,Галра,Галка
70_13124.png,летят,летят.
70_13132.png,подлетела.,"подлетела,"
70_13130.png,Влез,влез
70_13122.png,счто,(что
70_13125.png,Кат,Кот
70_13143.png,(наст.вр.,"(наст.вр.,"
70_13153.png,митрев.,наст.вр.
70_13146.png,скворча-,скворчо-
70_13149.png,будут.,будущ.
70_13144.png,(наст.вр.,"(наст.вр.,"
70_13158.png,учелу.,прощ.
70_13151.png,бр.,вр.
70_13152.png,полут,наст.
70_13155.png,прощ,прощ.
70_13150.png,буквен,будущ.вр.
70_13156.png,по,но
70_13160.png,вспорнчула.,Вспорхнула
70_13167.png,чувство,"чувство,"
70_13163.png,тип.,ти
70_13164.png,вырвала,"вырвался,"
70_13171.png,экскурсия,"экскурсия,"
70_13176.png,пепля.,петля.
70_13170.png,компьютер,"компьютер,"
70_13172.png,февраль,"февраль,"
70_13173.png,овощ,"овощ,"
70_13180.png,идта,идти
70_13181.png,отель,"отец,"
70_13178.png,орех.,"орех,"
70_13177.png,Вагон,"Вагон,"
70_13182.png,герой,"герой,"
70_13184.png,земляника,"земляника,"
70_13183.png,дорога,"дорога,"
70_13185.png,аптека,"аптека,"
70_13186.png,библиотека,"библиотека,"
70_13191.png,Мальчишки,Мальчики
70_13197.png,Скворель,Скворец
70_13193.png,(наст.вр.,"(наст.вр.,"
70_13196.png,тащих,тащил
71_13204.png,прошев,прошед.
71_13203.png,лицо,"лицо,"
71_13205.png,кри,"к/ч,"
71_13199.png,с2л.,(2л.
71_13200.png,1 лицо,1лицо
71_13206.png,е.,вр.
71_13208.png,скажегие,скажеше
71_13207.png,помогиешь,"помашешь,"
71_13214.png,гл.,ч.
71_13213.png,(3 лицо,"(3лицо,"
71_13220.png,стретел.,ед.ч.прошед.
71_13216.png,И,ч.
71_13226.png,лило,лицо
71_13225.png,остаю,встаю
71_13231.png,дуги.,дум.
71_13233.png,я,Я
71_13238.png,+,+к
71_13240.png,(1 лицо,"(1лицо,"
71_13242.png,ед. ч.,"ед.ч.,"
71_13241.png,(наст.вр.,"(наст.вр.,"
71_13247.png,200),200
71_13252.png,встают,"встают,"
71_13248.png,зацвела,"зацвела,"
71_13262.png,постишь,поспишь
71_13255.png,уважить,"уважать,"
71_13253.png,по,по-
71_13258.png,поспихе,поспите
71_13270.png,спромед.вр.,"(прошед.вр.,"
71_13269.png,встаёте,"встаёте,"
71_13276.png,буд,бу-
71_13272.png,Клюнедла,Клюнула
71_13274.png,ед.ч.,"ед.ч.,"
71_13275.png,3 л.),3л.)
71_13284.png,(промед.вр.,"(прошед.вр.,"
71_13280.png,пыльцед,пыльцу
71_13286.png,Приготовию,Приготовлю
71_13294.png,ж. р.,ж.р.
71_13292.png,Я,-Я
71_13296.png,встаём,"встаём,"
71_13298.png,2 лицо,2лицо
71_13306.png,ж.),"3л.),"
71_13317.png,(что,(Что
71_13312.png,котах,котик
71_13314.png,(что,(Что
71_13315.png,угрожает,угражает
71_13316.png,делае??),делает?)
71_13327.png,3 лицо,3лицо
71_13331.png,что,Что
71_13336.png,что,Что
71_13332.png,ушибоя,ушибся
71_13339.png,Рочится,Гонится
71_13340.png,эл.),"3л.),"
71_13343.png,ед.ч.,"ед.ч.,"
71_13345.png,полажу,положу
71_13347.png,бедут,будущ.
71_13346.png,будущ,будущ.
72_13354.png,-,=
72_13352.png,+,х
72_13362.png,Отряжь,Отрежь
72_13353.png,2,г
72_13361.png,онар,"она,"
72_13366.png,Тише,"Тише,"
72_13367.png,Татечкое,"Танечка,"
72_13371.png,утолет,утонет
72_13377.png,числом.,числам.
72_13384.png,сон.,"(он,"
72_13376.png,подчи,поспят
72_13382.png,лапам,лицам
72_13387.png,(они).,(они)
72_13385.png,очо),оно)
72_13398.png,нож,"нож,"
72_13403.png,отрехоте,отрежьте
72_13400.png,Возии,Возми
72_13402.png,Утропчание,Упражнение
72_13406.png,читаемы,"читаешь,"
72_13409.png,"""Ты",Ты
72_13412.png,д.,вр.
72_13413.png,изй.,изм.
73_13422.png,клубочком.,клубочкам.
73_13426.png,Изложение,Изложение.
73_13435.png,йск.,йи.
73_13429.png,осторожный,осторожный.
73_13438.png,цы,цы.
73_13448.png,речки,речке
73_13443.png,Март-,Март.
73_13458.png,ручь,ручь-
73_13467.png,зимою.,зима.
73_13484.png,воду,воду.
73_13487.png,плюх,"плюх,"
73_13491.png,подкотит,подкатит
73_13508.png,мна,лиса
73_13506.png,"""",","
73_13512.png,встречи.,встречи
73_13526.png,всегда,всгда
74_13533.png,ги,Ш
74_13535.png,ью.,ю.
74_13537.png,бьют.,"бьют,"
74_13536.png,лошадев,"лошадь,"
74_13540.png,вашильки,васильки
74_13541.png,рысью,"рожью,"
74_13547.png,мирно,Мирно
74_13557.png,П,Т
74_13558.png,дубы,"дубы,"
74_13553.png,роща.,роща
74_13559.png,рый,рысь
74_13568.png,лошадь,Лошадь
74_13574.png,"""",","
74_13586.png,.,","
74_13583.png,гуляем,гуляеш
74_13623.png,"""широкий.","широкий,"
74_13622.png,звери).,звери)
74_13618.png,(деревья,"(деревья,"
74_13627.png,небо,"небо,"
74_13621.png,птицы,"птицы,"
74_13628.png,Рощо,Роща
74_13626.png,"""роки",",ржи"
74_13634.png,(солнце,"(солнце,"
74_13635.png,дуб -,дуб-
74_13647.png,ветками,ветками.
74_13650.png,-стой,-стой.
74_13642.png,чуть,"чуть,"
74_13652.png,осень,"осень,"
74_13669.png,ветками -,ветками-
74_13672.png,Лесный,Лесник
74_13667.png,"""",","
74_13675.png,ми,"ми,"
74_13679.png,днит.,дней.
74_13678.png,дороженька,"дороженька,"
74_13683.png,бежит.,бежит
74_13686.png,Шёстнадцатое,Шестнадцатое
74_13682.png,крепок.,"крепок,"
74_13691.png,поют.,поют
74_13696.png,-бег,-бег.
74_13693.png,веточки,веточки.
74_13700.png,Ф,Р
74_13704.png,колосья,"колосья,"
74_13702.png,пой,"пой,"
74_13703.png,дубок,"дубок,"
74_13705.png,дуб.,дуб-
74_13712.png,я,Я
74_13713.png,-дистит,"улетит,"
74_13714.png,долетит,"долетит,"
74_13716.png,',","
74_13718.png,там,так
74_13719.png,что,"что,"
74_13725.png,выходишь,выходищ
74_13747.png,качает.,качает
75_13760.png,ещё,"ещё,"
75_13754.png,.,","
75_13765.png,ощущает,ощущаеш
75_13762.png,занке!,замке!
75_13757.png,приедел,приедеш
75_13779.png,холодно,холодно.
75_13789.png,Ени,"бни,"
75_13794.png,ж.р,И.п
75_13796.png,ед.,В.п
75_13803.png,Д.п,Р.п
75_13806.png,обед,В.п
75_13807.png,ввет,В.п
75_13814.png,Т.п-ося,Т.п.-0мл
75_13813.png,П.п-3сл,П.п.-3сл
75_13818.png,И.п.-21с.,И.п.-12сл
75_13815.png,В.п.- гл.,В.п.-4сл
75_13817.png,Д. 2-сл,Д.п.-2сл
75_13816.png,Р.п. 1-,Р.п.-1сл
75_13823.png,чел,гл
75_13835.png,Но,На
75_13833.png,II,Ю
75_13841.png,жр,ж.р
75_13842.png,мнч,мн.ч
75_13856.png,замъет.,зашъет.
75_13857.png,ручьях,"ручьях,"
75_13867.png,серьёзный,серьезный
75_13872.png,лес,"лес,"
75_13870.png,кроские.,"краские,"
75_13875.png,повырялась,ковырялась
75_13919.png,.,о
75_13922.png,. Объяснил.,".Объяснил,"
75_13921.png,сьёмка.,съёмка.
75_13923.png,Птичью,"Птичью,"
75_13924.png,подъезд.,падъезд.
75_13943.png,Земя,Земля
75_13952.png,звонкце,звонкие
75_13968.png,4./5.,4./4.
75_13981.png,калждым,каждым
75_13996.png,ветке -,ветке-
76_14018.png,5.-,5-
76_14040.png,ёлочка.,ёлочки.
76_14049.png,ногами,"ногами,"
76_14054.png,|,Д
76_14056.png,п,к
76_14066.png,Идёт,.Идёт
76_14065.png,4,4.
76_14062.png,веткам,"веткам,"
76_14072.png,её,её.
76_14077.png,одинется,оденется
76_14093.png,Восьмнадцатое,Восемнадцатое
76_14112.png,морожку.,морожку
76_14122.png,тельнике,ельнике
76_14119.png,посветлеет.,посветлеет:
76_14125.png,птичьих.,птичьих
76_14136.png,землю,"землю,"
76_14130.png,веткам,"веткам,"
76_14140.png,оченних,осенних
76_14158.png,убор,убор.
76_14153.png,П.п,Р.п
76_14159.png,ро,по
76_14179.png,В,Д
76_14180.png,анным.,инным.
76_14191.png,Т.п,П.п
76_14189.png,сущ,союз
76_14202.png,прил,пред
76_14193.png,сон,ед.ч
76_14195.png,Вп,В.п
76_14197.png,зад,пред
76_14203.png,прил,сущ
76_14205.png,наст,част
76_14209.png,Тп,Т.п
76_14213.png,5,й
76_14216.png,.я,Я
76_14229.png,поздней,позднен
76_14241.png,дервабря,дерабря
76_14268.png,морковку,"морковку,"
76_14269.png,Лесную,"Лесную,"
76_14267.png,поляне,"поляне,"
76_14280.png,вылетша,вылетила
76_14279.png,рубить,срубить
76_14285.png,проснулась,"проснулась,"
76_14291.png,заплакал,заплакал.
76_14295.png,елью,"елью,"
76_14301.png,убежоша,убежала.
76_14313.png,лесную.,"Лесную,"
76_14314.png,Беризка,+
76_14315.png,-,+
76_14319.png,поляне,"поляне,"
76_14317.png,землю,"землю,"
77_14325.png,а,А
77_14330.png,любита,любит
77_14353.png,.гл,предл
77_14370.png,полосками.,полоскали.
77_14376.png,кормлю.,"кормлю,"
77_14381.png,подвегатели,подвешавали
77_14385.png,вкус,вкус-
77_14383.png,астра,сестра
77_14382.png,-здоров!,-здорово!
77_14392.png,ю,ко
77_14399.png,"""",","
77_14393.png,Итересный,Интересный
77_14401.png,И,М
77_14422.png,кусатся.,кусается.
77_14424.png,еми,еши
77_14427.png,"""",","
77_14428.png,Двадцатое,Двадцать
77_14434.png,Одинадцатое,Одиннадцатое
77_14449.png,4./5,4./5.
77_14457.png,Редкая,редкая
77_14464.png,защищали,-защищали
77_14463.png,не,ке
77_14472.png,-то,то
77_14471.png,.,","
77_14478.png,"""",","
77_14484.png,на,не
77_14476.png,"""",","
77_14482.png,добрая,"добрая,"
77_14481.png,милая.,"милая,"
77_14491.png,фуд.,фуд-
77_14494.png,мая,моя
77_14508.png,са,ся
77_14525.png,Кнопко,Кнопка
77_14522.png,о,О
77_14521.png,Кнапе,Кнопе
77_14529.png,поромочки.,порошочке.
77_14530.png,воду,"воду,"
77_14539.png,чёрные,"чёрные,"
77_14570.png,п,р
77_14574.png,ёлкой.,"елкой,"
77_14569.png,кормушке,"кормушке,"
77_14581.png,загатавливали,заготавливали
77_14592.png,лику.,шку
77_14612.png,стаики,стаика
77_14615.png,вьюги,"въюги,"
77_14647.png,что.,"что,"
78_14674.png,5,5.
78_14677.png,ферёзке,берёзке
78_14678.png,листья,листья.
78_14684.png,дорожка.,дорошка.
78_14685.png,радостная,"радостная,"
78_14682.png,растоцл,растаел
78_14687.png,светки,"светки,"
78_14688.png,местности,"местности,"
78_14711.png,сугробы,сугробы.
78_14710.png,Поток,Потек-
78_14712.png,колие.,капель.
78_14716.png,тайты,таитьи
78_14730.png,чёлы,пчёлы
78_14736.png,лоп.,лоп-
78_14773.png,П,Т
78_14774.png,р,п
78_14785.png,г,2
78_14784.png,1скл,скл
78_14789.png,тропка,"тропка,"
78_14792.png,перопинка,тропинка
78_14802.png,тепли.,теплее.
78_14798.png,пол-,поя-
78_14801.png,согулки.,сосульки.
78_14814.png,погребе,погретс
78_14816.png,крыших,крышах
78_14815.png,Началось,Началась
78_14835.png,дорожечка.,дорожечка
78_14837.png,Дорожка,"Дорожка,"
78_14836.png,привела,"привела,"
78_14841.png,шка.,ика.
78_14874.png,Обнялись,"Обнялись,"
78_14892.png,ках,как
78_14890.png,дрожит,дрожат
78_14908.png,светом,"светом,"
78_14903.png,диктант.,диктант
79_14918.png,тает,"тает,"
79_14914.png,гл.,И.п
79_14920.png,когда.,когда
79_14917.png,текуит,текут
79_14922.png,стманированой,отмасферой
79_14921.png,"""",","
79_14926.png,"""",","
79_14932.png,ручьи,"ручьи,"
79_14934.png,светополнышка.,светасолнышка
79_14943.png,что,"что,"
79_14940.png,я,Я
79_14941.png,птицы,"птицы,"
79_14944.png,стало,стала
79_14946.png,увидила,ивидила
79_14952.png,Р,Р.
79_14959.png,м.р.,м.р
79_14956.png,ж.р.,ж.р
79_14957.png,мр.,м.р
79_14958.png,В.п,ж.р
79_14961.png,нии,П.п
79_14965.png,отогремись,отогрелись
79_14966.png,вину!,весну!
79_14976.png,пробует,Пробует
79_14973.png,"""",","
79_14971.png,засвистал,"засвистал,"
79_14982.png,Соловичная,Соловьиная
79_14980.png,пленьше,пленник
79_14985.png,Закотилось,Закатилось
79_14997.png,заклянулась,затянулась
79_15016.png,га,2скл
79_15023.png,5/4,5/54
79_15029.png,Ветля.,петля.
79_15026.png,5./1,5../4
79_15043.png,клювать.,клювать
79_15053.png,Но,На
79_15059.png,4,и
79_15067.png,полез,палез
79_15066.png,взлетел,"взлетел,"
79_15086.png,тоять,таять
79_15089.png,головку,"головку,"
79_15085.png,толять,таять
79_15090.png,тишинь,тишине
79_15105.png,чуточку,"чуточку,"
79_15108.png,Щёлкнул,"Щёлкнул,"
79_15122.png,послышалось,послышалась
79_15124.png,киевать,клевать
79_15127.png,плычник,пленник
79_15129.png,кивать,клевать
79_15133.png,кревать,клевать
79_15132.png,пленние,пленник
79_15145.png,освободы,освободи
79_15151.png,рабочим.,рабочии.
79_15165.png,те,"те,"
79_15179.png,Ип,И.п
80_15206.png,засверкало.,засверкала.
80_15223.png,становились,стоновились
80_15227.png,Весёлоя,Весёлая
80_15243.png,Лёгкий -,Лёгкий-
80_15272.png,хвотает,хватает
80_15279.png,5./4.,5./.4.
80_15287.png,закатывает,закотывает
80_15291.png,лужу.,мужу.
81_15334.png,стенами-,стенами. -
81_15337.png,улотит.,улетит.
81_15338.png,залетит,"залетит,"
81_15345.png,Лесник,"Лесник,"
81_15355.png,чуть,"чуть,"
81_15352.png,лошадь,"лошадь,"
81_15358.png,веточка,"веточка,"
81_15361.png,бег,"бег,"
81_15360.png,лошадка,"лошадка,"
81_15369.png,дороженька,"дороженька,"
81_15373.png,ножки,"ножки,"
81_15371.png,стенки,"стенки,"
81_15372.png,заночи.,за ноги.
81_15374.png,он,оч
81_15381.png,пролетит,"пролетит,"
81_15403.png,бег,"бег,"
81_15410.png,плечи,"плечи,"
81_15428.png,часовщик,"часовщик,"
81_15431.png,Ветерок,"Ветерок,"
81_15427.png,часики,"часики,"
81_15434.png,выпаны,сыпаны
81_15443.png,пой,"пой,"
81_15445.png,плечи,"плечи,"
81_15452.png,цы,цы.
81_15483.png,берёзовой,"берёзовой,"
81_15481.png,часовой,"часовой,"
82_15490.png,колос,"колос,"
82_15491.png,1,","
82_15492.png,рысью,"рысью,"
82_15494.png,ж.,ж
82_15499.png,чут.,"чут,"
82_15511.png,трава,"трава,"
82_15507.png,красив,"красив,"
82_15508.png,ржи,"ржи,"
82_15509.png,Птичьи,"Птичьи,"
82_15504.png,небо,"небо,"
82_15516.png,дуб,дуб-
82_15513.png,дубы,"дубы,"
82_15515.png,4/4.,4./4.
82_15524.png,тишина,тишина.
82_15528.png,м.р,м.р.
82_15538.png,р,р.
82_15555.png,веточки,"веточки,"
82_15554.png,Сочинеле.,Сочиние.
82_15556.png,верхники-,ветками-
82_15558.png,В.,В
82_15561.png,падают,"падают,"
82_15565.png,широкий,"широкий,"
82_15568.png,осень,"осень,"
82_15576.png,ручях,ручьях
82_15584.png,3.4.,3./4.
82_15605.png,осень.,осень
82_15614.png,потомучто...,потому что...
82_15616.png,Краски,"Краски,"
82_15613.png,Роща,"Роща,"
82_15608.png,(деревья,"(деревья,"
82_15625.png,лошадь,"лошадь,"
82_15629.png,узанький,"узинький,"
82_15620.png,ска,сил
82_15626.png,боют,"боют,"
82_15653.png,пестрым,пёстрым
82_15662.png,ед.ч,ед.ч.
82_15656.png,крепок,"крепок,"
82_15663.png,мыст.,лиси
82_15664.png,прил,приз
82_15679.png,зиму,зиму.
82_15700.png,',","
82_15698.png,по,о
82_15702.png,"""",","
82_15701.png,Я,я
83_15712.png,ручьях,"ручьях,"
83_15724.png,посветлеет,"посветлеет,"
83_15741.png,серьезный,"серьезный,"
83_15738.png,Тушок,Пушок
83_15746.png,ный,"ный,"
83_15756.png,фыркал,"фыркал,"
83_15757.png,съемка.,съёмка.
83_15762.png,Он,он
83_15760.png,изрюм.,угрюм.
83_15778.png,зашёт,"зашёт,"
83_15777.png,подчинул,подъёмн
83_15775.png,Объяснил,"Объяснил,"
83_15781.png,подезд,"подезд,"
83_15782.png,здоровье,"здоровье,"
83_15787.png,и,л
83_15783.png,х,-
83_15795.png,есть,"есть,"
83_15801.png,Опавшая,Опашвая
83_15843.png,тросивай,"трамвай,"
83_15846.png,аллея,"аллея,"
83_15853.png,шофёр,"шофёр,"
83_15845.png,троалейбус,"троалейбус,"
83_15844.png,четверг,"четверг,"
83_15851.png,футбол,"футбол,"
83_15848.png,автобус,"автобус,"
83_15850.png,пшеница,"пшеница,"
83_15849.png,шоссе,"шоссе,"
83_15852.png,праздник,"праздник,"
83_15847.png,вокзал,"вокзал,"
83_15855.png,Ракета,"Ракета,"
83_15854.png,компьютер,"компьютер,"
83_15876.png,4/5.,4./5.
83_15901.png,Жуков,жуков
84_15931.png,р,.п
84_15935.png,ногами,"ногами,"
84_15939.png,напраляль,напугалаль
84_15949.png,над-,пдд
84_15978.png,убор,"убор,"
84_16019.png,лесу,"лесу,"
84_16032.png,довр,"убор,"
84_16029.png,скостер-,скатер-
84_16043.png,з,","
84_16072.png,проснулась,"проснулась,"
84_16075.png,елью,"елью,"
84_16090.png,въехи,въехл
84_16101.png,ром:,ром.
84_16100.png,Лесную,"Лесную,"
84_16102.png,морковку.,"морковку,"
84_16110.png,Д.п,В.п
84_16127.png,п,1
84_16135.png,предл,пред
84_16141.png,сма,сущ
84_16151.png,И.п,П.п
84_16152.png,сущ.,сущ
84_16146.png,прил,прил.
84_16160.png,м.,лг.
84_16156.png,Р.п,Р.п.
84_16155.png,прит,част
84_16167.png,поляне,"поляне,"
85_16175.png,питомеи,питомец
84_16166.png,веткам,"веткам,"
84_16169.png,7,","
85_16182.png,подснежник.,подснежник..
85_16180.png,ок,ск
85_16186.png,медведица,"медведица,"
85_16187.png,возится,"возится,"
85_16184.png,Захотел -,Захотел-
85_16188.png,проснулась,"проснулась,"
85_16201.png,полёт,"полёт,"
85_16197.png,Микой,Микой.
85_16232.png,а-,о-
85_16241.png,Серодня,Сегодня
85_16242.png,птичью,птичъю
85_16244.png,напугалась,"напугалась,-"
85_16258.png,домашний,дамашний
85_16255.png,щёлков.,щеглов.
85_16251.png,девочка.,девачка.
85_16275.png,серо,сера
85_16288.png,залотавли-,заготавли-
85_16291.png,вьюги.,въюги.
85_16304.png,трест,"треск,"
85_16307.png,декабря,"декабря,"
85_16308.png,полез,"полез,"
85_16305.png,спала,"спала,"
85_16310.png,захонет,"захопет,"
85_16320.png,верхушка,верхушке
85_16322.png,чаши,чащи
85_16328.png,заплакал,"заплакал,"
85_16334.png,"""",","
85_16337.png,"""",","
85_16345.png,животе,"животе,"
85_16347.png,топором,"топором,"
85_16348.png,ёлку,"ёлку,"
85_16351.png,веткам,"веткам,"
85_16352.png,землю,"землю,"
85_16365.png,поляне,"полянке,"
85_16361.png,маленький,"маленький,"
85_16367.png,другей.,друзей.
85_16372.png,въехал,"въехал,"
85_16375.png,ср,ск
85_16373.png,3,2
85_16377.png,гл,гл.
85_16388.png,березка,"березка,"
85_16389.png,Лесную,"Лесную,"
86_16412.png,Мод-,ягод-
86_16444.png,вьюги,"вьюги,"
86_16446.png,кормуйке,"кормушке,"
86_16448.png,1,","
86_16452.png,чул,нул
86_16469.png,чь,ъ
86_16478.png,х,п
86_16487.png,пробаваються,пробеваються
86_16492.png,Пде,Т.п
86_16507.png,черемухи,черёмухи
86_16527.png,ёлкой,"ёлкой,"
86_16555.png,светом,"светом,"
86_16557.png,ветки,"ветки,"
86_16561.png,пчёлы,пчелы
86_16559.png,местности,"местнасти,"
86_16556.png,поляну,"поляну,"
86_16578.png,маленькие,миленькие
87_16615.png,солнен,солнеч
87_16623.png,начтут,начнут
87_16630.png,4.5,4./5
87_16645.png,маленькие,"маленькие,"
87_16648.png,норы,"норы,"
87_16640.png,снег,"снег,"
87_16651.png,малыш,"малыш,"
87_16650.png,лисы,"лисы,"
87_16657.png,Ранняя,Ранияя
87_16681.png,заячишка.,зайчишка.
87_16674.png,Обнялись,"Обнялись,"
87_16688.png,Интерет,Интересно
87_16683.png,дорожку,дорожу
87_16690.png,в,во
87_16695.png,Радостью,Радостна
87_16705.png,капельны,капельки
87_16721.png,гл.,гл
87_16716.png,глушь,глушь.
87_16718.png,И,и
87_16737.png,радостно-,радостна-
87_16732.png,диклонта,диктант.
87_16740.png,рябит,"рябит,"
87_16750.png,стенышей.,тенышей.
87_16754.png,к,п
87_16752.png,тропка,"тропка,"
87_16756.png,ворожка,"орожка,"
87_16757.png,радстная,"радостная,"
87_16760.png,листочкам,листочках
87_16759.png,привела,"привела,"
87_16770.png,дрожь,"дрожь,"
87_16773.png,узвестный,известный
87_16767.png,привёл,"привёл,"
87_16772.png,радость,"радость,"
87_16768.png,глушь,"глушь,"
87_16775.png,известен,"известен,"
87_16771.png,радостная -,радостная-
87_16777.png,повод,"повод,"
87_16780.png,катитъ,катитьс
87_16784.png,ща,ца
87_16789.png,Контрнадца,Контрольный
87_16793.png,вокруг,"вокруг,"
87_16794.png,торы-,норы-
87_16792.png,капельки,"капельки,"
87_16806.png,1,!
87_16803.png,идёт,"идёт,"
88_16815.png,духа,веревку
88_16814.png,не,но
88_16816.png,и,а
88_16817.png,Гаркой,лапкой
88_16811.png,защепился,зацепился
88_16812.png,шклавив,оставив
88_16826.png,деревом,дерева
88_16823.png,период,ниткой
88_16828.png,О,В
88_16825.png,сущ,сук
88_16837.png,"""",","
88_16846.png,Химника,Хищника
88_16850.png,клю,плю-
88_16856.png,п.,р.
88_16870.png,голову,"голову,"
88_16880.png,Щёлкнул,"Щёлкнул,"
88_16883.png,ченки.,чёнка.
88_16881.png,Стехнор,Стехпор
88_16891.png,а,о
88_16892.png,землю,землю.
88_16899.png,гил-,гал-
88_16904.png,ла.,ла
88_16903.png,скворчено,скворчена
88_16900.png,голка,галка
88_16926.png,Р.,Р
88_16939.png,н,","
88_16944.png,.п,.р
88_16950.png,чуточку,"чуточку,"
88_16952.png,засвистал,"засвистал,"
88_16949.png,могчал,молчал
88_16962.png,сумерках?,сумраках?
88_16964.png,от,он
88_16973.png,скрор,сквор
88_16976.png,чёска,чёлка
88_16987.png,п,.п
88_16986.png,п.,р.
88_16993.png,.ч,.п
88_16995.png,т,ск
88_17010.png,0,о
88_17012.png,хотель,хотели
88_17018.png,вырвался,"выбрался,"
89_17023.png,сею,сего
89_17032.png,того,"того,"
89_17031.png,Фоллкор,Фолклор
89_17033.png,Фоллиор-,Фолклор -
89_17039.png,фолколу,фолклору
89_17046.png,преданий.,"преданий,"
89_17049.png,песен,"песен,"
89_17058.png,время,"время,"
89_17067.png,актуалет,актуален
89_17072.png,фолкора,фолклора
89_17084.png,книг,"книг,"
89_17087.png,мудрости,"мудрости,"
89_17097.png,4/0,1/2
89_17093.png,народ,"народ,"
89_17098.png,сторых,старых
89_17100.png,поколение,"поколение,"
89_17102.png,придушывает,придумывает
89_17112.png,Фолклора-,Фолклора -
89_17120.png,Песни,"Песни,"
89_17126.png,"""",","
89_17123.png,люди,"люди,"
90_17137.png,Он,О
90_17136.png,томны,таины
90_17134.png,"""",","
90_17139.png,секрета,"секрета,"
90_17140.png,Т.,Т
90_17146.png,Левид,"Левшу,"
90_17156.png,хороша,хорошо
90_17159.png,плем,"тем,"
90_17168.png,то,"то,"
90_17164.png,относлусь,отношусь
90_17165.png,делает,"делает,"
90_17171.png,Левше,"Левше,"
90_17181.png,и,И
90_17192.png,осени,"осени,"
90_17204.png,лету,"лету,"
90_17199.png,on,от
90_17211.png,зиме,"зиме,"
90_17213.png,природы-,природы -
90_17216.png,видел,"видил,"
90_17214.png,ние,ния
90_17220.png,.,","
90_17231.png,сапоге,"сапоге,"
90_17224.png,"несмело""-","несмело"" -"
90_17235.png,худой,"худой,"
90_17236.png,косой,"косой,"
90_17243.png,приметный,"приметный,"
90_17239.png,"""томи","""там,"
90_17244.png,с,","
90_17251.png,сказа,"сказа,"
90_17252.png,реальтыми,реальными
90_17257.png,главные,главныи
90_17277.png,2,","
90_17272.png,лескова,Лескова
90_17276.png,толк,"так,"
90_17281.png,Левша-,Левша -
90_17289.png,1/,1/1
90_17288.png,природа,"природа,"
90_17297.png,и,И
90_17290.png,стихотверениях,стихотверениях.
90_17301.png,литературы,литературы.
90_17305.png,и.,И.
90_17314.png,стихотворения-,стихотворения -
90_17316.png,июлях,людях
90_17319.png,определенные,определённые
90_17326.png,ночем,нечем
90_17329.png,хочем,хочет
90_17337.png,блоку.,блоху.
90_17333.png,усердный,"усердный,"
90_17338.png,показать,"показать,"
90_17343.png,Лесков,"Лесков,"
90_17347.png,родины,"родины,"
90_17353.png,"""",","
90_17362.png,томант,талант
90_17370.png,Р.,Ф.
90_17367.png,Момается.,Мотается.
90_17369.png,опорочках,"опорочках,"
91_17383.png,показывает,"показывает,"
91_17381.png,природой,"природой,"
91_17391.png,природы,природа
91_17389.png,"""",","
91_17394.png,драматург,"драматург,"
91_17397.png,Блок-,Блок -
91_17404.png,Александром,Александором
91_17412.png,эпитеты-,эпитеты -
91_17415.png,также,тоиже
91_17416.png,a,а
91_17426.png,"""Летний.","""Летний"
91_17430.png,поэт,"поэт,"
91_17459.png,"объята"".","объята"","
91_17465.png,"""умчись","""учились"
91_17471.png,"""дремомой","""дремотой"
91_17477.png,метафора-,метафора -
91_17482.png,живая,"живая,"
91_17500.png,1/,1/1
91_17501.png,4,4/
91_17509.png,метафоры-,метафора -
92_17513.png,русыл,русые
92_17516.png,герой,"герой,"
92_17538.png,стехах,"стехах,"
92_17552.png,линяется,"меняется,"
92_17556.png,автор,"автор,"
92_17563.png,илиют,имеют
92_17567.png,народные,"народные,"
92_17565.png,лижду,между
92_17580.png,"боготырях""","богатырях"""
92_17598.png,тритье,третье
92_17602.png,добрая,"добрая,"
92_17607.png,брови,"брови,"
92_17611.png,продобро,про добро
92_17612.png,неприятное.,не приятное.
92_17613.png,остановлюсь,Остановлюсь
92_17609.png,волосы,"волосы,"
92_17619.png,вредное,"вредное,"
92_17620.png,дурная,"дурное,"
92_17621.png,ото-,это
92_17630.png,великодуши,великодушие
92_17631.png,милосердие,"милосердие,"
92_17641.png,тему,"тему,"
92_17649.png,1,","
92_17650.png,расказать,"расказать,"
92_17656.png,кам,ком
93_17661.png,самого,самою
93_17660.png,заличательного,замечательного
93_17662.png,струку,стеку
93_17674.png,чуткасть.,чуткость.
93_17681.png,Добрата,"Добрата,"
93_17685.png,народ,"народ,"
93_17679.png,шла,"сила,"
93_17688.png,шиволически,символически
93_17693.png,И,И.
93_17691.png,Туренева,Тургенева
93_17697.png,Горосим-,Герасим-
93_17702.png,набеждали,побеждает
93_17704.png,Дина,Рина
93_17707.png,человек,"человек,"
93_17712.png,Костыми,Кастылин
93_17718.png,сказка,"сказка,"
93_17725.png,собай,"собой,"
93_17732.png,самовлюблёная,"самовлюблёная,"
93_17729.png,командивать.,командывать.
93_17731.png,гордая,"гордая,"
93_17739.png,волосы,"волосы,"
93_17737.png,лицо,"лицо,"
93_17743.png,герой,"герой,"
93_17745.png,Царица-,Царица
93_17759.png,чистоплотная,"чистоплотная,"
93_17763.png,2/0 ош,3/0 ош
93_17752.png,лду,"еду,"
93_17761.png,и,ч
93_17768.png,е,о
93_17765.png,),I
93_17770.png,2,2/1
93_17781.png,Варжба,Дружба
93_17774.png,спасти,снасти
93_17772.png,себя,себя.
93_17777.png,чему-,чему.
93_17782.png,ибе.,себе.
93_17785.png,другает,думает
93_17794.png,бружба,дружба
93_17790.png,"неё"",",неё.
93_17803.png,Ии,Им
93_17797.png,деньги,"деньги,"
93_17798.png,барыни,"барыни,"
93_17808.png,Абеде.,в беде.
93_17817.png,прислуги,прислуги.
93_17820.png,пленик?,"пленик""?"
93_17821.png,"""Навказкий","""Кавказкий"
93_17838.png,душа,"душа,"
93_17853.png,показывает,"показывает,"
93_17846.png,полищицы,"помещецы,"
93_17856.png,Мушу.,Муму.
93_17861.png,ослушаться,"ослушаться,"
93_17871.png,близкам,близким
93_17868.png,Герасина,"Герасима,"
93_17863.png,Геросим,Герасим
93_17867.png,но,"но,"
93_17873.png,стало,стала
93_17879.png,Татьяну,"Татьяну,"
93_17877.png,сосвотали,сосватали
93_17875.png,барьен.,барыни.
93_17889.png,собаку,собаку.
93_17897.png,Глухонной,Глухонемой
93_17893.png,пожалел,"пожалел,"
93_17899.png,нимой,немой
94_17908.png,опасной,"опасной,"
94_17914.png,момент,"момент,"
94_17920.png,лет,"лет,"
94_17917.png,равестник.,ровестник.
94_17926.png,рассказе,"рассказе,"
94_17927.png,',","
94_17923.png,кажется,"кажется,"
94_17932.png,поступок,"поступок,"
94_17936.png,номвен,"наивен,"
94_17937.png,полая,"полая,"
94_17943.png,сорцев,"горцев,"
94_17948.png,Но,"Но,"
94_17964.png,обычный.,обычный
94_17969.png,захватить,захвотите
94_17970.png,негоесть,не го есть
94_17963.png,Филька,"Филька,"
94_17965.png,мальчик,"мальчик,"
94_17962.png,завет,зовут
94_17972.png,?,","
94_17979.png,"""",","
94_17975.png,Г,Р
94_17974.png,1/,1/0
94_17982.png,4/0 а,4/0 ош
94_17980.png,(пр.,Л.Н
94_17987.png,мирического,лирического
94_17998.png,возможность,"возможность,"
94_18008.png,показалось,"показалось,"
94_18020.png,Поступов-,Поступок-
94_18025.png,сворстников,сверстников
94_18027.png,постучки,поступки
94_18033.png,подчительное,поучительное
94_18035.png,"пленеек"".","пленик""."
94_18036.png,"""Кавказний","""Кавказкий"
94_18048.png,нор,пор
94_18052.png,победили,"победили,"
94_18057.png,пострафли,пострадали
94_18061.png,битва,"битва,"
94_18069.png,Смелость,смелость
94_18072.png,кажется,"кажется,"
94_18081.png,и,"и,"
94_18090.png,лет,"лет,"
94_18083.png,ственный,"ственный,"
94_18088.png,показывает,"показывает,"
95_18113.png,а,и
95_18119.png,понимает.,понимает
95_18125.png,Воло,Вопо
95_18131.png,люди,"люли,"
95_18135.png,люли,"люли,"
95_18132.png,стояла,"стояла,"
95_18124.png,стояла,"стояла,"
95_18136.png,мали,"люли,"
95_18130.png,Ах,"Ах,"
95_18134.png,люли,"люли,"
95_18129.png,стояла,"стояла,"
95_18133.png,Ах,"Ах,"
95_18142.png,1,","
95_18145.png,класс,классе
95_18160.png,4/0 он,4/0ош
95_18162.png,),","
95_18168.png,расцветала,"расцветала,"
95_18171.png,люли,"люли,"
95_18164.png,),","
95_18170.png,люли,"люли,"
95_18169.png,Ах,"Ах,"
95_18172.png,ранцветала.,расцветала.
95_18182.png,А.А. Фта.,А.А.Фта
95_18188.png,смыгал,смысол
96_18202.png,"""",","
96_18198.png,пачатися,писателя
96_18214.png,пота-,поэта-
96_18211.png,Основных,Основная
96_18224.png,написоно,написано
96_18222.png,Дета,"Фета"""
96_18225.png,в-,в
96_18250.png,загадочное,"загадочное,"
96_18253.png,весёлое,"весёлое,"
96_18252.png,чемного,немного
96_18262.png,Н.с.,Н.С.
96_18256.png,ребисными,реальными
96_18268.png,говорял,говорят
96_18264.png,04,ош
96_18281.png,С,с
96_18282.png,матчано,написано
96_18286.png,сущ.,образе-
96_18297.png,так,"так,"
96_18313.png,"""тевика!""","""Левша""."
96_18312.png,левичи,Левша
96_18319.png,2,","
96_18318.png,"""Н.","""Н.С."
96_18325.png,человека,"человека,"
96_18336.png,косой,"когой,"
96_18337.png,одн,одет
96_18335.png,Худой,"Худой,"
96_18345.png,осение,осени
96_18353.png,так,так-
96_18347.png,узгали,узнали
96_18356.png,ото,оно
96_18363.png,Левала-,Левша-
96_18360.png,вочьма,восьмое
96_18373.png,1.,:
96_18380.png,"""",","
96_18389.png,так,"так,"
96_18387.png,"""",","
96_18392.png,чтать,читать
96_18394.png,?,","
96_18400.png,?,","
96_18396.png,Левша-,(Левша)
96_18399.png,?,","
96_18401.png,"""Анам","""там"
96_18403.png,перечекается,пересекается
96_18405.png,гречь,"речь,"
97_18411.png,товарищей,"товарищей,"
97_18415.png,по,не
97_18421.png,сливых,Сильыл
97_18437.png,ми,ни
97_18433.png,глаза,Глаза
97_18436.png,кажи,капли
97_18447.png,правильно,"""правильно"
97_18442.png,"живое"",","живое,"""
97_18443.png,шишком,слишком
97_18451.png,фкуратна,окуратна.
97_18457.png,героите,героине.
97_18456.png,Втешне,Внешне
97_18455.png,оно,она
97_18463.png,деятельностью,"деятельностью,"
97_18464.png,педопожческой,педагогической
97_18470.png,2/3 и,2/3ош
97_18471.png,1,""""
97_18473.png,утверждает,"утверждает,"
97_18482.png,),","
97_18478.png,мились,лились
97_18480.png,.,","
97_18485.png,9,я
97_18492.png,И,а
97_18490.png,смог,"смог,"
97_18495.png,"""- роках","""Уроках"
97_18502.png,мнх,них
97_18499.png,французо-,французс-
97_18506.png,класом,классом
97_18504.png,одат,один
97_18508.png,Мы,мы
97_18518.png,Сочинении,Сочинение
97_18510.png,искандера.,Искандера.
97_18525.png,трудолюбилься,трудолюбивьа
97_18523.png,уследчивый,"усидчивый,"
97_18531.png,застёиваются,"застёгиваются,"
97_18539.png,состое,"сапоге,"
97_18534.png,1,","
97_18544.png,о,О
97_18538.png,мотается,"мотается,"
97_18545.png,ик,ак
97_18543.png,оторочках,"опорочках,"
97_18552.png,Н.А,Н.С
97_18557.png,Лесков,"Лесков,"
97_18553.png,зреннии.,зрении.
97_18559.png,достойны,достойные
97_18558.png,воххищения.,восхищения.
97_18563.png,тустянам,"пустякам,"
97_18567.png,Я,Ф.
97_18571.png,доброты,"доброты,"
97_18570.png,чистоты,"чистоты,"
97_18576.png,воспитали,воспитание
97_18607.png,Воспринимается,воспринемается
97_18606.png,деньга,деньги
97_18600.png,учительницы,"учительницы,"
97_18603.png,спра,игра
97_18605.png,ма,на
97_18609.png,другая,дрюгая
97_18616.png,медали,нидили.
97_18618.png,стог,смог
97_18622.png,работу,"работу,"
97_18615.png,ды,две
98_18627.png,"""Гороша"")","""Пороша""."
98_18632.png,п,н
98_18651.png,Михаилович,Михайловна
98_18648.png,мальчику,"мальчику,"
98_18663.png,мальчике,мальчике:
98_18665.png,узнавала,узновала
98_18673.png,меодназначно,"неодназначно,"
98_18675.png,бот,6/0ош
98_18671.png,Михаилов-,Михайлов-
98_18678.png,',","
98_18680.png,1,","
98_18677.png,1,","
98_18676.png,1,","
98_18684.png,уроке,"уроке,"
98_18683.png,Я.,я.
98_18694.png,прочитаю,прочитаю.
98_18689.png,ствохотворения,стихотворения
98_18699.png,понравилось.,"понравилось,"
98_18698.png,Я,я
98_18703.png,светлог,"светлое,"
98_18707.png,расшулились,"расшумелись,"
98_18713.png,санах,санях
98_18710.png,то,"то,"
98_18711.png,лошадями,"лошадямм,"
98_18722.png,тем,"тем,"
98_18730.png,сегодая,Сегодня
98_18738.png,репического,рерического
98_18748.png,ко,но
98_18754.png,момент,"момент,"
98_18749.png,накалить,"накомить,"
98_18758.png,лся,"лся,"
98_18765.png,ей,"ей,"
98_18766.png,благодар-,благодаре-
98_18772.png,окна,она
98_18775.png,гладко,"гладко,"
98_18778.png,милась,лилась
98_18787.png,фартной,озартной
98_18796.png,мализ,Анализ
98_18791.png,придумала,"придумала,"
98_18794.png,и,н
99_18803.png,городится.,гордится.
98_18799.png,в,ь
98_18801.png,р,ре
99_18807.png,происхождения,"происхождении,"
98_18802.png,в,ь
99_18819.png,Сочеты,Степы
99_18812.png,радать,"радость,"
99_18817.png,Мелко-,"""Мелко-"
99_18830.png,ии,ние
99_18826.png,кририке.,ририке.
99_18835.png,презатенная,пейзажная
99_18832.png,природе,"природе,"
99_18841.png,матшал,написал
99_18844.png,того,"того,"
99_18850.png,чувствами,"чувствовали,"
99_18853.png,том,"том,"
99_18861.png,менолог,"монолог,"
99_18868.png,роткады-,рассказы-
99_18869.png,пот,поэт
99_18881.png,шебя,шейся
99_18879.png,картиной,"картиной,"
99_18883.png,выхищается,восхищается
99_18888.png,писатная,пейзажная
99_18895.png,отывает,описывает
99_18887.png,зарисовка,"зарисовка,"
99_18903.png,просторами,"просторами,"
99_18905.png,затретивая,затрачивая
99_18906.png,матчано,написано
99_18909.png,стихотворение,"стихотворение,"
99_18916.png,и,а
99_18922.png,признает,признаёт
99_18919.png,ворна.,важна.
99_18924.png,слова,слава
99_18929.png,1)ош,1/1ош
99_18927.png,наконец,"наконец,"
100_18939.png,),","
100_18952.png,11,""""
100_18964.png,"""",","
100_18956.png,када,когда
100_18959.png,снтаю,"считаю,"
100_18973.png,1,","
100_18972.png,6.,С.
100_18977.png,нарудной,трудной
100_18974.png,"""",","
100_18975.png,"""",","
100_18992.png,злам,злом
100_18991.png,Со,со
100_18995.png,Царевна,"Царевна,"
100_18994.png,тырей,"тырей,"
100_19001.png,каноном,канонам
100_19003.png,№,А.
100_19013.png,ку),(су)
100_19014.png,ситуалуми.,ситуации.
100_19016.png,"""",","
100_19042.png,я,а
100_19041.png,добро,"добро,"
100_19044.png,проигрывает,проигрывает.
100_19046.png,1/0 им,1/1ош
100_19082.png,Р,""""
100_19079.png,О,о
100_19085.png,востаржествовало,востаржвествовало
100_19087.png,злом,"злом,"
100_19101.png,2),""""
101_19118.png,рассказом,рассказам
101_19117.png,льва,Льва
101_19129.png,льва,Льва
101_19137.png,барыми,"барыни,"
101_19135.png,о,О
101_19144.png,деревом,"деревом,"
101_19143.png,быком.,"быком,"
101_19154.png,роста,"роста,"
101_19162.png,лицом,миуам
101_19156.png,дезати,дцати
101_19159.png,Герасим,"Герасим,"
101_19173.png,отиму,отцу
101_19184.png,"плениик""","пленник"""
101_19186.png,зверь?,"зверь""."
101_19185.png,Интерии,Империи
101_19197.png,понравилась,"понравилась,"
101_19201.png,пьянницей.,пьяницей.
101_19200.png,л,А
101_19206.png,начала,"начала,"
101_19222.png,барына,барыни
101_19221.png,(королю),"(хорошо),"
101_19244.png,бык,"бык"","
101_19253.png,плодородной,народной
101_19247.png,недоушевает,недоумевает
101_19252.png,"землё,","земле"","
101_19261.png,текста:,"текста-"""
101_19263.png,цитатье,цитаты
101_19269.png,Туренева,Тургенева
101_19279.png,"""Муку""","""Муму"""
101_19278.png,Недавно,недавно
101_19280.png,Турпенева,Тургенева
101_19284.png,посчитала.,посчитала
101_19296.png,и,н
101_19292.png,(на),(она)
101_19298.png,огна,она
101_19301.png,"""",","
101_19295.png,?,","
101_19299.png,о,","
101_19302.png,"""",","
101_19309.png,-так,так
101_19327.png,Герасима,"Гврасима,"
101_19341.png,?,","
101_19343.png,%/о и,0/1ош
101_19348.png,ушёл,учёл
101_19362.png,приглянулась,"приглянулась,"
101_19373.png,барьили.,барыни.
101_19384.png,муму.,Муму.
101_19386.png,назвал,называл
101_19392.png,недуга,недуга.
101_19388.png,собочку,собачку
101_19399.png,на,па-
101_19409.png,Российской,Россииской
102_19427.png,себе,"себе,"
102_19429.png,наизм.,эгоизм.
102_19436.png,дружбе,"дружбе,"
102_19441.png,же-,те-
102_19438.png,трудомобил,трудолюбии
102_19442.png,примости,рпимости
102_19445.png,рассом.,рассам.
102_19447.png,аорцы,горцы
102_19457.png,друзей,"друзей,"
102_19468.png,друга,"друга,"
102_19495.png,Жилиные,Жилиным
102_19498.png,женью,женно
102_19506.png,тем,"тем,"
102_19503.png,населению,"населению,"
102_19504.png,трудомобые,Трудолюбие
102_19511.png,подком,подкоп
102_19523.png,смелость,"смелость,"
102_19535.png,можо,можно
102_19547.png,3/3,3/1
102_19548.png,он,ош
102_19555.png,Костилину,Костылину
102_19551.png,Это,это
102_19552.png,),","
102_19559.png,"""",","
102_19558.png,"""",","
102_19554.png,),","
102_19566.png,"""",","
102_19573.png,),","
102_19587.png,"""",","
102_19585.png,так,"так,"
102_19600.png,рассказа-,"рассказа,"
102_19598.png,наказала,"наказана,"
103_19601.png,буб,дуб
103_19616.png,лошатдом,лошатдои
103_19620.png,сентября.,сентября
103_19627.png,роща,"роща,"
103_19624.png,Дуб,"Дуб,"
103_19626.png,лошадь,"лошадь,"
103_19655.png,начает,качает
103_19652.png,комишна.,тишина.
103_19662.png,замолныли,замолкили
104_19677.png,доме,доли
104_19678.png,половицы,половцы
104_19679.png,Уснули,"Уснули,"
104_19681.png,скрипят.,"скрипят,"
104_19695.png,"осень"",","осень"""
104_19693.png,изобразил,изоброзил
104_19697.png,вдохновышила,вдохновиниила
104_19720.png,"""",","
104_19714.png,чистоя,чистая.
104_19719.png,п,v
104_19718.png,"""",","
104_19717.png,"""",","
104_19722.png,тропинка,тропика
104_19729.png,лес,"лес,"
104_19727.png,понравилось,понравилось:
104_19728.png,река,"река,"
104_19738.png,дель?,день?
104_19780.png,с,Е
104_19784.png,птицы,"птици,"
104_19797.png,дорожке,"дорожке,"
104_19791.png,по-од,паод
104_19798.png,Золотые,золотые
104_19802.png,а,ы
104_19806.png,',","
104_19816.png,рядом,рядом:
104_19814.png,"""",","
104_19812.png,стоящий,стоящыие
104_19818.png,картину,"картину"""
104_19839.png,птичьи,птички
104_19845.png,ж.р.,"ж.р.,"
104_19847.png,м. р.,"м.р.,"
104_19850.png,ж.р.,"ж.р.,"
105_19872.png,собро-,собра-
105_19870.png,широких,"широких,"
105_19885.png,праздник,"праздник,"
105_19887.png,посили,пошли
105_19894.png,Захним,Заним
105_19922.png,второе,втрое
105_19924.png,январь,"январь,"
105_19926.png,погода,"погода,"
105_19923.png,4.,45.
105_19928.png,Москва,"Москва,"
105_19930.png,морков,"морков,"
105_19925.png,аллея,"аллея,"
105_19932.png,троллейбус,"троллейбус,"
105_19931.png,компьютер,"компьютер,"
105_19940.png,слепой,"слепой,"
105_19934.png,ца,"ца,"
105_19936.png,Четверг,"Четверг,"
105_19935.png,малина,"малина,"
105_19942.png,лес,"лес,"
105_19944.png,дерево,"дерево,"
105_19945.png,холе,хом
105_19950.png,Аллёнка.,Алёнка.
105_19953.png,стойка,"стойка,"
105_19958.png,Собралась,"Собрались,"
105_19957.png,снега,"снега,"
105_19976.png,сад.,сад:
105_19975.png,дороге,дороге.
105_19970.png,"ПОН""","""ОН"""
105_19980.png,требавал,требовал
105_19986.png,пыхтел,"пыхтел,"
105_19990.png,но-,не-
105_19996.png,стихи,спине
105_20000.png,ёжих.,ёжик.
105_20005.png,есть,"есть,"
105_20017.png,ежа,ежа.
105_20027.png,птеница,"пшеница,"
105_20048.png,глар,глаг
106_20055.png,р,I
105_20052.png,пов.,пов
106_20056.png,написало,написано
106_20053.png,||,II
106_20054.png,|,I
106_20063.png,ошабками,ошибками
106_20066.png,Трещам-,Трещал-
106_20067.png,треск,"треск,"
106_20073.png,лететь,"лететь,"
106_20076.png,замаёрзать,замеёрзать
106_20110.png,время,врем
106_20117.png,].,I
106_20120.png,В.,В
106_20125.png,"""",п
106_20140.png,?,","
106_20147.png,пошли,поилки
106_20167.png,морковку,"морковку,"
106_20168.png,ми-,Ми-
106_20166.png,лесную,"Лесную,"
106_20165.png,землю,"землю,"
106_20177.png,есть-,есть.
106_20180.png,проснулась,"просунулась,"
106_20192.png,замероз,замерз
106_20203.png,поляне,"поляне,"
106_20206.png,веткам,"веткам,"
107_20214.png,по,пе
106_20213.png,б,з
107_20219.png,э,","
107_20217.png,п,т
107_20222.png,уделала,зделала
107_20233.png,нюхокать,нюхоать
107_20229.png,самое,самое.
107_20240.png,Афиня,Афина
107_20248.png,потянулась,хотянулась
107_20252.png,"""",","
107_20265.png,Однажды,однажды
107_20276.png,трепетала,трепетало
107_20278.png,широке,широко
107_20286.png,имени,имяни
107_20285.png,Афина.,Афина
107_20296.png,повсю-,ровсю-
107_20290.png,года,"года,"
107_20295.png,положнала,положиала
107_20304.png,собака,"собака,"
107_20338.png,пассажир,"пас-сажир,"
107_20337.png,те-леграмма,"те-леграмма,"
107_20339.png,скора.,ссора.
107_20340.png,Телеграм-ма,"Телеграм-ма,"
107_20344.png,ряса,"раса,"
107_20342.png,вож-жи,"вож-жи,"
107_20343.png,Ван-на,"Ван-на,"
107_20345.png,програм-ма,"програм-ма,"
107_20341.png,хок-кец.,"хок-кей,."
107_20347.png,ак-куратно,"ак-куратно,"
107_20346.png,один-надцать,"один-надцать,"
107_20349.png,кол-лекция,"кол-лекция,"
107_20356.png,Шос-и,"Шос-се,"
107_20373.png,ноябрь,"ноябрь,"
107_20370.png,малина,"малина,"
107_20369.png,хороший,"хороший,"
107_20382.png,ца,"ца,"
107_20372.png,трамвай,"трамвай,"
107_20375.png,троллейбус,"троллейбус,"
107_20376.png,воокзал,"ваокзал,"
107_20380.png,месяц,"месяц,"
107_20379.png,овощ,"овощ,"
107_20377.png,животное,"животное,"
107_20378.png,огурец,"огурец,"
107_20383.png,автобус,"автобус,"
107_20381.png,футбол,"футбол,"
107_20384.png,Огород,"Огород,"
107_20393.png,-Я,-я
107_20392.png,завтрокать!,завтракать!
107_20394.png,и,""""
107_20397.png,Хахаха,Ха-ха-ха
107_20400.png,обстараться!,обтератца!
108_20407.png,зяблеки,"зяблеки,"
108_20408.png,соловьи,"соловьи,"
108_20414.png,радомся,радоемся
108_20415.png,(деревьев,"деревьев,"
108_20421.png,клещемся,хлещемся
108_20426.png,реки,"реки,"
108_20431.png,ной,ней
108_20454.png,сотвала,сорвала
108_20452.png,верхеника,"верхушка,"
108_20457.png,Верхушка,"Верхушка,"
108_20456.png,яблоке!,яблоко!
108_20463.png,-эй,"-Эй,"
108_20472.png,Заяц -,Заяц-
108_20486.png,недоптичнем!,недопрыгнеш!
108_20506.png,виснет,"виснет,"
108_20517.png,листья,"листья,"
108_20528.png,(зяблик,(зяблик)
108_20530.png,(радуется,"(радуется),"
108_20536.png,виснет,"виснет,"
108_20553.png,Препетало,Трепетала
108_20559.png,хорошо!,Хорошо!
109_20568.png,П.п,П
109_20563.png,Рп.),Р.п.)
109_20571.png,соснут.,сохнут.
109_20569.png,1),п)
109_20562.png,Рп,Рп)
109_20618.png,расстояние,"расстояние,"
109_20613.png,Декабрь,"Декабрь,"
109_20619.png,дорога,"дорога,"
109_20615.png,осина,"осина,"
109_20617.png,ужин,"ужин,"
109_20621.png,потом,"потом,"
109_20616.png,рисунок,"рисунок,"
109_20623.png,веншогрет,"венногрет,"
109_20620.png,сирень,"сирень,"
109_20622.png,Москва,"Москва,"
109_20631.png,3лой,Злой
109_20643.png,небом,"небом,"
109_20655.png,аркане;,"аркане,"
109_20663.png,блока,блоха
109_20664.png,тяжести,"тяжести,"
109_20680.png,пусает,"кусает,"
109_20678.png,икутся.,секутся.
109_20673.png,беседе,"беседе,"
109_20681.png,кудки,кудри
109_20694.png,зависти,"зависти,"
109_20697.png,орехе,"орехе,"
109_20690.png,вьются,"вьются,"
109_20712.png,добрый,"добрый,"
109_20729.png,осветили,осветели
109_20741.png,Тп.),Т.п.)
109_20742.png,Т.В.,Т
109_20743.png,П п),П.п)
109_20753.png,В,(3
109_20751.png,(3скл,(3кл.
109_20752.png,скл,скл.
109_20760.png,13,(3
109_20761.png,1скл,(1скл.
109_20758.png,13,(3
109_20759.png,скл,скл.
109_20762.png,(1скл,(1скл.
109_20766.png,1скл.,(1скл.
109_20764.png,13,(3
109_20776.png,скл.П.п.,скл.П
109_20775.png,12,(2
109_20777.png,п),п.)
110_20794.png,скрепи,сирени
110_20789.png,Землёй,Землей
110_20806.png,земля,"земля,"
110_20800.png,местности,Местности
110_20810.png,стене,"стене,"
110_20817.png,лисят-,лисят
110_20840.png,1скл,2скл
110_20843.png,скл,скл.
110_20851.png,Родостная,Радостная
110_20875.png,начало,начала
110_20887.png,1 скл.)-,1скл)-
110_20888.png,(ж.р.,"(ж.р,."
110_20897.png,Обнялись,"Обнялись,"
110_20889.png,3 скл)-,3скл)-
110_20896.png,к,и
110_20913.png,ком,поле
110_20918.png,В-1,В-
110_20920.png,меной,лесной
110_20928.png,П.п,Пп
111_20931.png,сущ,сущ.
111_20937.png,радостная,"радостная,"
111_20935.png,листочках.,Листочках.
111_20939.png,руды.,руды).
111_20938.png,привела,"приыла,"
111_20934.png,Дорожка,"Дорожка,"
111_20941.png,изум-,(изум-
111_20946.png,вести,"вести,"
111_20948.png,радость,"радость,"
111_20949.png,Провела-,Привела-
111_20947.png,всё,вёл
111_20952.png,Шеста,Шестое
111_20951.png,рабоваться.,Радоваться.
111_20957.png,Пригод,Приход
111_20958.png,любовь,Любовь
111_20960.png,том,там
111_20967.png,веона,весна
111_20968.png,мнея.,меня.
111_20980.png,Ввесло,Весело
111_20986.png,солнце,"солнце,"
111_21002.png,светит,Светит
111_21008.png,Слышки,Слышкы
111_21012.png,Берёзка,Берёзки
111_21016.png,Рп.),Р.п.)
111_21023.png,(трепы),"(пропы),"
111_21034.png,Весна,"Весна,"
111_21040.png,Солнце,"Солнце,"
111_21063.png,меня,меня.
111_21060.png,красавица,"красавица,"
112_21077.png,зазеленеет.,зазиленеет.
112_21078.png,звенеть.,звереть.
112_21083.png,Вогон,"Вогон,"
112_21085.png,аптека,"аптека,"
112_21086.png,во,"во,"
112_21088.png,компьютер,"компьютер,"
112_21089.png,свои,"овощ,"
112_21084.png,отец,"отец,"
112_21090.png,орех,"орех,"
112_21092.png,земляника,"земляника,"
112_21093.png,библиотека,"библиотека,"
112_21096.png,экскурсия,"экскурсия,"
112_21102.png,февраль,"февраль,"
112_21097.png,герой,"герой,"
112_21098.png,дорога,"дорога,"
112_21103.png,упол.,упал.
112_21101.png,сделать?),сделаеть?)
112_21109.png,один,"Один,"
112_21108.png,мне.,лие.
112_21124.png,с,С
112_21117.png,пленика.,пленика
112_21125.png,подружились,подружились.
112_21140.png,(кто,(что
112_21160.png,вп,вр
112_21159.png,боло,буд
112_21157.png,огла,буд
112_21161.png,поот,наст.
112_21164.png,вр.,вр
112_21182.png,20-,го-
112_21211.png,вырвался,"вырвался,"
112_21223.png,Двадкать,Двадцать
113_21228.png,помашешь,"помолчишь,"
113_21235.png,(2 лиц,(2лиц
113_21232.png,что,(что
113_21236.png,будвр.,будвр.)
113_21242.png,сделать?),(делать?)
113_21245.png,уважать,"уважать,"
113_21255.png,зацвела,"зацвела,"
113_21267.png,Встало,Встаю
113_21264.png,встаю,"встаю,"
113_21265.png,1 лицо,1лицо
113_21277.png,(прош.вр,(прош.вр.
113_21274.png,унца),лиц3)
113_21280.png,(наствр,"(наствр.,"
113_21293.png,ж.р.,"ж.р.,"
113_21279.png,ед. ч.,ед.ч.
113_21292.png,ед.ч.,"ед.ч.,"
113_21286.png,пчела.,пчела:
113_21291.png,(прош.вр.,"(прош.вр,"
113_21301.png,Приготович,Приготовлю
113_21298.png,-к,+к
113_21312.png,(наст.вр.,"(наст.вр.,"
113_21313.png,(наст.вр.,"(наст.вр.,"
113_21314.png,ед.ч.),"ед,ч.)"
113_21319.png,мн.ч.),ин.ч.)
113_21328.png,2/1,2/ж
113_21333.png,поливает,"поливает,"
113_21337.png,денёк,"денёк,"
113_21341.png,Споит,Стоит
113_21340.png,подевает,надевает
113_21343.png,котелок,Котелок
113_21353.png,наст.вр.,"наст.вр.,"
113_21354.png,ед.ч,"ед.ч.,"
113_21359.png,кн.,кч.
113_21368.png,и,ч
113_21366.png,и,ч
113_21367.png,су,ед
113_21373.png,лись,лиц
113_21379.png,луч,лиц
113_21380.png,просивр,прошвр
113_21374.png,ед.ч.,едч
113_21384.png,был,буд
113_21377.png,ед.ч,едч
113_21385.png,бр,вр
113_21387.png,преги,прош
113_21388.png,и,ч
113_21386.png,луа,буд
113_21394.png,п,л
113_21390.png,чису,лиц
114_21402.png,она,"она,"
114_21406.png,читаешь,"читаешь,"
114_21411.png,Тише,"Тише,"
114_21419.png,Пы,Ты
114_21416.png,Тапечка,"Танечка,"
114_21421.png,нож,"нож,"
114_21423.png,съешь.,"съешь,"
114_21435.png,отрежь,Отрежь
114_21445.png,изм,изм.
114_21450.png,прошвр.,прош.вр.
114_21458.png,поспят,постят
114_21456.png,сок,"(он,"
114_21459.png,(ски),(они)
114_21468.png,ты),(ты)
114_21464.png,встают,"встают,"
114_21465.png,спит,"спит,"
114_21471.png,встаёт,"встаёт,"
114_21473.png,встаёшь,"встаёшь,"
114_21474.png,3 лицо,3лицо
114_21475.png,2 лицо,2лицо
114_21477.png,3 лицо,3лицо
115_21481.png,хорошо,"хорошо,"
115_21483.png,то,"то,"
115_21495.png,"""",","
115_21515.png,Зло 7,Зло -
115_21505.png,"богатырях:"".","богатырях.""."
115_21529.png,"богатырях!""","богатырях."""
115_21530.png,семм.,семи
115_21559.png,горе,"горе,"
115_21560.png,беды,"беды,"
115_21570.png,доказать,докажать
115_21564.png,с.,С.
115_21577.png,сказсах,сказках
115_21584.png,человеком,"человеком,"
115_21590.png,1,","
115_21595.png,плохое,"плохое,"
115_21596.png,обозначает,обозночает
115_21602.png,частье,счастье
115_21604.png,дв,де
115_21605.png,боде,бод
115_21609.png,людей,"людей,"
116_21622.png,момент,"момент,"
116_21645.png,Туму,Муму
116_21646.png,временем,"временем,"
116_21642.png,красивой,"красивой,"
116_21666.png,рассказа,"рассказа,"
116_21670.png,руках.,ручках.
116_21679.png,силой,"силой,"
116_21688.png,ста,"ста,"
116_21691.png,скосто,часто
116_21690.png,ужасокое.,ужастное.
116_21696.png,Иоправна,Своенравна
116_21697.png,ломлива,"ломлива,"
116_21694.png,ревнива.,певнива.
116_21698.png,горда,"горда,"
116_21706.png,бела,"бела,"
116_21707.png,стройна,"стройка,"
116_21705.png,н,И
116_21708.png,Высока,"Высока,"
116_21716.png,зательной,цательной
116_21714.png,цалиду.,царицу.
116_21719.png,"""",","
116_21724.png,вершков,вериков
116_21759.png,Тургенов,Тургенев
116_21765.png,Тургёнев,Тургенев
116_21760.png,С,С.
116_21770.png,С,С.
116_21771.png,Н.,И.
116_21766.png,С,С.
116_21782.png,торже,тоже
116_21785.png,жестокая,"жестокая,"
116_21784.png,но,по
116_21798.png,милая,"милая,"
116_21799.png,Тихомолком,"Тихомолком,"
116_21804.png,Характер,характер
116_21807.png,Белоница,"Белолица,"
116_21806.png,черноброва,"черноброва,"
116_21811.png,Елиелью,Елисею
116_21820.png,показывает,"показывает,"
116_21822.png,Елия,Елисея
116_21831.png,царевку,царевну
116_21829.png,того,"того,"
116_21836.png,Ес,Ее
116_21834.png,к,",к"
116_21843.png,х,У
116_21845.png,Елисей,Елисеяй
116_21861.png,решия,решил
116_21858.png,пу,ну
116_21854.png,Еt,Ее
116_21867.png,2/ои,2/1 ош
117_21874.png,н,и
117_21869.png,"""",","
117_21880.png,то,"то,"
117_21889.png,пленник=,"пленник"""
117_21887.png,офицеры,"офицеры,"
117_21885.png,мка,шка
117_21907.png,обошлось.,обошлось
117_21915.png,глухонамые,глухонемые
117_21917.png,классам,классом
117_21923.png,Подавно,Недавно
117_21924.png,"пленник"" ?","пленник""?"
117_21928.png,2.,Л.
117_21934.png,о,О
117_21939.png,другу,"другу,"
117_21943.png,татары,татары.
117_21948.png,Жилина,"Жилина,"
117_21950.png,неправильно,"неправильно,"
117_21965.png,блосать,бросать
117_21973.png,пленник ее,"пленник"""
117_21979.png,показывает,"показывает,"
117_21981.png,плава.,права.
117_21990.png,"""",","
117_21995.png,казнить,"казнить,"
117_21999.png,крестьянами,"крестьянами,"
117_22006.png,читателю,"читателю,"
117_22011.png,барын,барыне
117_22021.png,людей?,людей:
117_22026.png,л.,Л.
117_22045.png,капризался,капризам
117_22050.png,о,О
117_22060.png,сове,гл
117_22069.png,сказать,"сказать,"
117_22075.png,Маше.,Маме.
117_22078.png,рассказ,"рассказ,"
117_22083.png,помочь,"помочь,"
117_22090.png,пленнику,"пленнику,"
117_22106.png,девочку,"девочку,"
117_22104.png,её,"её,"
117_22121.png,дружба -,дружба-
117_22130.png,Желин-,Жилин
117_22133.png,смелым,"смелым,"
117_22138.png,),","
117_22140.png,нимая,"нимая,"
117_22148.png,Дина,Дима
117_22151.png,),","
117_22157.png,плен,тлен
117_22162.png,он,ош
117_22158.png,татарам,"татарам,"
118_22172.png,шлы,силы
118_22168.png,плачется,"плачется,"
118_22166.png,себя.,себа.
118_22171.png,вали.,воли.
118_22197.png,Жилину,"Жилину,"
118_22196.png,поша,помог
118_22221.png,теляму,телямч
118_22211.png,ситуации,"ситуауии,"
118_22223.png,завоевателями,"завоевателями,"
118_22222.png,уснета-,угнета-
118_22228.png,России,"России,"
118_22238.png,русским,"русским,"
118_22240.png,нимы,пимы
118_22243.png,которым,"которым,"
118_22234.png,другое,другой
118_22244.png,?,","
118_22261.png,писок,"плохо,"
118_22254.png,качеств,"качеств,"
118_22267.png,еду,"еду,"
118_22272.png,Диной,"Диной,"
118_22279.png,вообще,"вообще,"
118_22280.png,русские,русским
118_22289.png,высоко,"высоко,"
118_22309.png,старика,старина
118_22326.png,плен,"плен,"
118_22347.png,которым,"которым,"
118_22345.png,0/0 от,0/1 ош
118_22343.png,людей,"людей,"
118_22358.png,ме-,ли-
118_22357.png,сяцев,"сяцев,"
118_22361.png,живой и,"живой"""
118_22368.png,других -,других-
118_22362.png,""" ем.)","""ем"""
118_22374.png,Кавказа,"Кавказа,"
118_22375.png,надоется,надеется
118_22378.png,плена,"плена,"
118_22386.png,других,"других,"
119_22394.png,трудные,крупные
119_22410.png,поленах,поисках
119_22409.png,себя,"себя,"
119_22412.png,нахорились,находились
119_22418.png,Тьер,Пьер
119_22428.png,Во-первых,"Во-первых,"
119_22437.png,важными,ватными
119_22436.png,проблемами;,"проблемами,"
119_22445.png,испекты,аспекты
119_22439.png,нар,над
119_22450.png,просуведение,"произведение,"
119_22444.png,плуки,жизни
119_22454.png,ш,и
119_22461.png,л.н.,Л.Н.
119_22456.png,Гоман,Роман
119_22466.png,"""Наз","""Над"
119_22476.png,искрение,искренне
119_22480.png,поддерживан,поддерживал
119_22482.png,судьбе,"судьбе,"
119_22483.png,непегной,нелегкой
119_22498.png,переонята,персонажа
120_22507.png,дня,для
120_22515.png,данное,денежное
120_22517.png,считаю,"считаю,"
120_22519.png,Татие,"Также,"
120_22523.png,невести,навести
120_22526.png,кас,нас
120_22533.png,илия.,ния.
120_22534.png,существова,существова-
120_22532.png,Полеан,Роман
120_22542.png,мышлять,"мышлять,"
120_22538.png,вопросах,"вопросах,"
120_22554.png,проблем,"проблем,"
120_22565.png,перетивания,переживание
120_22583.png,поглбно,погибло
120_22587.png,сражении,"сражении,"
120_22592.png,сепо-,сопо-
120_22598.png,котчест.,количест-
120_22591.png,ставить,"ставить,"
120_22597.png,вс,ве
120_22595.png,людей,"людей,"
120_22602.png,блуких.,"близких,"
120_22604.png,калечий,"калечит,"
120_22599.png,е,а
120_22605.png,убивает,"убивает,"
120_22610.png,лиженко,лиженно
120_22606.png,Войка,Война
120_22615.png,смерти,"смерти,"
120_22617.png,жизни,жигули
120_22620.png,теено,тесно
120_22621.png,вчень,очень
120_22624.png,Во-вторых,"Во-вторых,"
120_22631.png,считаю,"считаю,"
120_22630.png,270,что
120_22632.png,я,Я
120_22633.png,симпатичка.,симпатична.
120_22637.png,Тверу,Пьеру
120_22640.png,девушке,"девушке,"
120_22644.png,Акурей,Андрей
120_22646.png,разовался,"радовался,"
120_22642.png,препо-,предло-
120_22647.png,искреннее,искренне
120_22653.png,себя,себе
120_22659.png,Твер,Пьер
120_22663.png,его,"его,"
120_22665.png,поздержи-,поддержи-
120_22672.png,Твер,Пьер
120_22679.png,друга,"друга,"
120_22676.png,связанся,связался
120_22686.png,"мигр""","мир"""
120_22683.png,военным,"военным,"
120_22687.png,способност,спосоность
120_22692.png,другиба.,дружба.
120_22696.png,1,","
120_22701.png,м,ле
120_22704.png,сполобка,спокойна
121_22716.png,того,"того,"
120_22714.png,тему:,"тему"""
121_22723.png,угрузение,угрызение
121_22726.png,некоторое,некоторые
121_22731.png,чувства,"чувства,"
121_22734.png,(,","
121_22735.png,1,","
121_22740.png,наказание,"наказание,"
121_22737.png,1),","
121_22741.png,слудет,следует
121_22736.png,1,","
121_22742.png,преступнениен,преступлением
121_22748.png,какону,какому
121_22749.png,к,и
121_22755.png,ответать,ответить
121_22759.png,итогу,итому
121_22760.png,Пь,По
121_22761.png,страшное -,страшное-
121_22767.png,всё,"всё,"
121_22766.png,кака,какое
121_22769.png,Подкои,Родион
121_22768.png,осознах,осознал
121_22774.png,покол,покоя
121_22779.png,совесть,"совесть,"
121_22788.png,темой,"темой,"
121_22786.png,впляет,влияет
121_22796.png,созеяпнош.,содеянном.
121_22799.png,делал,сделал
121_22816.png,то,"то,"
121_22814.png,раскалия.,раскаился.
121_22822.png,женанием,"желаниям,"
121_22820.png,поздаться,поддашься
121_22826.png,нен,нем
121_22832.png,тому,"тому,"
121_22830.png,сделал,"сделал,"
121_22833.png,раз,рад
121_22834.png,бак,был
121_22842.png,старуху,"старуху,"
121_22847.png,Подлои,Родион
121_22840.png,делает,сделает
121_22846.png,считал,"считал,"
121_22848.png,человекен.,человеком.
121_22850.png,считани,считали
121_22849.png,умаеким,умаеным
121_22857.png,обмакывала,"обманывала,"
121_22854.png,всен,всем
121_22866.png,имеющим.,"имеющим."""
121_22861.png,старуку-,старуху-
121_22856.png,отношлась,относилась
121_22860.png,процентницу,"процентщицу,"
121_22872.png,сам,"сам,"
121_22880.png,хотеп,хотел
121_22879.png,выленить,выяснить
121_22896.png,сбоит,стоит
121_22890.png,услить,"сделать,"
121_22893.png,тем,"тем,"
121_22906.png,ситуацию,"ситуацию,"
121_22914.png,угрозение,угрызение
121_22917.png,голосу.,"голосу,"
121_22923.png,бывает,"бывает,"
121_22932.png,потверждающий,подтверждающий
121_22935.png,брения.,зрения.
121_22951.png,позволеки,позволили
121_22945.png,осупание,осознание
121_22938.png,аргумента,аргумента.
121_22947.png,ситуацию,"ситуацию,"
121_22960.png,образот,"образом,"
122_22963.png,шорты,"шорты,"
121_22953.png,Родинку,Родиону
122_22967.png,диван,"диван,"
122_22962.png,шофор,"шофор,"
122_22968.png,ветрина,"ветрина,"
122_22972.png,У,4
122_22964.png,коридор,"коридор,"
122_22980.png,восхлещание,"восклецание,"
122_22977.png,коллекция,"коллекия,"
122_22976.png,исвините,"исвините,"
122_22982.png,гирой,"гирой,"
122_22981.png,неновидеть,"неновидеть,"
122_22978.png,коссманавт,"коссмонавт,"
122_22984.png,здесь,"здесь,"
122_22986.png,будущий,"будущий,"
122_22979.png,грамадный,"грамадный,"
122_22985.png,вилосипед,"вилосипед,"
122_22983.png,баскенбол,"баскетбол,"
122_22995.png,В,3
122_22998.png,А.4.,А4.
122_23005.png,преключение,"преключение,"
122_23007.png,тоньше,"тоньше,"
122_23008.png,меньше,"меньше,"
122_23009.png,квосьми,"квосьми,"
122_23011.png,терраса,"терраса,"
122_23006.png,ми,"ми,"
122_23012.png,дрожжи,"дрожжи,"
122_23010.png,баррикада,"баррикада,"
122_23016.png,вонзал,вокзал
122_23013.png,километр,"километр,"
122_23017.png,шоссе,"шоссе,"
122_23015.png,тротуар;,"тротуар,"
122_23014.png,фантан,"фантан,"
123_23022.png,А 8-,А8.
123_23034.png,скорее!-,"скорее!""-"
123_23039.png,море!,"море""."
123_23045.png,Д.,Д
123_23038.png,обрадовалась,-обрадовалась.
123_23047.png,9.,я.
123_23064.png,сынок,"сыном,"
123_23063.png,и,"и,"
123_23067.png,скачет,"скачет,"
123_23070.png,межкоментальный.,межноментальный.
123_23072.png,вьюга,"вьюга,"
123_23089.png,онна,окна
123_23092.png,я,Я
123_23102.png,В2,В2.
123_23107.png,х,2
123_23110.png,разъежаться,"разъежаться,"
123_23113.png,въезд,"въезд,"
123_23114.png,сузить,"сузить,"
123_23111.png,съежиться,"съежитьса,"
123_23112.png,житьё,"житьё,"
123_23115.png,Съехидничать,"Съехидничать,"
123_23122.png,95/,9б/3
123_23123.png,встами,встали
123_23124.png,р,","
123_23138.png,авдро,бодро
123_23141.png,загоночилась,законьчилась
123_23134.png,шёлковый,"шёлковый,"
123_23140.png,шая,шол
123_23139.png,высоко,"высоко,"
123_23147.png,жолтый,"жолтый,"
123_23146.png,товарищем,"товарищем,"
123_23148.png,Свичой,"Свичой,"
123_23159.png,скрипач,"скрипач,"
123_23167.png,приложить,"приложить,"
123_23165.png,Капуста,"Капуста,"
123_23171.png,человек,"человек,"
123_23170.png,далёкий,"далёкий,"
123_23168.png,расточек,"расточек,"
123_23169.png,пологать,"полагать,"
123_23175.png,ветие,ветке
123_23174.png,подпирать,"подпирать,"
123_23172.png,отличается,"отличается,"
123_23177.png,углу,"углу,"
124_23185.png,Ярославль,"Ярославль,"
124_23186.png,Чувашия,"Чувашия,"
124_23183.png,стрельца,"стрельца,"
124_23194.png,освобождена,"освобождена,"
124_23199.png,Вариант.,Вариант1.
124_23207.png,любимым,любимыми
124_23223.png,чувашный,чувашкий
124_23235.png,В7-,В1-
124_23240.png,и,4
124_23242.png,х,2
124_23246.png,маяк.,Маяк.
124_23244.png,у,4
124_23250.png,тчиков,тчинов
124_23255.png,захвачилов,"захвахчиков,"
124_23257.png,байри,баяри
124_23259.png,Пожарение,Пожарским
124_23272.png,ение,"ение,"
124_23276.png,Изамбай,"Изамбай,"
124_23270.png,чуваш,"чуваш,"
124_23271.png,воин,"воин,"
124_23274.png,уст,"уст,"
124_23292.png,оно,ано
124_23294.png,чуваш,"чуваш,"
124_23308.png,семеня.,сеченея.
124_23310.png,оноло,около
124_23324.png,1,","
124_23326.png,просавица.,кросавица.
124_23333.png,незвали,нозвали
124_23338.png,России,"России,"
124_23343.png,помашает,помагает
124_23347.png,блигодоря,блогодоря
124_23341.png,наужить.,служить.
124_23346.png,лодном,"лодкам,"
124_23355.png,глоза,глаза
124_23356.png,а,",а"
124_23364.png,Изамбаял,Изамбаяи
124_23372.png,дочь,"дочь,"
124_23375.png,стретелся,спрятелся
124_23383.png,сеще,сердце
124_23378.png,той,"той,"
124_23382.png,арантироваться,арентироватся
125_23396.png,сугробы,сугробы)
125_23402.png,подола,подала
125_23412.png,перепригевает,перепрыгевает
125_23417.png,зимое,зима
125_23452.png,(ка.п.,"(т.п.,"
125_23449.png,скл,"скл),"
125_23451.png,ср.р,"ср.р.,"
125_23456.png,ж.р.,"ж.р.,"
125_23454.png,скл,"скл),"
125_23457.png,(И.п.,"(И.п.,"
125_23458.png,Зима,"Зима,"
125_23473.png,мышь,"мышь,"
125_23486.png,шичини,"шишки,"
125_23488.png,клювили,клювики
125_23492.png,ловно,ловко
125_23494.png,любуется,"любуешся,"
125_23496.png,Стоим,Стоиш
125_23504.png,Стайна,Стайка
125_23512.png,Хороша,.Хорошо
125_23514.png,зимля,"зимля,"
125_23531.png,зымние,зимние
125_23529.png,1,.1
125_23545.png,сугробы,"сугробы,"
125_23554.png,Припарошала,Припарошола
125_23561.png,зимля,"зимля,"
125_23591.png,им,ш
125_23592.png,уробь,дробь
125_23587.png,рябчик,"рябчик,"
125_23589.png,3,з
126_23599.png,говорят:,говорят-
126_23614.png,грустят:,грустят.
126_23616.png,дворе,"дворе,"
126_23620.png,и,к
126_23619.png,радцветают,разцветают
126_23633.png,древнейшое,древнейшие
126_23637.png,древа ех,древеех
126_23659.png,(коской?)-,(какой?)-
126_23658.png,Древни-,Древний-
126_23660.png,прилагательная.,прилогательная.
126_23663.png,февраля-,февраля.
126_23689.png,качест.,"качест.,"
126_23690.png,признак-,признак.-
126_23686.png,землетресение,"землетресение,"
126_23687.png,извержения,извержэние
126_23693.png,Оревней.,Древней.
126_23699.png,(начал?),(какая?)
126_23704.png,древнейшая,древнейшее
126_23708.png,Астра,.Астра
126_23709.png,Четвертые,Четвёртые
126_23715.png,цветок,"цветок,"
126_23721.png,вестры,астры
126_23723.png,радующа.,радуюца.
126_23724.png,Другим,Другии
126_23728.png,прометит,пролетит
126_23735.png,и,4
126_23740.png,п,4
126_23748.png,к,н
126_23746.png,х,А
126_23751.png,х,А
126_23753.png,ст.,ст
126_23756.png,х,е
126_23761.png,ладей,ледей
126_23762.png,различные,разлилные
126_23765.png,естий,ейший
126_23773.png,"градусов!"".",градусов!!!
126_23779.png,признок-,признак.-
126_23780.png,И.п.,и.п.
127_23800.png,предч,прил
127_23799.png,в2.,в.ч.
127_23810.png,н,ч
127_23811.png,за,з
127_23818.png,х,*
127_23816.png,2,3
127_23820.png,У,31
127_23825.png,изудение,изузение
127_23841.png,искончается,ископаемы
127_23846.png,нашести.,наместе?
127_23842.png,Движущся,Двидуцся
127_23836.png,что,сто
127_23839.png,стремаются,стречаются
127_23852.png,а,",а"
127_23851.png,возримаются,поднимаются
127_23861.png,миляноны,миллионы
127_23867.png,средням,среднем
127_23872.png,и,к
127_23886.png,серень,"серень,"
127_23882.png,километра,километра.
127_23884.png,Аллюминивый,"Аллюминивый,"
127_23885.png,телеграмма,"телеграмма,"
127_23891.png,эфкаминт,"эфкалипт,"
127_23893.png,терасса,"терасса,"
127_23890.png,сл,См
127_23892.png,юный,"юный,"
127_23894.png,ужереждение,"утереждение,"
127_23901.png,повышается,повышается.
127_23906.png,начез,полез
127_23903.png,нашев,нашей
127_23904.png,Глубная,Глубнная
127_23911.png,кареспондент,"кареспондент,"
127_23920.png,центра,центвра
127_23917.png,тысеч,тысяч
127_23927.png,километров,"километров,"
127_23929.png,привычает,привышает
127_23925.png,расстояние,расспоояние
127_23934.png,мгланеть,планеты
127_23961.png,Пост.,"Пост,"
127_23967.png,I,II
127_23964.png,нарту,"нариц,"
127_23970.png,(какие?),(какое?)
127_23973.png,богряный,"багряный,"
127_23974.png,бетон,"бетон,"
127_23976.png,бардовый,"бардовый,"
127_23981.png,девяноста,"девяноста,"
127_23979.png,генерал,"генерал,"
127_23978.png,велеколепный,"велеколепный,"
127_23982.png,иллюстрация,"иллюстрация,"
127_23980.png,гостинная,"гостинная,"
127_23991.png,полесадник,"полесадник,"
127_23987.png,колосальный,"колосальный,"
127_23989.png,миллион,"миллион,"
127_23993.png,ромяный,"ромяный,"
127_23984.png,иследование,"иследование,"
127_23983.png,искусство,"исскусство,"
127_23986.png,коллекция,"коллекция,"
127_23985.png,квартира,"квартира,"
127_23988.png,летенант,"летенант,"
127_23992.png,перила,"перила,"
127_23990.png,оддинадцето,"одиннадцать,"
127_23994.png,свеной,"свеной,"
128_23999.png,Поз,Под
128_24002.png,вошебник.,"волшебник,"
128_24010.png,припрятого,припрятоло
128_24016.png,ящер-,ящери-
128_24013.png,листочном,листочком
128_24026.png,примететь,"примететь,"
128_24023.png,траве,"траве,"
128_24025.png,раслышать,"раслышать,"
128_24037.png,диктант-,диктант
128_24034.png,Саво,Чиво
128_24048.png,надкусом,надкусаи
128_24063.png,вырозным,вырезным
128_24067.png,спелые,"спелые,"
129_24076.png,котторо,капетоно.
128_24070.png,Говорят,"Говорот,"
128_24073.png,сказочник,сказочнш
129_24078.png,А,М
129_24079.png,Ле,М
129_24084.png,педавпа,недавна
129_24077.png,"Пленнак""?","Пленник""?"
129_24082.png,Тят,Т
129_24088.png,а,и
129_24095.png,кормия,кормила
129_24102.png,борыш.,барыни.
129_24097.png,Двадцать пятое,Двадцатьпятое
129_24101.png,себе.,себе
129_24104.png,я,л
129_24107.png,кошкем,комнем
129_24103.png,настол,постол
129_24113.png,модку,лодку
129_24112.png,Туму,муму
129_24115.png,л.,Л.
129_24127.png,топущее-,тонущева
129_24130.png,Геро,Реро
129_24128.png,симе,сила.
129_24133.png,выдал,выдам
129_24136.png,крепон,крепоп
129_24134.png,Мулу,муму
129_24140.png,Он,он
129_24138.png,2,?
129_24145.png,узнал,узнала
129_24141.png,росказевом,рассказывал
129_24146.png,борую,боруню
129_24149.png,),","
129_24169.png,5/о,5/0
129_24165.png,вам,вом
129_24168.png,о,","
129_24176.png,оц,ош
129_24180.png,залёз,зализ
129_24182.png,хучу,хочу
129_24183.png,расходить,рассказоть
129_24186.png,претёс,приетёл
129_24190.png,барына,барыня
129_24187.png,велик-,велело-
129_24194.png,о,О
129_24196.png,р,.
129_24200.png,дв,Н
129_24206.png,',","
129_24210.png,тяжьяну,татьяну
129_24213.png,На,Но
129_24216.png,с,","
129_24218.png,Т,П
129_24220.png,Гервеям,Ггероем
129_24217.png,пото и,потом
129_24219.png,шолили,томил
129_24222.png,принисти,приписти
129_24228.png,глубил,лубил
129_24230.png,Он,он
129_24233.png,коморку.,"коморку,"
129_24242.png,чирали,чипали
130_24246.png,раскоза,расказа
130_24249.png,3р,(
130_24247.png,о,ов
130_24245.png,попрови,понрави
130_24251.png,ясбулу,Асбулу
130_24254.png,1,","
130_24253.png,мне,Мне
130_24261.png,родствеников,"родствеников,"
130_24265.png,мостери,мостер
130_24270.png,лопы,лапы
130_24269.png,Жилин,жилин
130_24275.png,Прочитов,Прочитав
130_24271.png,сменые,смелые
130_24273.png,сказаю,сказало
130_24279.png,в,)
130_24274.png,защу,зайцу
130_24277.png,Жилик.,Жилин.
130_24284.png,сарой,"сарой,"
130_24281.png,ён,ен
130_24286.png,момника,мальчика
130_24293.png,4/,4/1
130_24290.png,цинустремлёные,целиустремлёные
130_24291.png,1,""""
130_24301.png,произошло,произашло
130_24304.png,товарищь,товарищь.
130_24320.png,ветелепр,ветелепоре
130_24322.png,"""",","
130_24323.png,и,к
130_24328.png,плокоть,плокать
130_24334.png,ветелироку,ветелинару
130_24332.png,золчика,зайчика
130_24339.png,"""",","
130_24349.png,полнались,попались
130_24357.png,м,М
130_24352.png,бы,он
130_24360.png,честный,честрый
130_24365.png,Костылан,Костылин
130_24361.png,усильным,"исильным,"
130_24370.png,раступанный,ростроиный
130_24372.png,выкуп,"выкуп,"
130_24369.png,тек,плен
130_24388.png,с,о
130_24386.png,"""",","
130_24392.png,куклы,куклы.
130_24391.png,липёшки,липёшка
130_24390.png,жилину.,Жилину.
130_24398.png,?,","
130_24399.png,памогая,памагая
130_24400.png,принасила,пригласила
130_24416.png,тотому,"потому,"
130_24424.png,леты,лопы
130_24425.png,ч.,.
130_24422.png,Замчи,заичи
130_24421.png,""")",","
130_24423.png,2,?
130_24431.png,безотвед женый,безотвецтвеный
130_24432.png,плачит.,плачим.
130_24433.png,откузался,откозолся
130_24440.png,"""",","
130_24449.png,?,","
130_24442.png,тогор,почем
130_24448.png,врочи,врачь
130_24459.png,',","
130_24463.png,мачик,малчик
130_24466.png,?,","
130_24464.png,понровился,понравился
130_24479.png,л.,Л.
130_24473.png,героев,герои
130_24476.png,н,н)
130_24490.png,Р,Д
130_24498.png,бобушка,бабушка
130_24495.png,верочу,врачу
130_24494.png,Молчик,молчик
130_24503.png,мачи,малчик
130_24505.png,Малчик,малчик
130_24499.png,прош,почел
130_24502.png,ущ.,ушол
130_24510.png,дотуру,доктуру
130_24508.png,1,","
130_24511.png,та,на
130_24521.png,поступор,поступок
130_24523.png,гороя,героя
130_24518.png,зойцо.,зайца.
130_24530.png,герояв-,героев-
130_24533.png,возью,вызыв
130_24529.png,сверсткие,сверстников
130_24532.png,оют,ают
131_24550.png,охтону,остану
131_24548.png,ос,ои
131_24549.png,4/4,11/4
131_24552.png,),","
131_24556.png,),","
131_24560.png,1,","
131_24557.png,"""",.
131_24561.png,голыл,живые
131_24568.png,молко.,молока
131_24575.png,королон,казалос
131_24565.png,вышым,вытым
131_24573.png,),","
131_24574.png,бочк),бочки
131_24582.png,гвохдь,гвосддь
131_24577.png,"""",","
131_24586.png,попросин,попросил
131_24579.png,поспупок,поступок
131_24594.png,ск,оп
131_24587.png,книгиту,никиту
131_24589.png,обысным,обычными
131_24599.png,1,","
131_24592.png,a,о
131_24602.png,1,","
131_24597.png,некира,некита
131_24595.png,попой,папой
131_24608.png,давно,довно
131_24613.png,минитр,никите
131_24611.png,Мома,мама
131_24609.png,?,","
131_24606.png,Моли:,мама
131_24616.png,И,а
131_24623.png,прилагал,прыгал
131_24627.png,золчик,заичик
131_24625.png,Номник,Малчик
131_24633.png,работать,работать.
131_24637.png,лучьим,лучьши
131_24632.png,довотимене,доволиоли
131_24638.png,женская,нежная
131_24636.png,муржская,мужская
131_24648.png,заглохший,"заглохший,"
131_24643.png,и,И
131_24652.png,живым,живыми
131_24646.png,вода,вода.
131_24651.png,сп,он
131_24659.png,кзолось,казалось
131_24660.png,бобушкой,бабушкой
131_24667.png,Аномиз,Анализ
131_24663.png,ним,пил
131_24661.png,молекких,малинких
131_24669.png,происхождение,произведения
131_24662.png,вышил,вышыл
131_24672.png,стихена-,стихотв-
131_24675.png,мужчинское,лирическое
131_24676.png,Жонры-,Жанры-
131_24678.png,Алёрушка,Алёнушка.
131_24679.png,Алексондр,Александр
131_24684.png,петочная,неточная
131_24681.png,брение.,орение.
131_24686.png,перекресточный,перекрестыный
131_24689.png,"""",","
131_24690.png,Ничиты,Никиты
131_24687.png,- Пруд,-Пруд
131_24691.png,1,","
131_24695.png,доброй,добрый
131_24701.png,никито,никита
131_24702.png,ходела,ходила
131_24710.png,более,боялся
131_24704.png,;,","
131_24714.png,пришло,пришла
131_24708.png,но,по
131_24712.png,ходт-,ходил
131_24715.png,королось,козалось
131_24721.png,1,","
131_24718.png,Мама,мама
131_24719.png,1,","
131_24717.png,Некито,неките
131_24720.png,ушел,ушол
131_24727.png,Робоны,Роботы
131_24725.png,нетма,некита
131_24726.png,Он,он
131_24734.png,По,П
131_24739.png,пресльб,козолось
131_24738.png,оставртся,остовотся
131_24735.png,рока,папа
131_24737.png,дела.,дело
131_24740.png,Все,все
131_24736.png,подарись,недодила
131_24742.png,работок.,работал.
132_24748.png,чувствих.,чувствах.
131_24743.png,сводили,"сводили,"
132_24758.png,приветом,"приветом"""
132_24754.png,любви,"любви,"
132_24769.png,заровитым,даровитым
132_24782.png,готови).,"готова"")."
132_24783.png,(.с,"(""с"
132_24781.png,лирика,"лирика,"
132_24784.png,пилке,пике
132_24797.png,насил,насий
132_24792.png,верение,ворение
132_24796.png,Афаначьевич,Афанасьевич
132_24804.png,ветом,"ветом"""
132_24829.png,"""О.","""О,"
132_24828.png,"говори...""","говори..."","
132_24834.png,я,"я,"
132_24832.png,молчаны,молчаньи
132_24837.png,"""О","""О,"
132_24840.png,стихотворений,"стихотворений,"
132_24854.png,р,Р
132_24848.png,Ф.И. Тютчева,Ф.И.Тютчева
132_24856.png,"""Герячий","(""Горячий"
132_24860.png,страстью,"страстью,"
132_24858.png,вчера).,"вчера"")."
132_24866.png,руша,"(""душа"
133_24874.png,?,","
133_24878.png,р,Р
133_24876.png,Болконского,"Болконского,"
133_24882.png,полу.,полу-
133_24885.png,природы,"природы,"
133_24912.png,Гостова.,Ростова.
133_24921.png,лизе,"лизе,"
133_24928.png,па-,пос-
133_24950.png,бая,"бал,"
133_24968.png,ного,"ного,"
133_24982.png,приветом,"приветом"""
133_24979.png,Рет,Фет
133_24981.png,тем,"тем,"
133_25000.png,автог,автор
133_24993.png,свет.).,"свет"")."
133_25001.png,красиво,кросиво
133_25022.png,чувство,"чувство,"
133_25026.png,странно,"странно,"
133_25030.png,весна,"весна,"
133_25042.png,искренным.,искренним.
133_25032.png,пода-,года-
133_25040.png,любимые,любимое
133_25056.png,вопросал,вопросом
133_25060.png,мыслители,"мыслители,"
133_25066.png,любовь -,любовь-
133_25077.png,природы,"природы,"
133_25093.png,я,Я
133_25092.png,считаю,"считаю,"
133_25104.png,сожилению,"сожилению,"
133_25106.png,Но,"Но,"
133_25121.png,сторону,"сторону,"
134_25135.png,взгляд,"взгляд,"
134_25145.png,возвыситься,"возвыситься,"
134_25143.png,правило,"правило,"
134_25155.png,Наташи,"Наташи,"
134_25167.png,Курагиным,"Курагиным,"
134_25184.png,год,"год,"
134_25193.png,предложение,"предложение,"
134_25212.png,происходит,"происходит,"
134_25220.png,сути,"сути,"
134_25222.png,рого,"рого,"
134_25224.png,величие,"величие,"
134_25235.png,считаю,"считаю,"
134_25229.png,двиги-,дьми-
134_25243.png,пливы,тливы
134_25247.png,друга,"друга,"
134_25256.png,ночинает,начинает
134_25261.png,с,С
134_25276.png,мам,мым
134_25299.png,чувство,"чувство,"
134_25301.png,любовь -,любовь-
134_25303.png,нить,"нить,"
134_25306.png,мыслей,"мыслей,"
134_25315.png,ошибку,"ошибку,"
134_25325.png,человека,"человека,"
134_25318.png,человеку,"человеку,"
134_25332.png,понимаем,"понимаем,"
134_25346.png,мыслители,"мыслители,"
134_25369.png,разлад,"разлад,"
134_25374.png,последствиям,"последствиям,"
135_25379.png,совесть,"совесть,"
135_25385.png,-процентщицы,"процентщицы,"
135_25397.png,выполнил,"выполнил,"
135_25400.png,свой,Свой
135_25401.png,процентницу.,процентщицу.
135_25419.png,Думаю,"Думаю,"
135_25423.png,право,"""право"
135_25436.png,гордый,"гордый,"
135_25428.png,таму.,тату.
135_25437.png,бескопыстный,бескорыстный
135_25435.png,молодой,"молодой,"
135_25438.png,юноша,"юноша,"
135_25452.png,том,"том,"
135_25461.png,дрожащие,"дрожащие"""
135_25468.png,люди,"люди,"
135_25472.png,того,"того,"
135_25479.png,тоенном,таенном
135_25474.png,подчиняться,"подчиняться,"
135_25480.png,послушании,"послушании,"
135_25497.png,всё,"всё,"
135_25491.png,имеющие-,"имеющие""-"
135_25492.png,те,"те,"
135_25507.png,людей,"людей,"
135_25524.png,""" к","""к"
135_25539.png,пришёл,"пришёл,"
135_25545.png,переживаний.,переживаний
135_25558.png,проверить,"проверить,"
135_25570.png,том,"том,"
135_25578.png,даёт,дает
135_25583.png,Фё,Фё-
135_25589.png,свидетеля,"свидетеля,"
135_25602.png,никок,никак
135_25603.png,ж,он
135_25614.png,показал,"показал,"
135_25626.png,итоге,"итоге,"
135_25635.png,совершил,"совершил,"
135_25638.png,то,"то,"
135_25647.png,того,"того,"
136_25657.png,времена,"времена,"
136_25651.png,ности,"ности,"
136_25661.png,искусство,"искусство,"
136_25662.png,целое-,целое -
136_25669.png,передавалась,передавалось
136_25672.png,народов,"народов,"
136_25680.png,отражалось,"отражалось,"
136_25679.png,жизнь,"жизнь,"
136_25684.png,Устное,"Устное,"
136_25701.png,музыку,"музыку,"
136_25713.png,танец,"танец,"
136_25706.png,искусство,"искусство,"
136_25714.png,литературу,"литературу,"
136_25722.png,Фолоклор,Фольклор
137_25735.png,Ф,Р
137_25737.png,Тютчев-,Тютчев -
137_25740.png,Ф.И.,Ф. И.
137_25752.png,выводов,"выводов,"
137_25760.png,сказки,"сказки,"
137_25759.png,пословицы,"пословицы,"
137_25758.png,песни,"песни,"
137_25761.png,былины,"былины,"
137_25776.png,метафоры,"метафоры,"
137_25778.png,грама,"грома,"
137_25775.png,грозой,"грозой,"
137_25787.png,(захит),(захип)
137_25798.png,пыль,"пыль,"
137_25817.png,стихотворения-,стихотворения -
137_25816.png,грозы,"грозы,"
137_25820.png,несмело:,"несмело""."
137_25836.png,"""принахмуриться""","""принахмуриться"","
137_25841.png,поэта-,поэта -
137_25847.png,так,"так,"
137_25844.png,она-,она -
137_25859.png,поэт,"поэт,"
137_25868.png,изречения,"изречения,"
137_25872.png,пословицами,"пословицами,"
137_25870.png,мысль,"мысль,"
137_25892.png,поговорки,"поговорки,"
137_25893.png,частушки,"частушки,"
138_25902.png,нравится,"нравится,"
138_25913.png,"несмело""-","несмело"" -"
138_25921.png,нии;,"нии"","
138_25929.png,белый;,"белый"","
138_25933.png,тёплый,"тёплый"","
138_25935.png,смелей и,"смелей""."
138_25955.png,полян,"поля"","
138_25974.png,Распутина,"Распутина"""
138_25980.png,В. Г.,В.Г.
138_25979.png,В. Г.,В.Г.
138_25994.png,восхищаться,"восхищаться,"
138_26001.png,неравнодушка,неравнодушна
138_26006.png,умную,"умную,"
138_26011.png,тельницу,"тельницу,"
138_26014.png,добрую,"добрую,"
138_26016.png,героиню,"героиню,"
138_26035.png,природу,"природу,"
138_26044.png,картину,"картину,"
139_26057.png,строгим,"строгим,"
139_26066.png,"""Большеголовый","""Большеголовый,"
139_26068.png,бовательным,"бовательным,"
139_26076.png,неприметность,"неприметность,"
139_26086.png,"""... входи-","""...входи-"
139_26092.png,роста,"роста,"
139_26100.png,того,"того,"
139_26098.png,класс,"класс,"
139_26103.png,здоровалась,"здоровалась,"
139_26104.png,ла,"ла,"
139_26110.png,умная,"умная,"
139_26112.png,"""и. -голос","""...голос"
139_26113.png,аккуратная,"аккуратная,"
139_26141.png,разные,"разные,"
139_26137.png,оружие-,оружие -
139_26135.png,учеников,"учеников,"
139_26139.png,"двери...""","двери...""."
139_26156.png,властным,"властным,"
139_26157.png,выбритый -,"выбритый""."
139_26167.png,жуткая,"жуткая,"
139_26175.png,помнят,"помнят,"
139_26184.png,учительницы,"учительницы,"
139_26196.png,скромность,"скромность,"
139_26203.png,видя,"видя,"
139_26216.png,оснат-,осмат-
139_26217.png,нас,"нас,"
139_26221.png,ученик,"ученик,"
139_26218.png,шутливые,"шутливые,"
140_26229.png,сосны,"сосны,"
140_26234.png,леса,"леса,"
140_26235.png,дороги,"дороги,"
140_26266.png,преместь,прелесть
140_26264.png,его,"его,"
140_26276.png,реалистично,"реалистично,"
140_26273.png,лес,"лес,"
140_26293.png,взгляд,"взгляд,"
140_26296.png,добрым,"добрым,"
140_26305.png,искреннюю,"искреннюю,"
140_26323.png,добрую,"добрую,"
140_26328.png,лигического,лирического
140_26334.png,Есенин-,Есенин -
140_26359.png,-за,за
140_26371.png,вдохновения,"вдохновения,"
140_26373.png,поэт,"поэт,"
141_26381.png,природе,"природе,"
141_26384.png,лесом,"лесом,"
141_26394.png,тишиной,"тишиной,"
141_26417.png,"сна""","сна"","
141_26423.png,сосну,"сосну,"
141_26437.png,состоя -,состоя-
141_26441.png,представить,"представить,"
141_26449.png,произведения-,произведения -
142_26459.png,а,Я
142_26458.png,посоветную,посоветую
141_26455.png,терпилее.,терпимее.
142_26462.png,Востив,против
142_26470.png,протестуст,протестует
142_26465.png,),","
142_26469.png,Своим,своим
142_26472.png,сдержатный.,Сдержанный.
142_26473.png,глуховенемой,"глухонемой,"
142_26476.png,1,","
142_26483.png,Спокойный,"Спокойный,"
142_26481.png,Горосим,Герасим
142_26484.png,добрый,"добрый,"
142_26487.png,ане.,яне.
142_26485.png,нравственный,"нравственный,"
142_26489.png,поглог,помог
142_26490.png,сохаху,"собаку,"
142_26495.png,ростоисильный,ростаисильный.
142_26494.png,намой.,немой
142_26497.png,Герассты,Герасим
142_26500.png,герои,герой
142_26508.png,Мы,мы
142_26499.png,Беп,Г
142_26505.png,"""Муму""","""Муму""."
142_26507.png,изучати,изучили
142_26514.png,Тургенова,Тургенева
142_26526.png,других.,других
142_26527.png,обарынюисовершал,барыню исовершал
142_26539.png,всены,всем
142_26533.png,"""",","
142_26542.png,Мучиу,"""Муму"""
142_26545.png,Совер,совер
142_26553.png,плухо,глухо
142_26552.png,1,","
142_26558.png,бсарыне.,барыне
142_26559.png,послевежию,посоветую
143_26563.png,моготут,могут
143_26561.png,друзьба,"друзья,"
143_26565.png,и,л
143_26573.png,"""Кавказская","""Кавказский"
143_26580.png,смог.,смог
143_26569.png,задумятся,задуматся
143_26581.png,Жилино,Жилин
143_26574.png,Расская,Рассказ
143_26585.png,впособен,способен
143_26590.png,вдойна,"война,"
143_26589.png,на,а
143_26591.png,ыбёкт;,идёт
143_26592.png,что,Что
143_26595.png,человеке:,человеке
143_26603.png,подложью,подлостью.
143_26600.png,художа.,худшие
143_26601.png,вскрывает.,вскрывает
143_26612.png,добрые,"добрые,"
143_26608.png,з,","
143_26613.png,похожим,похожи
143_26609.png,Костычых,Костылин
143_26610.png,способены,способны
143_26611.png,смелые,"смелые,"
143_26618.png,молока,Можно
143_26615.png,они.,они
143_26620.png,Но.,Но
143_26624.png,Веллинд,"Жилину,"
143_26627.png,Диала,Дина
143_26623.png,прихосила,приносила
143_26619.png,самое-,самое.
143_26617.png,сказать,"сказать,"
143_26616.png,лето.,что
143_26632.png,вленник,"пленник,"
143_26626.png,всячески.,всячески
143_26630.png,сона -,она-
143_26639.png,своружской,Дружба
143_26636.png,никля,никла
143_26638.png,Жилита,Жилина
143_26641.png,клесеным,сменым
143_26648.png,Жилине,"Жилине,"
143_26657.png,пленник.,"пленник"""
143_26659.png,Не,Н.
143_26660.png,л.,Л.
143_26666.png,девятое.,девятое
143_26680.png,главному,"главному,"
143_26686.png,ед.,ей
143_26683.png,Таютого,Толстого.
143_26679.png,что,Что
143_26682.png,ЛН,Л.Н.
143_26681.png,учить,учит
143_26689.png,себя,себе.
143_26688.png,думаю,думло
143_26685.png,противостоять!,противостоять.
143_26690.png,предватели,предатели
143_26693.png,1едл.,1 ош.
143_26692.png,?,","
143_26695.png,Сочетание,сочинение
143_26699.png,Дизивовоза,Дины воз-
143_26697.png,"""Навлазский""","""Каказский"""
143_26701.png,чка-,чка.
143_26700.png,необыльных,необычьных
143_26704.png,напротные,напротив
143_26705.png,суше,шие
143_26702.png,трестье.,тпитье.
143_26706.png,том,"том,"
143_26718.png,Сможет,сможет
143_26713.png,с,о
143_26721.png,Что,что
143_26722.png,понимал,"понимал,"
143_26724.png,матери,"матери,"
143_26723.png,потомурто,потомучто
143_26725.png,выкутом,выкупом
143_26728.png,писяго,писмо
143_26735.png,преданному,преданным.
143_26740.png,емчу,ему
143_26739.png,сона,она
143_26744.png,смелым,"смелым,"
143_26750.png,Смотря,смотря
143_26741.png,),","
143_26745.png,"""",","
143_26746.png,добрыми,добрым
143_26749.png,?,","
143_26752.png,Не,не
143_26753.png,э,","
143_26758.png,?,","
143_26755.png,томогла,помогла
143_26766.png,истугался,испугался
143_26762.png,скастись.,спастись.
143_26765.png,нетерпяты,нетерпимы
143_26770.png,1,","
144_26788.png,хорошее,"хорошее,"
144_26799.png,сочинение,Сочинение
144_26803.png,"""",","
144_26805.png,потомунто,Потомучто
144_26802.png,Узом,4/3ош
144_26810.png,выживать,"выживать,"
144_26814.png,природе,"природе,"
144_26817.png,доброта,"доброта,"
144_26819.png,радол,падал
144_26823.png,темне,те мне
144_26821.png,мужество,"мужество,"
144_26830.png,характерог,характера
144_26847.png,сменалка,"смекалка,"
144_26849.png,"""",","
144_26863.png,Я,П
144_26873.png,Васютна,Васютка
144_26877.png,наавится,нравится
144_26874.png,',","
144_26880.png,/,","
144_26883.png,2,","
144_26888.png,р,рс
145_26897.png,Загадка-,Загадка -
145_26902.png,явления,"явления,"
145_26906.png,складки,"складки,"
145_26905.png,загадки-,загадки -
145_26907.png,загадки-,загадки -
145_26908.png,календарно-,календарно -
145_26911.png,наш,наши
145_26916.png,тезис:,тезис -
145_26923.png,"""",","
145_26924.png,пословицы,"пословицы,"
145_26934.png,я,Я
145_26935.png,хогу,хочу
145_26949.png,песни,"песни,"
145_26950.png,колядки,"колядки,"
145_26972.png,шутки,"шутки,"
145_26980.png,людях,"людях,"
145_26986.png,растениях,"растениях,"
145_26989.png,явлениях,"явлениях,"
145_26999.png,зача-,зага-
145_27020.png,сравнений,"сравнений,"
146_27032.png,года,"года,"
146_27038.png,село,"село,"
146_27044.png,гипербола,"гипербола,"
146_27043.png,звукоподражание,"звукоподражание,"
146_27047.png,сравнение,"сравнение,"
146_27049.png,паровоз,"паровоз,"
146_27054.png,эпитеты.,"эпитеты,"
146_27062.png,стихотворение,"стихотворение,"
146_27055.png,аллигитерация,"аллитерация,"
146_27077.png,пускаст,пускает
146_27083.png,"земле""-","земля"" -"
146_27098.png,"""Солнце","""солнце"
146_27102.png,показывает,"показывает,"
146_27109.png,фольклором,"фольклором,"
146_27111.png,эрудиция,"эрудиция,"
146_27105.png,"магния"",","молния"","
146_27112.png,Логе-,lore -
146_27116.png,"""народное","""народная"
146_27115.png,(Тос-,(folc -
146_27135.png,поэта-,поэта -
146_27142.png,"смелей,","смелей"","
146_27144.png,поля;,"поля"","
146_27156.png,Тютчев,"Тютчев,"
146_27168.png,стихотворение,стихотворения
146_27157.png,наделены,наделены.
146_27171.png,том,"том,"
146_27195.png,Ф.п.,Ф.И.
146_27196.png,культуру,культуры
146_27207.png,эмоции,"эмоции,"
146_27212.png,фолькгору,"фольклору,"
146_27215.png,2/0,2/1
146_27219.png,Ф.2.,Ф.И.
146_27218.png,Тютчев-,Тютчев -
146_27231.png,"несмело..."".","несмело....""."
146_27240.png,метафоры,"метафоры,"
146_27237.png,Ф.2.,"Ф,И."
146_27233.png,Сочинения,Сочинение
146_27239.png,брат-,брат -
146_27241.png,заказках:,закадках:
146_27249.png,Сравнивает.,Сравнивает-
146_27252.png,деревья,"деревья,"
146_27262.png,меня,"меня,"
146_27256.png,ирполь-,изполь-
146_27259.png,"берега""-","берега."" -"
146_27266.png,стога,"стога,"
146_27286.png,природы,"природы,"
146_27289.png,мы.,ми.
147_27319.png,пониманием,"пониманием,"
147_27360.png,верждает,"верждает,"
147_27369.png,товарищей,"товарищей,"
147_27386.png,"""",","
147_27399.png,языка,"языка,"
147_27401.png,кагоритом,калоритом
147_27411.png,унижениям,"унижениям,"
147_27407.png,внутреннй,внутренний
147_27424.png,копейки,"копейки,"
147_27433.png,блоку,"блоху,"
147_27435.png,усидчивый,"усидчивый,"
147_27439.png,терпения,"терпения,"
147_27437.png,трудаглюбивый,трудолюбивый
147_27444.png,народ:,"народ."""
147_27442.png,У,у
147_27450.png,"""и там","""там"
147_27464.png,Имя,Илья
147_27468.png,сказано,"сказано,"
147_27501.png,талант,"талант,"
147_27498.png,бедно,"бедно,"
147_27508.png,Левша-,Левша -
147_27518.png,много.,много-
147_27525.png,проникнуть,проникнуто
147_27537.png,Сказ-,Сказ -
147_27544.png,эпоса,"эпоса,"
147_27545.png,дания.,дания
147_27549.png,рассказчика,"рассказчика,"
148_27551.png,считаю,"считаю,"
148_27556.png,таким,"таким,"
148_27576.png,то,"то,"
148_27588.png,вслушиваться!,"вслушиваться."""
148_27592.png,поленью,"помню,"
148_27607.png,воспитания,"воспитания,"
148_27610.png,судьба,"судьба,"
148_27615.png,ум,"ум,"
148_27613.png,ученикам,"ученикам,"
148_27630.png,"шкащ "".","школу""."
148_27631.png,заниматься,"заниматься,"
148_27634.png,кричал,"кричал,"
148_27666.png,аккуратная,"аккуратная,"
148_27675.png,Учительницы,Учительница
148_27683.png,выбритый,"выбритый,"
148_27681.png,одетый,"одетый,"
148_27686.png,4,и
148_27695.png,скромность,"скромность,"
148_27697.png,"руках"".","руках."""
148_27701.png,лей-,лей -
148_27703.png,взгляд,"взгляд,"
148_27708.png,настойчивая,"настойчивая,"
148_27715.png,4,и
148_27718.png,требовательный,"требовательный,"
148_27717.png,строгий,"строгий,"
148_27716.png,Диагенович-,Диагенович -
148_27728.png,строгий,"строгий,"
148_27736.png,воспитания-,воспитания -
148_27741.png,запаснился,заполнился
148_27740.png,произведений,произвединий
148_27744.png,учителя,"учителя,"
148_27746.png,спокойная,"спокойная,"
148_27752.png,так,"так,"
148_27753.png,лёгким,"лёгким,"
148_27756.png,"""какимъ""-","""каким-"
148_27761.png,настойчивый,"настойчивый,"
148_27787.png,школе,"школе,"
148_27794.png,учеником,ученикам.
148_27791.png,требовательный,"требовательный,"
148_27799.png,Ческандера,Искандера
148_27814.png,Геракла,"Геракла"","
148_27810.png,Тринадцатый,"""Тринадцатый"
148_27821.png,блавными,Главными
148_27824.png,которых,"которых,"
148_27825.png,тему,"тему,"
148_27830.png,вая,"вая,"
148_27834.png,одежде,"одежде,"
148_27847.png,"""Большеголовый","""Большеголовый,"
148_27849.png,роста,"роста,"
148_27853.png,поре,"поре,"
148_27854.png,магодой,молодой
148_27856.png,вся,"вся,"
149_27864.png,грусти,"грусти,"
149_27862.png,тишины,"тишины,"
149_27869.png,веселья,"веселья,"
149_27873.png,.,","
149_27877.png,спокойствия,"спокойствия,"
149_27883.png,загадочности,"загадочности,"
149_27890.png,звуки,"звуки,"
149_27908.png,"""Тако"".","""Тихо""."
149_27918.png,свежим,"свежим,"
149_27928.png,словом,словам
149_27930.png,роги,"роги,"
149_27937.png,Есенин-,Есенин -
149_27952.png,леса,"леса,"
149_27955.png,природой,"природой,"
149_27962.png,том,"том,"
149_27971.png,прекрасна,"прекрасна,"
149_27972.png,неважно,"неважно,"
149_27990.png,огарованием,"очарованием,"
149_27989.png,"""Пороша""-","""Пороша"","
149_28005.png,;,","
149_28008.png,одеянием,"одеянием,"
149_28010.png,дорогу,"дорогу,"
149_28011.png,устланную,"устланную,"
149_28023.png,зительности,дительности
149_28016.png,;,","
149_28034.png,"""понагнулась","""понагнулась,"
149_28060.png,природе,"природе,"
149_28057.png,живому,"живому,"
149_28069.png,познакомится,познакомиться
149_28074.png,бы,"бы,"
149_28076.png,3/5,5/5
149_28077.png,простых,"простых,"
149_28082.png,в,"в,"
149_28096.png,невероятными,"невероятными,"
149_28113.png,образность,"образность,"
149_28117.png,стихотв-,стихотво-
149_28121.png,"шачь"".","шаль""."
149_28125.png,"""заколда-","""заколдо-"
149_28126.png,Мстафоры:,Метафоры:
149_28162.png,края,"края,"
149_28166.png,поэт,"поэт,"
images_group_62_9074_3718.png,его,Его
images_group_62_9074_3720.png,Воличеству.,Величеству.
images_group_62_9074_3721.png,Енисейскаго,Енисейского
images_group_62_9074_3722.png,Губернатора,Губернатора.
images_group_62_9074_3724.png,Всеподданнѣйше,Всеподданными
images_group_62_9074_3725.png,допосъ,донося
images_group_62_9074_3739.png,"благопосично,","благопослучно,"
images_group_62_9074_3743.png,усмотрѣніе,усмотреніе
images_group_62_9074_3753.png,Подписалъ:,Подписанъ:
images_group_62_9074_3760.png,день,для
images_group_62_909_5798.png,состоить,состоитъ
images_group_62_909_5824.png,Маіоръ,Маіoръ
images_group_62_909_5831.png,по-,по
images_group_62_909_5837.png,4-мъ Мужскимъ,4-мъ Мучинскимъ
images_group_62_909_5840.png,Изъяс-,Именъ
images_group_62_9096_6755.png,Iотя,Хотя
images_group_62_9096_6759.png,надо-,неудо-
images_group_62_9096_6763.png,затруденіе,затруденіи
images_group_62_9096_6766.png,обизначенія,обезпеченія
images_group_62_9096_6768.png,продовольствіемъ,"продовольствія,"
images_group_62_9096_6770.png,сѣменамъ,съменамъ
images_group_62_9096_6771.png,на носъ,на посъ
images_group_62_9096_6786.png,"округѣ,",округъ
images_group_62_9096_6804.png,недоститковъ,недостатокъ
images_group_62_9096_6810.png,дейтели,деятели
images_group_62_9096_6812.png,удовлестворить,удовлетворить
images_group_62_9096_6813.png,займомъ,займощь
images_group_62_9096_6818.png,"магариновъ,","магазиновъ,"
images_group_62_9096_6819.png,въ,и
images_group_62_9096_6829.png,264898 го.,264398 го
images_group_62_9096_6830.png,повертей;,твертей;
images_group_62_9096_6834.png,рабково,работа
images_group_62_9096_6838.png,извозомъ,изводомъ
images_group_62_9096_6844.png,"зверей,","звѣрей,"
images_group_62_9096_6854.png,по-,Не-
images_group_62_9096_6866.png,талами:,талами
images_group_62_9096_6867.png,"а.,","а,"
images_group_62_9096_6868.png,губернскимъ,губернаторъ
images_group_62_9096_6874.png,въ обращеніе,въ обращеніи
images_group_62_9096_6875.png,вы,въ
images_group_62_9096_6876.png,государствен-,Государствен-
images_group_62_9096_6877.png,намъ,номъ
images_group_62_9096_6883.png,794 руб,7174 руб
images_group_62_9096_6886.png,крестьян,крестьян-
images_group_62_9096_6887.png,"снимъ,","скимъ,"
images_group_62_9096_6889.png,Тунгуской,Тунгузской
images_group_62_910_7882.png,1866 к,1866 г.
images_group_62_910_7893.png,благотворитель,благотворитель-
images_group_62_910_7894.png,благотвори-,благотвори
images_group_62_910_7895.png,съостатой,съ остаточ
images_group_62_910_7916.png,кредитным,кредитныя
images_group_62_910_7929.png,ит дѣленіи,отдѣленіи
images_group_62_910_7952.png,жаніе,маніе
images_group_62_910_7956.png,"О дежду,","Одежду,"
images_group_62_910_7959.png,"обувъ,",обувь.
images_group_62_910_7962.png,постройки,построики
images_group_62_910_7972.png,содержаніе,содержаніe
images_group_62_910_7975.png,"замедикагенты,","за медикаменты,"
images_group_62_910_7978.png,припасовъ-,припасовъ -
images_group_62_910_7983.png,кормбыхъ,кормвыхъ
images_group_62_910_7995.png,речаной,ржаной
images_group_62_910_7996.png,но продовольствіе,напродовольствіе
images_group_62_910_8003.png,Дѣл,дѣлъ
images_group_62_910_8014.png,Генералъ-,Генералъ-е
images_group_62_910_8016.png,Старифического,Статистического
images_group_62_910_8020.png,Чиня Съ,Имя Сев
images_group_62_9122_8936.png,дѣвкѣ нумеров,дѣкѣ ну меров
images_group_62_9122_8938.png,потод,пятьд
images_group_62_9122_8939.png,мячь,сятъ
images_group_62_9122_8941.png,"Вѣрна М.,",Вѣрно Н.д.
images_group_62_908_15058.png,Обора,Сбора
images_group_62_908_15067.png,капитала,Капитала
images_group_62_908_15070.png,на жителяхъ,на жителяхъ-
images_group_62_908_15072.png,на хлѣбномъ,ни хлѣбномъ
images_group_62_908_15079.png,съжите,съ жите
images_group_62_908_15080.png,лей,лей:
images_group_62_908_15083.png,и Инород-,и инород
images_group_62_908_15086.png,", а съ крестьянъ",а съ крестьянъ
images_group_62_908_15087.png,по 3 копѣки,по 3 копѣки.
images_group_62_908_15089.png,за убылью-,за убылью
images_group_62_908_15090.png,душъ.,душъ
images_group_62_908_15099.png,года.,года
images_group_62_908_15100.png,За тѣмъ,за тѣмъ
images_group_62_908_15106.png,Въ дому,Въ долгу
images_group_62_908_15108.png,капита,Капита
images_group_62_908_15109.png,лѣ.,лѣ
images_group_62_908_15118.png,на жителяхъ,на жителяхъ.
images_group_62_908_15123.png,причисленія,причисленія-
images_group_62_908_15133.png,вступившихъ,встрившихъ
images_group_62_908_15141.png,оклада 1867 ро,оклада 1867-го
images_group_62_908_15154.png,За тѣмъ,за тѣмъ
images_group_62_908_15190.png,жителяхъ.,жителяхъ.-
images_group_62_908_17489.png,2457 р.,2457р.
images_group_62_908_17492.png,2249 р.,2249р
images_group_62_908_17495.png,110р.,110 р.
images_group_62_908_17496.png,27682 р,27682р
images_group_62_908_17498.png,34435 р.,34435р
images_group_62_908_17510.png,449 р.,449р.
images_group_62_908_17511.png,58р,58 р.
images_group_62_908_17512.png,12р.,12 р.
images_group_62_908_17516.png,26 1/4 к.,26 1/4к
images_group_62_908_17517.png,48 3/7 к.,48 3/4к
images_group_62_908_17520.png,60 1/2к,60 1/2 к.
images_group_62_908_17523.png,67 к.,67к.
images_group_62_908_17524.png,36 1/4к,36 3/4к
images_group_62_908_17527.png,79 к.,79к.
images_group_62_908_17532.png,2 1/2к,2 1/2 к.
images_group_62_908_17533.png,78 к.,78к
images_group_62_908_17535.png,23 3/4к,23 3/4 к.
images_group_62_908_17543.png,26 1/2 к.,26 1/2к
images_group_62_910_18075.png,4470,44 3/4 40
images_group_62_910_18076.png,32 1/7,92 3/4
images_group_62_910_18078.png,307.,507
images_group_62_910_18079.png,"26,565",65.
images_group_62_910_18082.png,15.718.,15718
images_group_62_910_18083.png,978.,978
images_group_62_910_18086.png,63971.,63971
images_group_62_910_18089.png,18881.,18.881.
images_group_62_910_18090.png,40258,40.258.
images_group_62_910_18092.png,20502,20.502.
images_group_62_910_18095.png,16605,16.605
images_group_62_910_18096.png,26 1/2,26 1/4
images_group_62_910_18097.png,51 3/4,51 1/4
images_group_62_910_18099.png,17272,17279
images_group_62_910_18101.png,48 1/4,48 1/2
images_group_62_910_18105.png,13.,19
images_group_62_910_18106.png,2822,2822.
images_group_62_910_18109.png,43 1/4,43 1/2
images_group_62_910_18110.png,1587,_1587.
images_group_62_910_18114.png,5250,5250.
images_group_62_910_21427.png,кой,коп
images_group_62_9091_21693.png,97,27
images_group_62_9091_21694.png,а,б)
images_group_62_9091_21695.png,а),з)
images_group_62_9087_21946.png,95,25
images_group_62_910_21965.png,Яно-8866 г.,Ян - 1816 г.
images_group_26_36_189.png,"м.,","М.,"
images_group_26_36_190.png,Бѣлые и,Бѣглые и
images_group_26_36_195.png,вродячи,вродяги
images_group_26_36_200.png,Красноярскѣ-,Красноярснкѣ-
images_group_26_36_203.png,174 и,114 и
images_group_26_36_208.png,ки,чи-
images_group_26_36_210.png,несполне,невполне
images_group_26_36_213.png,сил,слѣ
images_group_26_36_219.png,своей,свой
images_group_26_36_223.png,сибиръ,Сибирь
images_group_26_36_225.png,въ,16
images_group_26_36_234.png,менщинъ.,женщинъ.
images_group_26_36_243.png,по,но
images_group_26_36_246.png,сущ,суду
images_group_26_36_253.png,открыти,открыто
images_group_26_36_256.png,Енисейскѣ,"Енисейскѣ,"
images_group_26_36_258.png,наблюде,наблюде-
images_group_26_36_262.png,11.,"11,"
images_group_26_36_268.png,литета,митета
images_group_26_36_274.png,"п.,","н.,"
images_group_26_36_275.png,Арестанты.,Арестанты
images_group_26_36_278.png,виедно,видно
images_group_26_36_286.png,№5.,"№5,"
images_group_26_36_311.png,въ,16
images_group_26_36_318.png,варится,водится
images_group_26_36_320.png,позаключенномус,по заключенному съ
images_group_26_36_321.png,подрадчикомъ,подрядчикамъ
images_group_26_36_323.png,сени,жна
images_group_26_36_325.png,окончина,окончена
images_group_26_36_327.png,24 мъ,24 Iю-
images_group_26_36_329.png,мо,лю
images_group_26_36_334.png,по постройкѣ,по пострыйкѣ
images_group_26_36_335.png,де,де-
images_group_26_360_360.png,Испров,Исправ
images_group_26_3609_912.png,заиключеніемъ,за исключеніемъ
images_group_26_3609_921.png,никакой,ни какой
images_group_26_3609_924.png,живать,живатъ
images_group_26_3609_939.png,"193,688 р.","193,688р."
images_group_26_3609_960.png,предстоить,предстоитъ
images_group_26_3609_964.png,"испра,",испра-
images_group_26_3622_2049.png,Тапографія,Типографія
images_group_26_3622_2062.png,"состояніи,",состояніи
images_group_26_3622_2090.png,"1,082го","1,082-х"
images_group_26_3622_2096.png,чискихъ,ческіхъ
images_group_26_3622_2098.png,99 мѣзь.,99 назв.
images_group_26_3622_2102.png,на бумму,на сумму
images_group_26_3622_2105.png,Библитска,Библіотека
images_group_26_3629_2509.png,"углѣчило,","успѣшно,"
images_group_26_3629_2516.png,"дѣлъ,","дѣль,"
images_group_26_3629_2541.png,масолѣпітву,малолѣтству
images_group_26_3629_2542.png,на слѣд-,наслѣд-
images_group_26_3629_2546.png,глухонемота-,глухонемотѣ
images_group_26_3629_2547.png,торамъ,спорамъ
images_group_26_3629_2555.png,состояв-,состоя-
images_group_26_3629_2560.png,зноупотребленіе,злоупотребленіе
images_group_26_3635_3082.png,Коллен-,Коллеж-
images_group_26_3635_3100.png,Княгъ,Князь
images_group_26_3635_3101.png,Костровы-,Костровъ-
images_group_26_3635_3118.png,всѣмѣ,всѣмъ
images_group_26_3635_3122.png,"Чиновниковъ,",Чиновниковъ
images_group_26_3636_3131.png,числа,числѣ
images_group_26_3636_3134.png,орденами,Орденами
images_group_26_3636_3138.png,1/2,"1,"
images_group_26_3636_3139.png,4-о теп.,4-й степ.
images_group_26_3636_3143.png,выслугу,- выслугу
images_group_26_3636_3150.png,слава,"слава,"
images_group_26_3636_3153.png,3 капеп.,3-й степ.
images_group_26_3636_3155.png,серебряною,серебряного
images_group_26_3636_3156.png,медило,медалью
images_group_26_3636_3158.png,надпишью,надписью
images_group_26_3636_3163.png,лебнія.,шенія.
images_group_26_3636_3170.png,1-ю,1-мъ
images_group_26_3636_3173.png,"2.,","2,"
images_group_26_3636_3189.png,предположенія:,предположения:
images_group_26_3641_3507.png,Копія,Копія.
images_group_26_3656_5076.png,О Чиновникахъ,О Чиновникахъ.
images_group_26_3656_5080.png,судимихъ,судимыхъ
images_group_26_3656_5087.png,26 го,26-го
images_group_26_3656_5088.png,взыкнанія,взысканія
images_group_26_3656_5093.png,"за №1275,",за № 1275.
images_group_26_3656_5111.png,469,469.
images_group_26_3656_5112.png,"470,",470.
images_group_26_3656_5113.png,за №№,за №№-ми
images_group_26_3656_5124.png,отъ Мину-,отъ Мину
images_group_26_367_6261.png,11-го отдѣленія,11-го Отдѣленія
images_group_26_367_6273.png,золотопроснышленника,золотопромышленника
images_group_26_367_6282.png,занеокончаніемъ,за неокончаніемъ
images_group_26_367_6284.png,"публикацій,","публикаціи,"
images_group_26_367_6286.png,кредитеры,кредиторы
images_group_26_367_6305.png,Почетна го,Почетнаго
images_group_26_367_6306.png,драж-,Граж-
images_group_26_367_6333.png,"Апрѣля,",Апрѣля
images_group_26_367_6335.png,"мая,","Мая,"
images_group_26_367_6340.png,Ноября,7 Ноября
images_group_26_367_6345.png,"16259,","16,259,"
images_group_26_367_6351.png,7011,7071
images_group_26_367_6352.png,и,И
images_group_26_367_6359.png,"дѣлѣ,",дѣлѣ
images_group_26_367_6363.png,Губерніею,Губерніего
images_group_26_367_6375.png,за №1617,"за № 1617,"
images_group_26_367_6376.png,и 5842.,и 5842.-
images_group_26_367_6381.png,О долгихъ,О долгахъ
images_group_26_367_6382.png,золотопромышленно,золотопромышленни
images_group_26_367_6394.png,предъяв-,предъяв
images_group_26_3686_8157.png,Сыдѣльни-,Сидѣльни-
images_group_26_3686_8164.png,копескъ,копѣекъ
images_group_26_3686_8168.png,3 рубла,3 рубли
images_group_26_3686_8179.png,овзысканіи,о взысканіи
images_group_26_3686_8181.png,Подонесенію,По донесенію
images_group_26_3686_8189.png,1224 пуд.,1224 году.
images_group_26_3686_8191.png,У рядника,Урядника
images_group_26_3686_8192.png,Кандына,Кандина
images_group_26_3686_8203.png,ДѢЛЪ.,дѣлъ
images_group_26_3686_8205.png,подтвержденіе,подтверждено
images_group_26_3686_8213.png,доставленіи,доставленій
images_group_26_3686_8214.png,"за №7784,","за №784,"
images_group_26_3686_8245.png,О скорѣйшемъ,скорѣйшемъ
images_group_26_3686_8250.png,за №4102.,за № 4102.
images_group_26_3686_8256.png,Губернская,Губернскаго
images_group_26_3686_8265.png,Градскою,Градскою.
images_group_26_3686_8278.png,№1780-го,№1780-мъ.
images_group_26_3686_8289.png,Оскорѣшеніемъ,О скорѣйшемъ
images_group_26_3686_8292.png,за №№2754.,за № 2754.
images_group_26_36_8340.png,допипъ,одинъ
images_group_26_36_8341.png,тюремный за,тюремный за-
images_group_26_36_8342.png,С.,"о.,"
images_group_26_3656_8588.png,стивѣсшему,стивѣйшему
images_group_26_3686_9688.png,НЕРѢШЕННЫМИ.,НЕРѢШЕННЫМИ
images_group_26_3686_9702.png,Ка,ка
images_group_33_5185_7.png,расложенія,разложенія
images_group_33_5185_8.png,труповъ,труповъ.
images_group_33_5185_10.png,Задачи.,Падежи.
images_group_33_5185_13.png,наковидно,какъвидно
images_group_33_5185_22.png,ка.),№ а.)
images_group_33_5185_23.png,обществен,Обществен-
images_group_33_5185_39.png,приказы,приказа
images_group_33_5185_40.png,въ 1859 г.,въ 1859г.
images_group_33_5185_42.png,"слинскомъ,","слийскомъ,"
images_group_33_5190_436.png,Пріютъ,пріютъ
images_group_33_5190_444.png,при,При
images_group_33_5190_448.png,полкѣ.,полкѣ:
images_group_33_5190_458.png,въ 1859г.,въ 1859 г.
images_group_33_5190_462.png,предшество,предшество-
images_group_33_5190_467.png,чь учениками.,46 учениками.
images_group_33_5190_469.png,вышеноказанныхъ,вышепоказанныхъ
images_group_33_5190_470.png,учеблыкъ,учебныхъ
images_group_33_5190_472.png,въ 1859 г.,въ 1859г.
images_group_33_5197_808.png,сформированія же,сформированія на
images_group_33_5197_819.png,и ми-,и Ми-
images_group_33_5197_827.png,череди,очереди
images_group_33_5197_829.png,мѣщане.,мѣшали.
images_group_33_5197_830.png,"2, Квартирная",д.) Квартирная
images_group_33_5197_853.png,въ 1859 г.,въ 1859г.
images_group_33_5197_854.png,не было.,небыло.
images_group_33_5197_855.png,"с,",4
images_group_33_5197_856.png,Земская Поли,Земская Поли-
images_group_33_5197_857.png,Дѣлопроизводство,"Дѣлопроизводство,"
images_group_33_520_1095.png,31 об,21 об
images_group_33_520_1098.png,22 11,22 21
images_group_33_520_1099.png,2322,23 22
images_group_33_520_1107.png,л),л.)
images_group_33_520_1120.png,36/7.,36 / т.
images_group_33_520_1122.png,хлѣбопашество-,хлѣбопашество.
images_group_33_520_1137.png,гу-,Гу-
images_group_33_520_1146.png,У,у
images_group_33_520_1171.png,запаги,запаги-
images_group_33_520_1177.png,увелычивается;,увеличивается;
images_group_33_520_1208.png,финскимъ,Финскимъ
images_group_33_520_1221.png,4,у
images_group_33_520_1252.png,чрезвычай но,чрезвычайно
images_group_33_520_1260.png,Совѣтникъ,совѣтник
images_group_33_5232_3451.png,надѣ,надъ
images_group_33_5232_3456.png,Дѣйствіе,Дѣйствія
images_group_33_5232_3466.png,и затѣмъ,и Затѣмъ
images_group_33_5232_3484.png,ко,К
images_group_33_5232_3493.png,причнанныхъ,признанныхъ
images_group_33_5232_3496.png,и наслѣдницѣ,и наслѣдницы Бо
images_group_33_5238_3819.png,Гавриля Типо,Гаврила Тихо
images_group_33_5238_3821.png,91,41
images_group_33_5238_3831.png,Совѣтника Але,Совѣтника Алек-
images_group_33_5246_4466.png,3 отдѣленія,3 Отдѣленія
images_group_33_5246_4470.png,Попредложенію Г.,По предложенію Г.
images_group_33_5246_4474.png,производимой,производились
images_group_33_5246_4480.png,хлѣбна,хлѣбно
images_group_33_5246_4487.png,порядокъ съл,порядокъ дѣлъ
images_group_33_5246_4492.png,запаснаго,Запаснаго
images_group_33_5246_4497.png,Поотношенію,По отношенію
images_group_33_5246_4498.png,Енисейской,Енисейскай
images_group_33_5246_4513.png,Апрѣля за А,Апрѣля за №
images_group_33_5249_4720.png,и Костинско-,и Костинска
images_group_33_5249_4725.png,№5752-мъ,№5752-
images_group_33_5249_4730.png,Покопіи,По копіи
images_group_33_5249_4731.png,постановлен,постановлені
images_group_33_5249_4735.png,но,не
images_group_33_5249_4740.png,Iю отдѣ,IV отдѣ
images_group_33_5249_4749.png,охлѣбной,о хлѣбной
images_group_33_5249_4755.png,считающейся нанъ,считающейся на по
images_group_33_5249_4761.png,проному,пооному
images_group_33_5249_4764.png,предписа-,предписа
images_group_33_5249_4770.png,орозысканіи,о розысканіи
images_group_33_5249_4776.png,федорѣ,Федорѣ
images_group_33_5249_4782.png,Исправляющъ,Исправляюща
images_group_33_5250_4990.png,скаю,скаго
images_group_33_5250_4997.png,чи,чис
images_group_33_5250_4999.png,напоселенце-,на поселенцѣ
images_group_33_5250_5002.png,Гилева,Гилевѣ
images_group_33_5250_5014.png,Туруха,Турухан
images_group_33_5250_5031.png,"за №1,519,","за №3,154,"
images_group_33_5250_5039.png,"кихъ,",коихъ
images_group_33_5250_5048.png,настоящею,настоящаю
images_group_33_5250_5052.png,98,98.
images_group_33_5250_5057.png,на,На-
images_group_33_5250_5061.png,быть едѣ-,быть сдѣ-
images_group_33_5250_5064.png,"Губерніи,",Губерніи
images_group_33_5250_5068.png,П.,Г.
images_group_33_5250_5071.png,находя,находя-
images_group_33_5251_5080.png,отомъ,о томъ
images_group_33_5251_5085.png,ся 26 г. Января,ся 26 ч. Января
images_group_33_5251_5088.png,магазинов,магазиновъ
images_group_33_5251_5089.png,мяркинг,и Яркинc
images_group_33_5251_5092.png,но.,110.
images_group_33_5251_5095.png,Туруханскѣ,Туруханска
images_group_33_5251_5098.png,нія,нія.
images_group_33_5251_5099.png,бывшимъ,бывшим
images_group_33_5251_5105.png,инбажскаго,инбатского
images_group_33_5251_5106.png,с кладочка,складочка
images_group_33_5251_5115.png,Судъ 22.,Судъ 22
images_group_33_5251_5123.png,порохарусс,пороха рухляд
images_group_33_5251_5128.png,налѣба.,и хлѣба.
images_group_33_5255_5314.png,Пр-віантскую,Провіантскую
images_group_33_5255_5315.png,Поручина,Поручика
images_group_33_5255_5317.png,руб.,"руб,"
images_group_33_5255_5328.png,отнош,отноше
images_group_33_5255_5331.png,Мая,мая
images_group_33_5255_5332.png,"1857 г. за №1956,","1857 г. За №1956,"
images_group_33_5255_5343.png,Очемь,Очемъ
images_group_33_5255_5348.png,"за №3502,","3а №3502,"
images_group_33_5255_5349.png,"10, Мая 3",10 Мая 3 и
images_group_33_5258_5496.png,неполу,не полу
images_group_33_5258_5498.png,Отдѣленія Итола,Отдѣленія 1 Стола
images_group_33_5258_5503.png,По непалученію,По неполученію
images_group_33_5258_5521.png,"нижними, чинами",нижными чинами
images_group_33_5258_5527.png,"14,350, было ему","11,350, было ему"
images_group_33_5258_5532.png,железныхъ,желѣзныхъ
images_group_33_5258_5541.png,въ Батай,въ Баталі
images_group_33_5258_5542.png,онкомъ,онномъ
images_group_33_5258_5548.png,кандалы и крѣпи,кандалы и крѣп
images_group_33_5271_6757.png,года.,годъ.
images_group_33_5271_6761.png,Корапорту,Порапорту
images_group_33_5271_6777.png,обо,о об
images_group_33_5271_6785.png,общей,Общей
images_group_33_5271_6786.png,городовой,Городовой
images_group_33_5271_6790.png,Поселенца Ла,ПоселенцаЛа
images_group_33_5271_6795.png,волости Ивано Сухоров,волости Ивана Сухфа
images_group_33_5271_6800.png,за № 416.,за №416.
images_group_33_5271_6802.png,Тобольска,тобольско
images_group_33_5271_6808.png,"Оссыльныхъ, о в","Оссыльныхъ, ов"
images_group_33_5271_6812.png,Эксподи,Экспеди
images_group_33_5271_6820.png,1856г.,и 1856 г.
images_group_33_5271_6824.png,"за №14,371,","за № 14371,"
images_group_33_5271_6826.png,былопредписыва,было предписыва
images_group_33_5271_6830.png,омо,емо
images_group_33_5271_6833.png,"1854 г. за № 1243,",1857 г. за №1243
images_group_33_5271_6835.png,15-го,18 ч.
images_group_33_5271_6837.png,денегъ,"денегъ,"
images_group_33_5271_6844.png,"за №7,478, 11,045-г.","за № 7,478,11,045 г."
images_group_33_5271_6845.png,имъ,имъ изъ
images_group_33_5271_6847.png,Стах,Стан
images_group_33_5271_6853.png,За неполученіемъ,Занеполученіемъ
images_group_33_5271_6860.png,оперечислен,о перечислен
images_group_33_5271_6865.png,Губерн,Губер
images_group_33_5271_6868.png,изъ,изъ-
images_group_33_5271_6873.png,до,20
images_group_33_5271_6874.png,Октября 1856 г.,Октября 1856 г
images_group_33_5271_6877.png,Новоселовскую,Новоселовскую въ
images_group_33_5271_6878.png,"за №14278,","за № 14,278,"
images_group_33_5271_6881.png,окому под-,оному под-
images_group_33_5271_6882.png,мость Минусинскаго округа,лость Минусинскаго округа
images_group_33_5271_6887.png,"за №15,19.",за № 15614.
images_group_33_5271_6888.png,долотность,должность
images_group_33_5185_7056.png,21 3/2,21%
images_group_33_5225_7891.png,Похабод,Похабову
images_group_33_5225_7907.png,на суд,на су
images_group_33_5225_7915.png,12000,12.000
images_group_33_5225_7929.png,Обѣтованной,"Обѣтованной,"
images_group_33_5225_7931.png,Гудиной,"Гудиной,"
images_group_33_5225_7936.png,Михайлѣ,"Михайлѣ,"
images_group_33_5225_7939.png,Сомсо,Сомо-
images_group_33_5225_7941.png,увостопленія,увѣдомленій
images_group_33_5225_7958.png,за проступи,за проступки
images_group_33_5225_7972.png,ереса,"ереси, а"
images_group_33_5225_7973.png,Г.,Г. г.
images_group_33_5225_7977.png,а так-,а так
images_group_33_5225_7980.png,ссыль,ссыль-
images_group_33_5225_7991.png,"надонесенія,","на донесенія,"
images_group_33_5225_8000.png,за № 1111,за №№111
images_group_33_5225_8010.png,требованія,требования
images_group_33_5226_8039.png,Оубійствѣ,О убйствѣ
images_group_33_5226_8044.png,Екатеринославъ,Екатеринослав
images_group_33_5226_8061.png,г,и
images_group_33_5226_8063.png,къселу,къ сему
images_group_33_5226_8067.png,"№ 14660,","№14660,"
images_group_33_5226_8068.png,"о томъ,","отомъ,"
images_group_33_5226_8072.png,Саррь,Сарры
images_group_33_5226_8077.png,Метеровлевой.,Мейеровичевой.
images_group_33_5226_8089.png,Мѣщанка,Мѣщанки
images_group_33_5226_8090.png,Менеровичевой,Мейеровичевой
images_group_33_5226_8091.png,43 руб.,43 руб
images_group_33_5226_8095.png,февраля,феврал
images_group_33_5226_8099.png,За неполученіемъ,Занеполученіемъ
images_group_33_5226_8110.png,Город,город
images_group_33_5226_8116.png,пороздаеѣ,пороздачѣ
images_group_33_5226_8117.png,"правленія,","Правленія,"
images_group_33_5226_8121.png,1859 г.,1859
images_group_33_5226_8124.png,хлѣба-,хлѣба.
images_group_33_5226_8125.png,за,За
images_group_33_5226_8126.png,"№ 4940,","№4940,"
images_group_33_5226_8129.png,взыскаными съ,взысканымъ съ
images_group_33_5226_8131.png,Таускева,Тауснева
images_group_33_5232_8484.png,Оденьгахъ,О деньгахъ
images_group_33_5232_8491.png,разсмотрѣніе спо-,раЗсмотрѣніе спо-
images_group_33_5232_8495.png,гихъ,чихъ
images_group_33_5232_8496.png,"претенций,","претензій,"
images_group_33_5232_8500.png,"долянникамъ,","должникамъ,"
images_group_33_5238_8676.png,Мѣщаниня,Мѣщанина
images_group_33_5238_8678.png,Малѣсъ,Малѣевъ
images_group_33_5238_8679.png,10,10.
images_group_33_5238_8682.png,Авгуфе,Августа
images_group_33_5238_8684.png,Сели,Семи
images_group_33_5238_8688.png,Сентябрь,Сентябр
images_group_33_5238_8691.png,Ноября,Ноября.
images_group_33_5238_8700.png,заглухонемородругой,за глухонемою другой
images_group_33_5238_8707.png,за №5707.,за № 5717.
images_group_33_5246_8949.png,"Комиссии,","Коммисіи,"
images_group_33_5249_9031.png,№109,№1909
images_group_33_5249_9047.png,и доставленіи,идоставленіи
images_group_33_5251_9072.png,Дѣло ото,Дѣло это
images_group_33_5251_9074.png,производот,производст
images_group_33_5251_9076.png,Отдѣльнаго,Отдѣльнаю
images_group_33_5251_9081.png,исправляющаго,исправляющаю
images_group_33_5255_9224.png,Коммина,Коммисію
images_group_33_5255_9228.png,"ніемъ,",ніемъ
images_group_33_5255_9241.png,за №214 и,за № 214 и
images_group_33_5255_9253.png,1го,1-го
images_group_33_5258_9356.png,13,IV
images_group_33_5258_9358.png,Командиро,Командира
images_group_33_5258_9367.png,50 чель,50 челъ
images_group_33_5271_9929.png,ЗА,за
images_group_33_5190_10075.png,1,1.
images_group_33_5190_10076.png,101.,107.
images_group_33_5226_10108.png,.,О
images_group_7_12576_448.png,постоянныхъ.,постоянныхъ
images_group_7_12576_450.png,2 2/4 к.,2 2/7 к.
images_group_7_12576_451.png,"О предѣлительныхъ,","Опредѣлительныхъ,"
images_group_7_12576_456.png,непостоянно,не постояннь
images_group_7_12576_457.png,хъ.,ихъ.
images_group_7_12576_459.png,34 3/4,34 3/7
images_group_7_12576_460.png,Исопредѣлительныхъ,Неопредѣлительныхъ
images_group_7_12576_472.png,людей,людей.
images_group_7_12576_473.png,3991,3991_
images_group_7_12576_476.png,серебромъ,Серебромъ.
images_group_7_12576_477.png,.10393 р.,10393 р.
images_group_7_12576_478.png,7 3/4 к.,7 5/7к.
images_group_7_12576_486.png,41 3/7,40 3/7
images_group_7_12576_489.png,остаточны-,остаточны
images_group_7_12576_495.png,Даходъ,Доходъ
images_group_7_12576_501.png,нін,ніи
images_group_7_12582_1142.png,Лѣкарскихъ,лѣкарскихъ
images_group_7_12582_1149.png,Городе,Города
images_group_7_12582_1155.png,Городе,Города
images_group_7_12582_1159.png,и,И
images_group_7_12582_1164.png,0),с)
images_group_7_12582_1167.png,"три,","Три,"
images_group_7_12582_1171.png,прахтихурощихъ Вра-,практикующихъ Вра-
images_group_7_12582_1176.png,Лѣ-,лѣ-
images_group_7_12582_1177.png,чей,чей.
images_group_7_12582_1184.png,У,у
images_group_7_12582_1191.png,и,И
images_group_7_12582_1193.png,зато,за то
images_group_7_12582_1203.png,оспопрививаніи,оспопрививаніи.
images_group_7_12582_1229.png,же,не
images_group_7_12582_1243.png,тыхъ,твихъ
images_group_7_12582_1245.png,лѣ,иѣ
images_group_7_12582_1254.png,оспа-,оспа.
images_group_7_12582_1256.png,1844 года.,1841 года.
images_group_7_12582_1261.png,1592,"1,592."
images_group_7_12582_1271.png,1234.,1234
images_group_7_12582_1272.png,1317.,1317
images_group_7_12582_1278.png,818,818.
images_group_7_12582_1279.png,733,733.
images_group_7_12582_1281.png,532,532.
images_group_7_12582_1286.png,3131,3131.
images_group_7_12582_1291.png,Минусинску и,Минусинскѣ
images_group_7_12582_1295.png,2077.,2077
images_group_7_12582_1300.png,Туруханско,Туруханскъ
images_group_7_12582_1311.png,всей,всей-
images_group_7_12582_1313.png,"10,898","10,898."
images_group_7_12582_1314.png,6935.,"6,935."
images_group_7_12582_1316.png,234,234.
images_group_7_12582_1317.png,4197.,4197
images_group_7_12582_1325.png,За,за
images_group_7_12582_1326.png,2,2.
images_group_7_12582_1331.png,доставлено,доставлено.
images_group_7_12596_2812.png,450.,450
images_group_7_12596_2821.png,46,46.
images_group_7_12596_2833.png,"1,268","1,268."
images_group_7_12596_2834.png,душъ,душѣ.
images_group_7_12596_2837.png,скаго,нскаго
images_group_7_12596_2843.png,"1,244.","1,244"
images_group_7_12596_2848.png,дѣтей,дѣтей:
images_group_7_12596_2856.png,недостастъ,недостаетъ
images_group_7_12603_3656.png,1840,1840.
images_group_7_12603_3663.png,посѣяно,посѣян
images_group_7_12603_3665.png,И,и
images_group_7_12603_3673.png,2415,"2,415."
images_group_7_12603_3676.png,залогукъ,залогу къ
images_group_7_12603_3677.png,1841.,1841
images_group_7_12603_3689.png,246,246.
images_group_7_12603_3697.png,приплду,приплоду:
images_group_7_12603_3705.png,имѣютъ,имеютъ
images_group_7_12603_3709.png,Логиадей,Лошадей
images_group_7_12603_3715.png,"Начальник,",Начальник
images_group_7_12606_3900.png,ипостав-,и постав-
images_group_7_12606_3912.png,1665,"1,665"
images_group_7_12606_3913.png,срядъ,ерядъ
images_group_7_12606_3915.png,1289,1289.
images_group_7_12606_3920.png,Осурцовъ,Огурцовъ
images_group_7_12606_3929.png,244,244.
images_group_7_12607_3966.png,наэти,наоти
images_group_7_12607_3980.png,492,492.
images_group_7_12607_3984.png,14.,49.
images_group_7_12607_4008.png,1593,"1,593."
images_group_7_12607_4015.png,деревняхъ,деревняхъ.
images_group_7_12607_4023.png,водворено:,водворено.
images_group_7_12607_4031.png,Надворня,Надворный
images_group_7_1261_4212.png,Емель,Емель-
images_group_7_1261_4224.png,Хлѣбопаше-,Хлѣбопаше
images_group_7_1261_4240.png,Кругловъ,Кругловъ.
images_group_7_1261_4250.png,ствомъ.,ствомъ
images_group_7_1261_4273.png,У,у
images_group_7_1261_4274.png,Сикитинъ,викитинъ
images_group_7_1261_4281.png,Баранцевъ,Баранцевъ.
images_group_7_1261_4282.png,скомъ.,.скомъ.
images_group_7_1261_4334.png,Юксѣев,Юксѣев-
images_group_7_1261_4344.png,Илющенко.,Млющенко.
images_group_7_1261_4357.png,Базаровъ.,Базаровъ
images_group_7_1261_4371.png,работами,работами.
images_group_7_12620_5378.png,"Н., Опредположе-",Н.) О предположе-
images_group_7_12620_5393.png,неимѣлось:,неимѣлось
images_group_7_12620_5394.png,сооруженію.,сооруженію
images_group_7_12620_5408.png,Въ с. Копыловъ.,Въ с. Копыловъ.-
images_group_7_12625_5898.png,Отдѣленіе,Отдѣлениіе
images_group_7_12625_5901.png,Енисейской.,Енисейской
images_group_7_12625_5902.png,Ачинской,Ачинской.
images_group_7_12625_5914.png,Женскаго,Женская
images_group_7_12625_5928.png,С.,Е.
images_group_7_12625_5958.png,Кортусу:,Корпусу:
images_group_7_12625_5959.png,1),1.)
images_group_7_12625_5961.png,Штабѣ,Штабѣ:
images_group_7_12625_5968.png,и Кавалеръ,и Коваяръ
images_group_7_12627_6129.png,За,за
images_group_7_12627_6177.png,при родителяхъ.,при родителяхъ
images_group_7_12627_6233.png,расположенныхъ.,расположенныхъ:
images_group_7_12627_6241.png,7.,7.)
images_group_7_12627_6244.png,Чиновниковъ,Чиновниковъ.
images_group_7_12631_6675.png,За,за
images_group_7_12631_6677.png,- и,-й
images_group_7_12631_6682.png,Енисейской.,Енисейской
images_group_7_12631_6709.png,Моркое,Морское
images_group_7_12631_6716.png,нижнихъ,Нижнихъ
images_group_7_12631_6729.png,Итого.,Итого
images_group_7_12631_6733.png,вѣдомства.,вѣедомства.
images_group_7_12631_6749.png,сославъ,составѣ
images_group_7_12631_6750.png,палковъ,полковъ
images_group_7_12631_6767.png,1013,"1,013"
images_group_7_12635_7170.png,Женскаго,Женскаго.
images_group_7_12635_7173.png,Женскаго,Женскаго.
images_group_7_12635_7198.png,5504,"5,504"
images_group_7_12635_7207.png,13.,13
images_group_7_12635_7211.png,1896,"1,896"
images_group_7_12635_7220.png,5518,"5,518"
images_group_7_12635_7254.png,по,и
images_group_7_12635_7255.png,пелей,гелей
images_group_7_12635_7257.png,того,того.
images_group_7_12635_7259.png,1449,"1,449"
images_group_7_12635_7261.png,2278,"2,278"
images_group_7_12635_7263.png,877,877.
images_group_7_12635_7269.png,"5,753","5,753."
images_group_7_12635_7272.png,яне.,Яне.
images_group_7_12635_7273.png,1,1.
images_group_7_12635_7274.png,Крестьянъ,Крестьянъ.
images_group_7_12635_7284.png,11033,"11,033"
images_group_7_12635_7289.png,Конол,Эконол
images_group_7_12635_7291.png,1055,"1,055"
images_group_7_12635_7297.png,"1,219",1219
images_group_7_12635_7302.png,"2,821.",2821
images_group_7_12639_7752.png,за,За
images_group_7_12639_7756.png,первое,первое.
images_group_7_12639_7768.png,Женскаго,Женскаго.
images_group_7_12639_7782.png,3,3.
images_group_7_12639_7810.png,13,13.
images_group_7_12639_7813.png,5,5.
images_group_7_12639_7863.png,2171.,"2,171."
images_group_7_12639_7876.png,Приписанныхъ,Приписанныхъ.
images_group_7_12639_7884.png,1278,"1,278."
images_group_7_12639_7886.png,селеніемъ,селеніямъ
images_group_7_12639_7908.png,3647,"3,647"
images_group_7_12639_7914.png,и Кавалер-,и ковалеръ
images_group_7_1264_7924.png,№ 12-го,№12-го
images_group_7_1264_7929.png,Шимен,Шилин
images_group_7_1264_7936.png,Хлѣбопашествомъ,Хлѣбопашествомъ.
images_group_7_1264_7955.png,сѣдель-,Сѣдель-
images_group_7_1264_7959.png,зимскомъ-,зимскомъ
images_group_7_1264_7965.png,Резервныхъ,Резереныхъ
images_group_7_1264_7985.png,Потылищинъ.,Потылицинъ.
images_group_7_1264_7993.png,Мокскевъ.,Моксеевъ.
images_group_7_1264_7994.png,скомъ.,скомъ
images_group_7_1264_8002.png,Хлѣбопашествомъ,Хлѣбопашествомъ.
images_group_7_1264_8014.png,137.,137
images_group_7_1264_8020.png,27-го,27го
images_group_7_1264_8025.png,подъем,Подъем
images_group_7_12642_8403.png,за,За
images_group_7_12642_8407.png,первое,первое.
images_group_7_12642_8431.png,женскаго.,Женскаго.
images_group_7_12642_8435.png,Духовенство.,Духовенство
images_group_7_12642_8436.png,Расколь,Расколѣ
images_group_7_12642_8462.png,Прочихъ,прочихъ
images_group_7_12642_8470.png,3.,3
images_group_7_12642_8474.png,"19,331","19,531"
images_group_7_12642_8475.png,24063,"24,063"
images_group_7_12642_8479.png,23387,"23,387."
images_group_7_12642_8482.png,18762,"18,762."
images_group_7_12642_8483.png,113794,"113,794"
images_group_7_12642_8506.png,пріемлющіх,пріемлющіе
images_group_7_12642_8512.png,Iудействующую,гу действующую
images_group_7_12642_8513.png,секту,секту.
images_group_7_12642_8531.png,Ламъ,Ламъ.
images_group_7_12642_8535.png,4330,"4,330."
images_group_7_12642_8537.png,"4,002","4,602"
images_group_7_12642_8542.png,"1,129",1129
images_group_7_12642_8546.png,336,336.
images_group_7_12642_8548.png,4605,"4,605"
images_group_7_12642_8560.png,ма-,Ма-
images_group_7_12657_10613.png,остава,Остава
images_group_7_12657_10634.png,къ,кѣ
images_group_7_12657_10644.png,тож,тож.
images_group_7_12657_10655.png,1841 му,1841-му
images_group_7_12657_10676.png,бумаг,бумаг.
images_group_7_12657_10683.png,Состав,Состав.
images_group_7_12657_10685.png,Дѣлъ,дѣлъ
images_group_7_12657_10690.png,бу,бус
images_group_7_12657_10695.png,Состав,Состав.
images_group_7_12657_10699.png,бумаг.,бумаг
images_group_7_12657_10730.png,3866,3866.
images_group_7_12657_10737.png,Прилѣчаніе.,Примѣчаніе.
images_group_7_12657_10738.png,количе-,Количе-
images_group_7_12657_10741.png,Управѣ.,Управѣ...
images_group_7_12657_10750.png,дѣлѣ,дѣлъ
images_group_7_12657_10754.png,окружнаго,Окружнаго
images_group_7_12657_10755.png,Земне-,Земле-
images_group_7_12657_10765.png,4-м,114
images_group_7_12657_10779.png,Градской,Градской.
images_group_7_12657_10780.png,Думоѣ,Думѣ
images_group_7_12657_10784.png,7,7.
images_group_7_12657_10792.png,И,и
images_group_7_12657_10801.png,"2079 11,927г.","20794.10,927-"
images_group_7_12657_10808.png,9020,"9,020"
images_group_7_12657_10814.png,В),В.)
images_group_7_12657_10820.png,А.),"А.,"
images_group_7_12657_10829.png,ленію,ленію.
images_group_7_12657_10830.png,Уголовныхъ,Уголовныхъ.
images_group_7_12657_10836.png,Гу,Гу-
images_group_7_12657_10850.png,14154,"14,164"
images_group_7_12659_11104.png,остава,Остава
images_group_7_12659_11120.png,Рѣшено,Вѣшено
images_group_7_12659_11121.png,Посту-Плановъ,Посту- Плановъ
images_group_7_12659_11140.png,1840 стр,1840 бу
images_group_7_12659_11158.png,нію,ніго
images_group_7_12659_11166.png,Вход,Вход.
images_group_7_12659_11169.png,Вход:,Вход.
images_group_7_12659_11174.png,Состав,состав
images_group_7_12659_11175.png,получ.,Получ.
images_group_7_12659_11176.png,Дѣлѣ,Дѣлъ
images_group_7_12659_11180.png,Вход,Вход.
images_group_7_12659_11185.png,Состав,Состав.
images_group_7_12659_11186.png,получ,Получ.
images_group_7_12659_11191.png,бумаг,бумаг.
images_group_7_12659_11199.png,Стреп-,Стряп-
images_group_7_12659_11206.png,чаго,чаго.
images_group_7_12659_11208.png,Сида,Суда
images_group_7_12659_11213.png,осо,асо
images_group_7_12659_11214.png,И,и
images_group_7_12659_11217.png,мину,Мину-
images_group_7_12659_11222.png,5,5.
images_group_7_12659_11224.png,округѣ.,округѣ..
images_group_7_12659_11230.png,4 8,48
images_group_7_12659_11233.png,985,985-
images_group_7_12659_11243.png,А.),"А.,"
images_group_7_12659_11263.png,ленію.,ленію
images_group_7_12659_11264.png,По,120
images_group_7_12659_11273.png,1050-,1050
images_group_7_12659_11274.png,бунскаго,бернскаго
images_group_7_12659_11282.png,Окружному,-Окружному
images_group_7_12659_11289.png,8,8.
images_group_7_12659_11311.png,"3,890",3890
images_group_7_12625_11815.png,Итого.,Итого
images_group_7_12625_11816.png,Чиновниковъ,Чиновнивовъ.
images_group_7_12635_11961.png,Округахъ:,Округахъ
images_group_7_12635_11963.png,Женскаго,Женскаго.
images_group_7_12639_12003.png,Женскаго,Женскаго.
images_group_7_12659_12165.png,10191,"10,191"
images_group_7_12659_12166.png,15931,5931
images_group_31_4951_1597.png,Дв,Для
images_group_31_4951_1599.png,есто,его
images_group_31_4951_1601.png,чел,для
images_group_31_4951_1602.png,распределение,"распоряженіе,"
images_group_31_4951_1613.png,его,на
images_group_31_4951_1624.png,ную,тую
images_group_31_4951_1633.png,бо-,бо -
images_group_31_4951_1635.png,как,какъ
images_group_31_4951_1637.png,предъявлении,предъявленіи
images_group_31_4951_1648.png,имеет,ими
images_group_31_4951_1661.png,башников.,большинство.
images_group_31_4976_7760.png,31,31.
images_group_31_498_8704.png,ю,к
images_group_31_498_8716.png,(сте,(сто
images_group_31_498_8718.png,триристов),три) лист(ов)
images_group_31_498_8744.png,ки,кл
images_group_31_498_8746.png,"62 р-""-","62 р - "" -"
images_group_31_498_8790.png,вещей.,вещей
images_group_31_498_8818.png,387 р,387р
images_group_31_498_8821.png,16574-84-,16574-84
images_group_31_498_8827.png,СШАГОВАНО,ОЦИФРОВАНО
images_group_31_498_8829.png,"2987,41 1/4к","2987,41 1/4 к."
images_group_31_498_8831.png,4475-66 1/2 %,4475-66 1/2
images_group_31_498_8832.png,2/4./2,26.12
images_group_31_498_8835.png,На,(х) На
images_group_31_498_8842.png,2.1.12.22г,21.12.22 г
images_group_31_498_8844.png,.,I
images_group_31_498_8845.png,кат,кот
images_group_31_498_8855.png,Гражданскій Губернаторъ. Старии,Гражданскій Губернаторъ
images_group_31_499_12197.png,к,№
images_group_31_499_12200.png,он,оц
images_group_31_499_12212.png,к-лед8,К-1898
images_group_31_499_12217.png,22,24
images_group_31_499_12230.png,за,32
images_group_31_499_12232.png,1865г.,1865 г.
images_group_31_499_12234.png,07.06.1860,07.06.1866
images_group_31_499_12244.png,ед. хр. А.,ед. хр. №
images_group_31_499_12248.png,СВ. К-1898,св. К-1898
images_group_31_5_15256.png,докъ 12 65,Фонд №1865
images_group_31_5_15258.png,1864,1864.
images_group_31_5_15268.png,гиб,губ
images_group_31_5_15298.png,29 что,29/ III - 48
images_group_31_5_15299.png,Шаморъ,Шандр
images_group_31_5_15300.png,2958 р. км,29/III/58
images_group_31_5_15301.png,довсе,для
images_group_31_5_15303.png,вития,выписа
images_group_31_5_15304.png,Преметрона,Просмотрено
images_group_31_5_15305.png,14 1/2 12,14/XII - 72
images_group_31_5_15306.png,Киниски.,выписки.
images_group_31_5022_22430.png,55.об.,55 об.
images_group_31_5_23247.png,формъ №12.,Форма №3.
images_group_31_5_23249.png,всеподолжение,всеподробейшего
images_group_31_5_23328.png,11 ренѣ,II/II 63
images_group_8_12662_16.png,Ачинскѣ,Ачинскѣ.
images_group_8_12662_24.png,Канскѣ,Канскѣ.
images_group_8_12662_36.png,Хри-,хри-
images_group_8_12662_63.png,деревянныхъ,Деревянныхъ
images_group_8_12662_66.png,кумиренъ.,кумиренъ
images_group_8_12662_69.png,Каменныхъ.,Каменныхъ
images_group_8_12662_72.png,деревянныхъ,Деревянныхъ
images_group_8_12662_73.png,деревянныхъ,Деревянныхъ
images_group_8_12662_75.png,Мужескихъ,мужескихъ
images_group_8_12662_100.png,"1,074",1074
images_group_8_12662_104.png,Деревянныхъ,деревянныхъ
images_group_8_12662_105.png,деревянныхъ,Деревянныхъ
images_group_8_12683_3357.png,1Х.,IX.
images_group_8_12683_3394.png,сборомъ,сборомъ.
images_group_8_12683_3493.png,состоящихъ,состоящихъ.
images_group_8_12683_3531.png,94 3/7,94 2/7
images_group_8_12683_3550.png,66 2/7,66 3/7
images_group_8_12683_3558.png,Устьянской,Устьянской.
images_group_8_12683_3575.png,съ,Съ
images_group_8_12683_3595.png,41 5/7,41 1/7
images_group_8_12691_4715.png,выхо-,высо-
images_group_8_12691_4755.png,коп.,Коп.
images_group_8_12691_4794.png,2 2/7,2 2/4
images_group_8_12691_4827.png,15 5/7,15 1/7
images_group_8_12691_4832.png,пудъ,Пудъ
images_group_8_12691_4839.png,85 2/7,85 6/7
images_group_8_12691_4840.png,41 2/7,71 2/7
images_group_8_12691_4850.png,1,1.
images_group_8_12691_4853.png,57 2/7,57 1/7
images_group_8_12691_4893.png,р,1
images_group_8_12691_4905.png,50,50.
images_group_8_12691_4912.png,31 4/7,31 1/7
images_group_8_12691_4951.png,17 3/7,77 1/7
images_group_8_12691_4956.png,17 1/7,14 1/7
images_group_8_12691_4962.png,леса,мяса.
images_group_8_12691_5001.png,Стерлядины,стерлядины
images_group_8_12691_5024.png,пубъ,пудъ
images_group_8_12691_5026.png,чировой.,чировой
images_group_8_12691_5029.png,Отднятся,Отделенія
images_group_8_12691_5033.png,65.,65
images_group_8_12691_5051.png,Икрон,Икры.
images_group_8_12696_6000.png,XV.,XIV.
images_group_8_12696_6004.png,ссыльныхъ.,ссыльныхъ
images_group_8_12696_6007.png,й,и
images_group_8_127_6649.png,Андра,Андрѣ-
images_group_8_127_6654.png,Крестьянски,Крестьянски-
images_group_8_127_6657.png,Его,Его-
images_group_8_127_6658.png,Вод,Въ с.
images_group_8_127_6660.png,ровь,ровъ
images_group_8_127_6661.png,Щетниковъ,Щетниковъ.
images_group_8_127_6664.png,Гавріилъ,Гавріиевъ
images_group_8_127_6665.png,205,223.
images_group_8_127_6668.png,Сайфинъ,Сайдинъ.
images_group_8_127_6671.png,сил,ми
images_group_8_127_6673.png,Даниловъ.,Даниловъ
images_group_8_127_6675.png,въ д.,въ с.
images_group_8_127_6679.png,294,224.
images_group_8_127_6683.png,161,евъ
images_group_8_127_6684.png,Мадуровъ.,Жабуровъ
images_group_8_127_6689.png,тами:,тами.
images_group_8_127_6691.png,Шарж,Шары
images_group_8_127_6699.png,Ученовъ,Ульяновъ
images_group_8_127_6702.png,Смесарный,Смирный
images_group_8_127_6705.png,пишской,шинской
images_group_8_127_6708.png,За,Га
images_group_8_127_6710.png,Смотренымъ,Слесарнымъ
images_group_8_127_6715.png,224,226.
images_group_8_127_6719.png,Шарж,Шары
images_group_8_127_6721.png,их,евъ
images_group_8_127_6722.png,Ворнисловъ,Ворошилінъ.
images_group_8_127_6726.png,Леонтой,Леонтій
images_group_8_127_6731.png,Въ д.,Въ с.
images_group_8_127_6736.png,Ремянъ,Романъ
images_group_8_127_6738.png,Въ,въ д.
images_group_8_127_6740.png,221,221.
images_group_8_127_6741.png,Спириденъ,Спиридонъ
images_group_8_127_6745.png,вышети,имени
images_group_8_127_6747.png,бинской,синской:
images_group_8_127_6749.png,дела.,села.
images_group_8_127_6750.png,Европ,Еворовъ
images_group_8_12709_7863.png,Табель,Габель
images_group_8_12710_8037.png,Закоповъ,Законовъ
images_group_8_12710_8041.png,опре-,Опре-
images_group_8_12710_8042.png,Затре-,За пре-
images_group_8_12710_8044.png,Онаж,О нака
images_group_8_12710_8050.png,за пре-,Запре-
images_group_8_12710_8064.png,ступле,ступле-
images_group_8_12710_8076.png,затро,запро
images_group_8_12710_8078.png,ступия.,ступле-
images_group_8_12710_8079.png,замяхъ,заніяхъ
images_group_8_12710_8083.png,челий,леніи
images_group_8_12710_8089.png,уголов,уголов-
images_group_8_12710_8091.png,V11,VII
images_group_8_12710_8096.png,затре-,запре-
images_group_8_12710_8105.png,ступле,ступле-
images_group_8_12710_8106.png,дѣлъ,дѣль
images_group_8_12710_8110.png,залжи,залжи-
images_group_8_12710_8126.png,безъ опа,безъопа
images_group_8_12710_8130.png,глава,Глава
images_group_8_12710_8134.png,XI.,xI.
images_group_8_12710_8135.png,X11.,XII.
images_group_8_12710_8139.png,тельству,тельства
images_group_8_12710_8146.png,раздѣхъ,раздѣлъ
images_group_8_12710_8155.png,V1.,VI.
images_group_8_12710_8156.png,имущеску,имущест
images_group_8_12710_8158.png,спости,сности
images_group_8_12710_8160.png,дѣлъ,дѣль
images_group_8_12710_8167.png,17,VI
images_group_8_12710_8169.png,ницъ,лицъ
images_group_8_12710_8173.png,V1.,VI.
images_group_8_12710_8181.png,ступпи,ступки
images_group_8_12710_8182.png,еловал,глава
images_group_8_12710_8183.png,11.,IV.
images_group_8_12710_8184.png,дѣлъ,дѣль
images_group_8_12710_8185.png,X.,х.
images_group_8_12710_8187.png,Глава,глава
images_group_8_12710_8189.png,разъѣлъ,раздѣлъ
images_group_8_12710_8191.png,1л.,IX.
images_group_8_12710_8193.png,радѣлъ,раздѣлъ
images_group_8_12710_8194.png,раздолъ,раздѣлъ
images_group_8_12710_8195.png,х.,X.
images_group_8_12710_8199.png,VII.,V11.
images_group_8_12710_8200.png,1-й,VI.
images_group_8_12710_8201.png,за,Въ
images_group_8_12710_8207.png,За,за
images_group_8_12710_8209.png,Зана-,Зака-
images_group_8_12710_8210.png,За за,За за-
images_group_8_12710_8211.png,Затри,За при-
images_group_8_12710_8212.png,За не,За не-
images_group_8_12710_8213.png,За,за
images_group_8_12710_8218.png,Заво-,За во-
images_group_8_12710_8220.png,На,на
images_group_8_12710_8222.png,и же,лже
images_group_8_12710_8224.png,Зломъ,зломъ
images_group_8_12710_8227.png,стато-,стано-
images_group_8_12710_8233.png,бѣгъ.,бѣгъ
images_group_8_12710_8238.png,то-,тю-
images_group_8_12710_8240.png,"тель,",тель
images_group_8_12710_8246.png,тоубей,тоубій-
images_group_8_12710_8252.png,во,во.
images_group_8_12710_8260.png,бежъ,божъ
images_group_8_12710_8263.png,поврет,повреж
images_group_8_12710_8264.png,вы-,въ с-
images_group_8_12710_8269.png,убейст,убійст
images_group_8_12710_8272.png,шенни-,шенни
images_group_8_12710_8274.png,ту,ту.
images_group_8_12710_8275.png,Женска,женск
images_group_8_12710_8277.png,деніи,денія
images_group_8_12710_8281.png,гла,вла
images_group_8_12710_8285.png,111.,III.
images_group_8_12710_8286.png,влава,глава
images_group_8_12710_8287.png,"IV """,IV и
images_group_8_12710_8293.png,1-III.,VIII.
images_group_8_12710_8296.png,пости,кости
images_group_8_12710_8302.png,Отдѣй.,Отдѣл.
images_group_8_12710_8303.png,таспор-,паспор-
images_group_8_12710_8311.png,бѣ,бѣ.
images_group_8_12710_8313.png,111.,III.
images_group_8_12710_8314.png,окон,жен
images_group_8_12710_8315.png,как-,Муж
images_group_8_12710_8316.png,уст.,жен.
images_group_8_12710_8317.png,веду-,Муж
images_group_8_12710_8318.png,сказ,жен
images_group_8_12710_8319.png,Испра,Муж.
images_group_8_12710_8320.png,Слава,глава
images_group_8_12710_8321.png,1-11,VII.
images_group_8_12710_8324.png,Марке,Муж.
images_group_8_12710_8325.png,Жен,Жен.
images_group_8_12710_8326.png,Мужеска,Муж.
images_group_8_12710_8327.png,Жен,Жен.
images_group_8_12710_8328.png,веж,Муж.
images_group_8_12710_8329.png,жен.,Жен.
images_group_8_12710_8330.png,муж.,Муж.
images_group_8_12710_8331.png,окан.,Жен.
images_group_8_12710_8332.png,вуж,Муж.
images_group_8_12710_8334.png,Мужеска,Муж
images_group_8_12710_8336.png,неж.,Муж.
images_group_8_12710_8337.png,осен.,Жен.
images_group_8_12710_8341.png,Муж,Муж.
images_group_8_12710_8342.png,Жено,Жен
images_group_8_12710_8343.png,Ниж,Муж.
images_group_8_12710_8345.png,Чарке,Муж.
images_group_8_12710_8346.png,ост.п.,Жен.
images_group_8_12710_8347.png,Чуж,Муж
images_group_8_12710_8348.png,жен.,Жен
images_group_8_12710_8349.png,через,Муж
images_group_8_12710_8350.png,оказать,Жен
images_group_8_12710_8351.png,часть,Муж.
images_group_8_12710_8352.png,Жан,Жен.
images_group_8_12710_8353.png,сущ,Муж
images_group_8_12710_8354.png,Ва,Жен
images_group_8_12710_8355.png,муж,Муж.
images_group_8_12710_8357.png,муж,Муж
images_group_8_12710_8358.png,жен.,Жен.
images_group_8_12710_8359.png,Суж,Муж.
images_group_8_12710_8360.png,Коп.,Жен.
images_group_8_12710_8361.png,Марк,Муж.
images_group_8_12710_8362.png,жен,Жен
images_group_8_12710_8363.png,муж.,Муж.
images_group_8_12710_8364.png,Украин-,Жен.
images_group_8_12710_8365.png,вид,Муж.
images_group_8_12710_8373.png,полка,полка.
images_group_8_12710_8375.png,Отставныя.,Отставныя
images_group_8_12710_8377.png,Козикъ,Козакъ
images_group_8_12710_8381.png,на,на.
images_group_8_12710_8386.png,званія,званія.
images_group_8_12710_8390.png,Мѣщаны,Мѣщанъ
images_group_8_12710_8401.png,6,6.
images_group_8_12710_8410.png,3,3.
images_group_8_12710_8413.png,2,2.
images_group_8_12710_8424.png,26,26.
images_group_8_12710_8434.png,3,3.
images_group_8_12710_8436.png,того.,того..
images_group_8_12710_8437.png,Примѣчаніе,Примѣчаніе.
images_group_8_12710_8466.png,мужески,мужеска
images_group_8_12710_8481.png,Женска,женска
images_group_8_12710_8482.png,1,1.
images_group_8_12710_8483.png,19,19.
images_group_8_12710_8493.png,27.,"27.,"
images_group_8_12710_8500.png,35 28,35-28
images_group_8_12710_8519.png,"3.,",3.;
images_group_8_12710_8538.png,"2.,",2.;
images_group_8_12710_8543.png,40,40.
images_group_8_12710_8550.png,1,1.
images_group_8_12710_8563.png,25,25_
images_group_8_12710_8582.png,"лѣтъ,","лѣтъ,-"
images_group_8_12710_8583.png,"2.,",2.;
images_group_8_12710_8584.png,Ба,За
images_group_8_12710_8591.png,за пристанодержательство-,Запристанодержательство
images_group_8_12713_8784.png,О пре-,Опре-
images_group_8_12713_8789.png,наказа,наказа-
images_group_8_12713_8797.png,нозъ,новъ
images_group_8_12713_8802.png,заніхъ,заніяхъ
images_group_8_12713_8806.png,дѣйди,дѣла
images_group_8_12713_8808.png,дѣлъ,дѣль
images_group_8_12713_8812.png,уголов,уголов-
images_group_8_12713_8820.png,устав,уста-
images_group_8_12713_8826.png,уголовъ,уголов
images_group_8_12713_8827.png,17.,VI.
images_group_8_12713_8842.png,оповин-,о повин-
images_group_8_12713_8846.png,и протовъ,и противъ
images_group_8_12713_8847.png,семейст,семейст-
images_group_8_12713_8850.png,но тххъ,ностяхъ
images_group_8_12713_8852.png,отупле-,ступле-
images_group_8_12713_8854.png,бегъ,безъ
images_group_8_12713_8859.png,Главы,главы
images_group_8_12713_8861.png,Главал,Глава
images_group_8_12713_8866.png,велжато,веннаго
images_group_8_12713_8868.png,плотскимъ,плотскихъ
images_group_8_12713_8876.png,раздѣль,раздѣлъ
images_group_8_12713_8877.png,11.,II.
images_group_8_12713_8879.png,ществом,ществен
images_group_8_12713_8880.png,состояній,состоянія
images_group_8_12713_8887.png,11 и,II и
images_group_8_12713_8891.png,тельство,тельства
images_group_8_12713_8893.png,страс-,отрас-
images_group_8_12713_8897.png,сподучи,сности
images_group_8_12713_8901.png,раздѣлъ,разделъ
images_group_8_12713_8909.png,11.,II.
images_group_8_12713_8911.png,сточнія,стоянія
images_group_8_12713_8917.png,X.,х.
images_group_8_12713_8918.png,VI.,V1.
images_group_8_12713_8919.png,11.,II.
images_group_8_12713_8924.png,17,VI.
images_group_8_12713_8935.png,по,По
images_group_8_12713_8942.png,за буй-,За буй-
images_group_8_12713_8946.png,заворов-,заводов-
images_group_8_12713_8951.png,стал,ста
images_group_8_12713_8952.png,стые,стле
images_group_8_12713_8954.png,я же-,лже-
images_group_8_12713_8957.png,ных,ныя
images_group_8_12713_8963.png,нуга,нуго
images_group_8_12713_8966.png,фами,-фами-
images_group_8_12713_8977.png,итѣло,и тѣло
images_group_8_12713_8980.png,слова,глава
images_group_8_12713_8982.png,11 .,II и
images_group_8_12713_8985.png,1X.,IX.
images_group_8_12713_8987.png,на,ка
images_group_8_12713_8991.png,блужда,блужде
images_group_8_12713_8994.png,фань,фаль
images_group_8_12713_8997.png,щеніе,щенія
images_group_8_12713_9002.png,побѣгъ,побѣгъ.
images_group_8_12713_9013.png,ассияна-,ассигна-
images_group_8_12713_9016.png,акуровъ,актовъ
images_group_8_12713_9020.png,леніе.,"леніе,"
images_group_8_12713_9021.png,удушъ,удуше-
images_group_8_12713_9040.png,Главая,Глава
images_group_8_12713_9041.png,ми.,ліи.
images_group_8_12713_9045.png,11.,II.
images_group_8_12713_9046.png,тей,тей.
images_group_8_12713_9047.png,свальши,фальши-
images_group_8_12713_9050.png,111.,III.
images_group_8_12713_9052.png,ловѣка,ловѣка.
images_group_8_12713_9054.png,Глава,глава
images_group_8_12713_9056.png,от,бѣг-
images_group_8_12713_9059.png,171.,V11.
images_group_8_12713_9060.png,за,ва
images_group_8_12713_9061.png,ныхъ,лыхъ
images_group_8_12713_9062.png,сла,вла
images_group_8_12713_9066.png,111.,III.
images_group_8_12713_9068.png,бе-,би-
images_group_8_12713_9070.png,111.,III.
images_group_8_12713_9071.png,111.,III.
images_group_8_12713_9072.png,111.,III.
images_group_8_12713_9073.png,глава,Глава
images_group_8_12713_9076.png,летовъ,летовъ.
images_group_8_12713_9077.png,отдѣл.,Отдѣл.
images_group_8_12713_9078.png,1711.,VIII.
images_group_8_12713_9079.png,Мужеск.,Муж.
images_group_8_12713_9080.png,Женск.,жен.
images_group_8_12713_9082.png,Женск.,жен.
images_group_8_12713_9083.png,Мужеск.,Муж.
images_group_8_12713_9084.png,Женск.,жен.
images_group_8_12713_9085.png,Мужеск.,Муж.
images_group_8_12713_9086.png,Женск.,Жен.
images_group_8_12713_9087.png,Женск.,Муж.
images_group_8_12713_9088.png,Женск.,Жен.
images_group_8_12713_9089.png,Ж.,Муж
images_group_8_12713_9090.png,Женск.,Жен.
images_group_8_12713_9092.png,Женск.,Жен.
images_group_8_12713_9093.png,Женск.,Муж.
images_group_8_12713_9094.png,Женск.,Жен.
images_group_8_12713_9095.png,Женск.,Муж.
images_group_8_12713_9096.png,Женск.,Жен.
images_group_8_12713_9097.png,Женск.,Муж.
images_group_8_12713_9098.png,Женск.,Жен.
images_group_8_12713_9099.png,Журс.,Муж.
images_group_8_12713_9100.png,Женск.,Жен.
images_group_8_12713_9101.png,Ж.,Муж.
images_group_8_12713_9102.png,Женск.,Жен.
images_group_8_12713_9103.png,Мужеск.,Муж.
images_group_8_12713_9104.png,Мужеск.,Муж.
images_group_8_12713_9105.png,бубе,Жен.
images_group_8_12713_9107.png,Женск.,Жен.
images_group_8_12713_9108.png,Жу.,Муж.
images_group_8_12713_9109.png,Женск.,Жен.
images_group_8_12713_9111.png,Женск.,Жен.
images_group_8_12713_9113.png,Женск.,Жен.
images_group_8_12713_9114.png,Муж.,Муж
images_group_8_12713_9115.png,Женск.,Жен.
images_group_8_12713_9116.png,Женск.,Муж.
images_group_8_12713_9117.png,Женск.,Жен.
images_group_8_12713_9119.png,Женска,Жен.
images_group_8_12713_9120.png,Женск.,Муж.
images_group_8_12713_9121.png,Женск.,Жен.
images_group_8_12713_9123.png,Женск.,Жен.
images_group_8_12713_9130.png,1,1.
images_group_8_12713_9136.png,2,2.
images_group_8_12713_9160.png,12,12.
images_group_8_12713_9164.png,Игъ,Изъ
images_group_8_12713_9190.png,тиж-,тяж-
images_group_8_12713_9200.png,1.,1. -
images_group_8_12713_9206.png,1,1.
images_group_8_12713_9207.png,37.,37
images_group_8_12713_9214.png,фаньшивыхъ,фальшивыхъ
images_group_8_12713_9219.png,1.,- 1.
images_group_8_12713_9237.png,1.,_ 1.
images_group_8_12713_9239.png,60-,60 -
images_group_8_12713_9240.png,2.,2
images_group_8_12713_9247.png,30-,30_
images_group_8_12713_9273.png,лѣтъ -,лѣтъ-
images_group_8_12713_9274.png,2,2.
images_group_8_12713_9275.png,каторжныя,каторжных
images_group_8_12713_9280.png,27,27-
images_group_8_12713_9287.png,и 1,и 1.
images_group_8_12713_9293.png,1.,1
images_group_8_12713_9304.png,3,3.
images_group_8_12713_9336.png,9,9.
images_group_8_12713_9346.png,1,1.
images_group_8_12713_9355.png,25.-,25 _
images_group_8_12713_9359.png,3,3.
images_group_8_12713_9364.png,"3.,",3.;
images_group_8_12713_9384.png,25,25 _
images_group_8_12713_9386.png,1,1.
images_group_8_12713_9394.png,35-,35 _
images_group_8_12713_9395.png,2,2.
images_group_8_12713_9396.png,1,1.
images_group_8_12713_9402.png,"причишенія,","причисленія,"
images_group_8_12713_9422.png,каторжных,каторжныя
images_group_8_12720_10359.png,Правленіе,"Правленіе,"
images_group_8_12720_10390.png,служителей.-,служителей.
images_group_8_12720_10391.png,Впречемъ,Впрочемъ
images_group_8_12720_10392.png,дѣла въ,дѣла съ
images_group_8_12720_10395.png,управ-,Управ-
images_group_8_12720_10420.png,мебленность,медленность
images_group_8_12720_10424.png,стей,стеій
images_group_8_12720_10426.png,уголовнымъ,Уголовнымъ
images_group_8_12720_10435.png,Ачин-,Ачин.-
images_group_8_12720_10440.png,оторащенію,отвращенію
images_group_8_12728_11255.png,заведеній,заседеній
images_group_8_12728_11259.png,-т.,т.
images_group_8_12728_11268.png,высшаго,Высшаго
images_group_8_12728_11274.png,непослѣдовало.,непослѣдовало
images_group_8_12728_11284.png,А.,"4,"
images_group_8_12728_11297.png,ассигн.,ассигн:
images_group_8_12728_11300.png,3/7,3/4
images_group_8_12728_11302.png,сереб.),сереб:/
images_group_8_12728_11323.png,предшествова-о,предшествовав-
images_group_8_12728_11336.png,службъ.,служебъ.-
images_group_8_12728_11353.png,косиплек-,комплек-
images_group_8_12728_11358.png,распоряженіе.,распоряженіе
images_group_8_12728_11371.png,количестоѣ,количествѣ
images_group_8_12729_11382.png,числилось:,числилось.
images_group_8_12729_11384.png,Женск.пол.,женск. пол.
images_group_8_12729_11390.png,случѣ-,слугъ-
images_group_8_12729_11396.png,5943,5.943
images_group_8_12729_11397.png,3784,3.784.
images_group_8_12729_11398.png,между,Между
images_group_8_12729_11402.png,3481.,3.481.
images_group_8_12729_11408.png,8714,8.714
images_group_8_12729_11420.png,3545.,3.545.
images_group_8_12729_11424.png,Асачные,Ясачные
images_group_8_12731_11737.png,103,163
images_group_8_12731_11739.png,Департаментъ,Департаментъ:
images_group_8_12731_11742.png,Высочайшее,Высочайше
images_group_8_12731_11746.png,городовъ,городовъ.
images_group_8_12731_11751.png,онеразрѣшенномъ,о неразрѣшенномъ
images_group_8_12731_11761.png,вакансяхъ,вакансіяхъ
images_group_8_12731_11767.png,0,О
images_group_8_12731_11777.png,неваключающіе,незаключающія
images_group_8_12731_11781.png,лиоо,либо
images_group_8_12731_11787.png,Александ,Александръ
images_group_8_12731_11789.png,Метръ,Петръ
images_group_8_12731_11791.png,Декабря,Александръ
images_group_8_12731_11795.png,Константный,Константинъ
images_group_8_12731_11799.png,Василей,Василій
images_group_8_12731_11801.png,Алексендъ,Александръ
images_group_8_12731_11802.png,Дмитріевъ,Дмитревъ
images_group_8_12731_11805.png,Великницъ,вославникъ
images_group_8_12731_11808.png,Оронтъ,Федотъ
images_group_8_12731_11809.png,Шклариъ,Шкларевъ
images_group_8_12731_11812.png,Каректаровъ,Директоръ К.
images_group_8_12733_11833.png,Г. Министеру,Г. Министру
images_group_8_12733_11843.png,"Съеву,","всему,"
images_group_8_12733_11846.png,дить,Дить
images_group_8_12733_11849.png,ветой,вѣт
images_group_8_12733_11852.png,годова,годового
images_group_8_12733_11855.png,Столън,Столъ 1.
images_group_8_12733_11856.png,2,2.
images_group_8_12733_11859.png,ского,скаго
images_group_8_12733_11860.png,Гражд.,Графд.
images_group_8_12733_11865.png,за Вол,за 1840 г.
images_group_8_12733_11868.png,въ обра.,въ обра-
images_group_8_12733_11869.png,Вз,№
images_group_8_12733_11870.png,3743,5743.
images_group_8_12733_11873.png,монстве. -,монеты.-
images_group_8_12733_11875.png,Внутреннимъ,Внутреннихъ
images_group_8_12733_11877.png,Директоръ К,Директоръ К.
images_group_8_12733_11878.png,Времъ Поль,Фонъ Поль
images_group_8_12733_11879.png,выри,вѣрно
images_group_8_12733_11882.png,Минисевский,МИНИСТЕРСТВО
images_group_8_12739_12206.png,Енисейскою,Енисейского
images_group_8_12739_12207.png,Губерніею,Губерніего
images_group_8_12739_12211.png,№3,В
images_group_8_12739_12219.png,детиг,давно
images_group_8_12739_12220.png,несо,не
images_group_8_12739_12225.png,стветъ.,ствуетъ
images_group_8_12739_12227.png,зданій.,зданій.ё
images_group_8_12739_12234.png,промышленности,промышленности.
images_group_8_12739_12236.png,о,О
images_group_8_12739_12242.png,значущих,значущих-
images_group_8_12739_12248.png,мыванія,лыванія
images_group_8_12739_12249.png,посѣва,"посѣва,"
images_group_8_12739_12262.png,къ-,къ
images_group_8_12739_12264.png,Хлѣба.,хлѣба.
images_group_8_12739_12269.png,10,не
images_group_8_12739_12272.png,"О предпріятіяхъ,",О предпріятіяхъ
images_group_8_12739_12275.png,"продпріятій,","предпріятій,"
images_group_8_12739_12281.png,ус-,до-
images_group_8_12739_12284.png,содшеніи,осушеніи
images_group_8_12739_12285.png,Голо-,боло-
images_group_8_12739_12287.png,мѣстъ.,мѣстъ
images_group_8_12739_12290.png,небыло.,не было.
images_group_8_12739_12315.png,Крапъ,"Крапъ,"
images_group_8_12739_12339.png,тобаку,Тобаку
images_group_8_12739_12352.png,не большомъ,небольшомъ
images_group_8_12739_12368.png,"обывателей,",обывателей;
images_group_8_12739_12369.png,Начальник,Начальниц
images_group_8_12662_13704.png,городовъ.,городовъ
images_group_8_12662_13717.png,Лютеранский,Лютеранскихъ
images_group_8_12662_13721.png,1.,1
images_group_8_12683_14471.png,Вѣдомость,Вѣдомость.
images_group_8_12683_14475.png,Всего,В сего.
images_group_8_12683_14476.png,Итого,И того.
images_group_8_12683_14488.png,Итого,И того.
images_group_8_12683_14508.png,80,Съ
images_group_8_12683_14509.png,и,Съ
images_group_8_12683_14512.png,кажд,кажд.
images_group_8_12683_14517.png,Анцарской,Анцырской
images_group_8_12683_14520.png,1/7,4/7
images_group_8_12683_14531.png,28 1/7,28 4/7
images_group_8_12683_14533.png,61 2/7,61 3/7
images_group_8_12683_14536.png,1200,1000
images_group_8_12683_14541.png,28 4/7,52 2/7
images_group_8_12683_14542.png,903,905
images_group_8_12683_14552.png,38 4/7,38 1/7
images_group_8_12683_14591.png,31 3/7,31 5/7
images_group_8_12683_14592.png,86 6/7,86 5/7
images_group_8_12683_14604.png,35 5/7,35 3/7
images_group_8_12691_14977.png,потребности,потребности.
images_group_8_12691_14978.png,Губерніи,Губерніи.
images_group_8_12691_14986.png,1,1.
images_group_8_12691_15007.png,71 2/7,71 3/7
images_group_8_12691_15010.png,четверть,четверть.
images_group_8_12691_15020.png,1.,1
images_group_8_12691_15041.png,44 2/7,14 2/7
images_group_8_12691_15044.png,6,6.
images_group_8_127_15589.png,Крестьянским,крестьянскими
images_group_8_127_15591.png,223,228
images_group_8_127_15592.png,Серь,Серб.
images_group_8_127_15593.png,Макси,Жакеи
images_group_8_127_15596.png,20.,218.
images_group_8_127_15603.png,Въ д.,Въ с.
images_group_8_12710_15717.png,VI,VI.
images_group_8_12710_15721.png,3,з.
images_group_8_12710_15724.png,е,с
images_group_8_12710_15727.png,повып-,повин-
images_group_8_12710_15728.png,сніе,ніе
images_group_8_12710_15729.png,чиновно,чиновни
images_group_8_12710_15734.png,тего,того
images_group_8_12710_15735.png,леніе,"леніе,"
images_group_8_12710_15743.png,1.,1
images_group_8_12710_15747.png,4,4.
images_group_8_12710_15759.png,1,1.
images_group_8_12710_15767.png,1.,1
images_group_8_12710_15787.png,2,2.
images_group_8_12710_15789.png,0,о
images_group_8_12710_15791.png,сточнія,стоянія
images_group_8_12710_15792.png,ни,на
images_group_8_12710_15793.png,иму,иму-
images_group_8_12710_15798.png,Глава,глава
images_group_8_12710_15799.png,За,за
images_group_8_12710_15804.png,11.,II.
images_group_8_12710_15817.png,обазап-,обязан-
images_group_8_12710_15833.png,че,и.
images_group_8_12710_15834.png,въ,во
images_group_8_12710_15837.png,шенія,шеніе
images_group_8_12710_15839.png,жо-,мо-
images_group_8_12710_15841.png,на,ра-
images_group_8_12710_15843.png,фами,фаль-
images_group_8_12710_15851.png,Ва,за
images_group_8_12713_15861.png,эт,н
images_group_8_12713_15862.png,того о.,того.
images_group_8_12713_15863.png,слапо,слать
images_group_8_12713_15869.png,рѣз-,раз-
images_group_8_12713_15872.png,х1-,XI-
images_group_8_12713_15880.png,удовлет,удовлет-
images_group_8_12713_15884.png,запре,запре-
images_group_8_12713_15887.png,равство,ровство
images_group_8_12713_15889.png,За,за
images_group_8_12713_15893.png,За,за
images_group_8_12713_15898.png,За,за
images_group_8_12713_15902.png,80,во
images_group_8_12713_15907.png,За,за
images_group_8_12713_15908.png,смер,смер-
images_group_8_12713_15909.png,За,за
images_group_8_12713_15911.png,очасти,Жен.
images_group_8_12713_15912.png,чу.,Муж.
images_group_8_12713_15913.png,жен,Жен.
images_group_8_12713_15914.png,1,I
images_group_8_12713_15942.png,46,46.
images_group_8_12713_15956.png,1.-,1. _
images_group_8_12713_15959.png,6,6.
images_group_8_12713_15962.png,4,4.
images_group_8_12713_15966.png,4,4.
images_group_8_12713_15980.png,прожива,противо
images_group_8_12713_15981.png,нажей,леніи
images_group_8_12713_15986.png,при,при-
images_group_8_12731_16063.png,о,О
images_group_8_12731_16066.png,О,О.
images_group_8_12739_16100.png,неразводятъ,не разводятъ
images_group_8_12739_16101.png,Хреу-,жераз-
images_group_8_12739_16102.png,8.,2.
images_group_8_12739_16105.png,Хозяйственныхъ,хозяйственныхъ
images_group_8_12683_16173.png,45 3/7,45 5/7
images_group_35_5371_424.png,въ,Въ
images_group_35_5371_435.png,несостоитъ,несостоитъ.
images_group_35_5371_442.png,нѣть,нѣтъ
images_group_35_5375_706.png,бинкѣ,банкѣ
images_group_35_5375_707.png,Т. т. ев. зак,ХIII т. св. зак
images_group_35_5375_725.png,4 Октября,4 октября
images_group_35_5375_740.png,XIII,ХIII
images_group_35_5375_756.png,поео,пред
images_group_35_5375_761.png,ренныхъ,реннихъ
images_group_35_5375_766.png,губернитору,Губернитору
images_group_35_5375_768.png,Оиби,Сиби
images_group_35_5375_774.png,за,да
images_group_35_5375_784.png,81 2/7,81 3/4
images_group_35_5375_789.png,вероя,Егоровъ
images_group_35_5375_790.png,Стафортивание,Старовикова
images_group_35_5375_791.png,Анитеръ а,Александръ
images_group_35_5376_794.png,копія,Копія №9
images_group_35_5376_835.png,Бомницъ,Больницъ
images_group_35_5376_846.png,уѣздныхъ,Уѣдныхъ
images_group_35_5376_847.png,городахъ,городахъ:
images_group_35_5376_853.png,Богадѣльна,Богадельня
images_group_35_5376_858.png,1894,1894.
images_group_35_5376_859.png,Сомѣ умалишенныхъ,Домъумалишенныхъ.
images_group_35_5376_861.png,Смиршилестаго,Смирительнаго
images_group_35_5376_862.png,рабочахъ,рабочаго
images_group_35_5376_864.png,Приказа,приказа
images_group_35_5385_1742.png,1,1.
images_group_35_5385_1748.png,дсего,Всего
images_group_35_5385_1750.png,Въ,въ
images_group_35_5385_1754.png,Православных,Православныхъ
images_group_35_5385_1756.png,8,8.
images_group_35_5385_1757.png,Монистырей,Монастырей
images_group_35_5385_1759.png,часовня,Часовня
images_group_35_5385_1761.png,1,1.
images_group_35_5385_1781.png,острогъ,Острогѣ
images_group_35_5385_1783.png,1.,1
images_group_35_5385_1785.png,дворъ каменной,дворъкаменный
images_group_35_5385_1786.png,учи,Учи
images_group_35_5385_1789.png,питейныхъ,Питейныхъ
images_group_35_5385_1793.png,Заводов,Заводовъ
images_group_35_5385_1796.png,деревен-,деревнян.
images_group_35_540_3188.png,11 об,41 об
images_group_35_540_3196.png,губерніи.,губерніи
images_group_35_540_3211.png,ркия,rhus
images_group_35_540_3212.png,соптадіозия,contagіosus
images_group_35_540_3213.png,"воит:/,",boum :/
images_group_35_540_3220.png,язва !,язва/;
images_group_35_540_3222.png,Киз,hus
images_group_35_540_3223.png,сачвип-,carbun
images_group_35_540_3226.png,си Лозизъ.,culosus :/
images_group_35_540_3229.png,: Рачіо,:Varіo
images_group_35_540_3230.png,ва,la
images_group_35_540_3233.png,Крача,Врача-
images_group_35_540_3234.png,окіопа %;,ovіona.);
images_group_35_540_3236.png,лошадяхъ-,лошадяхъ -
images_group_35_540_3237.png,Сибир-,Сибир
images_group_35_540_3241.png,заботли.,Заботли.
images_group_35_540_3246.png,овцахъ,овцахъ.
images_group_35_540_3247.png,На,На-
images_group_35_540_3255.png,"Фадіова; .,","Varіola :/,"
images_group_35_540_3286.png,предшествовавшихъ,предмествовавшихъ
images_group_35_540_3311.png,па-,па
images_group_35_540_3342.png,д.),"д.,"
images_group_35_540_3343.png,Падежи:,Падежи.
images_group_35_540_3362.png,"литуки,","штуки,"
images_group_35_540_3368.png,Севретарь,Секретарь
images_group_35_5403_3648.png,15170 р,15170р
images_group_35_5403_3649.png,Больши,Больным
images_group_35_5403_3652.png,чистін,частію
images_group_35_5403_3653.png,Салотопенныхъ,Салотопенных
images_group_35_5403_3656.png,1499,1499.
images_group_35_5403_3661.png,кирпичныхъ,кирпичныхъ.
images_group_35_5403_3663.png,гончарныхъ,Гончарныхъ
images_group_35_5403_3665.png,экипажныхъ,Экипажныхъ
images_group_35_5403_3667.png,Г. Красноярск,г. Красноярскъ
images_group_35_5403_3675.png,Енисе,Енисей
images_group_35_5403_3676.png,тельный.,тельный.-
images_group_35_5403_3677.png,"2650,",2650 р
images_group_35_5403_3678.png,скуются,скую и Ты
images_group_35_5403_3680.png,Фаянсовая,фаянсовая
images_group_35_5403_3686.png,Терентъ,Теренть
images_group_35_5403_3687.png,свои,евой
images_group_35_5403_3689.png,Эску,деку
images_group_35_5403_3690.png,внутръ,внутр
images_group_35_5403_3691.png,ловкѣ,лоскѣ
images_group_35_5403_3697.png,Енисейскѣ,Енисейскѣ.
images_group_35_5403_3703.png,скѣлвъ,скѣ и въ
images_group_35_5403_3705.png,"4490,",4490 р
images_group_35_5403_3706.png,округѣ,округа
images_group_35_5403_3708.png,681 р,681р
images_group_35_5403_3717.png,округѣ,Округѣ
images_group_35_5403_3721.png,Ужурской,Ужурской-
images_group_35_5423_5501.png,комъ,гомъ
images_group_35_5423_5502.png,производитесъ,производится
images_group_35_5423_5505.png,денегъчар,денегъ час
images_group_35_5423_5528.png,деньгамичаст,деньгамичас
images_group_35_5423_5535.png,слау,суду
images_group_35_5423_5539.png,жиновныхъ,виновныхъ
images_group_35_5423_5540.png,неоткрыт,неоткрыто
images_group_35_5423_5561.png,2.,"2.,"
images_group_35_5423_5564.png,Злоутотребленія,Злоупотребленія
images_group_35_5423_5568.png,винов-,винов
images_group_35_5423_5574.png,вузаконныя,вузаконных
images_group_35_5423_5584.png,составу,состоитъ
images_group_35_5436_6448.png,132.,192.
images_group_35_5436_6450.png,Гостину,Господину
images_group_35_5436_6452.png,дѣламъ,дѣлами
images_group_35_5436_6462.png,препроводито,препроводить
images_group_35_5436_6469.png,Апдѣль,Апрѣля
images_group_35_5436_6470.png,186 г.,1861 г.
images_group_35_5436_6483.png,IV.,№
images_group_35_5436_6485.png,носто,ность
images_group_35_5436_6504.png,Данты,даннъевъ
images_group_35_5438_6605.png,В.,Въ
images_group_35_5438_6606.png,семъ,семь
images_group_35_5438_6609.png,помированныхъ,померованныхъ
images_group_35_5438_6613.png,лоста,листа.
images_group_35_5438_6621.png,проном рованных-,пронумерованных
images_group_35_5438_6622.png,143,193
images_group_35_5438_6624.png,ои,си
images_group_35_5438_6629.png,шу,что
images_group_35_5438_6631.png,"гия,",имя
images_group_35_5438_6632.png,20/38,"20/ I 58,"
images_group_35_5438_6633.png,Вп,Зуг
images_group_35_544_6731.png,25 об,45 об
images_group_35_544_6737.png,75,45
images_group_35_544_6748.png,муж.,Муж.
images_group_35_544_6755.png,ВХ.),"(х) 3.,"
images_group_35_544_6768.png,ца,ща
images_group_35_544_6793.png,губерн-,губерн
images_group_35_544_6800.png,лица,лища
images_group_35_544_6802.png,6.),"6.,"
images_group_35_544_6804.png,Мужской,мужской
images_group_35_544_6807.png,Гимна-,Гимна
images_group_35_544_6817.png,лица,лища
images_group_35_544_6820.png,въ,Въ
images_group_35_544_6824.png,женской,Женской
images_group_35_544_6831.png,пожертво,пожертво-
images_group_35_544_6834.png,"8.,",8.)
images_group_35_544_6844.png,или,иля
images_group_35_544_6850.png,Бого,Бого-
images_group_35_544_6858.png,9.),"9.,"
images_group_35_544_6872.png,лицъ,лищъ
images_group_35_544_6879.png,107 р.,107р.
images_group_35_544_6880.png,"10 1/2 к.) 10.,","10 1/2 к. 10.,"
images_group_35_544_6894.png,пожертвованій,пожертвованія
images_group_35_548_7392.png,48 об,49 об
images_group_35_548_7407.png,Крини,Крини-
images_group_35_548_7410.png,Ребиковой..,Ребиковой.-
images_group_35_548_7420.png,Частный,частный
images_group_35_548_7424.png,пансіонъ.,"пансіонъ,"
images_group_35_548_7439.png,"земли,","Земли,"
images_group_35_548_7467.png,30,30/т.
images_group_35_548_7469.png,литета,митета
images_group_35_548_7493.png,а,о
images_group_35_548_7497.png,исходатайствованіи,исходатайствованій
images_group_35_548_7531.png,опредѣлен-,опредѣлен
images_group_35_548_7542.png,ми.,ми
images_group_35_548_7545.png,Сим-,Гим
images_group_35_552_8041.png,53.,53
images_group_35_552_8045.png,коман,коман-
images_group_35_552_8055.png,повинность:,повинность.
images_group_35_552_8057.png,повин.,повин-
images_group_35_552_8065.png,губерніи-,губерніи
images_group_35_552_8070.png,устрой,устрой-
images_group_35_552_8087.png,г.г.,г. г.
images_group_35_552_8131.png,исполненіе.,"исполненіе,"
images_group_35_552_8156.png,рѣ,рѣ-
images_group_35_552_8157.png,"стояніи,",стояніи.
images_group_35_552_8159.png,дѣлъ,Дѣлъ
images_group_35_556_8662.png,39т.,30/т.
images_group_35_556_8663.png,Помощникахъ,Помощника. (х)
images_group_35_556_8685.png,отдѣлені,отдѣлені-
images_group_35_556_8703.png,29 п.,20/т.
images_group_35_556_8734.png,№ 1398.-,№ 1398.
images_group_35_558_8875.png,Капиталѣр,Капиталѣ
images_group_35_558_8890.png,работамъ-,работамъ
images_group_35_558_8893.png,недоимки-,недоимки
images_group_35_558_8901.png,54 3/7 к.-,54 3/4 к.-
images_group_35_558_8912.png,немог,не мог-
images_group_35_558_8940.png,та,та-
images_group_35_558_8972.png,числящахся,числящаяся
images_group_35_558_8984.png,вре,вре-
images_group_35_558_9006.png,Мѣст-,мѣст
images_group_35_5371_9300.png,а,с
images_group_35_5376_9383.png,1.,1
images_group_35_5376_9385.png,1.,1
images_group_35_5376_9387.png,396,396.
images_group_35_5376_9388.png,310.,300.
images_group_35_5376_9397.png,1642,4642
images_group_35_5376_9398.png,2908,2968.
images_group_35_5376_9399.png,3593,5693
images_group_35_5376_9403.png,Г.,4.
images_group_35_5376_9405.png,4325,4326
images_group_35_5376_9407.png,"36,8",3678
images_group_35_5376_9409.png,63 2/4,63 3/4
images_group_35_5376_9413.png,573,57 1/2
images_group_35_5376_9419.png,6%,67
images_group_35_5376_9420.png,71 у,70 1/4
images_group_35_5376_9422.png,и,до
images_group_35_5376_9424.png,гражданскій,Гражданскій
images_group_35_5385_9904.png,1.,1
images_group_35_5385_9906.png,диновъ ей,домовъ об
images_group_35_5385_9907.png,шествен,щественн
images_group_35_5385_9910.png,1,1.
images_group_35_5385_9912.png,6.,6
images_group_35_5385_9917.png,916.,916
images_group_35_5385_9920.png,58.,2
images_group_35_5403_10222.png,2,2.
images_group_35_5403_10227.png,13.,3.
images_group_35_5403_10230.png,1,1.
images_group_35_5403_10231.png,въ,Въ
images_group_35_5403_10232.png,скую,скун
images_group_35_5403_10233.png,и,Гу
images_group_35_5403_10234.png,берній,берніи.
images_group_35_5423_11132.png,и,а
images_group_35_5436_11757.png,семъ,силѣ
images_group_35_544_11786.png,100 р,100р
images_group_35_556_12093.png,37,57
images_group_35_556_12097.png,5.,5
images_group_35_558_12104.png,52 об,59 об.
images_group_28_3795_1699.png,линине-,лишили
images_group_28_3795_1715.png,15,15.
images_group_28_3795_1716.png,Убійствъ,Убійствъ.
images_group_28_3795_1722.png,нихъ,ныхъ
images_group_28_3795_1728.png,пряданы,преданы
images_group_28_3795_1730.png,но,по
images_group_28_3795_1746.png,виновные же,выновные же
images_group_28_3795_1763.png,достоинство,достоинства
images_group_28_3795_1768.png,а по,и по
images_group_28_3795_1784.png,и преданы судут,"и преданы суду,"
images_group_28_38_2058.png,58.,53.
images_group_28_38_2060.png,никъ,нихъ
images_group_28_38_2064.png,Въ губернскомъ.,Въ губернскомъ
images_group_28_38_2073.png,Округиныхъ,Окружныхъ
images_group_28_38_2076.png,2- (поведеніи,2-оповеденіи
images_group_28_38_2077.png,2 неиз-,2) неиз-
images_group_28_38_2082.png,выбытіемъ,выбытиемъ
images_group_28_38_2091.png,3,3-
images_group_28_38_2099.png,Вально практикующихъ,Военно практикующихъ
images_group_28_38_2123.png,"3 порядочно,","3-порядочно,"
images_group_28_38_2131.png,назначе,о назначе-
images_group_28_38_2132.png,недавнему,Недавнему
images_group_28_38_2136.png,ній,ніи
images_group_28_38_2141.png,Городоваго,городоваго
images_group_28_38_2142.png,врачи-,врача
images_group_28_38_2146.png,земли,земель
images_group_28_38_2151.png,15-ги,15-ти
images_group_28_38_2154.png,по-,по
images_group_28_38_2157.png,литическимъ,литическихъ
images_group_28_38_2161.png,дѣланіе,дѣланно
images_group_28_38_2168.png,"16,","VI,"
images_group_28_38_2173.png,днѣ,двѣ-
images_group_28_38_2177.png,зеравіе.,здравіе.
images_group_28_38_2178.png,"ав,","а.,"
images_group_28_38_2179.png,Враж,Врачи
images_group_28_38_2186.png,.,въ
images_group_28_38_2192.png,посодержа,посодержа-
images_group_28_381_2854.png,71,71.
images_group_28_381_2881.png,Киеловскаго,Кисловскаго
images_group_28_381_2913.png,О хлѣбной,Охлѣбной
images_group_28_381_2915.png,числя,числя-
images_group_28_381_2921.png,занеполу-,за неполу-
images_group_28_381_2933.png,Костин-,Костин
images_group_28_381_2936.png,Суда ватребованныхъ,Суда [затребованныхъ]
images_group_28_381_2946.png,"№ 1907, 0","№ 1907, о"
images_group_28_381_2957.png,года за №954.,года за № 954.
images_group_28_381_2974.png,которо,котора-
images_group_28_381_2996.png,за №190,За № 190
images_group_28_39_4156.png,нію.,нію
images_group_28_39_4157.png,Аптенъ,Аптекъ
images_group_28_39_4158.png,въ 1063 году необна,въ 1865 году необна-
images_group_28_39_4165.png,которого,которою
images_group_28_39_4172.png,вело-,вело
images_group_28_39_4173.png,31.,"31,"
images_group_28_39_4178.png,"6, Оспориви","в., Оспоприви-"
images_group_28_39_4182.png,Мая,Мая.
images_group_28_39_4184.png,виніе.,ваніе.
images_group_28_39_4190.png,8 Октя-,8 Октя
images_group_28_39_4194.png,"вря,","бря,"
images_group_28_39_4209.png,билась,вилась
images_group_28_39_4216.png,/:,1:
images_group_28_39_4222.png,дѣятельное-,дѣятельнос-
images_group_28_39_4225.png,Першской,Пермской
images_group_28_39_4230.png,исяо-,исхо-
images_group_28_39_4237.png,"2,",2
images_group_28_39_4263.png,го,го-
images_group_28_39_4264.png,"г, Заразитель","г., Заразителитель-"
images_group_28_39_4268.png,за,за-
images_group_28_39_4272.png,теченіи,теченіе
images_group_28_39_4275.png,болѣело,больно
images_group_28_39_4281.png,подыр-,подвер-
images_group_28_39_4282.png,выздоровало,выздоровѣло
images_group_28_39_4283.png,64,64.
images_group_28_39_4286.png,Бо,Бо-
images_group_28_39_4289.png,слѣзнь,лѣзнь
images_group_28_39_4303.png,деревнѣ,Деревнѣ
images_group_28_39_4304.png,"Абакшиной,","Абаканской,"
images_group_28_391_4457.png,82.,"82,"
images_group_28_391_4580.png,397,397.
images_group_28_391_4617.png,387,387.
images_group_28_391_4618.png,387,387.
images_group_28_391_4620.png,1889,1889.
images_group_28_391_4631.png,568,568.
images_group_28_391_4635.png,3650 р,3650
images_group_28_391_4659.png,09,о 9
images_group_28_391_4666.png,востаются,6 остаются
images_group_28_391_4668.png,засправками,за справками
images_group_28_395_5063.png,Кочневъ,Кочневъ.
images_group_28_395_5064.png,зяйствомъ.,зяйствомъ
images_group_28_395_5075.png,низоннагобаталіо-,низоннаго баталіо-
images_group_28_395_5098.png,Сибирскаго,сибирскаго
images_group_28_395_5143.png,мастерствомъ,мастерствомъ.
images_group_28_395_5154.png,№16.,№16
images_group_28_395_5166.png,Занимается кресть,Занимается кресть-
images_group_28_400_6032.png,21,91.
images_group_28_400_6080.png,№2 Баталіо,№2 Баталіо-
images_group_28_400_6088.png,Офицеры:,офицеры:
images_group_28_400_6100.png,лости въ д.,лостивъ въ д.
images_group_28_400_6137.png,Потылищинъ.,Потылицинъ.
images_group_28_400_6143.png,Той же,той же
images_group_28_403_6501.png,де Емельяновой,д. Емельяновой
images_group_28_403_6544.png,Киндяковой.,Киндяковой
images_group_28_403_6604.png,С.,с.
images_group_28_403_6628.png,полубаталіона.,Полубаталіона.
images_group_28_403_6634.png,Лаврен,Лаврен-
images_group_28_403_6650.png,3обковъ.,Зобковъ.
images_group_28_403_6654.png,въ д,въ д.
images_group_28_403_6655.png,ми-,Минусинскаго
images_group_28_41_7499.png,"в., Больницы","б, Больницы"
images_group_28_41_7500.png,Больничныя,Больничные
images_group_28_41_7502.png,въ го,въ го-
images_group_28_41_7503.png,непрекратились,непрекратилась
images_group_28_41_7505.png,енисейской,Енисейской
images_group_28_41_7508.png,тадемѣ,о падежѣ
images_group_28_41_7510.png,понепрочности,по непрочности
images_group_28_41_7511.png,своей,свой
images_group_28_41_7516.png,№ 10,№10.
images_group_28_41_7517.png,удобству.,удобству
images_group_28_41_7518.png,"помѣщеній,",помѣщеній
images_group_28_41_7519.png,не соот,не соот-
images_group_28_41_7528.png,Обществен,Обществен-
images_group_28_41_7533.png,Общественное,Общественнаго
images_group_28_41_7536.png,исправленіе,исправлені
images_group_28_41_7543.png,каза:,каза.
images_group_28_41_7546.png,64 р. Ю.,64 р. 70 к.
images_group_28_41_7548.png,№ дока-,№8 пока-
images_group_28_41_7553.png,"зываетъ,",зываетъ
images_group_28_41_7559.png,67,6/2
images_group_28_41_7562.png,Ачинскѣ,Ачинскѣ.
images_group_28_41_7563.png,7-50.,7 50.
images_group_28_41_7566.png,номъ,намъ
images_group_28_41_7567.png,капиталъ,капиталѣ
images_group_28_41_7570.png,81,81-
images_group_28_41_7573.png,36 р/ к.,36 1/2 р.
images_group_28_41_7574.png,Капитали,Капиталы
images_group_28_41_7582.png,ссудусъ съ соб-,ссуду съ соб-
images_group_28_41_7584.png,слѣдуеть,слѣдуетъ
images_group_28_41_7585.png,стнести,отнести
images_group_28_41_7595.png,лечеб-,леиб-
images_group_28_41_7597.png,платежий по,платежей по
images_group_28_41_7602.png,зависимъ,займамъ
images_group_28_41_7605.png,зованія,зования
images_group_28_41_7607.png,больныѣ,больныхъ
images_group_28_41_7609.png,"сословій,","сословіи,"
images_group_28_410_7623.png,сапож-,сапож
images_group_28_410_7637.png,202,202.
images_group_28_410_7654.png,инва-,Инва-
images_group_28_410_7656.png,Серебряковъ,Серебряковъ.
images_group_28_410_7684.png,той же,тои же
images_group_28_410_7714.png,широковой.,Широковой.
images_group_28_410_7727.png,офицеръ,Офицеръ
images_group_28_410_7730.png,Баталіона.,Баталіона:
images_group_28_410_7745.png,лости въ С.,лости въ с.
images_group_28_413_8050.png,Баталіо на.,Баталіона.
images_group_28_413_8052.png,офицеры:,Офицеры:
images_group_28_413_8054.png,офицеры.,Офицеры:
images_group_28_413_8082.png,хлѣбопаше=,хлѣбопаше-
images_group_28_413_8087.png,с. Казачинскомъ.,с. Казачинскомъ
images_group_28_413_8098.png,Той же во-,той же во-
images_group_28_413_8109.png,лости въ д.,лостис въ д.
images_group_28_413_8125.png,Брюхиновъ.,Брюхановъ.
images_group_28_413_8130.png,д. Бидѣйской.,д. бидѣйской.
images_group_28_413_8134.png,Евсевоевъ,Евсевьевъ
images_group_28_413_8135.png,Кежемской,Кажемской
images_group_28_413_8150.png,вер-,Вер-
images_group_28_413_8154.png,Изолови,Изголови.
images_group_28_413_8158.png,Той же во-,той же во-
images_group_28_413_8161.png,Алексѣй Лаврентъ,Алексѣй Лавренть-
images_group_28_418_8657.png,"109,",109.
images_group_28_418_8701.png,Пестеровъ,Пестеровъ.
images_group_28_418_8715.png,Езагашинской,Езагашинской.
images_group_28_418_8730.png,Дютинской.,Сютинской.
images_group_28_418_8748.png,Изын,Изын-
images_group_28_418_8760.png,жульскомъ.,Жульскомъ.
images_group_28_419_8793.png,Баталіона,Баталіона.
images_group_28_419_8798.png,-офицеръ,офицеръ
images_group_28_419_8814.png,Тихановъ,Тихановъ.
images_group_28_419_8854.png,Балантин-,Балахтин-
images_group_28_419_8866.png,Сибирскаго ли-,Сибирскаго Ли-
images_group_28_419_8875.png,сибирскаго Ли-,сибирскагоЛи-
images_group_28_419_8883.png,Мона.,ліона.
images_group_28_430_10479.png,хлѣбопашествомъ,Хлѣбопашествомъ
images_group_28_430_10485.png,"121,",121.
images_group_28_430_10489.png,въ дер. Мир-,водер. Мир-
images_group_28_430_10499.png,7 запаснаго Ба-,7 Запаснаго Ба-
images_group_28_430_10501.png,одескаго,обескаго
images_group_28_430_10502.png,нѣ-,пѣ-
images_group_28_430_10504.png,пѣютнаго,пѣхотнаго
images_group_28_430_10511.png,Графа дибича,Графадибича
images_group_28_430_10528.png,симъ,симь
images_group_28_430_10537.png,Ирбей-,Иребей-
images_group_28_430_10559.png,Бѣлогр-,бѣлогр-
images_group_28_430_10563.png,хри,хри-
images_group_28_430_10565.png,Рах-,Реих-
images_group_28_430_10569.png,бога-,Бога-
images_group_28_430_10572.png,Лыковъ.,лыковъ
images_group_28_430_10602.png,ничны,ничнь
images_group_28_430_10603.png,имъ,ешь
images_group_28_3795_12184.png,но,на
images_group_28_3795_12186.png,но,не
images_group_28_3795_12187.png,винов.,винов-
images_group_28_38_12224.png,- 5.,-5.
images_group_28_381_12410.png,и нѣ,и нѣ-
images_group_28_39_12455.png,сте,сте-
images_group_28_39_12458.png,съ,въ
images_group_28_41_12558.png,до 2:,до 2%
images_group_28_41_12559.png,"эной,","оной,"
images_group_28_41_12564.png,нас,ное
images_group_28_41_12565.png,219-10.,219-10
images_group_12_1320_8.png,Полуэктъ,Полужтъ
images_group_12_1320_21.png,951,951.
images_group_12_1320_27.png,жульскомъ,жульскомъ.
images_group_12_1320_39.png,тюль,Тюль
images_group_12_1320_43.png,губернскихъ,Губернскихъ
images_group_12_1320_49.png,Ба,ва
images_group_12_1320_59.png,Киричевъ.,Киричевъ
images_group_12_1320_73.png,Говъ,Iовъ
images_group_12_1320_83.png,имы,Имы
images_group_12_1320_105.png,9.,д.
images_group_12_1320_107.png,работами,работами.
images_group_12_1321_123.png,Уродственниковъ,У родственниковъ
images_group_12_1321_126.png,Ѳедоръ,Федоръ
images_group_12_1321_129.png,7 родственниковъ,У родственниковъ
images_group_12_1321_133.png,янскими работами,янскими работами.
images_group_12_1321_161.png,964,964.
images_group_12_1321_180.png,вкоробогатовъ.,Скоробогатовъ.
images_group_12_1321_186.png,подсосен,Подсосен
images_group_12_1321_189.png,скомъ,скомъ.
images_group_12_1321_192.png,Госифъ,Iосифъ
images_group_12_1321_195.png,Скоробога,Скоробоча
images_group_12_1321_209.png,скомъ,скомъ.
images_group_12_1330_1468.png,№8,№8.
images_group_12_1330_1489.png,На,Ува
images_group_12_1330_1502.png,досташими,достигшими
images_group_12_1330_1505.png,17ти,17-ти
images_group_12_1330_1506.png,Руз,Руб
images_group_12_1330_1516.png,учребидено,учреждено
images_group_12_1330_1560.png,р.,р
images_group_12_1330_1577.png,шитрафныхъ,штрафныхъ
images_group_12_1330_1579.png,"63 1/4 к.,","63/4 к.,"
images_group_12_1330_1591.png,14 1/4 к.,14/4 к.
images_group_12_1330_1603.png,Съѣдникнымъ,Съ подлиннымъ
images_group_12_1330_1608.png,Чиновникъ,Чиновника
images_group_12_1330_1611.png,Е. Моврустукій,Е. Мокрушукій
images_group_12_1344_3867.png,177,171
images_group_12_1344_3885.png,2,2.
images_group_12_1344_3902.png,каменна.,каменнаг.
images_group_12_1344_3907.png,губернскаго,Губернскаго
images_group_12_1344_3912.png,каменных.,Каменныхъ
images_group_12_1344_3913.png,2,2.
images_group_12_1344_3920.png,Военных сборных,Военныя сборных
images_group_12_1344_3957.png,7,7.
images_group_12_1344_3965.png,деревн,деревен
images_group_12_1344_3969.png,дасо-,Часо-
images_group_12_1344_3983.png,водяннаг.,водянная.
images_group_12_1344_3987.png,Провіантскихъ,Провіантскихъ.
images_group_12_1344_3995.png,церковы,церковн
images_group_12_1344_3999.png,2,2.
images_group_12_1345_4003.png,179,178
images_group_12_1345_4010.png,обществ..,обществ.
images_group_12_1345_4017.png,Каз-,каз-
images_group_12_1345_4029.png,богадѣльня,Богадѣльня
images_group_12_1345_4034.png,Кожевенныхъ.,кожевенныхъ.
images_group_12_1345_4047.png,Маелобойный,Маслобойный
images_group_12_1345_4096.png,уш,учи
images_group_12_1345_4097.png,Каменное,Каменное.
images_group_12_1345_4100.png,лицъ,лищъ
images_group_12_1345_4116.png,новъ.,но въ.
images_group_12_1345_4118.png,2,2.
images_group_12_1348_4397.png,десят,десят.
images_group_12_1348_4414.png,418448,418.448
images_group_12_1348_4435.png,/,/.
images_group_12_1348_4455.png,команды-,Команды-
images_group_12_1348_4464.png,Солдатскихъ,солдатскихъ
images_group_12_1348_4467.png,"Кантонистовъ-684,","кантонистовъ-684,"
images_group_12_1348_4479.png,Церкви,Церкви:
images_group_12_1348_4500.png,113.-,"11 3.-,"
images_group_12_1348_4511.png,земли,земли.
images_group_12_1348_4512.png,6-,"6-,"
images_group_12_1348_4538.png,"1,","1.,"
images_group_12_1348_4551.png,пашна,пашней
images_group_12_1348_4558.png,кумиренъ,кумирень
images_group_12_1353_5287.png,3.),3)
images_group_12_1353_5298.png,4-я Января,4-е Января
images_group_12_1353_5302.png,трой,Трой
images_group_12_1353_5310.png,тамъ же,Тамъ же
images_group_12_1353_5313.png,9-го полк-,9-го по 12-е
images_group_12_1353_5316.png,волости.,волости:
images_group_12_1353_5317.png,9,9.)
images_group_12_1353_5322.png,5),"5.),"
images_group_12_1353_5327.png,ровскомъ-въ,ровскомъ - въ
images_group_12_1353_5337.png,въ те,-въ те
images_group_12_1353_5345.png,дней,дней.
images_group_12_1354_5390.png,Богоявленская,Богоявленская.
images_group_12_1354_5438.png,Петровская,Петровская.
images_group_12_1354_5451.png,Iюля,Iюля.
images_group_12_1354_5465.png,8 іюня.,8 Iюня.
images_group_12_1354_5475.png,Октября.,Октября
images_group_12_1354_5483.png,Никольская,Никольская.
images_group_12_1354_5484.png,тамъ жесъ,тамъ же съ
images_group_12_1354_5488.png,небыло,небыло.
images_group_12_1354_5489.png,2000 р.,2000 р-
images_group_12_1369_8025.png,1867,1867  г.
images_group_12_1369_8046.png,родившихъ,родивших
images_group_12_1369_8056.png,муж.,Муж.
images_group_12_1369_8058.png,муж.,Муж.
images_group_12_1369_8062.png,№,и
images_group_12_1369_8064.png,3-6,264
images_group_12_1369_8072.png,277,277.
images_group_12_1369_8080.png,5-87,587.
images_group_12_1369_8083.png,1777,1777.
images_group_12_1369_8103.png,18.845.,18.845
images_group_12_1369_8122.png,28,28.
images_group_12_1369_8134.png,577,577.
images_group_12_1369_8139.png,в4.,64.
images_group_12_1369_8185.png,в.,6.
images_group_12_1369_8197.png,.р.,+
images_group_12_1369_8199.png,.,+
images_group_12_1369_8200.png,17,17.
images_group_12_1369_8210.png,3,5
images_group_12_1369_8213.png,7831.,7831
images_group_12_1369_8216.png,67-ез.,6723.
images_group_12_1369_8221.png,346. 297.,346.297.
images_group_12_1369_8227.png,345586,345586.
images_group_12_1369_8228.png,347586,345586
images_group_12_1369_8229.png,185 3 48,185338 160248
images_group_12_1369_8247.png,"1041 """,".1041 """
images_group_12_1369_8248.png,158 и,"158 """
images_group_12_1369_8250.png,34628 2/2,346297 5262
images_group_12_1369_8257.png,15418,154185
images_group_12_1369_8258.png,17.48.,179489
images_group_12_1369_8259.png,351 584,351559 564
images_group_12_1369_8261.png,56848,50848
images_group_12_1369_8262.png,3 36674,336674
images_group_12_1369_8263.png,35092 5,350995
images_group_12_1387_10916.png,213,218
images_group_12_1387_10918.png,дѣшшей,здѣшней
images_group_12_1387_10940.png,1го,1-го
images_group_12_1387_10967.png,дѣшней,здѣшней
images_group_12_1387_10991.png,11942.,11 942.
images_group_12_1387_10994.png,247675-6 3/4,247675 - 6 3/4
images_group_12_1387_11010.png,51586,51 586.
images_group_12_1387_11014.png,жителяхъ.,жителяхъ
images_group_12_1387_11020.png,сей,сеи
images_group_12_1387_11078.png,68086,68086-
images_group_12_1387_11110.png,довелкѣ,довескѣ
images_group_12_1387_11116.png,поновому,по новому
images_group_12_1387_11124.png,гильдіи - по,гильдіи-по
images_group_12_1387_11127.png,2-й гиль-,2-й числь
images_group_12_1387_11134.png,Севретара,Секретарь
images_group_12_1388_11153.png,поступлениемъ,поступленіемъ
images_group_12_1388_11172.png,душъ -,душъ-
images_group_12_1388_11175.png,5244,5244.
images_group_12_1388_11176.png,73,73 1/2
images_group_12_1388_11185.png,14957,14957.
images_group_12_1388_11200.png,ссуду.,ссуду
images_group_12_1388_11202.png,91/2,91 1/2
images_group_12_1388_11212.png,сожите-,съжите
images_group_12_1388_11213.png,5278,5278.
images_group_12_1388_11217.png,пов коп.,по 6 коп.
images_group_12_1388_11218.png,5094,5094.
images_group_12_1388_11223.png,душъ -,душъ-
images_group_12_1388_11265.png,совключеніемъ,со включеніемъ
images_group_12_1388_11268.png,21 1/2,21 1/4
images_group_12_1388_11271.png,213,213.
images_group_12_1388_11273.png,сборъ,Сборъ
images_group_12_1388_11278.png,встутило,вступило
images_group_12_1388_11279.png,4866,4866.
images_group_12_1388_11280.png,17,17 1/4
images_group_12_1388_11285.png,доходямъ,доходамъ
images_group_12_1388_11309.png,ес-,ос-
images_group_12_1388_11325.png,Статистическаго,Статистических
images_group_12_1392_11873.png,14,19
images_group_12_1392_11875.png,1868г,1868 г
images_group_12_1392_11877.png,57100,№142
images_group_12_1392_11901.png,7,7.
images_group_12_1392_11919.png,чта,что
images_group_12_1392_11926.png,яніи,янію
images_group_12_1392_11944.png,17 іюля,17 Iюля
images_group_12_1392_11953.png,донести,донеста
images_group_12_1392_11967.png,іюля,Iюля
images_group_12_1392_11979.png,И. д.,и.д.
images_group_12_1392_11981.png,Губернатора,Губернатора с
images_group_12_1392_11986.png,Порученій.,Порученій
images_group_12_140_12665.png,341 Димидъ,341 Демидъ
images_group_12_140_12667.png,Аланской,Яланской
images_group_12_140_12669.png,въ д.,10 2
images_group_12_140_12672.png,Чурукаевъ.,Чуруксаевъ
images_group_12_140_12673.png,Рядные:,Рядовые:
images_group_12_140_12674.png,Плад-,Плад.
images_group_12_140_12675.png,1353 Матвей,353. Матвѣй
images_group_12_140_12676.png,Дани Анцыре,Дани Янинъ
images_group_12_140_12681.png,368. Явовъ,346. Яковъ
images_group_12_140_12687.png,кнскомъ.,ковскамъ.
images_group_12_140_12696.png,Коноратій,Кондратій
images_group_12_140_12697.png,Ива-,Ива
images_group_12_140_12702.png,Васотинъ.,Висотинъ.
images_group_12_140_12704.png,349. Матвѣй,349. Матвй
images_group_12_140_12705.png,Василъ,Василь
images_group_12_140_12709.png,160,евъ
images_group_12_140_12710.png,Новыхъ.,Новыхъ
images_group_12_140_12713.png,Доменть,Ременть
images_group_12_140_12715.png,168,евъ
images_group_12_140_12716.png,Ячменевъ.,Ячменевъ
images_group_12_140_12717.png,кой,ной
images_group_12_140_12722.png,хазбопашествомъ,Хлѣбопашествомъ
images_group_12_140_12725.png,шенскомъ-,женскомъ.
images_group_12_140_12731.png,351 с,351. с
images_group_12_140_12733.png,Афонае,Афона
images_group_12_140_12743.png,фокинъ.,Фокинъ.
images_group_12_140_12748.png,№ 4-го,№4-го
images_group_12_140_12753.png,357 Михайцо,357. Михайло
images_group_12_140_12764.png,Безсоницынъ.,Безсоницынъ
images_group_12_140_12766.png,работами.,работами
images_group_12_1408_13988.png,человѣка.,человѣка
images_group_12_1408_14022.png,3 мя,3-мя
images_group_12_1408_14089.png,рабоіе,рабочіе
images_group_12_1408_14101.png,218,218.
images_group_12_1408_14110.png,261,261.
images_group_12_1408_14120.png,Всего,Всего-
images_group_12_1320_14411.png,У,у
images_group_12_1320_14419.png,въ с. Балахстин,въ с. Балахрин
images_group_12_1321_14426.png,Уродственниковъ,У родственниковъ
images_group_12_1344_14503.png,-,{
images_group_12_1344_14504.png,1,{
images_group_12_1344_14506.png,2,2.
images_group_12_1344_14511.png,1,{
images_group_12_1344_14513.png,1,{
images_group_12_1344_14520.png,(,{
images_group_12_1345_14543.png,-,{
images_group_12_140_14809.png,Крестьянскими,крестьянскими
images_group_12_140_14810.png,350,350.
images_group_12_140_14812.png,355,355.
images_group_12_140_14813.png,356.,356
images_group_15_1600_764.png,8-го,8-го.
images_group_15_1600_768.png,Дѣло,"Дѣло,"
images_group_15_1600_776.png,капитале,капитало
images_group_15_1600_799.png,учрея,учреж
images_group_15_1600_800.png,отожестихъ,отошедшихъ
images_group_15_1600_805.png,Комписіею,Коммисію
images_group_15_1600_811.png,30 Июня,30 Iюня
images_group_15_1600_817.png,дѣлъ,дѣль
images_group_15_1600_820.png,капитаму;,капиталу;
images_group_15_1600_823.png,отсшедшихъ,отошедшихъ
images_group_15_1600_831.png,кругѣ.,округѣ.
images_group_15_1600_832.png,читель,житель
images_group_15_1602_960.png,донесе-,донеса
images_group_15_1602_962.png,29.,29
images_group_15_1602_963.png,О производствѣ,Опроизводствѣ
images_group_15_1602_966.png,Казакомъ,казакомъ
images_group_15_1602_982.png,хлѣбѣ,"хлѣбѣ,"
images_group_15_1602_987.png,27 Ан,27 Ян
images_group_15_1602_996.png,О попуж-,О понуж-
images_group_15_1602_1000.png,Скорѣйшему,скорѣйшему
images_group_15_1602_1002.png,ремъ,ромъ
images_group_15_1602_1009.png,Фев-,Фев
images_group_15_1602_1010.png,рама,раля
images_group_15_1602_1011.png,за,зас
images_group_15_1602_1014.png,Темское,Томское
images_group_15_1602_1017.png,бернское,"бернское,"
images_group_15_1602_1027.png,Декас,Декаб
images_group_15_1602_1031.png,"увѣдомимо,","увѣдомило,"
images_group_15_1602_1034.png,понужденій,понужденіи
images_group_15_1602_1035.png,Тоиское,Томское
images_group_15_1602_1041.png,представлены,представлено
images_group_15_1602_1042.png,Гу-,гну
images_group_15_1602_1044.png,о,С
images_group_15_1607_1517.png,№ 7.,№7
images_group_15_1607_1519.png,85,80
images_group_15_1607_1533.png,ва,въ
images_group_15_1607_1534.png,умѣ,умѣ.
images_group_15_1607_1535.png,глухонѣмотѣ,глухонемотѣ.
images_group_15_1607_1537.png,наслѣ,наслѣд
images_group_15_1607_1543.png,ихъ.,ихь.
images_group_15_1607_1546.png,имѣ,имъ
images_group_15_1607_1553.png,расточительное,расточительность
images_group_15_1607_1554.png,за,"за,"
images_group_15_1607_1558.png,вности,влости
images_group_15_1607_1592.png,Канскѣ.,Канскѣ
images_group_15_1607_1599.png,Минусинскѣ:,Минусинскѣ
images_group_15_1607_1617.png,непла,непва
images_group_15_1611_2103.png,1869 годъ.,1869 годъ
images_group_15_1611_2119.png,муж,скуд
images_group_15_1611_2124.png,жен.,дин.
images_group_15_1611_2125.png,человѣкъ,человѣ
images_group_15_1611_2136.png,кой,кѣй
images_group_15_1611_2140.png,Больницъ,Больницъ:
images_group_15_1611_2145.png,/,1
images_group_15_1611_2151.png,23.,23
images_group_15_1611_2232.png,несуществуетъ,несуществуетъ.
images_group_15_1612_2238.png,1869 годъ,1869 годъ.
images_group_15_1612_2307.png,1067,1067.
images_group_15_1612_2336.png,387,387.
images_group_15_1612_2380.png,Итого.,Итого..
images_group_15_1612_2386.png,Примѣчаніе.,Примѣчаніе:
images_group_15_1612_2388.png,Падемъ,Падежъ
images_group_15_1612_2398.png,Реб ій,Pestіs
images_group_15_1612_2399.png,Возит,"Borum,"
images_group_15_1612_2401.png,Исповняющий,Исправляющій
images_group_15_1612_2402.png,довленость,доверенность
images_group_15_1615_2764.png,86,86.
images_group_15_1619_3464.png,54.,54
images_group_15_1619_3494.png,года,годо
images_group_15_1619_3518.png,Этимъ,этимъ
images_group_15_1619_3519.png,участь,участ-
images_group_15_1619_3538.png,92%,92 1/2
images_group_15_1619_3541.png,51 2/7,51 1/2
images_group_15_1619_3545.png,94045.,94045
images_group_15_1619_3555.png,дешевы,дешевке
images_group_15_1619_3558.png,13 3/4,13 3/4.
images_group_15_1619_3560.png,6 3/4,-6 3/4
images_group_15_1619_3581.png,"провіанъ,","провіантъ,"
images_group_15_1619_3588.png,21906,21906-
images_group_15_1619_3595.png,7079.,7079
images_group_15_1619_3612.png,88 1/4,-88 1/4
images_group_15_1619_3627.png,мѣ-,мѣ
images_group_15_1619_3636.png,городамъ:,городамъ.
images_group_15_1619_3648.png,округовъ,округовъ-
images_group_15_1619_3687.png,5837 р. 81 к.,5837 р. 81к.
images_group_15_1619_3717.png,Вѣрно.,Вѣрно:
images_group_15_1619_3720.png,Сворон.,Своровъ
images_group_15_1619_3721.png,исправляющий,исправляющій
images_group_15_1619_3722.png,довысш отъ,доверенность
images_group_15_1619_3723.png,Секретаря,Секретарь
images_group_15_1619_3728.png,исправляющій,Исправляющий
images_group_15_1619_3729.png,довысил отъ,доверенность
images_group_15_1619_3730.png,Секретарн,Секретарь
images_group_15_1640_7728.png,Разность междъ,Разность между
images_group_15_1640_7733.png,ширъ,шихъ
images_group_15_1640_7746.png,муж.,Муж.
images_group_15_1640_7750.png,ковъ,ковъ.
images_group_15_1640_7753.png,1307.,7307.
images_group_15_1640_7759.png,112,112 +
images_group_15_1640_7771.png,1330,+330
images_group_15_1640_7792.png,1-382,+382
images_group_15_1640_7798.png,58,58.
images_group_15_1640_7812.png,1559.,+559.
images_group_15_1640_7816.png,1432,1432.
images_group_15_1640_7832.png,918,918.
images_group_15_1640_7833.png,-444,+444.
images_group_15_1640_7834.png,1511.,+511.
images_group_15_1640_7835.png,566.,566
images_group_15_1640_7838.png,1942,1942.
images_group_15_1640_7851.png,46299,46299.
images_group_15_1640_7856.png,11171.,+1171.
images_group_15_1640_7857.png,1-317,+1337.
images_group_15_1640_7865.png,26,6/90.
images_group_15_1640_7866.png,6/3,6/63
images_group_15_1640_7869.png,4-64,4/61.
images_group_15_1640_7870.png,7 5/7,5/41
images_group_15_1640_7871.png,56.,1/56.
images_group_15_1640_7883.png,губернія 188850.,губерніи 188850.
images_group_15_1640_7884.png,164003.,164003
images_group_15_1640_7889.png,-2427,+2427
images_group_15_1640_7890.png,13267,+3267
images_group_15_1640_7893.png,18275,18275.
images_group_15_1640_7895.png,15694,+ 5694.
images_group_15_1643_8298.png,143,113
images_group_15_1643_8299.png,ствіемъ,ствіемъ.
images_group_15_1643_8300.png,припадкихъ,припадкахъ
images_group_15_1643_8303.png,1,1-
images_group_15_1643_8307.png,завиняемый,Завиняемый
images_group_15_1643_8321.png,виновныя,виновные
images_group_15_1643_8343.png,по,По
images_group_15_1643_8356.png,то,то.
images_group_15_1643_8373.png,По,по
images_group_15_1643_8382.png,59,-59
images_group_15_1643_8384.png,грабежей,грабетий
images_group_15_1643_8399.png,3 завиняемыхъ,завиняемыхъ
images_group_15_1643_8403.png,д завиняемыхъ,завиняемыхъ
images_group_15_1643_8433.png,чествъ,читвъ
images_group_15_1643_8444.png,обвиняемых,обвиняемыхъ
images_group_15_1643_8452.png,Подмоговъ,Поджоговъ
images_group_15_1643_8471.png,1-виновный,1 виновный
images_group_15_1643_8480.png,1 завиняемый,завиняемый
images_group_15_1645_8681.png,-3),-3;
images_group_15_1645_8684.png,"муж.,","Муж:,"
images_group_15_1645_8689.png,1830,1230
images_group_15_1645_8700.png,Этого,этаго
images_group_15_1645_8739.png,перемѣна,Перемѣна
images_group_15_1645_8743.png,мѣчется,мѣста
images_group_15_1645_8746.png,осужденъ,нужденъ.
images_group_15_1645_8750.png,о,О
images_group_15_1645_8751.png,питейномъ,питеиномъ
images_group_15_1645_8795.png,"7,","-7,"
images_group_15_1647_8825.png,Пріемнющихъ,Пріемлющихъ
images_group_15_1647_8828.png,"Мазакановъ,","Маликановъ,"
images_group_15_1647_8830.png,Суббятниковъ,Субботниковъ
images_group_15_1647_8838.png,прихрающихъ,признающихъ
images_group_15_1647_8845.png,Iудействующихъ,Iудействующих
images_group_15_1647_8848.png,скопчествъ,скопчества
images_group_15_1647_8853.png,м,М
images_group_15_1647_8854.png,и,п
images_group_15_1647_8855.png,ж н.,ж. п.
images_group_15_1647_8857.png,ж.п.,ж. п.
images_group_15_1647_8859.png,ж,ж.
images_group_15_1647_8861.png,м.,М
images_group_15_1647_8868.png,ли,М
images_group_15_1647_8870.png,ж р.,ж. п.
images_group_15_1647_8871.png,жѣ,ж. п.
images_group_15_1647_8884.png,178,178.
images_group_15_1647_8889.png,8.,8
images_group_15_1647_8901.png,13,13.
images_group_15_1647_8924.png,/,1
images_group_15_1647_8940.png,8.,8
images_group_15_1647_8951.png,28,28.
images_group_15_1647_8956.png,86,86.
images_group_15_1647_8976.png,краѣ:,краѣ.
images_group_15_1647_8981.png,1376,1376.
images_group_15_1647_8989.png,522,522.
images_group_15_1647_8991.png,168,168.
images_group_15_1647_9006.png,изъ,-изъ
images_group_15_1647_9007.png,сектъ,сектъ:
images_group_15_1647_9009.png,2 м,2 м.
images_group_15_1647_9020.png,довольствомъ,довѣренность
images_group_15_1652_9775.png,гумно,гумна
images_group_15_1652_9782.png,у),у
images_group_15_1652_9789.png,Гражданскій,гражданскій
images_group_15_1652_9793.png,"пристройками,","пристроиками,"
images_group_15_1652_9802.png,д) въ,;д) въ
images_group_15_1652_9803.png,г.,2.
images_group_15_1652_9808.png,е),у
images_group_15_1652_9814.png,пристройками,пристроиками
images_group_15_1652_9819.png,ж.,"ж,)"
images_group_15_1652_9833.png,"домовъ,","6 домовъ,"
images_group_15_1652_9834.png,3 мельни,Змельни
images_group_15_1652_9883.png,У,4)
images_group_15_1652_9903.png,разнаю,разнаго
images_group_15_1652_9904.png,"рода,",рода
images_group_15_1652_9913.png,4.50.,и. 5) О.
images_group_15_1652_9939.png,/3535000,"%35335000,"
images_group_15_1652_9940.png,руб.,руб
images_group_15_1670_13701.png,19407,19407.
images_group_15_1670_13712.png,недоимкѣ.,недоимкѣ
images_group_15_1670_13728.png,о ста,оста
images_group_15_1670_13745.png,/ капиталъ,капиталъ
images_group_15_1670_13746.png,сеи,сей
images_group_15_1670_13751.png,3687,3687.
images_group_15_1670_13765.png,четамъ,счетамъ
images_group_15_1670_13774.png,окружными,Окружными
images_group_15_1670_13776.png,гуммахъ,суммахъ
images_group_15_1670_13809.png,поступило,Поступило
images_group_15_1670_13823.png,потерпѣвшими,потерпѣвшимъ
images_group_15_1670_13842.png,9,9.
images_group_15_1670_13849.png,Января,января
images_group_15_1670_13852.png,оставилось,оставалось
images_group_15_1670_13874.png,Исключено,исключено
images_group_15_1670_13884.png,46,46.
images_group_15_1680_14770.png,285367 р.,"285,367 р."
images_group_15_1680_14785.png,221330 р.,"221,330 р."
images_group_15_1680_14791.png,эпизотіи,эпизоотіи
images_group_15_1680_14798.png,718.734 р.,"718,734 р."
images_group_15_1680_14799.png,"52 3/4 к,",52 3/4 к;
images_group_15_1680_14800.png,не,не-
images_group_15_1680_14804.png,мѣ-,мѣ
images_group_15_1680_14806.png,64.037 р.,"64,037 р."
images_group_15_1680_14808.png,"к.,","К.,"
images_group_15_1680_14809.png,Т.,т.
images_group_15_1680_14810.png,с.,е.
images_group_15_1680_14815.png,необхо-,необхо
images_group_15_1680_14832.png,повинностей.,повинностей
images_group_15_1680_14834.png,недо,недои
images_group_15_1680_14836.png,48з,48 з.
images_group_15_1680_14838.png,"дол.,",дол.;
images_group_15_1680_14840.png,прочилаго,прошлаго
images_group_15_1680_14851.png,10 ф.,10 ср.
images_group_15_1680_14863.png,За,за
images_group_15_1680_14865.png,испрашиваемыя,испрашиваемых
images_group_15_1680_14873.png,497 р.,497 р
images_group_15_1680_14882.png,940064 р.,"940,064 р."
images_group_15_1680_14883.png,64 с.,64 к.
images_group_15_1680_14885.png,должно.,должно
images_group_15_1680_14893.png,107,107.
images_group_15_1680_14901.png,"54,756 р.","547,556р."
images_group_15_1680_14902.png,15к,15 к.
images_group_15_1619_15249.png,2 3/4,3/4
images_group_15_1619_15259.png,-7.,-7
images_group_15_1619_15262.png,90 1/2,-90 1/2
images_group_15_1619_15264.png,86,86.
images_group_15_1619_15268.png,11170,+1170
images_group_15_1619_15270.png,-22 1/2,- 22 1/2
images_group_15_1619_15275.png,59,59.
images_group_15_1640_15547.png,188850.,.188850.
images_group_15_1643_16810.png,1,1.
images_group_13_1410_2.png,21.,21
images_group_13_1410_5.png,Енисенской,Енисейской
images_group_13_1410_13.png,церквеи,церквей
images_group_13_1410_15.png,"количествѣ,",количествѣ;
images_group_13_1410_24.png,Священниковъ-,Священниковъ
images_group_13_1410_26.png,повядины,говядины
images_group_13_1410_31.png,Дьячковъ-,Дьячковъ
images_group_13_1410_99.png,верной,верного
images_group_13_1410_136.png,семенными.,семеиными.
images_group_13_1410_147.png,системахъ;,"системахъ,"
images_group_13_1410_154.png,рабоіе,рабочіе
images_group_13_1410_164.png,И,и.
images_group_13_1410_169.png,для,Для
images_group_13_1410_196.png,пріиготовлялась,приготовлялась
images_group_13_1412_415.png,богатыс,богатые
images_group_13_1412_416.png,пріиски,приіски
images_group_13_1412_443.png,крыти,крытіи
images_group_13_1412_486.png,"золотопромышленники,","золотопромышеленники,"
images_group_13_1412_509.png,предвидѣть.,предвидѣть
images_group_13_1412_510.png,за,да
images_group_13_1412_534.png,промыслахъ.,промыслахъ
images_group_13_1412_549.png,"фуражъ,","фуражь,"
images_group_13_1412_564.png,возложен-,возложен.
images_group_13_1425_2983.png,Нажитье:,Нажиты:
images_group_13_1425_3002.png,1:282,1 :282.
images_group_13_1425_3015.png,преступленияхъ,преступленіяхъ
images_group_13_1425_3043.png,досланныхъ,сосланныхъ
images_group_13_1425_3073.png,6/6,1/6
images_group_13_1425_3081.png,2034,2034.
images_group_13_1425_3094.png,52,52.
images_group_13_1425_3130.png,Губерневки,Губернский
images_group_13_1431_4005.png,63.,63
images_group_13_1431_4013.png,31 1/2 к.,31 1/2 к
images_group_13_1431_4025.png,1,1_
images_group_13_1431_4037.png,24-,24
images_group_13_1431_4040.png,недобритель-,неодобритель-
images_group_13_1431_4048.png,1,1_
images_group_13_1431_4052.png,партій-,партій
images_group_13_1431_4105.png,человѣкъ,человѣкъ.
images_group_13_1431_4156.png,Чиновника,Чиновникъ
images_group_13_1432_4157.png,37,37.
images_group_13_1432_4224.png,вольно,вольно-
images_group_13_1432_4233.png,Енисейской,Енисенской
images_group_13_1432_4239.png,8 ни,8-ми
images_group_13_1432_4255.png,Сельскихъ,сельскихъ
images_group_13_1432_4259.png,лекарь-,лекарь.
images_group_13_1432_4270.png,успѣхомь.,успѣхомъ.
images_group_13_1432_4293.png,денцамъ,денцамъ.
images_group_13_1432_4302.png,Енисейскѣ,Енисейскѣ.
images_group_13_1433_4324.png,67.,67
images_group_13_1433_4326.png,Кровавый,кровавый
images_group_13_1433_4327.png,"поносъ,",Поносъ
images_group_13_1433_4328.png,Длябственія,Dіssentherіa
images_group_13_1433_4331.png,надлежащего,надлежащею
images_group_13_1433_4358.png,болезнію,болезнею
images_group_13_1433_4376.png,того.,того
images_group_13_1433_4377.png,невскры-,невскры
images_group_13_1433_4407.png,человѣкъ,человѣкъ.
images_group_13_1433_4429.png,выздоровало,выздоровѣло
images_group_13_1433_4450.png,незначительны.,незначительны
images_group_13_1433_4473.png,выз,выя
images_group_13_1433_4479.png,доровѣло,доровѣло-
images_group_13_1433_4487.png,болѣзни.,болѣзни
images_group_13_1433_4492.png,лошадяхъ-,лошадяхъ
images_group_13_1433_4496.png,скотѣ,скотѣ-
images_group_13_1433_4502.png,Ребія,Restіs
images_group_13_1433_4504.png,/,:/
images_group_13_1433_4510.png,распространения,распространенія
images_group_13_1433_4514.png,Рекитопіа,Pneumonіa
images_group_13_1433_4526.png,Фачіова: ),Varіola:/
images_group_13_1436_4899.png,72,72.
images_group_13_1436_4903.png,Зданія,зданія
images_group_13_1436_4955.png,"г., г.",г. г.
images_group_13_1436_4960.png,сейскѣ,сейскѣ.
images_group_13_1436_5055.png,чело,чело-
images_group_13_1436_5066.png,Для,для
images_group_13_1436_5073.png,обывателий,обывателей
images_group_13_1436_5093.png,Алек-, . Алек-
images_group_13_1436_5104.png,Чурновнія,Управленія
images_group_13_1440_5736.png,81.,81
images_group_13_1440_5764.png,Щего,Щего-
images_group_13_1440_5816.png,1:23.,1 :23.
images_group_13_1440_5833.png,18- день,18-й день
images_group_13_1440_5854.png,сящіеся,сящиеся
images_group_13_1440_5876.png,для,Для
images_group_13_1440_5877.png,содержа-,содержа
images_group_13_1440_5883.png,"губерній,","губерніи,"
images_group_13_1440_5895.png,Атамано,Атамана
images_group_13_1440_5901.png,М,м. г.
images_group_13_1449_7054.png,части.,"части,"
images_group_13_1449_7055.png,№5,№ 5.
images_group_13_1449_7073.png,№ 8.,№8.
images_group_13_1449_7074.png,о,О
images_group_13_1449_7082.png,№ 9.,№9.
images_group_13_1449_7083.png,о,О
images_group_13_1449_7084.png,заведеніяхъ,заведенияхъ
images_group_13_1449_7096.png,о,О
images_group_13_1452_7536.png,опекъ,опекѣ
images_group_13_1452_7541.png,1851 г.,1850 г.
images_group_13_1452_7544.png,Титуларнаго,Титулярнаго
images_group_13_1452_7568.png,"Губернатьру,","Губернатору,"
images_group_13_1452_7574.png,Иуки,Ицки
images_group_13_1452_7584.png,5 в,5 6
images_group_13_1452_7587.png,Коновалово,Коновалова
images_group_13_1452_7589.png,2,2.
images_group_13_1452_7593.png,Сентябъ,Сентябр
images_group_13_1452_7598.png,7 9,79
images_group_13_1457_8042.png,1864 г.,1864г.
images_group_13_1457_8048.png,Хоярякова,Хохрякова
images_group_13_1457_8054.png,Чиновница,Чиновницы
images_group_13_1457_8063.png,Балова,Бахова
images_group_13_1457_8067.png,іюля,Iюля
images_group_13_1457_8070.png,Всевосхода,Всеволода
images_group_13_1457_8073.png,наслѣдниками,наслѣдниками съ
images_group_13_1457_8084.png,наслѣдниками сл-,наслѣдниками съ
images_group_13_1457_8090.png,Забана,Зыбина.
images_group_13_1457_8093.png,Свидитской,Солдатской
images_group_13_1457_8094.png,мины,жины
images_group_13_1457_8095.png,Зольтаревскй,Золотаревой
images_group_13_1460_8457.png,Казначейся,Казначейе
images_group_13_1460_8462.png,За,за
images_group_13_1460_8463.png,10.,10
images_group_13_1460_8473.png,числян,числящ
images_group_13_1460_8491.png,Го,го
images_group_13_1460_8493.png,Полицейскими,Полицейскими.
images_group_13_1460_8516.png,1868 г.,4868 г.
images_group_13_1460_8519.png,этихъ,Этихъ
images_group_13_1460_8526.png,20,"20,"
images_group_13_1460_8529.png,гос,гае
images_group_13_1460_8530.png,№85303,"№№5303,"
images_group_13_1460_8535.png,Уи,Уп
images_group_13_1460_8543.png,№3470,"№3470,"
images_group_13_1460_8546.png,"4150,","4750,"
images_group_13_1460_8551.png,20,"20,"
images_group_13_1460_8558.png,5583,5583.
images_group_13_1460_8563.png,1843 г.,1843
images_group_13_1460_8567.png,Запасно,запасно
images_group_13_1460_8571.png,Енисейскою,Енисейского
images_group_13_1460_8577.png,8.,8.-го
images_group_13_1460_8605.png,ною с,ною
images_group_13_1460_8610.png,пора,пори
images_group_13_1460_8614.png,указѣ,указъ
images_group_13_1460_8629.png,капиталу,"капиталу,"
images_group_13_1460_8636.png,Скорѣйшемъ,скорѣйшемъ
images_group_13_1460_8637.png,дополненіи,дополненіе
images_group_13_1460_8641.png,инородцевъ,инфородцевъ
images_group_13_1460_8642.png,земляя,земля
images_group_13_1471_10449.png,3-е,3-е) с
images_group_13_1471_10458.png,82 1/2,82 1/4
images_group_13_1471_10459.png,10774,"10,774."
images_group_13_1471_10467.png,"25,817 р.",25817 р.
images_group_13_1471_10470.png,50 коп.,50коп.
images_group_13_1471_10486.png,26 1/4к,26 1/4 к.
images_group_13_1471_10494.png,немъ,номъ
images_group_13_1471_10497.png,ро,р.
images_group_13_1471_10524.png,79 1/2к,79 1/2 к
images_group_13_1471_10533.png,"21,126 р.",21.126 р.
images_group_13_1471_10545.png,98 1/4 184493.,98 1/4 184.493.
images_group_13_1471_10559.png,"поступившихъ - 76,67 2",поступившихъ - 5762 р
images_group_13_1471_10565.png,процентовь,процентовъ
images_group_13_1471_10573.png,9 1/2 к.,9 1/2к.
images_group_13_1471_10587.png,убочихъ,убогихъ
images_group_13_1471_10588.png,и 8 р,и 8р
images_group_13_1471_10615.png,93115 р.,"93,115 р."
images_group_13_1471_10626.png,государ,государ-
images_group_13_1471_10627.png,7924 р.,1924 р.
images_group_13_1471_10628.png,3 1/4к.,3 1/4 к.
images_group_13_1471_10637.png,8481.,8481
images_group_13_1471_10642.png,долгу,дому
images_group_13_1471_10647.png,желѣзныхъ,желзныхъ
images_group_13_1471_10649.png,283034.,"283,034."
images_group_13_1471_10651.png,97780.,"97,780."
images_group_13_1471_10653.png,72774.,"72,774."
images_group_13_1471_10655.png,308040.,"308,040."
images_group_13_1471_10661.png,остаст-,остает-
images_group_13_1483_12613.png,деревянная -,деревянная-
images_group_13_1483_12621.png,дерев-,дерев.-
images_group_13_1483_12630.png,дерев-,дерев.
images_group_13_1483_12634.png,каменная-,каменная.
images_group_13_1483_12639.png,деревянныхъ,Деревянныхъ
images_group_13_1483_12651.png,деревянныхъ,Деревянныхъ
images_group_13_1483_12655.png,Каменныхъ,Каменныхъ.
images_group_13_1483_12657.png,Всего..,Всего.
images_group_13_1483_12659.png,Итого,Итого-
images_group_13_1483_12665.png,417,417.
images_group_13_1483_12681.png,пра,Пра
images_group_13_1483_12682.png,камен,камен.
images_group_13_1483_12685.png,каменная-1,каменная - 1
images_group_13_1483_12714.png,деревянныхъ-,деревянныхъ
images_group_13_1483_12715.png,Домовъ обществ.,Домовъобществ.
images_group_13_1483_12739.png,(Кожевенный,(Кожевенный-
images_group_13_1483_12745.png,Мыловарен,Мыловарен.
images_group_13_1483_12760.png,Провіантскій,Провіантскіи
images_group_13_1483_12761.png,Провіантскій,(Провіантскій-
images_group_13_1483_12764.png,Соляной,Солянои.
images_group_13_1483_12767.png,Солянои,Солянои.
images_group_13_1483_12771.png,2,2.
images_group_13_1483_12775.png,Винныхъ-,Винныхъ
images_group_13_1483_12784.png,дерев-,дерев.-
images_group_13_1483_12789.png,дерев-,дерев.-
images_group_13_1483_12790.png,1.,1
images_group_13_1485_12986.png,воискъ,войскъ
images_group_13_1485_12998.png,"211,039111","211,039,111"
images_group_13_1485_13009.png,"214825,235","214,825,235"
images_group_13_1485_13014.png,Енисейскаго,Енисенскаго
images_group_13_1485_13017.png,Полка-,полка-
images_group_13_1485_13027.png,Соядатскихъ,Солдатскихъ
images_group_13_1485_13032.png,Безсрочно-,Безсрочно
images_group_13_1485_13036.png,церквей,церквеи
images_group_13_1485_13060.png,6,6-
images_group_13_1485_13071.png,исповѣданій,исповѣданій:
images_group_13_1485_13075.png,содержаніи,содержаніи-
images_group_13_1485_13079.png,человѣкъ.,человѣкъ
images_group_13_1485_13086.png,каменная.,каменныг.
images_group_13_1485_13091.png,4-,4_
images_group_13_1485_13092.png,идолопоклонническихъ,Идолопоклонническихъ
images_group_13_1485_13103.png,"строениями,","строеніями,"
images_group_13_1485_13128.png,доходы.,"доходы,"
images_group_13_1485_13154.png,29766,"29,766"
images_group_13_1485_13177.png,неудобной,неудобной-
images_group_13_1485_13178.png,419435,"419,435"
images_group_13_15_15948.png,тревуютъ,требуютъ
images_group_13_15_15950.png,увеличиваться,увеличиваться.
images_group_13_15_15955.png,и заю-,и заво-
images_group_13_15_15961.png,Енисйской,Енисейской
images_group_13_15_15964.png,По,Къ
images_group_13_15_15965.png,шелу,числу
images_group_13_15_15967.png,рода,роди
images_group_13_15_15969.png,"буетъ,","вустъ,"
images_group_13_15_15971.png,домчена,должена
images_group_13_15_15974.png,довыча,добыча
images_group_13_15_15983.png,прискахъ.,пріискахъ.
images_group_13_15_15998.png,зало,золо
images_group_13_15_16001.png,промышлахъ.,промыслахъ.
images_group_13_15_16005.png,пуб.,пуд.
images_group_13_15_16007.png,54 зол,54 зол.
images_group_13_15_16009.png,58 долг.,58 дня.
images_group_13_15_16014.png,намыто,нашито
images_group_13_15_16017.png,б пуд.,5 пуд.
images_group_13_15_16018.png,34 ф.,34ф.
images_group_13_15_16019.png,85 зд.,85 зол.
images_group_13_15_16021.png,дой.,дол.
images_group_13_15_16023.png,38 3/4 к.,38 3/4 м.
images_group_13_15_16024.png,заоста,золота
images_group_13_15_16030.png,бомъ.,былъ.
images_group_13_15_16034.png,"четырехъ,",четырехъ
images_group_13_15_16036.png,"1863 г.,","1863г.,"
images_group_13_15_16039.png,мелѣзныхъ,желѣзныхъ
images_group_13_15_16041.png,заводъ,заводахъ.
images_group_13_15_16042.png,"вочкахъ,","бочкахъ,"
images_group_13_15_16044.png,"боронахъ,","воронахъ,"
images_group_13_15_16047.png,изо,изо-
images_group_13_1432_16160.png,7,7.
images_group_13_1433_16161.png,р. Гурьно;,Typhus
images_group_13_15_16742.png,селѣ,силѣ
images_group_13_15_16751.png,рубы,руды
images_group_13_15_16759.png,и заводовъ,и заводовъ.
images_group_13_15_16769.png,горун.,2 оруж.
images_group_13_15_16771.png,"49,97","49,977"
images_group_13_15_16776.png,жилѣза,желѣза
images_group_13_15_16790.png,срабитахъ,фабрикахъ
images_group_13_15_16791.png,вырадо-,вырабо-
images_group_13_15_16794.png,"507,84","507,784"
images_group_13_15_16797.png,1362,1862.
images_group_13_15_16806.png,"411,847 р.","411,347 р."
images_group_13_15_16807.png,38 3/4к,38 3/4 к.
images_group_13_15_16823.png,77 р.,77 1/2
images_group_13_1452_17109.png,"30,",30.?
images_group_13_1457_17124.png,Алексѣйя,Алексѣя
images_group_13_1460_17165.png,предписаніями,предпісаніями
images_group_13_1460_17167.png,1868г.,1868 г
images_group_13_1460_17170.png,гол,20й
images_group_13_1460_17173.png,Оскорѣйшемъ,О скорѣйшемъ
images_group_13_1460_17180.png,га,за
images_group_13_1460_17181.png,инфорческихъ,инородческихъ
images_group_13_1485_17260.png,303301,"303,301"
images_group_13_1485_17261.png,необработанной,необработанной-
images_group_13_1410_17306.png,розды,ѣзды
images_group_13_1440_17676.png,-какъ,какъ
images_group_13_1431_17863.png,16,16_
images_group_13_1433_17868.png,132.,_132.
images_group_13_1436_17879.png,7260,1260
images_group_13_1452_17916.png,недостижениемъ,недостиженіемъ
images_group_13_1471_18109.png,"а.,",а.)
images_group_13_1471_18112.png,2850 р.,2850р.
images_group_13_1483_18186.png,1.,1
images_group_13_15_18340.png,"Э11,","ж,"
images_group_13_15_18341.png,Заводы,Заводы.
images_group_36_5796_2934.png,2.ч.,227
images_group_36_5796_2961.png,дал,1906
images_group_36_5796_2965.png,Юб.,202
images_group_36_5796_2967.png,Ж,№
images_group_36_5796_2973.png,Поэти,№ 25 опись
images_group_36_5796_2975.png,-8,8
images_group_36_5796_2979.png,туть-же,тутъ-же
images_group_36_5796_2980.png,"""",11
images_group_36_5796_2981.png,статиезмечению,статистическихъ
images_group_36_5796_2982.png,таблицы,таблицъ
images_group_36_5796_2983.png,отпер,отчет
images_group_36_5796_2988.png,(Котча),(Копія)
images_group_36_5796_2990.png,786виста,7 Августа
images_group_36_5796_2991.png,1902г.,"1902 г,"
images_group_36_5796_2992.png,1904г.,1904 г.
images_group_36_5797_3012.png,1/2,1а
images_group_36_5797_3014.png,12.,Къ
images_group_36_5797_3035.png,Ую,Iю
images_group_36_5797_3040.png,№ 6289,№6289.
images_group_36_5797_3062.png,1.,г.
images_group_36_5797_3064.png,Потравляющій,Исправляющій
images_group_36_5797_3066.png,горунаторъ,губернаторъ
images_group_36_5797_3067.png,Лиф-,ваш-
images_group_36_5797_3068.png,прорикторъ,губернатор
images_group_36_5797_3080.png,этопопроизводитель,Дѣлопроизводитель
images_group_36_5808_6443.png,Подмный,Подлиный
images_group_36_5857_21722.png,83,33.
images_group_36_5796_25541.png,Всеподданый,Всеподданнѣйшій
images_group_36_5845_26008.png,37,27
images_group_39_6290_574.png,1992,1892
images_group_39_632_10828.png,32-го,32 го
images_group_39_632_10834.png,Троимъ,Троиц-
images_group_39_632_10836.png,робота,работа-
images_group_39_632_10840.png,въ с.,въ С.
images_group_39_632_10847.png,Мошлевскаго,Могилевскаго
images_group_39_632_10854.png,Устьян-,Устьян
images_group_39_632_10883.png,дер,дер.
images_group_39_632_10890.png,28го,28-го
images_group_39_632_10891.png,Полацкаго,Полоцкаго
images_group_39_632_10899.png,Верх,Верх-
images_group_39_632_10901.png,"Уваръ,",Уваръ
images_group_39_632_10910.png,Селенчинскаго.,Селенгинскаго.
images_group_39_632_10915.png,Илан,Илан-
images_group_39_632_10930.png,Курышинской,"Курышинской,"
images_group_39_634_11275.png,Финляндскаго,Финляндскаго:
images_group_39_634_11281.png,Арсаній,Арсеній
images_group_39_634_11283.png,въ С.,въ с.
images_group_39_634_11284.png,План-,Илан-
images_group_39_634_11293.png,Бурмакинъ,Бурмакинъ.
images_group_39_634_11298.png,Кавардинскаго,Кабардинскаго
images_group_39_634_11301.png,Батареи,батареи
images_group_39_634_11314.png,Бригады:,Бригады.
images_group_39_634_11323.png,Анцыр,Анцыр-
images_group_39_634_11328.png,Старо,Старо-
images_group_39_634_11334.png,Торентьевъ,Терентьевъ
images_group_39_634_11339.png,Гавріи,Гвардіи
images_group_39_634_11343.png,полковъ.,полковъ:
images_group_39_634_11352.png,Хлѣбопашествомъ.,Хлѣбопашествомъ
images_group_39_634_11362.png,дере,дер.
images_group_39_634_11367.png,Тасѣевскимъ,Тасѣевскомъ
images_group_39_634_11369.png,Очурчиковой,Огурчиковой
images_group_39_635_11374.png,№36,136
images_group_39_635_11445.png,Присъ,Прыт-
images_group_39_635_11484.png,460,460.
images_group_39_635_11489.png,На-,На
images_group_39_635_11512.png,Сергѣевй,Сергѣевъ
images_group_39_635_11524.png,№ №-го,№ 1-го
images_group_39_635_11525.png,унтеръ,Унтеръ
images_group_39_635_11546.png,Бари-,Бири-
images_group_39_6448_14001.png,городовъ,городовыхъ
images_group_39_6448_14014.png,двухъ,двумъ
images_group_39_6448_14021.png,глады,завода
images_group_39_6448_14022.png,Гут,97
images_group_39_6448_14024.png,Губерніи,Губернских
images_group_39_6448_14028.png,о,и
images_group_39_6448_14029.png,Губерніи.,Губерніи
images_group_39_6448_14033.png,3-.,за-
images_group_39_6448_14037.png,(042),(149)
images_group_39_6448_14042.png,Губерніи,Губерна-
images_group_39_6448_14059.png,губерніи,Губерніи
images_group_39_6448_14061.png,тов-бы,тововыхъ
images_group_39_6448_14072.png,бытаіой,бытлевой
images_group_39_6448_14075.png,Соловькой,Енисейской
images_group_39_6448_14076.png,2 уб.ра,Губерні
images_group_39_6448_14082.png,заводятся,заводовыми
images_group_39_6455_14539.png,Губернскахъ,Губернскаго
images_group_39_6455_14540.png,Упражненія.,Управленія
images_group_39_6455_14541.png,19-й,19 ч
images_group_39_6455_14544.png,Отдаленіи,Отделеніе/
images_group_39_6455_14546.png,Внертію,Внутрен
images_group_39_6455_14550.png,1554,1854
images_group_39_6455_14552.png,Дѣлъ,дѣлъ
images_group_39_6455_14559.png,красноярского,Красноярскъ
images_group_39_6455_14563.png,за,За
images_group_39_6455_14567.png,приложеніями,"приложеніями,"
images_group_39_6455_14571.png,при имъ,при симъ
images_group_39_6455_14574.png,"Комитетовъ,",Комитетовъ
images_group_39_6455_14581.png,житольномъ,Начальникъ
images_group_39_6461_15035.png,"31,099г","31,099,"
images_group_39_6461_15036.png,более,болѣе
images_group_39_6461_15041.png,Умельшеніе,Уменьшеніе
images_group_39_6461_15042.png,довычи,добычи
images_group_39_6461_15048.png,Золотъ,золото
images_group_39_6461_15050.png,песковъ,песковъ.
images_group_39_6461_15054.png,золотопроизводства,золотопроизводство
images_group_39_6461_15055.png,прилагаются,прилагаютс
images_group_39_6461_15058.png,подъ-,подъ
images_group_39_6461_15063.png,30,30.
images_group_39_6461_15065.png,32.,"32,"
images_group_39_6461_15068.png,"з.,","з,"
images_group_39_6461_15083.png,"Губею,",Губер
images_group_39_6461_15084.png,но ніи,ніи
images_group_39_6461_15086.png,въ города,въ городѣ
images_group_39_6461_15087.png,Еги,Ени
images_group_39_6461_15090.png,"Енисѣ,","Енисеѣ,"
images_group_39_6466_15270.png,79,10
images_group_39_6466_15284.png,Минусинскій округъ.,Минусинскій округъ
images_group_39_6466_15285.png,Затятія,Занятія
images_group_39_6466_15289.png,и работа промыслѣ,и рыбномъ промыслѣ;
images_group_39_6466_15292.png,един.,един-
images_group_39_6466_15301.png,не сужда и эле,не чужда и хлѣ-
images_group_39_6466_15303.png,осѣдлы жа,осѣдлые же
images_group_39_6467_15306.png,гонородцевъ,инородцевъ
images_group_39_6467_15312.png,полой,пола
images_group_39_6467_15315.png,и долопоклонники,идолопоклонники
images_group_39_6467_15322.png,шимановъ,шамановъ.
images_group_39_6467_15324.png,не имѣютъ,неимѣютъ.
images_group_39_6467_15325.png,я,л)
images_group_39_6467_15326.png,Сельское,сельское
images_group_39_6467_15328.png,составляетъ,составляетъ.
images_group_39_6467_15330.png,здѣев,здѣсь
images_group_39_6467_15333.png,сель.,сель
images_group_39_6467_15346.png,до 61 г,до 61 к.
images_group_39_6468_15355.png,долгы же,далѣе же
images_group_39_6468_15359.png,"клемата, прекращается","климата, прекращается."
images_group_39_6468_15362.png,бреля,время
images_group_39_6468_15367.png,имени,именно
images_group_39_6468_15369.png,города,города.
images_group_39_6468_15370.png,Верхне,Верхне-
images_group_39_6468_15372.png,опиты,опыты
images_group_39_6468_15374.png,хоти,хотя
images_group_39_6468_15376.png,но.,"но,"
images_group_39_6468_15377.png,Турухъно,Турухан
images_group_39_6468_15381.png,видѣо.,видѣ.
images_group_39_6468_15382.png,Писивъ,Посевъ
images_group_39_6468_15387.png,въ минуъ,въ минув
images_group_39_6468_15393.png,меніе,менѣе
images_group_39_6478_16026.png,челючая,исключая
images_group_39_6478_16028.png,"полата,","Полата,"
images_group_39_6478_16045.png,нѣтъ;,"нѣтъ,"
images_group_39_6478_16064.png,почтовал,почтовыя
images_group_39_6484_16509.png,частною,частного
images_group_39_6484_16514.png,Австрійский,Австрійскій
images_group_39_6484_16517.png,приняру,присягу
images_group_39_6484_16519.png,"к, Прошешства","к, Происшествія"
images_group_39_6484_16522.png,я. Жаловы,л) Жалобы
images_group_39_6484_16524.png,Польменныхъ,Письменныхъ
images_group_39_6484_16525.png,посту,посту-
images_group_39_6484_16532.png,сведенія по 30,свѣдѣнія по... 30
images_group_39_6290_16740.png,Копія,Копія.
images_group_39_632_17046.png,388,133
images_group_39_632_17047.png,об,об.
images_group_39_632_17064.png,наймоу.,найму.
images_group_39_634_17082.png,Пермяковъ..,Пермяковъ.
images_group_39_634_17091.png,Либъ Гвардіи 2-й,Леибъ-Гвардіи 2:
images_group_39_6455_18667.png,года,года.
images_group_39_6455_18671.png,обдѣнній,отделеній
images_group_39_6455_18673.png,№223,№293
images_group_39_6461_18774.png,с.,и
images_group_39_6466_18848.png,поихъ,коихъ
images_group_39_6466_18850.png,проиму-,преиму-
images_group_39_6466_18852.png,звериномъ,звѣриномъ
images_group_39_6466_18856.png,главнѣй,главный.
images_group_39_6466_18857.png,ил,ше
images_group_39_6467_18861.png,ио,но
images_group_39_6467_18862.png,или,если
images_group_39_6467_18868.png,впрочесповѣданія,вѣроисповѣданія
images_group_39_6468_18871.png,отчеты,опыты
images_group_39_6468_18873.png,вниму помянутой,вышеупомянутой
images_group_39_6468_18874.png,чурта,черта
images_group_39_6468_18882.png,ныхъ,нынѣ
images_group_39_6478_19035.png,нам,наем
images_group_39_6478_19036.png,суммы исправи-,суммы исправле-
images_group_39_6478_19042.png,во,во-
images_group_39_6484_19135.png,происшествій,происшествий
images_group_39_6484_19136.png,означенъ,означено
images_group_39_6484_19138.png,жаловъ,жалобъ
images_group_39_6484_19141.png,изъ инострѣе.,изъ иностран-
images_group_30_4728_766.png,24.,311.
images_group_30_4752_7515.png,1,1.
images_group_30_4752_7533.png,11 то,11-ть
images_group_30_4752_7539.png,за,"за,"
images_group_30_4752_7540.png,1900,1900-й
images_group_30_4752_7543.png,иленъ,Илецъ
images_group_30_4752_7544.png,"И. А,",И.д.
images_group_30_4754_7566.png,уѣздным,уѣздный
images_group_30_4754_7573.png,уѣздный,Уѣдный
images_group_30_4754_7577.png,уѣздный,Уѣдный
images_group_30_4754_7847.png,5735,5135
images_group_30_4754_7854.png,22477,22147
images_group_30_4755_7956.png,Уѣздъ,уѣздъ
images_group_30_4755_8107.png,571,511
images_group_30_4755_8137.png,63513,63573
images_group_30_4755_8141.png,62220,6220
images_group_30_4755_8145.png,96543 89118,96573 89118
images_group_30_4755_8149.png,5712,5112
images_group_30_4761_9203.png,67.,67
images_group_30_4761_9213.png,городахъ,городахь
images_group_30_4763_9467.png,въ уюзахъ.,"въ уѣздахъ,"
images_group_30_4772_11933.png,до,90
images_group_30_4772_11936.png,51.,57.
images_group_30_4772_12079.png,1091,1001
images_group_30_4772_12224.png,в,6
images_group_30_4772_12841.png,4.,4
images_group_30_4772_12887.png,6,в
images_group_30_4772_12906.png,1.,1
images_group_30_480_18912.png,копія,Копія
images_group_30_480_18960.png,377,377.
images_group_30_480_19041.png,въ,Въ
images_group_30_480_19042.png,Турунанскомъ,Туруханскомъ
images_group_30_480_19059.png,227,227.
images_group_30_480_19066.png,Примѣчаніе:,Примѣчаніе
images_group_30_480_19068.png,Кромѣ,кромѣ
images_group_30_480_19079.png,1 му,1 му-
images_group_30_480_19083.png,Григоріан.,Григоріан-
images_group_30_481_19106.png,Самоѣдовъ,самоѣдовъ
images_group_30_481_19111.png,"и 3,","и 3.,"
images_group_30_481_19113.png,христіанскихъ,Христіанскихъ
images_group_30_481_19133.png,Свидѣтельствую Гражданскій,СвидѣтельствуюГражданскій
images_group_30_485_19510.png,171,171.
images_group_30_485_19528.png,привленіе,правленіе
images_group_30_485_19529.png,послѣденій,помѣщеній
images_group_30_485_19535.png,слой,ской
images_group_30_485_19548.png,13,В
images_group_30_485_19551.png,представлено,представлена
images_group_30_485_19553.png,преоставленіи,представленіи
images_group_30_485_19555.png,изъ,губ
images_group_30_485_19557.png,управленіо,Управленія
images_group_30_485_19566.png,за,за №
images_group_30_485_19573.png,Оченъ,"Очетъ,"
images_group_30_485_19575.png,основанія,основаній
images_group_30_485_19577.png,Р.,Г.
images_group_30_485_19585.png,іюля,Iюля
images_group_30_485_19588.png,морзо,Марта
images_group_30_485_19590.png,Канделярія,Канцелярія
images_group_30_485_19593.png,№ 629.,№629.
images_group_30_485_19594.png,иаго,наго
images_group_30_485_19595.png,управленія,Управленія
images_group_30_485_19598.png,объ,Объ
images_group_30_485_19600.png,быста,быта
images_group_30_485_19602.png,Депортамента,Департаменту
images_group_30_485_19604.png,духовества,духовенства
images_group_30_485_19611.png,Въ,Къ
images_group_30_485_19612.png,тельниками,тельнейше
images_group_30_485_19613.png,сообщить,сообщить.
images_group_30_485_19614.png,Поднимать,Подписанъ
images_group_30_485_19615.png,предсѣдательствующий,Предсѣдательствующій
images_group_30_485_19621.png,Темучаъ,Генералъ
images_group_30_485_19622.png,Лейтелантъ,Лейтенантъ
images_group_30_485_19635.png,вѣдѣтіемъ,Отдѣленіемъ
images_group_30_485_19644.png,полнительных,полнительныя
images_group_30_485_19645.png,свѣдния.,свѣдѣнія.
images_group_30_485_19651.png,звух,двухъ
images_group_30_485_19655.png,тракѣ,трактъ
images_group_30_485_19656.png,эт,от
images_group_30_485_19660.png,представле,Представле
images_group_30_487_19737.png,Впутренихъ,Внутреннихъ
images_group_30_487_19740.png,наября,октябр
images_group_30_487_19751.png,проту,прошу
images_group_30_487_19763.png,означенныя,означенных
images_group_30_487_19766.png,Мая и,Мая 18
images_group_30_487_19775.png,№153,№153.
images_group_30_487_19779.png,"на 8,",на бу
images_group_30_487_19791.png,5.,Г.
images_group_30_487_19795.png,семъ,семь
images_group_30_487_19801.png,Учить,Упр По
images_group_30_487_19803.png,1го,1-го
images_group_30_487_19804.png,оположеніи,о положеніи
images_group_30_487_19808.png,всліе,вленіе
images_group_30_487_19809.png,спискамъ со,списками со
images_group_30_487_19810.png,всехъ,всепод
images_group_30_487_19811.png,лавнаго,главнаго
images_group_30_487_19812.png,управленія,Управленія
images_group_30_487_19817.png,доминѣйшихъ,даннѣйшихъ
images_group_30_487_19819.png,отдѣленіе,отдѣленія
images_group_30_487_19827.png,12,1-й
images_group_30_487_19832.png,четовъ,четовъ.
images_group_30_487_19840.png,Превосходи.,Превосходи-
images_group_30_487_19848.png,управляющій,Управляющій
images_group_30_487_19856.png,15.,В.
images_group_30_487_19871.png,( какъ,(какъ
images_group_30_487_19876.png,форма:,форма:)
images_group_30_49_20221.png,двѣ аго,Изъ сего
images_group_30_49_20225.png,"1883 году,","1863 году,"
images_group_30_49_20226.png,дѣй производство,дѣлопроизводство
images_group_30_49_20228.png,въ 1862г.,въ 1862 г.
images_group_30_49_20232.png,весьмъ,весьма
images_group_30_49_20233.png,"успѣйно,","успѣшно,"
images_group_30_49_20235.png,отнести,отнѣсти
images_group_30_49_20236.png,слѣду,слѣду-
images_group_30_49_20237.png,стъ,етъ
images_group_30_49_20249.png,Обоумушеніи,Объ улучшеніи
images_group_30_49_20251.png,валаснихъ церкей.,вославныхъ церквей:
images_group_30_49_20252.png,Соверхнаіне,Содержаніе
images_group_30_49_20255.png,удовлетворительному,удовлетворительномъ
images_group_30_49_20256.png,состояніи.,состояніи
images_group_30_49_20257.png,ховства,ховенства
images_group_30_49_20260.png,ги,гу-
images_group_30_49_20263.png,производимымъ,производи
images_group_30_49_20264.png,оному,онаму
images_group_30_49_20267.png,маловань,жаловань-
images_group_30_49_20274.png,повсемъ,по всѣмъ
images_group_30_49_20279.png,Палатъ дѣ,Палатъ дѣ-
images_group_30_49_20286.png,Церконо-,Церковно
images_group_30_49_20289.png,исканченіемъ,исключеніемъ
images_group_30_49_20301.png,устроены,устроеные
images_group_30_49_20302.png,дома.,дѣла.
images_group_30_49_20304.png,предсѣдательствомъ,предсѣдательствамъ
images_group_30_49_20306.png,"Архиерея,","Архіерея,"
images_group_30_49_20310.png,395.,895.
images_group_30_490_20337.png,1-гильдіи,1-й гильдіи
images_group_30_490_20339.png,по заимствованныхъ,позаимствованныхъ
images_group_30_490_20352.png,по 87 р,по 87р
images_group_30_490_20369.png,"по 51р,","по 51 р,"
images_group_30_490_20382.png,"коммисіи,","Коммисіи,"
images_group_30_490_20390.png,дѣламъ,дѣламь
images_group_30_490_20417.png,городъ,городѣ
images_group_30_490_20447.png,по 3р,по 3 р
images_group_30_490_20454.png,по р.,по 6 р.
images_group_30_490_20457.png,.4255 р. 9.,.4255 р.д.
images_group_30_490_20481.png,1-по,1 по
images_group_30_490_20483.png,2-,2
images_group_30_490_20485.png,3-по 24 к.,3- по 24 к.
images_group_30_490_20494.png,"ши,",ши
images_group_30_4935_22503.png,и,аб
images_group_30_4935_22504.png,улучшений,улучшенію
images_group_30_4935_22505.png,94,24.
images_group_30_4935_22506.png,Мая д5,Мая 95
images_group_30_4935_22509.png,рѣкт,рѣкѣ
images_group_30_4935_22510.png,Ангосѣрѣ,Ангарѣ
images_group_30_4935_22511.png,имменеру,инженеру
images_group_30_4935_22512.png,чернодову.,Чернецову.
images_group_30_4935_22514.png,Имею,Имѣю
images_group_30_4935_22518.png,М.г.,М.
images_group_30_4935_22520.png,свобщить,сообщить
images_group_30_4935_22521.png,шнь,мнѣ
images_group_30_4935_22522.png,Имѣющиеся,имеющиеся
images_group_30_4935_22523.png,7,у
images_group_30_4935_22524.png,Пла,Ва съ
images_group_30_4935_22526.png,о,О
images_group_30_4935_22528.png,работа,работъ
images_group_30_4935_22530.png,1814 года,1844 годъ
images_group_30_4935_22535.png,рѣкт,рѣкѣ
images_group_30_4935_22536.png,"Ангорѣ,","Ангарѣ,"
images_group_30_4935_22541.png,джныхъ,данныхъ
images_group_30_4935_22543.png,в сень,всей
images_group_30_4935_22544.png,дозел-,здан -
images_group_30_4935_22549.png,нае,нее
images_group_30_4935_22553.png,18,138
images_group_30_4935_22555.png,Теляковск,Теляковскій
images_group_30_4935_22559.png,Вѣрно,Вѣрно:
images_group_30_4936_22563.png,4,1/1
images_group_30_4936_22564.png,Ленералъ,Генералъ-
images_group_30_4936_22565.png,Доказану,Господину
images_group_30_4936_22568.png,30 Мая 95 г.,30 Мая 95 г
images_group_30_4936_22569.png,№431,№4137№4137№4137
images_group_30_4936_22570.png,Иштъ,Имѣю
images_group_30_4936_22576.png,благоусмонужные,благоусмотреніе
images_group_30_4936_22577.png,Вашей,Вашего
images_group_30_4936_22578.png,Высоко,Высоко-
images_group_30_4936_22581.png,всподденнйшаго,всеподданнейшего
images_group_30_4936_22585.png,Енисенской,Енисейской
images_group_30_4936_22587.png,"за 1894 г.,",за 1894 г.
images_group_30_4936_22592.png,сообще-,сообще
images_group_30_4936_22594.png,мнѣ,"мнѣ,"
images_group_30_4936_22607.png,"Дѣлъ,","Дѣль,"
images_group_30_4752_23158.png,10,IV
images_group_30_4752_23160.png,же н.,252/616
images_group_30_4752_23162.png,Фанисеорію,Канцелярію
images_group_30_4755_23311.png,Уѣ дный,Уѣдный
images_group_30_487_23374.png,№,45
images_group_30_487_23377.png,173.,173
images_group_30_49_23379.png,74.,14.
images_group_30_49_23382.png,въ г,въ г.
images_group_30_49_23383.png,ярскѣ,ярекѣ
images_group_30_49_23385.png,ванныхъ,военныхъ
images_group_30_49_23386.png,кинто-,канто-
images_group_30_49_23388.png,приображенныхъ,преобрѣтенныхъ
images_group_30_49_23391.png,Остаба,Остава
images_group_30_49_23393.png,ко,къ
images_group_30_49_23398.png,1444,1444.
images_group_30_49_23402.png,попроизводство,иопроизводство
images_group_30_49_23407.png,Канной,Конной
images_group_30_49_23408.png,Палитѣ,Палатѣ
images_group_30_49_23409.png,Губернскому,Губернскаму
images_group_30_49_23411.png,33,Въ
images_group_30_49_23412.png,4863,1863
images_group_30_49_23413.png,году,году.
images_group_30_49_23418.png,ко,Къ
images_group_30_49_23419.png,1862,1864
images_group_30_49_23424.png,листь,шить.
images_group_30_49_23425.png,лось.,нось.
images_group_30_49_23439.png,348910.,"348,970."
images_group_30_49_23442.png,порадкѣ,порядкѣ
images_group_30_49_23452.png,подозможности,повозможности
images_group_30_4936_23492.png,19 ягря 1819,19 января 1893
images_group_30_485_23586.png,Столопачальникъ,Столоначальнікъ
images_group_1_1017_7867.png,4.,41.
images_group_1_104_12483.png,Барабанщикъ.,Барабанщикъ:
images_group_1_104_12485.png,Ни,Жи
images_group_1_104_12486.png,Домошаниями,Домашними
images_group_1_104_12490.png,Вахрушев,Вахругинъ
images_group_1_104_12495.png,№4.,№4
images_group_1_104_12497.png,Ивановъ.,Ивановъ
images_group_1_104_12498.png,Рядовой.,№4 Рядовой.
images_group_1_104_12504.png,Иновой.,Иковой.
images_group_1_104_12508.png,Мелентъ,Миленть
images_group_1_104_12512.png,Бѣлянинъ.,Бѣлянинъ
images_group_1_104_12516.png,Прокопь,Прокопъ
images_group_1_104_12517.png,Пшевывоводствомъ,Письмоводствомъ
images_group_1_104_12518.png,Письмоводет,Письмоводст
images_group_1_104_12519.png,Нистеровъ,Нестеровъ
images_group_1_104_12521.png,офицеры,офицеръ
images_group_1_104_12522.png,по найму,по найму.
images_group_1_104_12528.png,ми,Ми
images_group_1_104_12531.png,Гавриловъ.,Гавріиловъ
images_group_1_104_12534.png,Домашніемъ,Домашними
images_group_1_104_12539.png,Уюзе,Юзе
images_group_1_104_12544.png,Крижинскій,Кричинскій
images_group_1_104_12552.png,офицеръ,офицеръ.
images_group_1_104_12555.png,Портнымъ ми-,Портнымъ ма-
images_group_1_104_12561.png,оредо,Федо
images_group_1_104_12568.png,Саталіоновъ,Баталіоновъ
images_group_1_1052_13928.png,И.,и
images_group_1_1052_13947.png,оть,отъ
images_group_1_1052_13958.png,"училищъ,","училищь,"
images_group_1_1052_13964.png,"семейныхъ,","семеиныхъ,"
images_group_1_1052_13969.png,Ухашия,Учащих
images_group_1_1052_13974.png,въ,во
images_group_1_1052_13989.png,предмест,предшест
images_group_1_1052_13992.png,И,и
images_group_1_1052_13996.png,125,125-ю.
images_group_1_1052_14003.png,адмистратие,адмистратив
images_group_1_1052_14034.png,полицейс-,полицеис-
images_group_1_1052_14035.png,управленіяхъ,Управленія
images_group_1_1052_14041.png,разнообраз,разнообраз.
images_group_1_1054_14174.png,6.,10.
images_group_1_1054_14175.png,Копія,Копія.
images_group_1_1054_14188.png,была,были
images_group_1_1054_14202.png,доворность,довѣрность
images_group_1_1054_14205.png,Губернского,Губернском
images_group_1_1054_14207.png,Статскіе,Статскій
images_group_1_1055_14495.png,59 2435,592435
images_group_1_1055_14539.png,49 8824,498827
images_group_1_1055_14560.png,1953981,1953381
images_group_1_104_28452.png,в.,8.
images_group_1_104_28453.png,9,9.
images_group_1_104_28456.png,№ 3-ю,№3-го
images_group_62_9057_265.png,ЗА,за
images_group_62_9057_270.png,исполниваннымиему,всеподданныйшему
images_group_62_9057_272.png,Краснокренъ.,Красноярскъ
images_group_62_9072_3103.png,Большые,Больные
images_group_62_9072_3104.png,рабочее,рабочіе
images_group_62_9072_3105.png,пользовалась,пользовались
images_group_62_9072_3107.png,привековыхъ,пріисковыхъ
images_group_62_9072_3110.png,въ,на
images_group_62_9072_3113.png,этопровышенниковъ,золотопромышленниковъ
images_group_62_9072_3119.png,занимались,занихались
images_group_62_9072_3122.png,ниблюденіемъ,наблюденіемъ
images_group_62_9072_3124.png,вольсо-наежные,вольно-надежные
images_group_62_9072_3125.png,фельдшеры,фельдшера
images_group_62_9072_3129.png,изъ,язь
images_group_62_9072_3132.png,в,на
images_group_62_9072_3133.png,полотыхъ,золотыхъ
images_group_62_9072_3134.png,промыслахъ,промыслать
images_group_62_9072_3137.png,иза,или
images_group_62_9072_3142.png,провлямъ,провелымъ
images_group_62_9072_3143.png,годомъ,годомы
images_group_62_9072_3146.png,заболевания,заболзания
images_group_62_9072_3153.png,большыхъ,большихъ
images_group_62_9072_3159.png,Не,Изъ
images_group_62_9072_3168.png,2,2%
images_group_62_9072_3176.png,воймано,поймано
images_group_62_9072_3177.png,и,45
images_group_62_9072_3180.png,2%,2%.
images_group_62_9072_3185.png,въ,и
images_group_62_9072_3193.png,ин,54
images_group_62_9072_3206.png,имя,ихъ
images_group_62_9072_3209.png,имеет,тяжесть
images_group_62_9072_3211.png,в,их
images_group_62_9072_3212.png,золотыхъ,золотить
images_group_62_9072_3213.png,прискахъ.,пріискахъ
images_group_62_9072_3218.png,взделя,вый
images_group_62_9072_3219.png,2561869,2561809
images_group_62_9072_3220.png,руб:,руб.
images_group_62_9072_3222.png,заводать,заведать
images_group_62_9072_3228.png,71,"71,"
images_group_62_9072_3229.png,3%,5%
images_group_62_9072_3231.png,и,в
images_group_62_9072_3232.png,долго,долло
images_group_62_9072_3233.png,нанокуренныхъ,винокуренныхъ
images_group_62_9072_3235.png,волочныхъ,водочныхъ
images_group_62_9072_3236.png,заводовъ;,заведеть;
images_group_62_9072_3240.png,ные,име
images_group_62_9072_3245.png,промышленность,промышленности
images_group_62_9072_3249.png,неуловастворитель-,неудовлетворитель-
images_group_62_9072_3255.png,"капиталось,","капиталовъ,"
images_group_62_9072_3258.png,залотопрочив-,золотопромыш-
images_group_62_9072_3265.png,заводами,заведами
images_group_62_9072_3266.png,припиговъ,припасовъ
images_group_62_9072_3268.png,выкуренного,выкуреннаго
images_group_62_9072_3271.png,слдующее:,слѣдующее:
images_group_62_9072_3272.png,вына,зана
images_group_62_9072_3282.png,часто,число
images_group_62_9072_3283.png,по-,в
images_group_62_9072_3284.png,т,въ
images_group_62_9072_3286.png,чутовъ,чтовъ
images_group_62_9072_3287.png,т.,в
images_group_62_9072_3297.png,в,въ
images_group_62_9072_3298.png,Средное,Среднее
images_group_62_9072_3301.png,тана,запа
images_group_62_9072_3302.png,изъ,ихъ
images_group_62_9072_3303.png,ватора.,автора.
images_group_62_9072_3309.png,40%).,(40%).
images_group_62_9072_3313.png,лученія,лучения
images_group_62_9072_3314.png,тутеръ,дугар
images_group_62_9072_3320.png,Анасильно,Ачинского
images_group_62_9072_3324.png,"1064567,90","1664567,60"
images_group_62_9072_3330.png,Миріинский,Маріинский
images_group_62_9072_3332.png,"455930,91","455935,91"
images_group_62_9072_3334.png,567,557
images_group_62_9072_3335.png,"343,","345,"
images_group_62_9072_3337.png,53,за
images_group_62_9072_3338.png,Александровскй,Александровскій
images_group_62_9072_3340.png,"357132,25","367132,23"
images_group_62_9072_3343.png,"159,",159.
images_group_62_9072_3344.png,в,43
images_group_62_9072_3346.png,Михайловская,Михайловскій
images_group_62_9072_3347.png,50316,50816
images_group_62_9072_3349.png,"29464,27","29164,27"
images_group_62_9072_3354.png,50544,50541
images_group_62_9072_3357.png,243,213
images_group_62_9072_3363.png,Ильянскій,Ильянский
images_group_62_9072_3365.png,"2972683,42","2473065,42"
images_group_62_9072_3368.png,"536,","530,"
images_group_62_9072_3369.png,ка,22
images_group_62_9072_3372.png,Названскій,Ивановский
images_group_62_9072_3374.png,1366660,1560660
images_group_62_9072_3378.png,30,во
images_group_62_9072_3379.png,150,130
images_group_62_9072_3382.png,Казанский,Казанскія
images_group_62_9072_3384.png,1379270,1379370
images_group_62_9072_3387.png,302.47,"302,47"
images_group_62_9072_3390.png,114264,114261
images_group_62_9072_3391.png,4741260,1711200
images_group_62_9111_8539.png,нѣдомость,вѣдомость
images_group_62_9111_8542.png,недоимовъ,недоимокъ
images_group_62_9111_8544.png,городамъ,городовъ
images_group_62_9111_8549.png,ли,за
images_group_62_9111_8552.png,мъстности,МѢСТНОСТИ
images_group_62_9111_8554.png,по,По
images_group_62_9111_8555.png,городахъ,городамъ
images_group_62_9111_8559.png,Ачитену,Ачинску
images_group_62_9111_8568.png,Минусанскому,Минусинскому
images_group_62_9111_8570.png,ВСЕГО,всего
images_group_62_9119_8802.png,ГОРОДА,города
images_group_62_9119_8806.png,городъ,городѣ
images_group_62_9119_8807.png,Красноярскъ,Красноярскѣ
images_group_62_9119_8808.png,округ,округѣ
images_group_62_9119_8810.png,городъ,городѣ
images_group_62_9119_8811.png,Енисейскъ,Енисейскѣ
images_group_62_9119_8814.png,городъ,городѣ
images_group_62_9119_8815.png,Канскъ,Канскѣ
images_group_62_9119_8816.png,округъ,округѣ
images_group_62_9119_8818.png,городъ,городѣ
images_group_62_9119_8819.png,Минусинск,Минусинскъ
images_group_62_9119_8820.png,округѣ,"округѣ,"
images_group_62_9119_8822.png,городъ,городѣ
images_group_62_9119_8823.png,Ачинскъ,Ачинскѣ
images_group_62_9119_8824.png,округѣ,"округѣ,"
images_group_62_9120_8839.png,вѣдомость,въдомость
images_group_62_9120_8848.png,губерніи.,губерни.
images_group_62_9121_8852.png,Вы,Въ
images_group_62_9121_8854.png,город,городѣ
images_group_62_9121_8857.png,городахъ.,"городахъ,"
images_group_62_9121_8861.png,изъ,въ
images_group_62_9121_8862.png,ГУБЕРНIИ.,губерніи.
images_group_62_9121_8865.png,занятіи.,занятій.
images_group_62_9121_8882.png,"заведеній,",заведеній.
images_group_62_9121_8883.png,заведеній,заведеній.
images_group_62_9121_8884.png,заведеній,заведеній.
images_group_62_9121_8885.png,заведенія,заведеній
images_group_62_9121_8890.png,гимпаза,гимназія
images_group_62_9121_8893.png,Женский,Женскія
images_group_62_9121_8894.png,гимпани,гимназія
images_group_62_9121_8897.png,семиарія,еминарі
images_group_62_9121_8900.png,вей,ней
images_group_62_9121_8902.png,Удадныя,Уѣдныя
images_group_62_9121_8903.png,училища,училище
images_group_62_9121_8908.png,капесами,классами
images_group_62_9121_8909.png,Городенія,Городовія
images_group_62_9121_8912.png,училаща,училища
images_group_62_9121_8913.png,Приходскія,Приходскія:
images_group_62_9121_8914.png,1-о,1-й
images_group_62_9121_8916.png,учалища,училища
images_group_62_9121_8917.png,Аттей,Дѣтскій
images_group_62_9121_8918.png,приютъ,пріютъ
images_group_62_9121_8921.png,Сельски,Сельскія
images_group_62_9121_8923.png,училища,"училище,"
images_group_62_9121_8925.png,режесленное,ремесленное
images_group_62_9121_8926.png,учеляще,училище
images_group_62_9121_8927.png,и,въ
images_group_62_9130_10462.png,ТѣМъ,тѣмъ
images_group_62_9130_10479.png,въ,Въ
images_group_62_9130_10485.png,въ,Въ
images_group_62_9130_10509.png,улучшеніе,улучшеніe
images_group_62_9130_10515.png,имь,имъ
images_group_62_9130_10526.png,Въ,въ
images_group_62_9130_10531.png,горно-техническои,горно-технической
images_group_62_9130_10536.png,Въ,въ
images_group_62_9130_10549.png,въ,Въ
images_group_62_9130_10571.png,округъ,"округъ,"
images_group_62_9130_10579.png,слѣдуетъ,слѣдуеть
images_group_62_9130_10595.png,имѣтъ,имѣетъ
images_group_62_9130_10619.png,сообщенія,"сообщенія,"
images_group_62_9130_10620.png,Въ,въ
images_group_62_9130_10633.png,втунѣлежащими.,втунѣлежащими
images_group_62_9130_10664.png,Въ,въ
images_group_62_9130_10672.png,"годомъ,","годомь,"
images_group_62_9130_10673.png,понизилась,ПОНИЗИЛАСЬ
images_group_62_9130_10683.png,впередъ,"впередъ,"
images_group_62_9130_10700.png,Въ,въ
images_group_62_9130_10743.png,к,К^0
images_group_62_9130_10748.png,Въ,въ
images_group_62_9130_10750.png,УѣЗДѣ,уѣздѣ
images_group_62_9130_10755.png,Въ,въ
images_group_62_9136_12494.png,получить,получитъ
images_group_62_9136_12505.png,слъдуетъ,слѣдуетъ
images_group_62_9136_12507.png,ящурь,ящуръ
images_group_62_9136_12523.png,КБ,КЪ
images_group_62_9136_12539.png,замѣтным,замѣтнымъ
images_group_62_9136_12564.png,улучшеніе,улучшеніe
images_group_62_9136_12573.png,Въ,въ
images_group_62_9136_12582.png,породъ,ПОРОДЪ
images_group_62_9136_12594.png,обоимь,обоимъ
images_group_62_9136_12595.png,вопросамь,вопросамъ
images_group_62_9136_12629.png,Въ,въ
images_group_62_9136_12646.png,противь,противъ
images_group_62_9136_12669.png,Въ,въ
images_group_62_9136_12678.png,развитіемъ,развитіемъ.
images_group_62_9136_12691.png,отъ,ОТЪ
images_group_62_9136_12695.png,1906годъ превысилъ,1906 годъ превысилъ
images_group_62_9136_12697.png,Въ,въ
images_group_62_9136_12701.png,съ,СЪ
images_group_62_9136_12704.png,спиртъ,спирть
images_group_62_9140_13854.png,станіе,станіe
images_group_62_9140_13857.png,Красноярскѣ,Красноярскѣ.
images_group_62_9140_13881.png,Въ,въ
images_group_62_9140_13897.png,Въ,въ
images_group_62_9140_13899.png,Красноярскѣ,"Красноярскѣ,"
images_group_62_9140_13902.png,Управѣ,"Управѣ,"
images_group_62_9140_13925.png,Въ,въ
images_group_62_9140_13929.png,я,Я
images_group_62_9140_13946.png,"чиновникамъ,","ЧИНОВНИКАМЪ,"
images_group_62_9140_13965.png,Къ,КЪ
images_group_62_9140_13998.png,въ,Въ
images_group_62_9140_14010.png,"ораторовъ,","ораторовь,"
images_group_62_9140_14011.png,съ,СЪ
images_group_62_9140_14021.png,люціонерамь,люціонерамъ
images_group_62_9140_14074.png,союзамь.,союзамъ.
images_group_62_9140_14091.png,ТѣМъ,тѣмъ
images_group_62_9140_14108.png,авторитетнѣe,авторитетнѣе
images_group_62_9140_14109.png,Въ,въ
images_group_62_9087_15734.png,Реноятных,Ремонтныя
images_group_62_9087_15738.png,въ лѣданія,въ вѣдѣніе
images_group_62_9087_15746.png,при Мало-Комсутскомъ,при Мало-Кемчугскомъ
images_group_62_9087_15752.png,и Умрского,и Уярского
images_group_62_9087_15754.png,итого,этого
images_group_62_9087_15758.png,и вого,новаго
images_group_62_9087_15759.png,финисла,флигеля
images_group_62_9087_15761.png,дая,для
images_group_62_9087_15762.png,нежныхъ,нижнихъ
images_group_62_9087_15764.png,Мину,Минусинскомъ
images_group_62_9087_15772.png,г. Минусинска,г. Минусинскъ
images_group_62_9087_15773.png,и Енисейска,и Енисейскѣ
images_group_62_9087_15777.png,баталіонного,баталіоннаго
images_group_62_9087_15780.png,и ремонтных,и ремонтныхъ
images_group_62_9087_15781.png,исправлены,исправленія
images_group_62_9087_15782.png,въ зданіяхъ,Въ зданіяхъ
images_group_62_9087_15785.png,Управовъ,Управою
images_group_62_9087_15792.png,пожарного,пожарною
images_group_62_9087_15793.png,ломандовъ,командою
images_group_62_9087_15796.png,Красноярскихъ,Краснояскримъ
images_group_62_9087_15797.png,ремернымъ,резервнымъ
images_group_62_9087_15800.png,Въ Красноярскъ,Въ Красноярскѣ
images_group_62_9087_15804.png,7 заменныхъ,7 каменныхъ
images_group_62_9087_15805.png,и 52 дереванныхъ,и 52 деревянныхъ
images_group_62_9087_15812.png,Поттовые,Почтовые
images_group_62_9087_15813.png,прилгенител,дороги
images_group_62_9087_15814.png,находилось,находились
images_group_62_9087_15815.png,въ удовлетворительномъ,въ удволетворительномъ
images_group_62_9087_15822.png,Мосты,мосты
images_group_62_9087_15823.png,и переволы,и перевозы
images_group_62_9087_15824.png,чрезъ рѣки,чрезъ ръки
images_group_62_9087_15825.png,содержалась,содержались
images_group_62_9087_15827.png,станціи,станцій
images_group_62_9087_15831.png,посладей,лошадей
images_group_62_9087_15833.png,по сліі,по слѣ-
images_group_62_9087_15834.png,думощимъ,дующимъ
images_group_62_9087_15838.png,на разстоянія,на расстоянія
images_group_62_9087_15843.png,чрезъ г. Енисейскъ,"чрезъ г. Енисейскъ,"
images_group_62_9087_15845.png,Отъ г. Ачинска,отъ г. Ачинска
images_group_62_9087_15847.png,325 перетъ,325 верстъ
images_group_62_9087_15852.png,Атомъ,лѣтомъ
images_group_62_9087_15853.png,на ледкахъ,на лодкахъ.
images_group_62_9087_15858.png,по было,не было.
images_group_62_9087_15860.png,Потор,Почто-
images_group_62_9087_15861.png,всего,вого
images_group_62_9087_15862.png,Департаметъ,Департамента
images_group_62_9087_15866.png,Канскаго,Канского
images_group_62_9087_15868.png,и т. Канскомъ,и г. Канскомъ
images_group_62_9087_15870.png,1 Апуста 1883 года,1 Августа 1883 года
images_group_62_9087_15872.png,почтовал,почтовая
images_group_62_9087_15875.png,и вздечено,и выдачею
images_group_62_9087_15878.png,верресноденція,корреспонденція
images_group_62_9087_15879.png,Потты,Почты
images_group_62_9087_15883.png,и замедлялись,и земдлялмсь
images_group_62_9087_15885.png,отъ векретія,отъ вскрытія
images_group_62_9087_15888.png,Торгевъ,Торговъ
images_group_62_9087_15889.png,на созданніе,на содержаніе
images_group_62_9087_15891.png,станція,станцій
images_group_62_9087_15892.png,небыло,не было
images_group_62_9087_15893.png,дохода,доходъ
images_group_62_9087_15894.png,въ теченія,въ теченіе
images_group_62_9087_15903.png,отдълевъемъ,отдъленіяхъ
images_group_62_9087_15905.png,станціяжъ,станціевъ
images_group_62_9087_15909.png,слъдующіе,слѣдующіе
images_group_62_9087_15911.png,учретъ,утрать
images_group_62_9087_15912.png,и потинценной,и похищеній
images_group_62_9087_15913.png,террестоведеніи,корреспонденціи:
images_group_62_9087_15922.png,22 Мая,22 мая
images_group_62_9091_16082.png,По волостамъ,По волостямъ:
images_group_62_9091_16083.png,Красноярскаго округа,Красноярского округа
images_group_62_9091_16085.png,Погоръльской,Погорѣльской
images_group_62_9091_16086.png,Частовстровской,Частоостровской
images_group_62_9091_16087.png,Сухобудинской,Сухобузимской
images_group_62_9091_16091.png,Ачинскаго округа:,Ачинского округа
images_group_62_9091_16096.png,Минусинского округа:,Минусинскаго округа:
images_group_62_9091_16097.png,Поисходовкой,Новоселовской
images_group_62_9091_16100.png,Канскаго округа,Канского округа
images_group_62_9091_16103.png,Ирбайской,Ирбейской
images_group_62_9091_16113.png,Усть-Тунгуской,Усть-Тунгузской
images_group_62_9091_16114.png,Сиргъ того,Сверхъ того
images_group_62_9091_16118.png,семейство,семействъ
images_group_62_9091_16120.png,цамы,цами
images_group_62_9108_16414.png,вѣдомость,Въдомость
images_group_62_9111_16428.png,Упытулуетъ,НЕДОИМОКЪ
images_group_62_9104_16508.png,всего,Всего
images_group_62_9104_16513.png,Салотовскные,Салотовенные
images_group_62_9104_16514.png,и свѣтче,и свѣные
images_group_62_9104_16516.png,Комененные,Кожевенные
images_group_62_9104_16517.png,Воспобилильные,Воскобълильные
images_group_62_9104_16518.png,Облъжавающіе,Обдѣлывающіе
images_group_62_9104_16521.png,Крупчатные,Крупчатные.
images_group_62_9104_16527.png,Москольные,Лъсопильные
images_group_62_9104_16528.png,Объявитающіе,Обдѣлывающіе
images_group_62_9104_16530.png,поолукты.,"продукты,"
images_group_62_9104_16538.png,Точарные,Гончарные
images_group_62_9104_16541.png,продуктовъ.,продуктовъ
images_group_62_9104_16542.png,Экинажные,Экипажные
images_group_62_9104_16547.png,Число быть и завидъ,Число фаб.и зав.
images_group_62_9104_16550.png,Число фиб. и завод,Число фаб.и зав.
images_group_62_9104_16553.png,Число фибъ и запел,Число фаб.и зав.
images_group_62_9104_16556.png,Число фон а злаво,Число фаб.и зав.
images_group_62_9104_16559.png,Число фон и значи,Число фаб.и зав.
images_group_62_9104_16562.png,Число фибъ и залод.,Число фаб.и зав.
images_group_62_9104_16565.png,Числе фон и зван,Число фаб.и зав.
images_group_62_9104_16568.png,Числа фон и завод,Число фаб.и зав.
images_group_62_9104_16571.png,Чиала фон и неводо,Число фаб.и зав.
images_group_62_9119_16607.png,Лътоуславство.,Дѣтоубійство
images_group_62_9119_16610.png,Самообдейство,Самоубійство
images_group_62_9119_16611.png,Отъ болъніи,Отъ болѣзни.
images_group_62_9119_16612.png,Отъ неиства,Отъ пьянства
images_group_62_9119_16620.png,замерало,Замерзло
images_group_62_9119_16621.png,Утонуло,Утонуло.
images_group_62_9119_16627.png,васильственной,насильственной 
images_group_62_9119_16631.png,смертны,Жертвы
images_group_62_9119_16633.png,смерти.,смерти
images_group_62_9072_17191.png,не,и .
images_group_62_9087_17714.png,1435,1455
images_group_62_9087_17715.png,-88,-98
images_group_62_9087_17725.png,5639,5689
images_group_62_9087_17727.png,1980 р. 78 к.,1980р 78к
images_group_62_9087_17728.png,333 р.-42 к.,333 р. 42 к.
images_group_62_9087_17729.png,187 р. 82 ж.,187 р. 82 к.
images_group_62_9087_17730.png,65 р. 44 к.,65 р. 14 к.
images_group_62_9087_17731.png,1782 р. 99 к.,1782 р. 99к.
images_group_62_9087_17733.png,952 р. 5 к.,952р. 5 к.
images_group_62_9087_17736.png,50,-50
images_group_62_9087_17738.png,на 141,на 1411 
images_group_62_9091_17780.png,50 муж.,50 муж
images_group_62_9091_17782.png,и 437 дът.,и 437 дѣт.
images_group_62_9091_17784.png,и 19 дъ.,и 19 дѣт.
images_group_62_9104_18241.png,763,765
images_group_62_9104_18303.png,1680976,1680076
images_group_62_9104_18306.png,9456,2456
images_group_62_9104_18309.png,+,4
images_group_62_9104_18356.png,9456,9156
images_group_62_9104_18415.png,6530,6830
images_group_62_9104_18461.png,242406,242408
images_group_62_9104_18467.png,20,26
images_group_62_9104_18469.png,5983,5982
images_group_62_9104_18472.png,326091,326090  
images_group_62_9121_18488.png,17,177
images_group_62_9121_18528.png,139,135
images_group_62_9121_18536.png,10,16
images_group_62_9121_18541.png,2222,2242
images_group_62_9121_18548.png,67,87
images_group_62_9121_18552.png,653,853
images_group_62_9121_18564.png,246,216
images_group_62_9121_18579.png,73,72
images_group_62_9119_18596.png,24,21
images_group_62_9119_18620.png,2,2-
images_group_62_9119_18715.png,2,3
images_group_62_9119_18820.png,в,8
images_group_62_9111_19728.png,7834,7831
images_group_62_9111_19730.png,59 3/4,59
images_group_62_9111_19731.png,3444,3111
images_group_62_9111_19733.png,25,99
images_group_62_9111_19735.png,48%,48
images_group_62_9111_19739.png,29,29 1/4
images_group_62_9111_19741.png,867,857
images_group_62_9111_19744.png,317,31 3/4
images_group_62_9111_19745.png,5087,3087
images_group_62_9111_19753.png,8099,8090
images_group_62_9111_19760.png,67,67 1/2
images_group_62_9111_19761.png,57109,37109
images_group_62_9111_19776.png,440848,44008
images_group_62_9111_19784.png,2459,2458
images_group_62_9111_19787.png,334,5 3/4
images_group_62_9111_19789.png,389,38
images_group_62_9111_19790.png,28 1/2,29
images_group_62_9111_19798.png,89 1/2,89
images_group_62_9111_19811.png,89,80
images_group_62_9111_19813.png,16,46 1/2
images_group_62_9111_19815.png,23,28 1/4
images_group_62_9111_19820.png,82597,82397
images_group_62_9111_19822.png,542782,362782
images_group_62_9111_19825.png,65 5/4,65 1/4
images_group_62_9111_19829.png,72 3/4,72 2/4
images_group_62_9111_19830.png,208246,208434
images_group_62_9111_19832.png,15,15 3/4
images_group_62_9111_19833.png,1574,15%
images_group_62_9111_19837.png,31%,31 3/4
images_group_62_9111_19841.png,78 1/2,78
images_group_62_9111_19843.png,304990,304000
images_group_62_9111_19847.png,33879,33979
images_group_62_9111_19850.png,дато,дата
images_group_62_9111_19861.png,другитъ,другихъ
images_group_62_9087_21652.png,25,23
images_group_62_9087_21661.png,1,1.
images_group_62_9111_21809.png,р.,Р.
images_group_62_9111_21810.png,к,К.
images_group_62_9111_21811.png,р.,Р.
images_group_62_9111_21813.png,р,р.
images_group_62_9111_21814.png,к,К
images_group_62_9111_21817.png,р.,Р.
images_group_62_9111_21818.png,к,К
images_group_62_9111_21819.png,в,Р.
images_group_62_9111_21821.png,р.,Р.
images_group_62_9111_21822.png,к,К
images_group_62_9111_21823.png,р,р.
images_group_62_9087_21944.png,6),б)
images_group_62_9104_21967.png,1.,I.
images_group_26_360_344.png,вѣдомость,ВѢДОМОСТЬ
images_group_26_3641_3509.png,Къ,къ
images_group_26_3650_4707.png,вѣдомость,ВѢДОМОСТЬ
images_group_26_3650_4715.png,литъ,лѣтъ
images_group_26_3650_4719.png,Поравленію.,Правленію.
images_group_26_3650_4721.png,4857.,1857.
images_group_26_367_6255.png,НЕРѢШЕННЫМИ,НЕРѢШЕННЫМИ.
images_group_33_5211_1979.png,ГРАЖДАНСКАГО,гражданскаго
images_group_33_5211_1982.png,1850 годъ.,1859 годъ.
images_group_33_5211_1988.png,ВСѣМЪ,всѣмъ
images_group_33_5211_1996.png,О,о
images_group_33_5211_1999.png,по,но
images_group_33_5211_2057.png,капиталахь,капиталахъ
images_group_33_5211_2070.png,призрѣваемыхъ,призрываемыхъ
images_group_33_5211_2071.png,ВЪ,въ
images_group_33_5211_2079.png,губерніка,губерніи
images_group_33_5211_2081.png,11.,II.
images_group_33_5211_2093.png,расходать,расходахъ
images_group_33_5211_2096.png,"14,",14.
images_group_33_5211_2098.png,свѣдѣніи.,свѣдѣнія.
images_group_33_5211_2099.png,№:,№
images_group_33_5211_2109.png,ярмаркахъ.,"ярмаркахъ,"
images_group_33_5211_2117.png,о,О
images_group_33_5211_2129.png,продовольствія.,"продовольствія,"
images_group_33_5211_2132.png,посѣвѣ,посѣва
images_group_33_5211_2135.png,опощей,овощей
images_group_33_5211_2141.png,хлѣбопалицевъ.,хлѣбопашцевъ.
images_group_33_5211_2148.png,таченіе,теченіе
images_group_33_5211_2153.png,преступленія.,"преступленій,"
images_group_33_5238_3803.png,за,ЗА
images_group_33_5238_3804.png,чѣмъ,ЧѣМЪ
images_group_33_5238_3811.png,ДѣЛЪ,дѣлъ
images_group_33_5246_4465.png,нерѣшенными.,НЕРѣШЕННЫМИ.
images_group_33_5249_4711.png,чѣмъ,ЧѣМЪ
images_group_33_5250_4982.png,содержаніе,СОДЕРЖАНIЕ
images_group_33_5250_4984.png,за,ЗА
images_group_33_5250_4985.png,чѣмъ,ЧѣМЪ
images_group_33_5258_5480.png,нерѣшенными.,НЕРѣШЕННЫМИ.
images_group_33_5271_6744.png,вѣде-,выде-
images_group_33_5271_6746.png,ветур-,встра-
images_group_33_5271_6747.png,мости,жеств
images_group_33_5271_6753.png,дѣлъ,ДѣЛЪ
images_group_33_5271_6756.png,нерѣшенными.,НЕРѣШЕННЫМИ.
images_group_33_5211_7187.png,оправочныхъ,справочныхъ
images_group_33_5211_7192.png,о,О
images_group_33_5211_7193.png,о,О
images_group_33_5211_7194.png,о,О
images_group_33_5211_7196.png,те,№:
images_group_33_5211_7197.png,тв,№
images_group_33_5211_7199.png,за,22.
images_group_33_5211_7200.png,85.,23.
images_group_33_5211_7202.png,2%,20.
images_group_33_5211_7203.png,по,но
images_group_33_5225_7888.png,НЕРѢШЕННЫМИ.,НЕРѣШЕННЫМИ.
images_group_33_5225_8016.png,№,№:
images_group_33_5225_8017.png,во,по
images_group_33_5225_8024.png,годѣ.,года.
images_group_33_5226_8032.png,ОСТАЮТСЯ,остаются
images_group_33_5232_8477.png,содержаніе,СОДЕРЖАНIЕ
images_group_33_5232_8512.png,шедшего,введеніе
images_group_33_5232_8513.png,года.,годъ
images_group_33_5246_8970.png,Время,время
images_group_33_5255_9220.png,содержаніе,СОДЕРЖАНIЕ
images_group_33_5255_9267.png,годъ,годъ.
images_group_33_5258_9351.png,ДѢЛЪ,ДѣЛЪ
images_group_31_4951_1640.png,Въ,въ
images_group_31_4951_1650.png,тіи,гіи
images_group_31_4951_1682.png,топ,то и
images_group_31_4951_1707.png,70000 р.,70000р.
images_group_31_4951_1722.png,х,Х
images_group_31_4951_1777.png,"принадлежности,",принадлежности
images_group_31_4956_2720.png,болъе,болѣе
images_group_31_4956_2721.png,7.000 груб.,7.000 куб.
images_group_31_4956_2730.png,Красноярска ;,Красноярска;
images_group_31_4956_2734.png,"іюлѣ,",іюлѣ
images_group_31_4956_2736.png,Въ,въ
images_group_31_4956_2803.png,"слѣдствіямъ,","лѣдствіямъ,"
images_group_31_4956_2811.png,въ,Въ
images_group_31_4974_7115.png,к.,К.
images_group_31_4974_7140.png,к.,К.
images_group_31_4974_7205.png,г),Г)
images_group_31_4974_7371.png,"того,",того.
images_group_31_4974_7384.png,ярмарокъ,ярмарокъ.
images_group_31_4975_7421.png,головъ,"головъ,"
images_group_31_4975_7456.png,овецъ.,ОВЕЦЪ.
images_group_31_4975_7483.png,содержить,содержитъ
images_group_31_4975_7660.png,округовъ,"округовъ,"
images_group_31_4975_7674.png,хозяйства -земледѣлія и,хозяйства -- земледѣлія и
images_group_31_4975_7680.png,размѣрѣ,"размѣрѣ,"
images_group_31_4975_7733.png,пудовъ,пудовъ.
images_group_31_4976_7818.png,курять,курятъ
images_group_31_4976_7871.png,телѣгъ,"телѣгъ,"
images_group_31_4976_7876.png,т.,Т.
images_group_31_4976_7939.png,"паселенія,",населенія.
images_group_31_4976_7969.png,"окригѣ,","округѣ,"
images_group_31_4976_8107.png,"П.,","п.,"
images_group_31_498_8710.png,В,в
images_group_31_498_8765.png,количествоѣ,количество)
images_group_31_498_8767.png,формирования,формирования.
images_group_31_498_8848.png,дата,(дата
images_group_31_498_8850.png,ДолжностьПолистъ.,должность.  подпись.
images_group_31_498_8851.png,растифровка,расшифровка
images_group_31_498_8862.png,подпись,ПОДПИСЬ
images_group_31_498_8863.png,дажа,дата
images_group_31_498_8864.png,ворипсь,подпись
images_group_31_498_8865.png,татъ,дата
images_group_31_498_8866.png,подпись,ПОДПИСЬ
images_group_31_498_8867.png,даже,дата
images_group_31_498_8873.png,подпись,ПОДПИСЬ
images_group_31_498_8874.png,дать,дата
images_group_31_498_8878.png,пояпись,ПОДПИСЬ
images_group_31_4981_9314.png,о,О
images_group_31_4981_9437.png,"4 .,","45,"
images_group_31_4981_9544.png,Т.,т.
images_group_31_4981_9550.png,Ярмарокъ,"Ярмарокъ,"
images_group_31_4981_9627.png,служить,служитъ
images_group_31_4984_9992.png,1/2,1/22
images_group_31_4984_10067.png,Умершихъ,Умершихъ:
images_group_31_4984_10127.png,повинности.,ПОВИННОСТИ
images_group_31_4984_10132.png,служить,служитъ
images_group_31_4984_10138.png,взысканія,взысканія.
images_group_31_4984_10198.png,Б.,К.
images_group_31_4987_11187.png,учрежденіи:,учрежденій:
images_group_31_4987_11263.png,товинность:,повинность:
images_group_31_4987_11282.png,к.,К.
images_group_31_4987_11298.png,к.,К.
images_group_31_4987_11461.png,к.,К.
images_group_31_499_12211.png,Ед.хр.,Ед.хр
images_group_31_499_12220.png,ю,№
images_group_31_499_12221.png,кр.,хр.
images_group_31_499_12224.png,сп.,ед.
images_group_31_499_12225.png,Р.,Ф.
images_group_31_499_12239.png,ж,№
images_group_31_499_12242.png,ж,№
images_group_31_5_15248.png,Государственный,Государстрвенный
images_group_31_5_15253.png,ИСПОЛЬЗОВАНИЯ,использования
images_group_31_5_15257.png,год.,год
images_group_31_5_15275.png,исполѣтенные,использования
images_group_31_5_15276.png,покумента,документа
images_group_31_5_15277.png,если,(если
images_group_31_5_15281.png,копти,копий
images_group_31_5_15283.png,сделака,сделана
images_group_31_5_15284.png,импысь,выпись
images_group_31_5_15287.png,ное.,вос-
images_group_31_5_15288.png,литія,"лица,"
images_group_31_5_15289.png,сделанного,сделавшего
images_group_31_5_15290.png,мижей,ванных листов
images_group_31_5_15291.png,вспользована,использован
images_group_31_5_15293.png,произведенія,произведения
images_group_31_5_15296.png,вылано),выдано)
images_group_31_5003_16756.png,"Ж.,","ж.,"
images_group_31_5003_16757.png,Всего,всего
images_group_31_5003_16787.png,"Ж.,","ж.,"
images_group_31_5003_16808.png,"Ж.,","ж.,"
images_group_31_5003_16813.png,"Ж.,","ж.,"
images_group_31_5003_16818.png,"Ж.,","ж.,"
images_group_31_5003_16821.png,М.,м.
images_group_31_5003_16823.png,"Ж.,","ж.,"
images_group_31_5003_16828.png,Ж,ж.
images_group_31_5003_16832.png,М.,м.
images_group_31_5003_16834.png,Ж.;,ж.;
images_group_31_5003_16853.png,М.,м.
images_group_31_5003_16855.png,Ж.,ж.
images_group_31_5003_16878.png,соотвѣтствуетъ,соотвѣетствуетъ
images_group_31_5003_16935.png,"тюрьмѣ,",тюрьмѣ
images_group_31_5003_16970.png,квартирѣ,квартирѣ.
images_group_31_5003_17066.png,исѣнопѣніемъ,пѣснопѣніемъ
images_group_31_5005_17410.png,комитетѣ,комитетѣ.
images_group_31_5005_17506.png,к.,К.
images_group_31_5005_17509.png,слѣдующіе:,слѣедующіе:
images_group_31_5005_17557.png,к.,К.
images_group_31_5005_17613.png,коп.,КОП.
images_group_31_5005_17646.png,Т.,т.
images_group_31_5005_17673.png,каждаго-16579,каждаго-16573
images_group_31_5005_17706.png,0,о
images_group_31_5005_17770.png,к.,К.
images_group_31_5005_17808.png,"подлежащимъ,",ПОДЛЕЖАЩИМЪ.
images_group_31_5006_17981.png,коп.,КОП.
images_group_31_5006_18026.png,происшествія,происшествія.
images_group_31_5006_18114.png,вольнопрактивующихъ,вольнопрактикующихъ
images_group_31_5020_22305.png,посѣяно.,посѣяно
images_group_31_5020_22312.png,Озимоваго,Озимоваго.
images_group_31_5020_22315.png,Ряи.,Р жи.
images_group_31_5020_22317.png,Пшеницы,Пшеницы.
images_group_31_5020_22318.png,Ячменя.,Ячменя
images_group_31_5020_22324.png,ЧЕПВЕРТЕЛ.,ЧЕТВЕРТЕЙ
images_group_31_5020_22327.png,"7303-7-,",7303-7-
images_group_31_5020_22330.png,633871-2,63382-1-2
images_group_31_5020_22340.png,"32173-2-,",32173-2-
images_group_31_5020_22341.png,"3817-4-,",3817-4-
images_group_31_5020_22352.png,"78085-, -,","78085-""-"
images_group_31_5020_22353.png,"6167-4-,",6167-4-
images_group_31_5020_22354.png,"970286-,","970286-"""
images_group_31_5020_22357.png,"24428-2-,",24428-2-
images_group_31_5020_22358.png,"203247-4-,",203247-4-
images_group_31_5020_22363.png,"18988- , , -,","18988-""-"
images_group_31_5020_22376.png,"184613-, ,","184613-""-"""
images_group_31_5020_22378.png,70618,706 8
images_group_31_5022_22443.png,ГУБЕРАИИ.,ГУБЕРНIИ.
images_group_31_5022_22447.png,Енисейскъ.,Енисейскъ
images_group_31_5022_22449.png,Канскъ,Канскъ.
images_group_31_5022_22451.png,АЧИНСКЪ,Ачинскъ
images_group_31_5022_22453.png,Минусинскъ.,Минусинскъ
images_group_31_5022_22504.png,число,Число
images_group_31_5022_22512.png,истот,Число
images_group_31_5022_22513.png,завод,завод.
images_group_31_5022_22514.png,ж,и
images_group_31_5022_22541.png,II.,I.
images_group_31_5022_22542.png,ОБДѢЛЫВАЮЩОЕ,ОБДѢЛЫВАЮЩIЕ
images_group_31_5022_22543.png,животные,ЖИВОТНЫЕ
images_group_31_5022_22610.png,ные,НЫЕ
images_group_31_5022_22623.png,277519.97,277519-97
images_group_31_5022_22710.png,ОБДѢЛЫВАЮЩЕЙ,ОБДѣЛЫВАЮЩIЕ
images_group_31_5022_22714.png,Чугунно-литейные.,Чугунно-литейные
images_group_31_5022_22806.png,СМѢШАННЫХЪ,СМѣШАННЫХЪ
images_group_8_127_6609.png,Во,Въ
images_group_8_127_6617.png,к,О
images_group_8_127_6624.png,и,на
images_group_8_127_6637.png,знала,действиях
images_group_8_127_6650.png,зачить,-
images_group_8_12733_11836.png,ДѣЛЪ,дѣлъ
images_group_8_127_15511.png,изъ,Изъ
images_group_8_127_15526.png,ства,ствѣ.
images_group_8_127_15535.png,въ,Въ
images_group_8_127_15537.png,образова,образомъ
images_group_8_127_15540.png,в,т.
images_group_8_127_15544.png,и,КЪ
images_group_8_127_15549.png,частной,честной
images_group_8_127_15556.png,хлѣбопека,хлѣбопашеством
images_group_8_127_15561.png,па-,ка-
images_group_8_127_15581.png,и,объ
images_group_8_127_15584.png,.,о
images_group_8_127_15587.png,.,о
images_group_35_5376_795.png,вѣдомость,ВѢДОМОСТЬ
images_group_35_5376_796.png,о,О
images_group_35_5376_804.png,числѣ,ЧИСЛѢ
images_group_35_5376_806.png,ВАЕМЫХЪ,ваемыхъ
images_group_35_5376_810.png,заведеній,заведеній.
images_group_35_5376_832.png,НАЗВАНIЕ,НАЗВАНіЕ
images_group_35_5403_3621.png,о,О
images_group_35_5403_3624.png,ЗАВОДАХЪ,заводахъ
images_group_35_5403_3637.png,Кула,Куда
images_group_35_5403_3640.png,оабрики,фабрики
images_group_35_5436_6453.png,отдѣленіе,ОТДѢЛЕНIЕ
images_group_35_5436_6457.png,ИМИКРАГОРСКАГО,Императорскаго
images_group_35_5436_6458.png,ВЕЛИЧЕСТВА,Величества
images_group_35_5436_6474.png,С. Петербургъ,С. Петербургъ.
images_group_35_5438_6619.png,о,в
images_group_35_5438_6620.png,пеле,деле
images_group_35_5438_6626.png,Модавась,Подпись
images_group_35_5376_9377.png,Коп.,Коп
images_group_35_5403_10216.png,заводы,заводъ
images_group_28_3795_1683.png,РОДѣ,РОДѢ
images_group_28_3795_1684.png,ПРЕСТУПЛЕНіЙ,ПРЕСТУПЛЕНIЙ
images_group_28_3795_1687.png,"ГУБЕРНIИ,",ГУБЕРНIИ.
images_group_28_3795_1692.png,Примѣчанія.,"Примѣчанія,"
images_group_28_381_2873.png,ну.,ку.
images_group_28_391_4460.png,вѣдомость,ВѢДОМОСТЬ
images_group_28_391_4461.png,0,О
images_group_28_391_4462.png,числь,ЧИСЛѢ
images_group_28_391_4463.png,РАЗСМОТРѣННЫХЪ,РАЗСМОТРѢННЫХЪ
images_group_28_391_4467.png,СУДЕЕНЫХЪ,СУДЕБНЫХЪ
images_group_28_391_4469.png,0,О
images_group_28_391_4470.png,КОЛИЧЕСТВѣ,КОЛИЧЕСТВѢ
images_group_28_391_4474.png,Арестанты,Арестанты.
images_group_28_391_4478.png,Ъ,ъ
images_group_28_391_4483.png,1859,1859.
images_group_28_391_4494.png,по,ПО
images_group_28_391_4497.png,МѣСТАМЪ.,МѢСТАМЪ.
images_group_28_391_4531.png,1858,1858.
images_group_28_391_4536.png,къ,КЪ
images_group_28_391_4542.png,1858,1858.
images_group_28_391_4614.png,У.-,V. -
images_group_28_391_4625.png,Итого-,Итого -
images_group_28_391_12489.png,лате,латѣ
images_group_12_1330_1491.png,Кавихъ,Какихъ
images_group_12_1392_11878.png,М. в. Д.,М. В. Д.
images_group_12_1392_11893.png,компату.,КОМИТЕТУ.
images_group_12_1392_11902.png,для,дня
images_group_15_1600_747.png,мости,МОСТИ
images_group_15_1600_756.png,дѣлъ.,дѣль.
images_group_15_1602_952.png,дѣлъ.,дѣль.
images_group_15_1607_1529.png,годъ,годъ.
images_group_15_1611_2109.png,призрѣнія а,призрѣнія и
images_group_15_1611_2113.png,68,въ
images_group_15_1612_2242.png,68,въ
images_group_15_1612_2244.png,губерніи,губерніи.
images_group_15_1615_2772.png,Енисенской,Енисейской
images_group_15_1619_3490.png,званіе,Званіе
images_group_15_1640_7713.png,№29.,№ 22.
images_group_15_1647_8852.png,округовъ.,округовъ
images_group_15_1602_14996.png,ОСТАЮТСЯ,остаются
images_group_13_1431_4008.png,т.),1п.)
images_group_13_1431_4124.png,со,с.)
images_group_13_1432_4164.png,ЗАРАВIЕ,ЗДРАВIЕ
images_group_13_1432_4287.png,Антеки.,Аптеки.
images_group_13_1432_4315.png,ныхъ,ныа
images_group_13_1449_7020.png,ОГКАВЛЕНIЕ,ОГЛАВЛЕНIЕ
images_group_13_1449_7021.png,ПРИЛОМЕННIЕ,ПРИЛОЖЕНIЯМЪ
images_group_13_1449_7022.png,нъ,КЪ
images_group_13_1452_7515.png,чѣмъ,ЧѣМЪ
images_group_13_1452_7517.png,въ,в ъ
images_group_13_1452_7518.png,НЕРѣШЕНIИ,НЕРѣШЕНIИ.
images_group_13_1452_7526.png,содержаніе,СОДЕРЖАНIЕ
images_group_13_1452_7527.png,Дѣлъ.,дѣлъ.
images_group_13_1457_8025.png,содержаніе,СОДЕРЖАНIЕ
images_group_13_1460_8444.png,чѣмъ,ЧѣМЪ
images_group_13_1460_8445.png,въ,в ъ
images_group_13_1460_8447.png,Дѣлъ,дѣль.
images_group_13_1460_8454.png,ку-,ку.
images_group_13_1457_16330.png,дѣлъ,дѣлъ.
images_group_13_1431_17013.png,Работій,Рабочій
images_group_13_1432_17019.png,Оспопривываніе.,Оспопрививаніе.
images_group_13_1440_17680.png,Типографіи,Типографіи.
images_group_36_5796_2946.png,настольном),настольному
images_group_36_5796_2948.png,ВОЕННАТО,ВОЕННАГО
images_group_36_5796_2949.png,пускых,ический
images_group_36_5796_2950.png,класс,области
images_group_36_5796_2951.png,реестру М,реестру №
images_group_36_5796_2954.png,ГЕНИСАТЪ-ГУБЕРНАТОРА,ГЕНЕРАЛЬ-ГУБЕРНАТОРА.
images_group_36_5796_2957.png,И,и
images_group_36_5796_2958.png,обзагъ,обзоръ
images_group_36_5796_2962.png,н.,К:
images_group_36_5796_2970.png,пръ,Ирку
images_group_36_5796_2971.png,чето,Нето
images_group_36_5796_2974.png,Это,ской
images_group_36_5796_2977.png,6-е,4-е
images_group_36_5796_2989.png,Ничалось,Началось
images_group_36_5797_3015.png,ЕНИСЕЙСКОЙ,ЕНИСЕЙСКIЙ
images_group_36_5797_3025.png,ПРИПАВ,ПРАВИТЕЛЬ
images_group_36_5797_3026.png,ЕНИСЕЙСРИI,КАНЦЕЛЯРIИ
images_group_36_5797_3028.png,Отдѣленіе/і.,Отдѣленіе
images_group_36_5797_3029.png,1-й,7.
images_group_36_5797_3031.png,военнаго,ВОЕННАГО
images_group_36_5797_3032.png,Дѣлопроизводство1.,Дѣлопроизводство 1.
images_group_36_5797_3045.png,семь,семъ
images_group_36_5808_6176.png,-11-,- 11 -
images_group_36_5815_7735.png,цѣны,цѣпы
images_group_36_5815_7737.png,катки-,катки--
images_group_36_5815_7864.png,ЧЕТВЕРТЕЙ,ЧЕТВЕРТЕЙ.
images_group_36_5816_7916.png,УѣЗДАМЪ.,УѢЗДАМЪ.
images_group_36_5816_7917.png,ЧЕТВЕРТЕЙ,четвертей
images_group_36_5816_7954.png,болѣе-,"болѣе +,"
images_group_36_5816_7957.png,УѣЗДАМЪ.,УѢЗДАМЪ.
images_group_36_5816_7958.png,ЧЕТВЕРТЕЙ,четвертей
images_group_36_5816_7993.png,хотя,ХОТЯ
images_group_36_5816_8099.png,желтѣтъ.,желтѣть.
images_group_36_5816_8103.png,хотя,ХОТЯ
images_group_36_5816_8115.png,они-,ОНИ
images_group_36_5817_8236.png,содержаніи -работнику,содержаніи-работнику
images_group_36_5817_8245.png,"к.,","К.,"
images_group_36_5817_8267.png,"к.,",К.;
images_group_36_5817_8277.png,содержаніи - работ-,содержаніи-работ-
images_group_36_5817_8285.png,нѣшему,пѣшему
images_group_36_5817_8290.png,"коп.,","КОП.,"
images_group_36_5817_8296.png,жаніи - работнику,жаніи-работнику
images_group_36_5817_8327.png,к.,К.
images_group_36_5817_8345.png,", -84", - - 84
images_group_36_5821_9648.png,озерь;,озеръ;
images_group_36_5821_9775.png,служить,служитъ
images_group_36_5821_9791.png,пожаровъ,пожаровъ.
images_group_36_5821_9857.png,щерсти,шерсти
images_group_36_5821_9879.png,П.,II.
images_group_36_5821_9901.png,"к.,","К.,"
images_group_36_5821_10007.png,раіонѣ,раіонъ
images_group_36_5825_10735.png,золотникъ - будетъ,золотникъ -будетъ
images_group_36_5825_10756.png,пріски,пріиски
images_group_36_5825_10769.png,прісковыхъ,пріисковыхъ
images_group_36_5825_10779.png,"и,","И,"
images_group_36_5825_10784.png,"кредить,","кредитъ,"
images_group_36_5825_10894.png,солеваренныхъ-95343,солеваренныхъ - 95343
images_group_36_5825_10902.png,подѣлательномъ - 60000,лодѣлательномъ-60000
images_group_36_5825_10904.png,лѣсопильномъ - 400000,лѣсопильномъ - 40000
images_group_36_5825_10911.png,веревочныхъ-22543,веревочныхъ - 22541
images_group_36_5825_10913.png,крупчатномъ - 22040,крупчатномъ-22040
images_group_36_5825_10918.png,дочномъ - 14000,дочномъ-14000
images_group_36_5825_10922.png,бѣлильныхъ-12805,бѣлильныхъ - 12805
images_group_36_5828_11838.png,"Сагайской - Инвусинскаго,",Сагайской-Минусинскаго
images_group_36_5828_11853.png,"волостей--Вознесенской,",волостей---Вознесенской.
images_group_36_5828_11857.png,"Ермаковской - Минусинскаго,","Ермаковской-Минусинскаго,"
images_group_36_5828_11979.png,".,",22
images_group_36_5828_11980.png,"""",99
images_group_36_5828_12063.png,"версть,","верстъ,"
images_group_36_5828_12070.png,окончательныхъ-3270,окончательныхъ - 3270
images_group_36_5830_12775.png,селеніямъ - 2,селеніямъ-2
images_group_36_5830_12808.png,"записей,",записей.
images_group_36_5830_12830.png,Устюжскому,"Устюжскому,"
images_group_36_5830_12869.png,земельные,земельные.
images_group_36_5830_12919.png,10,О
images_group_36_5830_13005.png,.),*)
images_group_36_5830_13010.png,надѣль,надѣлъ
images_group_36_5830_13015.png,"земли,",земли.
images_group_36_5835_14127.png,1961,1901
images_group_36_5835_14229.png,"КОП.,","коп.,"
images_group_36_5835_14485.png,к.,К.
images_group_36_5835_14494.png,ВЪ,въ
images_group_36_5845_17245.png,переосвидѣтельствованію В,переосвидѣтельствованію
images_group_36_5845_17247.png,6),б)
images_group_36_5845_17412.png,0,о
images_group_36_5857_21724.png,ВЪ 1901 году.,въ 1901 году.
images_group_36_5857_21727.png,НАЗВАНіЕ,НАЗВАНIЕ
images_group_36_5857_21790.png,прісковые,пріисковые
images_group_36_5857_21791.png,рабочіе - изъ,рабочіе-изъ
images_group_36_5857_21820.png,эпизооті.,эпизоотіи.
images_group_36_5857_21995.png,"мытъ,","МЫТЪ,"
images_group_36_5857_22006.png,1-хъ,4-хъ
images_group_36_5857_22017.png,лошадьми) - всего,лошадьми)- всего
images_group_36_5857_22045.png,овецъ;,ОВЕЦЪ;
images_group_36_5796_25544.png,фонд,Фонд
images_group_36_5816_25961.png,по,ПО
images_group_36_5830_25988.png,НАДѣЛЪ.,НАДѣЛЫ.
images_group_39_6290_572.png,вѣдомость,ВѢДОМОСТЬ
images_group_39_6455_14528.png,ВЕУТРЕННИХЪ,ВНУТРЕННИХЪ
images_group_39_6455_14529.png,ДѣДЪ,ДѢЛЪ
images_group_39_6455_14533.png,ЗАЧАЛЬНИКА,НАЧАЛЬНИКА
images_group_39_6455_14534.png,листское,ЕНИСЕЙСКОЙ
images_group_39_6455_14535.png,губерніе,ГУБЕРНIИ.
images_group_39_6455_14536.png,ПО,ШО
images_group_30_4728_556.png,ся,45
images_group_30_4728_650.png,7301,301
images_group_30_4728_772.png,"Сумма,",Сумма.
images_group_30_4728_790.png,с,С
images_group_30_4728_890.png,о,С
images_group_30_4728_993.png,II.,п.
images_group_30_4746_6337.png,пожаровъ.,пожаровъ
images_group_30_4746_6349.png,убытковъ,убытковъ.
images_group_30_4746_6364.png,пожаровъ,пожаровъ.
images_group_30_4746_6371.png,убытковъ,убытковъ.
images_group_30_4746_6403.png,поджога,ПОДЖОГА.
images_group_30_4746_6404.png,города,ГОРОДА
images_group_30_4746_6551.png,УѣЗДѣ,уѣздѣ
images_group_30_4746_6576.png,ИТОГО,итого
images_group_30_4751_7235.png,ращихся.,учащихся.
images_group_30_4752_7489.png,ПРАВИТЕР,ПРАВИТЕЛЬ
images_group_30_4752_7490.png,ЕНИСЕЙСКАЙ,КАНЦЕЛЯРIИ
images_group_30_4752_7495.png,18,10
images_group_30_4752_7496.png,ЯПВР,ЯНВР
images_group_30_4752_7497.png,1912,1902
images_group_30_4752_7517.png,Красноярскъ.,Красноярскъ
images_group_30_4754_7565.png,Округъ,Опругъ
images_group_30_4754_7576.png,Округъ-,Округъ
images_group_30_4754_7588.png,сноярскъ.,сноярскъ
images_group_30_4754_7602.png,сейскъ,сейскъ.
images_group_30_4754_7603.png,"Енисейскій,",Енисейскій.
images_group_30_4754_7609.png,скій.,скій
images_group_30_4754_7916.png,чиновъ.,чиновъ
images_group_30_4754_7918.png,"жень,","женъ,"
images_group_30_4755_7950.png,1 Округъ,Округъ
images_group_30_4755_7957.png,Округъ-,Округъ
images_group_30_4755_7958.png,Окружный-,Окружный
images_group_30_4755_7978.png,сейскъ,сейскъ.
images_group_30_4755_7990.png,округъ,округъ.
images_group_30_4755_7992.png,Ж,ж.
images_group_30_4755_7993.png,м,М
images_group_30_4755_7998.png,Ж,ж.
images_group_30_4755_8026.png,VI. Разночинцевъ,VI Разночинцевъ
images_group_30_4755_8126.png,ИТОГО,итого
images_group_30_4761_9215.png,губерніи.,ГУБЕРНIИ.
images_group_30_4763_9469.png,губерніи.,ГУБЕРНIИ.
images_group_30_4772_11895.png,іюнь.,Iюнь.
images_group_30_4772_11909.png,м.,М.
images_group_30_4772_11910.png,Ж.,ж.
images_group_30_4772_11911.png,м.,М.
images_group_30_4772_11915.png,м.,М.
images_group_30_4772_11917.png,Ж.,ж.
images_group_30_4772_11921.png,Ж,ж
images_group_30_4772_11923.png,Ж.,ж.
images_group_30_4772_11925.png,Ж.,ж.
images_group_30_4772_11926.png,М.,м.
images_group_30_4772_11928.png,м.,М.
images_group_30_480_18918.png,ИНОВѢРЦАХЪ,иновѣрцахъ
images_group_30_480_18919.png,ВЪ,въ
images_group_30_480_18921.png,"ГУБЕРНIИ,",ГУБЕРНIИ.
images_group_30_480_18922.png,Христанъ.,Христіанъ.
images_group_30_480_18936.png,Мусульманъ,Мусульманъ.
images_group_30_480_18937.png,"лонниковъ,",лонниковъ.
images_group_30_480_18942.png,Муж,Муж.
images_group_30_480_18944.png,Муж,Муж.
images_group_30_480_18970.png,Енисейскъ,Енисейскѣ
images_group_30_480_19043.png,Округъ,Округѣ
images_group_30_487_19732.png,т.,М.
images_group_30_487_19734.png,Д.,д.
images_group_30_487_19792.png,Красноярскъ.,Краноярскъ.
images_group_30_4728_22718.png,водворившихся.,водворившихся
images_group_30_4728_22719.png,СЕМЕЙ,"семей,"
images_group_30_4728_22731.png,Р.,р.
images_group_30_4728_22792.png,уѣзду,уѣзду.
images_group_30_4751_23149.png,городѣ,городѣ.
images_group_30_4752_23161.png,Деннать,ВОЕННАГО
images_group_30_4752_23163.png,Тепеданъ,Генералъ
images_group_1_1017_7868.png,поставѣ,посѣвѣ
images_group_1_1017_7870.png,урожать,урожаѣ
images_group_1_1054_14192.png,ЕНИСЕЙСКОИ,ЕНИСЕЙСКОЙ
images_group_1_1054_14200.png,"годъ,",ГОДЪ.
images_group_1_1054_14209.png,ОСТЕСТВЕННЫЯ,ЕСТЕСТВЕННЫЯ
images_group_1_1054_14211.png,ПРОИЗВОДИТЕЛЬНЫА,ПРИЗВОДИТЕЛЬНЫЯ
images_group_1_1054_14212.png,си-,СИ-
images_group_1_1054_14213.png,лѣс,ЛЫ
images_group_1_1054_14216.png,ЭКОПОМИЧНСКАЯ,ЭКОНОМИЧЕСКАЯ
images_group_1_1054_14217.png,дѣятель-,ДѢЯТЕЛЬ-
images_group_1_1054_14219.png,МОСТЬ,НОСТЬ
images_group_1_1054_14221.png,х),а)
images_group_1_1054_14224.png,б),6)
images_group_1_1054_14225.png,обезмеченіе,обезпеченіе
images_group_1_1054_14227.png,хродовольствія.,продовольствія.
images_group_1_1054_14276.png,благопріятко,благопріятно
images_group_1_1054_14301.png,по,НО
images_group_1_1054_14319.png,хлѣбовъ,хлѣбовъ.
images_group_1_1054_14334.png,зам-,зем-
images_group_1_1055_14369.png,дѣдались,дѣлались
images_group_1_1055_14386.png,Минусинскому,Минусинскому.
images_group_1_1055_14398.png,палившіc,налившись
images_group_1_1055_14498.png,года.-,года. -
images_group_1_1055_14549.png,отъ,ОТЪ
images_group_1_1055_14565.png,Десятинъ,Десятинъ.
images_group_1_1055_14611.png,-1013,- 1013
images_group_1_1055_14618.png,к.,К.
images_group_1_1055_14631.png,- 1675,-1675
images_group_1_1055_14643.png,-30495,+ 30495
images_group_1_1055_14661.png,+ 886,+886
images_group_1_1055_14670.png,ЧЕТВОРТОЙ,Четвертей.
images_group_1_1055_14678.png,+304 366,+304366
images_group_1_1061_16260.png,припад-,принад-
images_group_1_1061_16353.png,"вспомогательными,",вспомогательными
images_group_1_1061_16367.png,8004.,800 ч.
images_group_1_1061_16378.png,ВЪ,въ
images_group_1_1061_16399.png,"банкѣ,",банкѣ
images_group_1_1061_16422.png,к.,К.
images_group_1_1061_16434.png,К.,к.
images_group_1_1061_16438.png,бапка,банка
images_group_1_1061_16487.png,"банкѣ,",банкѣ
images_group_1_1061_16518.png,II.,П.
images_group_1_1061_16557.png,саж,саж.
images_group_1_1062_16656.png,К.,к.
images_group_1_1062_16676.png,взыскапо:,взыскало:
images_group_1_1062_16699.png,Итого,Итого.
images_group_1_1062_16731.png,к.,К.
images_group_1_1062_16734.png,Итого,Итого.
images_group_1_1062_16781.png,14 1/2,11 1/2
images_group_1_1062_16782.png,к.,К.
images_group_1_1062_16790.png,к.,К.
images_group_1_1062_16797.png,к.,"К,"
images_group_1_1062_16824.png,к.,К.
images_group_1_1062_16828.png,к.,К.
images_group_1_1062_16833.png,къ,КЪ
images_group_1_1062_16854.png,к.,К.
images_group_1_1065_17955.png,"биченниковъ,","бичевниковъ,"
images_group_1_1065_17956.png,перилъ,"перилъ,"
images_group_1_1065_18208.png,к.,К.
images_group_1_1072_20506.png,после,послѣ
images_group_1_1072_20520.png,43 3/4-,43 3/4 -
images_group_1_1072_20570.png,11 3/4-,11 3/4 -
images_group_1_1072_20705.png,ссудъ,ССУДЪ
images_group_1_1072_20741.png,37 3/4-,37 3/4 -
images_group_1_1072_20749.png,5 1/2-,5 1/2 - 
images_group_1_1072_20800.png,Выдапо,Выдано
images_group_1_1072_20824.png,24 1/2,24 1/4
images_group_1_1072_20850.png,к.,К.
images_group_1_1072_20863.png,91 3/4 -,91 3/4-
images_group_1_1055_27589.png,+ийл, + или
images_group_1_1061_27663.png,34,14
images_group_1_1072_27872.png,к.,К.
images_group_1_104_28483.png,въ,Въ
images_group_1_104_28486.png,город,городѣ
images_group_1_104_28600.png,хлѣбопашествомъ,"хлѣбопашествомъ,"
